payment_id,order_id,payment_status,payment_method,subtotal_amount,delivery_fee,service_fee,tax_amount,discount_amount,total_amount,authorized_at,captured_at,currency
pay_a5dd7b3d5931483ab8d6,o_20260817_00002401,captured,wallet,78.38,6.92,8.51,7.85,0.0,101.66,2026-08-17T20:59:18Z,2026-08-17T21:22:36Z,USD
pay_f0596a70607d4164a1ad,o_20260817_00002402,captured,wallet,46.43,0.75,5.97,4.0,4.64,52.51,2026-08-17T20:03:08Z,2026-08-17T20:49:21Z,USD
pay_d92b54826c754fce9e8c,o_20260817_00002403,voided,apple_pay,21.44,2.31,3.13,1.91,1.07,27.72,2026-08-17T12:20:05Z,,USD
pay_67a70896590a44a5b784,o_20260817_00002404,voided,card,49.68,6.63,4.24,3.2,0.0,63.75,2026-08-17T20:45:02Z,,USD
pay_6c21412a419145b0ac2b,o_20260817_00002405,captured,card,92.45,4.46,11.09,7.12,13.87,101.25,2026-08-17T13:29:24Z,2026-08-17T14:01:04Z,USD
pay_c3057f9ffbc947aa8d2e,o_20260817_00002406,captured,wallet,52.52,5.45,5.38,4.19,0.0,67.54,2026-08-17T19:04:45Z,2026-08-17T19:39:21Z,USD
pay_56664a14e4484f1c8ab9,o_20260817_00002407,captured,paypal,57.68,2.34,8.97,5.41,2.88,71.52,2026-08-17T18:50:15Z,2026-08-17T19:28:08Z,USD
pay_7d951d315aca4d259b78,o_20260817_00002408,refunded,apple_pay,112.86,5.85,15.92,8.96,16.93,126.66,2026-08-17T13:04:05Z,,USD
pay_0d7836e12fe14a41a79a,o_20260817_00002409,captured,paypal,86.04,2.88,9.87,5.1,8.6,95.29,2026-08-17T13:29:09Z,2026-08-17T14:34:39Z,USD
pay_6577bba4225b4ab4ad75,o_20260817_00002410,captured,apple_pay,114.07,6.25,11.66,7.19,0.0,139.17,2026-08-17T19:15:37Z,2026-08-17T19:32:58Z,USD
pay_6dcbfa97ba61468a878d,o_20260817_00002411,captured,apple_pay,95.19,2.32,11.16,7.37,4.76,111.28,2026-08-17T18:01:46Z,2026-08-17T18:54:56Z,USD
pay_1e5585682e3e4c149345,o_20260817_00002412,captured,card,18.94,4.91,2.98,1.43,0.95,27.31,2026-08-17T18:01:25Z,2026-08-17T18:38:50Z,USD
pay_c793f2c86cbe4d64bb26,o_20260817_00002413,captured,apple_pay,46.62,1.52,6.64,3.07,4.66,53.19,2026-08-17T18:52:50Z,2026-08-17T19:48:58Z,USD
pay_63d5e3a6165b4554a253,o_20260817_00002414,captured,apple_pay,104.67,5.13,15.43,9.75,0.0,134.98,2026-08-17T12:32:42Z,2026-08-17T13:19:49Z,USD
pay_76ceff1509c14523a776,o_20260817_00002415,captured,card,59.17,4.73,9.39,4.02,5.92,71.39,2026-08-17T20:48:33Z,2026-08-17T21:24:29Z,USD
pay_bf42f2027fd049d3a0b2,o_20260817_00002416,captured,apple_pay,34.74,4.34,2.79,3.5,0.0,45.37,2026-08-17T18:08:10Z,2026-08-17T18:56:28Z,USD
pay_fe5c429686534a4d86bb,o_20260817_00002417,captured,paypal,40.32,5.98,4.33,2.96,0.0,53.59,2026-08-17T11:05:09Z,2026-08-17T11:48:10Z,USD
pay_5c0052df274c4174b440,o_20260817_00002418,captured,wallet,66.13,6.53,6.74,4.69,6.61,77.48,2026-08-17T12:26:21Z,2026-08-17T13:18:07Z,USD
pay_f85e7dd24aec43c1b877,o_20260817_00002419,captured,paypal,63.75,2.16,6.08,4.34,3.19,73.14,2026-08-17T12:29:13Z,2026-08-17T13:20:40Z,USD
pay_0211e3611ee844d687aa,o_20260817_00002420,captured,apple_pay,74.18,2.15,10.29,5.7,0.0,92.32,2026-08-17T12:24:45Z,2026-08-17T13:03:23Z,USD
pay_3cb963edd119492092f6,o_20260817_00002421,captured,wallet,101.52,1.2,14.74,7.51,5.08,119.89,2026-08-17T13:12:08Z,2026-08-17T14:14:08Z,USD
pay_91736e74390f4d758503,o_20260817_00002422,captured,apple_pay,45.91,6.69,4.82,2.44,6.89,52.97,2026-08-17T18:43:40Z,2026-08-17T19:20:14Z,USD
pay_57ab8604ffcb4ccc8c36,o_20260817_00002423,refunded,apple_pay,75.9,1.49,6.23,6.0,0.0,89.62,2026-08-17T19:01:51Z,,USD
pay_a76c38885bf94f68be5a,o_20260817_00002424,captured,wallet,28.84,2.18,2.56,2.37,0.0,35.95,2026-08-17T19:41:33Z,2026-08-17T20:17:37Z,USD
pay_83b7fce2d52841e38f6b,o_20260817_00002425,captured,paypal,75.33,0.7,11.08,6.21,7.53,85.79,2026-08-17T19:34:00Z,2026-08-17T20:04:32Z,USD
pay_90068d38512b41e6a0ed,o_20260817_00002426,captured,wallet,129.96,5.92,10.48,8.87,0.0,155.23,2026-08-17T19:05:51Z,2026-08-17T19:51:18Z,USD
pay_e52f7ff3490948efbd23,o_20260817_00002427,captured,apple_pay,94.58,1.29,7.73,6.1,0.0,109.7,2026-08-17T12:50:55Z,2026-08-17T13:37:26Z,USD
pay_f63155f1cd5b481e98ba,o_20260817_00002428,captured,paypal,108.73,2.6,15.25,9.07,10.87,124.78,2026-08-17T13:36:09Z,2026-08-17T14:21:51Z,USD
pay_64158bf0938f4b03bcb8,o_20260817_00002429,captured,wallet,75.53,2.57,6.63,7.13,0.0,91.86,2026-08-17T19:57:05Z,2026-08-17T20:33:36Z,USD
pay_4227de1a29694e26a522,o_20260817_00002430,captured,paypal,124.38,2.69,18.94,11.5,0.0,157.51,2026-08-17T18:27:33Z,2026-08-17T19:09:21Z,USD
pay_b6009e29cbac407894b3,o_20260817_00002431,captured,card,47.58,2.34,6.8,3.67,0.0,60.39,2026-08-17T13:45:42Z,2026-08-17T14:16:19Z,USD
pay_3f869c6c776f4a2681df,o_20260817_00002432,captured,card,28.53,0.96,3.73,2.88,0.0,36.1,2026-08-17T18:05:58Z,2026-08-17T18:51:24Z,USD
pay_5b5b86104ef345f78245,o_20260817_00002433,captured,wallet,35.68,4.18,3.08,2.93,5.35,40.52,2026-08-17T11:33:40Z,2026-08-17T12:16:49Z,USD
pay_c7ef7fb52356417d944a,o_20260817_00002434,captured,wallet,87.15,5.21,13.49,7.66,8.72,104.79,2026-08-17T19:19:10Z,2026-08-17T20:17:44Z,USD
pay_0ca6b855a4c14f288e30,o_20260817_00002435,captured,apple_pay,7.29,2.06,0.83,0.54,0.36,10.36,2026-08-17T11:34:27Z,2026-08-17T12:22:35Z,USD
pay_2e422c1c7955428dbde6,o_20260817_00002436,captured,card,37.04,5.44,5.57,2.69,0.0,50.74,2026-08-17T18:49:07Z,2026-08-17T19:08:09Z,USD
pay_365f7a95469842f78434,o_20260817_00002437,refunded,wallet,86.58,0.7,10.33,6.61,12.99,91.23,2026-08-17T19:39:38Z,,USD
pay_9f107f0c127c4bd48d0c,o_20260817_00002438,captured,wallet,10.46,3.18,1.6,0.79,0.52,15.51,2026-08-17T11:51:01Z,2026-08-17T12:14:04Z,USD
pay_a8b4a535c331481b965d,o_20260817_00002439,captured,apple_pay,74.18,4.88,6.37,5.61,11.13,79.91,2026-08-17T12:04:50Z,2026-08-17T12:51:53Z,USD
pay_fb62fc4246c64ab4bbfb,o_20260817_00002440,voided,apple_pay,65.32,1.14,9.46,5.75,0.0,81.67,2026-08-17T12:38:26Z,,USD
pay_0a0bc2cbb0e842b8ad8e,o_20260817_00002441,captured,apple_pay,16.36,5.59,2.28,0.98,1.64,23.57,2026-08-17T19:24:28Z,2026-08-17T20:14:33Z,USD
pay_8010050710824bc5898a,o_20260817_00002442,captured,apple_pay,17.75,2.46,1.72,1.08,0.89,22.12,2026-08-17T19:57:56Z,2026-08-17T20:53:35Z,USD
pay_70247ee5ce74451a916f,o_20260817_00002443,captured,apple_pay,41.34,4.04,5.36,3.14,2.07,51.81,2026-08-17T18:28:43Z,2026-08-17T19:09:26Z,USD
pay_c60ace8cdead45eabf2f,o_20260817_00002444,captured,wallet,52.14,1.6,6.91,4.36,0.0,65.01,2026-08-17T12:53:41Z,2026-08-17T13:59:13Z,USD
pay_31c3a19df17f472aafa7,o_20260817_00002445,captured,apple_pay,32.96,1.65,4.93,1.99,4.94,36.59,2026-08-17T19:53:02Z,2026-08-17T20:22:25Z,USD
pay_15c840af9b174c7aa623,o_20260817_00002446,captured,apple_pay,50.19,5.61,6.5,3.63,7.53,58.4,2026-08-17T18:05:29Z,2026-08-17T18:37:43Z,USD
pay_91791b31fe0343d5b68a,o_20260817_00002447,captured,apple_pay,33.22,6.72,4.26,3.11,0.0,47.31,2026-08-17T12:27:43Z,2026-08-17T12:55:10Z,USD
pay_29ae24236ca54ee980c0,o_20260817_00002448,captured,paypal,56.18,2.55,5.38,4.33,5.62,62.82,2026-08-17T12:59:07Z,2026-08-17T13:42:56Z,USD
pay_b5da4896980b448ca580,o_20260817_00002449,captured,wallet,123.63,2.59,10.46,9.47,0.0,146.15,2026-08-17T12:28:19Z,2026-08-17T13:10:33Z,USD
pay_057c02640c1b4bcab780,o_20260817_00002450,captured,card,39.9,6.17,4.68,3.55,3.99,50.31,2026-08-17T08:54:17Z,2026-08-17T09:42:09Z,USD
pay_e0562140e5354af4b427,o_20260817_00002451,captured,wallet,14.06,3.7,2.01,0.88,0.0,20.65,2026-08-17T20:08:09Z,2026-08-17T20:50:12Z,USD
pay_70e7a8a0aed14c4aaf03,o_20260817_00002452,captured,apple_pay,77.42,3.81,10.43,5.97,0.0,97.63,2026-08-17T19:57:33Z,2026-08-17T20:27:24Z,USD
pay_04bfe91c68fb424bbad2,o_20260817_00002453,voided,paypal,45.39,6.25,5.68,3.51,0.0,60.83,2026-08-17T08:30:15Z,,USD
pay_1bc808b935d24affaba4,o_20260817_00002454,captured,apple_pay,78.32,6.39,8.66,4.79,11.75,86.41,2026-08-17T12:41:07Z,2026-08-17T13:16:55Z,USD
pay_4565bf0ced1e48cbb66d,o_20260817_00002455,captured,wallet,86.28,0.49,8.5,7.11,12.94,89.44,2026-08-17T11:23:42Z,2026-08-17T12:12:47Z,USD
pay_8df59d0846ff4dc4b3dc,o_20260817_00002456,captured,apple_pay,10.86,6.6,1.2,0.79,0.0,19.45,2026-08-17T20:13:17Z,2026-08-17T21:01:52Z,USD
pay_3b6cec351ee84a90834b,o_20260817_00002457,captured,apple_pay,75.58,6.33,6.17,4.86,11.34,81.6,2026-08-17T18:50:18Z,2026-08-17T19:36:12Z,USD
pay_30220e90afff4325b689,o_20260817_00002458,captured,wallet,15.86,4.75,1.57,1.06,2.38,20.86,2026-08-17T08:10:37Z,2026-08-17T09:00:08Z,USD
pay_3e1346a50f2844f99b22,o_20260817_00002459,captured,paypal,21.15,0.7,2.28,1.67,3.17,22.63,2026-08-17T18:37:21Z,2026-08-17T19:22:06Z,USD
pay_f794f7bd68be4236b481,o_20260817_00002460,captured,paypal,47.56,2.3,4.85,4.78,0.0,59.49,2026-08-17T11:24:57Z,2026-08-17T11:57:45Z,USD
pay_478f9001e2f14f42bfc8,o_20260817_00002461,voided,wallet,70.54,5.08,11.26,6.05,7.05,85.88,2026-08-17T12:56:52Z,,USD
pay_779d39e7b5e04014b745,o_20260817_00002462,captured,card,28.05,1.62,3.53,2.37,1.4,34.17,2026-08-17T11:24:00Z,2026-08-17T12:11:47Z,USD
pay_cd57c525691241c9a274,o_20260817_00002463,captured,card,46.98,0.81,6.62,3.98,0.0,58.39,2026-08-17T08:23:37Z,2026-08-17T09:17:21Z,USD
pay_aed0114d04c14a5fa909,o_20260817_00002464,captured,paypal,100.54,6.78,8.28,7.54,10.05,113.09,2026-08-17T20:02:32Z,2026-08-17T20:56:09Z,USD
pay_427011f4818f458a9563,o_20260817_00002465,captured,paypal,42.93,4.6,3.61,2.65,4.29,49.5,2026-08-17T12:56:57Z,2026-08-17T13:44:12Z,USD
pay_0907bf8c928245c9a3cb,o_20260817_00002466,captured,wallet,61.91,4.89,7.71,3.18,9.29,68.4,2026-08-17T20:59:14Z,2026-08-17T21:56:09Z,USD
pay_dcef95e7e3c54feaa3e6,o_20260817_00002467,captured,card,64.25,4.74,8.7,3.65,9.64,71.7,2026-08-17T19:08:15Z,2026-08-17T19:57:49Z,USD
pay_560e910dad1e4013894d,o_20260817_00002468,captured,wallet,71.82,2.7,9.37,5.91,0.0,89.8,2026-08-17T19:09:03Z,2026-08-17T19:45:54Z,USD
pay_c6e2e2f8ab834f93b55f,o_20260817_00002469,captured,paypal,83.58,4.31,9.21,6.16,12.54,90.72,2026-08-17T12:51:41Z,2026-08-17T13:46:18Z,USD
pay_e8de4df13d5040d983a1,o_20260817_00002470,captured,paypal,44.46,1.77,5.57,2.83,4.45,50.18,2026-08-17T11:54:37Z,2026-08-17T12:57:52Z,USD
pay_35eff454a2c74125aa31,o_20260817_00002471,voided,card,44.11,6.09,5.76,3.36,6.62,52.7,2026-08-17T12:12:46Z,,USD
pay_8bb0a29ef33e468482b5,o_20260817_00002472,captured,paypal,16.92,3.84,2.09,1.09,0.0,23.94,2026-08-17T12:21:26Z,2026-08-17T13:16:49Z,USD
pay_56218e1af5204a628097,o_20260817_00002473,captured,wallet,88.18,4.94,11.43,5.44,8.82,101.17,2026-08-17T11:33:07Z,2026-08-17T11:59:49Z,USD
pay_4e8460951ad84a059fbe,o_20260817_00002474,voided,paypal,118.06,4.17,10.95,7.17,0.0,140.35,2026-08-17T13:05:42Z,,USD
pay_25c3ff1e7f624417b0b4,o_20260817_00002475,captured,apple_pay,122.71,4.45,12.49,8.8,12.27,136.18,2026-08-17T11:24:46Z,2026-08-17T11:53:48Z,USD
pay_df0ca654708844b4b3b3,o_20260817_00002476,captured,apple_pay,140.74,0.8,11.93,9.17,21.11,141.53,2026-08-17T11:14:40Z,2026-08-17T11:59:59Z,USD
pay_66ea2f12b1b04648a5a0,o_20260817_00002477,captured,wallet,16.43,2.02,2.08,1.38,0.82,21.09,2026-08-17T12:37:43Z,2026-08-17T13:39:47Z,USD
pay_8514e22722524c25bda1,o_20260817_00002478,captured,card,78.5,3.28,8.49,6.88,0.0,97.15,2026-08-17T18:50:45Z,2026-08-17T19:42:02Z,USD
pay_55d8c1cde17946fd9495,o_20260817_00002479,captured,wallet,102.3,4.23,10.97,7.28,0.0,124.78,2026-08-17T19:08:38Z,2026-08-17T19:48:01Z,USD
pay_eae579b7fe6c42d99ee8,o_20260817_00002480,captured,paypal,47.58,1.16,5.63,4.55,0.0,58.92,2026-08-17T13:24:30Z,2026-08-17T14:00:19Z,USD
pay_243c1bf32f0d40d7a1d1,o_20260817_00002481,captured,apple_pay,11.39,5.46,1.71,0.73,1.71,17.58,2026-08-17T18:01:42Z,2026-08-17T18:59:29Z,USD
pay_111c94f2665e4f9fbb9a,o_20260817_00002482,captured,card,32.32,5.2,4.42,2.2,4.85,39.29,2026-08-17T13:49:53Z,2026-08-17T14:15:47Z,USD
pay_0577179eb99d42f79794,o_20260817_00002483,captured,apple_pay,56.58,2.88,8.57,4.51,0.0,72.54,2026-08-17T11:31:20Z,2026-08-17T12:28:38Z,USD
pay_f14911e0683944ee81e1,o_20260817_00002484,captured,paypal,52.11,3.19,5.18,4.02,0.0,64.5,2026-08-17T18:10:55Z,2026-08-17T18:33:31Z,USD
pay_d1ed8213458e4f4c8154,o_20260817_00002485,captured,wallet,35.72,6.15,3.17,3.38,0.0,48.42,2026-08-17T19:56:17Z,2026-08-17T20:56:04Z,USD
pay_7081ef82942e4f418220,o_20260817_00002486,captured,card,109.48,1.35,11.95,8.11,16.42,114.47,2026-08-17T12:04:14Z,2026-08-17T12:40:11Z,USD
pay_323b57792e5545489de2,o_20260817_00002487,captured,wallet,34.17,4.49,4.58,2.69,3.42,42.51,2026-08-17T12:39:16Z,2026-08-17T13:23:47Z,USD
pay_a4ccf9fbe55545ba8e59,o_20260817_00002488,captured,apple_pay,49.2,2.03,7.57,4.86,0.0,63.66,2026-08-17T18:18:14Z,2026-08-17T19:23:03Z,USD
pay_38032e632c9343c08f6b,o_20260817_00002489,captured,apple_pay,135.76,2.52,14.11,13.85,0.0,166.24,2026-08-17T08:14:04Z,2026-08-17T09:20:37Z,USD
pay_38b634c65dc34fb4a575,o_20260817_00002490,captured,card,128.8,5.53,19.89,12.2,0.0,166.42,2026-08-17T13:31:08Z,2026-08-17T14:04:52Z,USD
pay_34a5ad39d70e47eea2f4,o_20260817_00002491,voided,card,11.03,6.82,1.21,0.95,0.0,20.01,2026-08-17T18:53:03Z,,USD
pay_26599d60b85b4a5dad1e,o_20260817_00002492,captured,card,47.72,1.55,6.64,4.57,2.39,58.09,2026-08-17T12:23:15Z,2026-08-17T13:14:58Z,USD
pay_b401206e68ce4b33af52,o_20260817_00002493,captured,apple_pay,78.78,6.94,12.25,6.42,0.0,104.39,2026-08-17T18:18:02Z,2026-08-17T19:04:39Z,USD
pay_a99df582c41c41d8b178,o_20260817_00002494,captured,wallet,90.85,2.16,8.72,8.62,4.54,105.81,2026-08-17T18:55:22Z,2026-08-17T19:55:54Z,USD
pay_cb59ca7ebecd4f47abc7,o_20260817_00002495,captured,apple_pay,27.65,3.18,3.71,2.37,0.0,36.91,2026-08-17T13:40:46Z,2026-08-17T14:24:21Z,USD
pay_386c2a08fc4f4b65ac2f,o_20260817_00002496,captured,apple_pay,113.93,4.39,18.18,9.44,0.0,145.94,2026-08-17T11:42:20Z,2026-08-17T12:37:02Z,USD
pay_6e663610d91e4981b0ad,o_20260817_00002497,captured,wallet,29.16,2.37,3.36,2.7,0.0,37.59,2026-08-17T18:58:12Z,2026-08-17T19:39:57Z,USD
pay_64df75e71a0743cd8b9b,o_20260817_00002498,refunded,paypal,36.82,2.1,3.55,3.08,0.0,45.55,2026-08-17T19:10:21Z,,USD
pay_49f5a4ed9c76442b8c56,o_20260817_00002499,captured,card,143.42,5.21,15.97,8.85,21.51,151.94,2026-08-17T12:54:44Z,2026-08-17T13:31:20Z,USD
pay_82a3e414bce24dd68ebd,o_20260817_00002500,captured,paypal,23.16,0.86,2.91,1.91,3.47,25.37,2026-08-17T08:30:28Z,2026-08-17T09:21:32Z,USD
pay_9d101c09767541df8cad,o_20260817_00002501,voided,wallet,51.31,5.23,4.99,2.73,7.7,56.56,2026-08-17T21:00:03Z,,USD
pay_bf149d8361ef47e7bee3,o_20260817_00002502,captured,paypal,42.18,0.53,6.35,3.1,0.0,52.16,2026-08-17T11:11:36Z,2026-08-17T11:31:19Z,USD
pay_a3e6a90f585949e9817c,o_20260817_00002503,captured,paypal,67.68,2.98,10.45,6.93,0.0,88.04,2026-08-17T19:25:47Z,2026-08-17T20:03:17Z,USD
pay_e9a9d9f5ea3f444e9fca,o_20260817_00002504,captured,wallet,74.37,6.94,8.79,4.27,7.44,86.93,2026-08-17T18:47:26Z,2026-08-17T19:43:49Z,USD
pay_f786ecd47ead4e55996b,o_20260817_00002505,captured,card,49.65,3.72,7.12,3.72,7.45,56.76,2026-08-17T13:17:25Z,2026-08-17T14:04:37Z,USD
pay_0471a0b0ea634fa7b03f,o_20260817_00002506,captured,paypal,28.41,5.41,4.47,2.38,1.42,39.25,2026-08-17T18:46:20Z,2026-08-17T19:22:40Z,USD
pay_8b17e7fc30864c55a5c7,o_20260817_00002507,captured,paypal,114.88,4.15,16.78,10.26,11.49,134.58,2026-08-17T18:31:04Z,2026-08-17T19:12:10Z,USD
pay_a0a7110706fd415c99d3,o_20260817_00002508,captured,card,100.61,6.02,10.0,7.53,10.06,114.1,2026-08-17T18:27:37Z,2026-08-17T19:19:17Z,USD
pay_50bf162a670d41b7afa4,o_20260817_00002509,captured,card,50.11,3.49,5.55,4.71,2.51,61.35,2026-08-17T12:32:14Z,2026-08-17T13:11:28Z,USD
pay_de775acd256e4e589c67,o_20260817_00002510,captured,paypal,42.42,2.13,6.31,3.11,2.12,51.85,2026-08-17T11:01:23Z,2026-08-17T11:49:50Z,USD
pay_283265e1d71a4e3b9c10,o_20260817_00002511,captured,wallet,90.85,6.35,11.1,6.09,9.08,105.31,2026-08-17T11:21:19Z,2026-08-17T11:55:13Z,USD
pay_fa2e597a03cd411899d5,o_20260817_00002512,captured,apple_pay,53.98,2.75,4.47,5.29,0.0,66.49,2026-08-17T13:00:43Z,2026-08-17T13:42:07Z,USD
pay_afe94b5fb8324940bc61,o_20260817_00002513,captured,wallet,7.3,4.77,1.03,0.53,1.09,12.54,2026-08-17T19:13:59Z,2026-08-17T19:53:50Z,USD
pay_975a67f95b0343fea319,o_20260817_00002514,captured,paypal,83.53,3.82,12.83,7.66,4.18,103.66,2026-08-17T19:39:20Z,2026-08-17T20:08:02Z,USD
pay_b03906ee16884a04afb1,o_20260817_00002515,captured,card,105.8,5.28,14.73,8.34,5.29,128.86,2026-08-17T13:44:11Z,2026-08-17T14:12:11Z,USD
pay_b9c18488fdec4e06bd2b,o_20260817_00002516,captured,apple_pay,88.44,1.74,14.01,6.4,0.0,110.59,2026-08-17T18:36:31Z,2026-08-17T19:22:12Z,USD
pay_61f9ceb0ed0c45e0b5f2,o_20260817_00002517,captured,apple_pay,76.66,5.19,11.72,4.61,11.5,86.68,2026-08-17T12:46:12Z,2026-08-17T13:17:34Z,USD
pay_8691fd17787845d78248,o_20260817_00002518,captured,wallet,69.88,0.65,9.74,4.76,10.48,74.55,2026-08-17T19:23:45Z,2026-08-17T20:05:59Z,USD
pay_07ff2e013f6a402f8374,o_20260817_00002519,captured,wallet,98.85,3.7,13.88,6.78,0.0,123.21,2026-08-17T20:46:54Z,2026-08-17T21:24:24Z,USD
pay_230fa98274a74905ad3f,o_20260817_00002520,captured,wallet,63.9,6.2,6.2,5.18,3.2,78.28,2026-08-17T18:09:14Z,2026-08-17T19:04:01Z,USD
pay_90559006f35f4dacab83,o_20260817_00002521,captured,paypal,61.26,3.21,6.08,4.28,6.13,68.7,2026-08-17T08:53:59Z,2026-08-17T09:47:46Z,USD
pay_6c47905b9a5a49ceab87,o_20260817_00002522,captured,wallet,7.64,1.04,1.2,0.7,0.0,10.58,2026-08-17T12:18:33Z,2026-08-17T12:51:25Z,USD
pay_286889c934ee4c8ab561,o_20260817_00002523,captured,wallet,67.93,1.01,5.66,4.68,6.79,72.49,2026-08-17T12:19:02Z,2026-08-17T13:19:51Z,USD
pay_cd47c0dc2738414ba059,o_20260817_00002524,captured,apple_pay,74.32,3.78,6.29,4.78,0.0,89.17,2026-08-17T12:53:59Z,2026-08-17T13:47:33Z,USD
pay_617393e6d9e54ce1a351,o_20260817_00002525,captured,wallet,61.35,4.42,5.99,4.43,0.0,76.19,2026-08-17T20:34:42Z,2026-08-17T21:06:25Z,USD
pay_70dc5c71f56a43f3ba4a,o_20260817_00002526,captured,wallet,18.64,6.83,1.88,1.5,0.0,28.85,2026-08-17T18:09:10Z,2026-08-17T18:52:11Z,USD
pay_3905bf1170644e7683fe,o_20260817_00002527,captured,card,104.17,0.87,14.63,5.83,10.42,115.08,2026-08-17T19:04:51Z,2026-08-17T20:13:25Z,USD
pay_2a4346b0adc1451eb968,o_20260817_00002528,captured,apple_pay,80.81,5.08,11.6,6.65,8.08,96.06,2026-08-17T19:21:04Z,2026-08-17T20:12:27Z,USD
pay_946ce54591244389b9fd,o_20260817_00002529,captured,apple_pay,85.15,2.55,11.06,7.59,0.0,106.35,2026-08-17T08:13:41Z,2026-08-17T08:51:09Z,USD
pay_afb1a463556b48e2b163,o_20260817_00002530,captured,paypal,136.3,6.63,18.79,12.15,6.81,167.06,2026-08-17T19:21:06Z,2026-08-17T20:05:00Z,USD
pay_3d469b30b4a8422fa368,o_20260817_00002531,captured,paypal,41.5,2.16,6.59,2.43,4.15,48.53,2026-08-17T11:14:33Z,2026-08-17T12:03:11Z,USD
pay_a38ac2104acc463eadc9,o_20260817_00002532,captured,paypal,30.68,6.56,4.55,1.85,1.53,42.11,2026-08-17T11:44:46Z,2026-08-17T12:39:41Z,USD
pay_a4347625643d4d828162,o_20260817_00002533,captured,card,65.25,3.79,9.76,4.31,3.26,79.85,2026-08-17T18:38:17Z,2026-08-17T19:41:51Z,USD
pay_2154368734a0466592fb,o_20260817_00002534,captured,wallet,46.8,6.15,3.97,4.39,0.0,61.31,2026-08-17T19:28:15Z,2026-08-17T20:01:11Z,USD
pay_dfda2fe6b87b4b379dc1,o_20260817_00002535,captured,card,66.26,1.57,8.73,5.4,0.0,81.96,2026-08-17T08:27:40Z,2026-08-17T08:48:37Z,USD
pay_a700f76d9719444d9955,o_20260817_00002536,captured,paypal,55.24,5.84,5.38,3.33,8.29,61.5,2026-08-17T19:16:04Z,2026-08-17T20:02:55Z,USD
pay_7c6cce2af7c24986a611,o_20260817_00002537,captured,paypal,88.23,1.91,7.76,7.72,4.41,101.21,2026-08-17T12:33:36Z,2026-08-17T13:14:13Z,USD
pay_11e49a87a5b64dc48403,o_20260817_00002538,captured,card,46.96,1.01,4.86,2.93,2.35,53.41,2026-08-17T11:43:21Z,2026-08-17T12:31:09Z,USD
pay_d4222ceea75643fb9039,o_20260817_00002539,captured,paypal,82.62,6.07,7.69,5.26,0.0,101.64,2026-08-17T18:53:02Z,2026-08-17T19:40:46Z,USD
pay_88ef168dbf1b42558ad9,o_20260817_00002540,captured,paypal,40.91,6.92,3.8,3.93,2.05,53.51,2026-08-17T13:18:03Z,2026-08-17T13:53:26Z,USD
pay_d173f6c1a2b94ab08aa5,o_20260817_00002541,captured,card,29.5,5.71,3.45,1.66,4.42,35.9,2026-08-17T08:52:41Z,2026-08-17T09:27:24Z,USD
pay_f3cca776e21d4e7abb33,o_20260817_00002542,captured,wallet,55.92,3.89,7.87,3.87,8.39,63.16,2026-08-17T20:26:08Z,2026-08-17T21:14:39Z,USD
pay_5828fed7c6e946a4b750,o_20260817_00002543,captured,apple_pay,44.3,2.03,4.47,3.15,4.43,49.52,2026-08-17T18:10:09Z,2026-08-17T18:44:43Z,USD
pay_c01bc08b00b144b1a2e7,o_20260817_00002544,captured,card,13.66,5.56,1.49,1.07,0.0,21.78,2026-08-17T13:49:18Z,2026-08-17T14:39:59Z,USD
pay_fcc6d5bee28c4630ae61,o_20260817_00002545,captured,card,72.06,4.6,5.87,6.13,0.0,88.66,2026-08-17T11:26:50Z,2026-08-17T12:26:50Z,USD
pay_b7258c0d8e4d4f4ba163,o_20260817_00002546,refunded,card,62.22,2.25,7.47,3.18,9.33,65.79,2026-08-17T19:46:12Z,,USD
pay_5174ad334b30449aaebf,o_20260817_00002547,captured,paypal,33.46,2.98,3.69,3.07,3.35,39.85,2026-08-17T19:05:15Z,2026-08-17T19:53:01Z,USD
pay_5d04430bfb59491f9f32,o_20260817_00002548,refunded,apple_pay,83.58,2.66,9.76,6.9,8.36,94.54,2026-08-17T19:01:18Z,,USD
pay_f68635e771ac4b54bb1a,o_20260817_00002549,captured,wallet,52.73,4.91,5.47,3.81,7.91,59.01,2026-08-17T08:37:48Z,2026-08-17T09:44:24Z,USD
pay_cc014104c2554ae2886f,o_20260817_00002550,captured,paypal,43.26,2.17,5.92,3.71,0.0,55.06,2026-08-17T12:26:32Z,2026-08-17T13:14:20Z,USD
pay_e1162377c16240399c52,o_20260817_00002551,refunded,wallet,86.94,0.51,8.73,8.54,0.0,104.72,2026-08-17T08:21:21Z,,USD
pay_004c34384e2d478caf84,o_20260817_00002552,captured,wallet,80.4,3.24,10.78,6.02,8.04,92.4,2026-08-17T12:38:44Z,2026-08-17T13:25:48Z,USD
pay_2f50539d90504ae2974a,o_20260817_00002553,captured,apple_pay,94.14,2.22,10.33,6.88,0.0,113.57,2026-08-17T20:40:16Z,2026-08-17T21:32:33Z,USD
pay_fb683227705140b78bba,o_20260817_00002554,captured,paypal,28.41,5.93,2.7,2.27,0.0,39.31,2026-08-17T13:03:23Z,2026-08-17T13:51:06Z,USD
pay_7b39a2d1e19c4a218eee,o_20260817_00002555,captured,apple_pay,98.4,2.66,12.99,7.79,14.76,107.08,2026-08-17T11:54:28Z,2026-08-17T12:58:24Z,USD
pay_66ca47f3514b46af9bb9,o_20260817_00002556,captured,wallet,62.22,3.56,9.42,4.61,6.22,73.59,2026-08-17T11:46:23Z,2026-08-17T12:15:56Z,USD
pay_1d98ee1f69a942f78911,o_20260817_00002557,captured,wallet,32.55,5.79,2.69,2.94,1.63,42.34,2026-08-17T11:41:58Z,2026-08-17T12:37:36Z,USD
pay_981709bdf3f74ae18472,o_20260817_00002558,captured,card,8.92,2.45,0.85,0.57,0.0,12.79,2026-08-17T20:03:06Z,2026-08-17T20:53:48Z,USD
pay_7f84219a6f0740f0849d,o_20260817_00002559,captured,paypal,131.94,3.65,17.72,10.12,19.79,143.64,2026-08-17T13:16:26Z,2026-08-17T14:14:30Z,USD
pay_bc8cb15792db4195858b,o_20260817_00002560,captured,card,79.34,3.33,7.12,5.77,0.0,95.56,2026-08-17T19:59:11Z,2026-08-17T20:42:50Z,USD
pay_a1dd5a4897914b39a648,o_20260817_00002561,captured,card,12.22,4.73,1.1,0.76,0.0,18.81,2026-08-17T19:31:20Z,2026-08-17T19:45:26Z,USD
pay_ee93294d38524ff7ad51,o_20260817_00002562,captured,card,69.68,1.85,9.75,5.63,10.45,76.46,2026-08-17T12:37:13Z,2026-08-17T13:39:57Z,USD
pay_b3763281693546f7945c,o_20260817_00002563,captured,wallet,35.38,4.32,5.2,2.5,5.31,42.09,2026-08-17T13:48:40Z,2026-08-17T14:26:33Z,USD
pay_891d721e62ce449f934c,o_20260817_00002564,captured,wallet,23.28,5.43,2.54,2.18,0.0,33.43,2026-08-17T12:46:18Z,2026-08-17T13:23:53Z,USD
pay_00967626c59a47f0848f,o_20260817_00002565,captured,wallet,20.55,2.48,2.87,1.29,2.06,25.13,2026-08-17T19:07:38Z,2026-08-17T19:56:22Z,USD
pay_41faae609a294c4f93ec,o_20260817_00002566,captured,card,95.63,2.67,12.94,6.14,14.34,103.04,2026-08-17T20:42:15Z,2026-08-17T21:28:38Z,USD
pay_c524e8e52aec46faaacf,o_20260817_00002567,captured,paypal,93.63,0.61,9.67,6.93,0.0,110.84,2026-08-17T13:42:02Z,2026-08-17T14:17:49Z,USD
pay_7ab92f07dbfd41dfa8d8,o_20260817_00002568,captured,apple_pay,9.51,6.91,0.81,0.77,0.0,18.0,2026-08-17T19:13:42Z,2026-08-17T19:51:34Z,USD
pay_d72aad6ec40e4606ba1e,o_20260817_00002569,voided,wallet,160.36,5.3,15.76,14.0,0.0,195.42,2026-08-17T19:43:50Z,,USD
pay_5915d44316d04c3a9e5c,o_20260817_00002570,captured,wallet,34.17,6.37,3.73,2.03,3.42,42.88,2026-08-17T20:38:24Z,2026-08-17T21:38:17Z,USD
pay_636a8ef3c8ca489a9dd2,o_20260817_00002571,captured,wallet,129.34,1.12,15.22,7.91,6.47,147.12,2026-08-17T13:05:35Z,2026-08-17T13:54:53Z,USD
pay_b22d65d6b75e44bd8bc9,o_20260817_00002572,captured,paypal,88.71,3.48,10.17,6.79,4.44,104.71,2026-08-17T11:16:23Z,2026-08-17T11:55:58Z,USD
pay_f0906dee78a8430cbaa8,o_20260817_00002573,captured,wallet,151.75,3.02,12.69,12.45,15.18,164.73,2026-08-17T19:31:15Z,2026-08-17T20:11:22Z,USD
pay_a45300a9dfa24d86aaeb,o_20260817_00002574,captured,card,88.71,3.16,12.34,5.81,4.44,105.58,2026-08-17T19:58:42Z,2026-08-17T20:55:22Z,USD
pay_753447877cb241cd97db,o_20260817_00002575,captured,wallet,60.72,4.07,6.06,3.51,3.04,71.32,2026-08-17T20:25:11Z,2026-08-17T21:21:38Z,USD
pay_7a03084d2ccf4ecb9605,o_20260817_00002576,captured,card,151.29,3.05,17.39,13.76,7.56,177.93,2026-08-17T08:41:33Z,2026-08-17T09:49:07Z,USD
pay_7abc841289d24322b3dc,o_20260817_00002577,captured,apple_pay,34.17,1.67,5.05,2.81,0.0,43.7,2026-08-17T08:59:11Z,2026-08-17T09:46:29Z,USD
pay_2b57a27fec6240b783bb,o_20260817_00002578,captured,apple_pay,79.37,4.19,10.58,6.16,3.97,96.33,2026-08-17T11:52:38Z,2026-08-17T12:37:56Z,USD
pay_c472a56478d942999a50,o_20260817_00002579,refunded,apple_pay,72.82,4.76,6.09,6.95,0.0,90.62,2026-08-17T19:27:03Z,,USD
pay_f7b6965f77284bd88c3d,o_20260817_00002580,captured,paypal,128.43,3.41,15.5,12.29,6.42,153.21,2026-08-17T18:06:13Z,2026-08-17T18:43:47Z,USD
pay_35d816ccfa254a319783,o_20260817_00002581,refunded,wallet,66.54,2.33,7.3,4.48,6.65,74.0,2026-08-17T11:35:14Z,,USD
pay_c8f2ea7b8aae4cd581ff,o_20260817_00002582,captured,apple_pay,31.44,3.84,4.97,2.17,0.0,42.42,2026-08-17T18:33:26Z,2026-08-17T19:30:12Z,USD
pay_d7cfaa1ebc0047fc88bb,o_20260817_00002583,captured,paypal,45.24,1.37,3.76,4.23,0.0,54.6,2026-08-17T19:27:17Z,2026-08-17T20:02:46Z,USD
pay_78e31a3712284dc6a57e,o_20260817_00002584,refunded,wallet,15.13,5.18,1.72,1.17,0.0,23.2,2026-08-17T19:30:33Z,,USD
pay_62ee180005e7449797c5,o_20260817_00002585,captured,wallet,48.18,0.7,6.56,2.97,0.0,58.41,2026-08-17T12:29:15Z,2026-08-17T13:09:50Z,USD
pay_59e5e8ecf01c445e8afc,o_20260817_00002586,captured,wallet,95.69,3.49,12.93,7.21,0.0,119.32,2026-08-17T11:37:49Z,2026-08-17T12:05:43Z,USD
pay_e19e1527d02146269b4f,o_20260817_00002587,captured,wallet,31.05,6.44,4.46,2.1,3.11,40.94,2026-08-17T19:27:01Z,2026-08-17T20:30:44Z,USD
pay_578cb009180e49c098c8,o_20260817_00002588,captured,apple_pay,84.26,6.9,10.9,7.74,4.21,105.59,2026-08-17T12:39:57Z,2026-08-17T13:16:34Z,USD
pay_e7947943e2ba4d06a99a,o_20260817_00002589,captured,paypal,58.29,1.98,8.94,3.32,5.83,66.7,2026-08-17T20:02:18Z,2026-08-17T20:57:52Z,USD
pay_f6a5d8a6f91a4d7cac80,o_20260817_00002590,captured,wallet,22.06,1.09,2.25,1.33,1.1,25.63,2026-08-17T11:28:16Z,2026-08-17T12:28:10Z,USD
pay_4f53ac67d841424c8bc9,o_20260817_00002591,captured,apple_pay,47.68,2.2,5.36,3.62,0.0,58.86,2026-08-17T13:34:58Z,2026-08-17T14:31:51Z,USD
pay_00e2fdf69ff242f99179,o_20260817_00002592,captured,paypal,124.17,4.54,19.03,9.58,0.0,157.32,2026-08-17T13:05:07Z,2026-08-17T14:19:23Z,USD
pay_d869a9d120db4f14a2d6,o_20260817_00002593,captured,paypal,121.53,2.41,15.6,8.14,0.0,147.68,2026-08-17T12:37:44Z,2026-08-17T13:16:14Z,USD
pay_54690b3faaa54632b8de,o_20260817_00002594,refunded,apple_pay,84.43,1.02,11.46,7.31,0.0,104.22,2026-08-17T12:54:51Z,,USD
pay_c756b8c404ba47a1b604,o_20260817_00002595,voided,wallet,85.13,3.95,11.79,4.6,12.77,92.7,2026-08-17T18:51:45Z,,USD
pay_9766d9864f6047229b85,o_20260817_00002596,captured,paypal,79.78,2.31,8.49,5.19,7.98,87.79,2026-08-17T12:02:09Z,2026-08-17T13:02:52Z,USD
pay_4b496a50c06e4d5ab2f8,o_20260817_00002597,captured,apple_pay,26.64,0.67,3.82,1.74,0.0,32.87,2026-08-17T12:55:44Z,2026-08-17T13:15:03Z,USD
pay_58eb106907614e5196a2,o_20260817_00002598,captured,card,91.91,6.48,12.39,6.21,4.6,112.39,2026-08-17T19:22:33Z,2026-08-17T20:13:04Z,USD
pay_7d8dda37bbf440768d03,o_20260817_00002599,captured,paypal,105.57,4.0,9.25,8.58,15.84,111.56,2026-08-17T11:55:35Z,2026-08-17T12:39:06Z,USD
pay_50e090e06c2049bbbb11,o_20260817_00002600,captured,wallet,63.63,1.55,5.18,5.41,6.36,69.41,2026-08-17T08:05:19Z,2026-08-17T08:41:28Z,USD
pay_d7802e3dea07414c9045,o_20260817_00002601,captured,paypal,68.83,1.59,9.76,4.72,0.0,84.9,2026-08-17T12:55:18Z,2026-08-17T13:49:23Z,USD
pay_63b108be99b74607b76c,o_20260817_00002602,captured,paypal,21.25,5.97,3.23,1.85,0.0,32.3,2026-08-17T11:56:47Z,2026-08-17T12:31:22Z,USD
pay_ecf8360d618c4eb8aeae,o_20260817_00002603,captured,paypal,60.45,1.57,4.9,5.54,3.02,69.44,2026-08-17T18:24:34Z,2026-08-17T19:23:09Z,USD
pay_1c7adc2a95cc418cb30e,o_20260817_00002604,captured,apple_pay,41.34,6.64,3.42,3.56,0.0,54.96,2026-08-17T18:24:37Z,2026-08-17T19:04:49Z,USD
pay_4cb23d4918bd4ddbbf18,o_20260817_00002605,captured,card,60.19,5.06,7.46,3.33,9.03,67.01,2026-08-17T11:14:32Z,2026-08-17T12:05:31Z,USD
pay_5173a632934d4345ae9b,o_20260817_00002606,captured,apple_pay,49.95,4.24,6.04,3.67,0.0,63.9,2026-08-17T12:54:18Z,2026-08-17T13:27:32Z,USD
pay_9fdd63680eb74df690f6,o_20260817_00002607,captured,card,132.33,4.31,13.05,11.65,0.0,161.34,2026-08-17T11:46:45Z,2026-08-17T12:49:28Z,USD
pay_a91790d7d275482998bb,o_20260817_00002608,captured,apple_pay,76.53,4.26,8.55,4.54,7.65,86.23,2026-08-17T18:15:54Z,2026-08-17T18:56:56Z,USD
pay_657ac430317d4de38020,o_20260817_00002609,captured,apple_pay,45.96,6.07,5.55,3.17,4.6,56.15,2026-08-17T12:00:56Z,2026-08-17T12:52:46Z,USD
pay_f8f24ba6af7e4a259c0c,o_20260817_00002610,captured,card,20.43,6.58,2.74,2.0,0.0,31.75,2026-08-17T11:16:54Z,2026-08-17T11:55:46Z,USD
pay_c07a34cb43714bd688f8,o_20260817_00002611,captured,apple_pay,100.53,3.79,9.09,9.99,0.0,123.4,2026-08-17T20:18:46Z,2026-08-17T21:01:29Z,USD
pay_b921b3dbd60348e68be0,o_20260817_00002612,captured,wallet,23.9,2.02,2.05,2.39,0.0,30.36,2026-08-17T19:55:06Z,2026-08-17T20:37:00Z,USD
pay_7e8a9e29e05249c7a887,o_20260817_00002613,captured,wallet,43.26,5.86,3.74,3.43,2.16,54.13,2026-08-17T19:19:00Z,2026-08-17T20:07:36Z,USD
pay_2c694ecbc2ec403d94fd,o_20260817_00002614,captured,apple_pay,163.71,5.35,22.3,11.48,0.0,202.84,2026-08-17T18:09:32Z,2026-08-17T19:13:13Z,USD
pay_65ce8dddcb304156a096,o_20260817_00002615,captured,paypal,51.25,4.14,6.82,4.44,0.0,66.65,2026-08-17T20:58:38Z,2026-08-17T21:57:32Z,USD
pay_5a53f03daee14768874c,o_20260817_00002616,captured,card,85.14,3.14,7.92,6.87,0.0,103.07,2026-08-17T20:47:40Z,2026-08-17T21:22:14Z,USD
pay_c4ff4d3d4c154142a461,o_20260817_00002617,captured,apple_pay,30.31,4.14,4.49,2.87,0.0,41.81,2026-08-17T19:52:45Z,2026-08-17T20:27:42Z,USD
pay_902d808225604da9baae,o_20260817_00002618,captured,apple_pay,72.81,5.53,8.01,7.35,0.0,93.7,2026-08-17T20:13:54Z,2026-08-17T21:01:14Z,USD
pay_0442cb991b2a4a04b30b,o_20260817_00002619,captured,paypal,62.24,4.79,7.7,4.13,6.22,72.64,2026-08-17T19:46:25Z,2026-08-17T20:24:03Z,USD
pay_16c3fff0584e4c80a6a0,o_20260817_00002620,voided,paypal,28.71,0.83,2.71,2.93,0.0,35.18,2026-08-17T11:41:45Z,,USD
pay_43809a0e82a949688e63,o_20260817_00002621,captured,apple_pay,100.8,3.76,8.9,6.92,10.08,110.3,2026-08-17T11:15:46Z,2026-08-17T11:47:41Z,USD
pay_578b906350ba4f84a42d,o_20260817_00002622,captured,apple_pay,28.53,5.29,2.93,2.1,2.85,36.0,2026-08-17T12:41:28Z,2026-08-17T13:31:25Z,USD
pay_57c3a525d6f441f3a874,o_20260817_00002623,captured,wallet,42.64,2.03,5.37,3.7,2.13,51.61,2026-08-17T20:05:24Z,2026-08-17T20:53:52Z,USD
pay_3d73e992fd354e849c9b,o_20260817_00002624,voided,apple_pay,24.44,2.76,2.82,1.82,0.0,31.84,2026-08-17T11:04:56Z,,USD
pay_e6402c18af7f44f588f6,o_20260817_00002625,captured,wallet,83.25,2.83,10.48,7.58,8.33,95.81,2026-08-17T11:21:36Z,2026-08-17T12:04:39Z,USD
pay_4ddeec7a120c4f3086ea,o_20260817_00002626,captured,wallet,30.87,5.89,3.36,2.34,0.0,42.46,2026-08-17T18:33:50Z,2026-08-17T19:30:40Z,USD
pay_0b3d49fdad5f48ac8f94,o_20260817_00002627,captured,card,12.35,2.19,1.56,0.98,0.0,17.08,2026-08-17T18:20:54Z,2026-08-17T19:29:36Z,USD
pay_6d5b42f0625242af974b,o_20260817_00002628,captured,card,105.64,6.82,15.3,7.28,10.56,124.48,2026-08-17T11:46:36Z,2026-08-17T12:24:46Z,USD
pay_dca2e9dd1b4c4d41a0cf,o_20260817_00002629,captured,paypal,132.33,4.77,17.59,12.19,13.23,153.65,2026-08-17T13:10:15Z,2026-08-17T13:55:15Z,USD
pay_cb8e36ede6fe4d1e8186,o_20260817_00002630,captured,apple_pay,20.55,2.43,1.89,1.26,0.0,26.13,2026-08-17T13:17:38Z,2026-08-17T14:12:15Z,USD
pay_0bd827a147c3446cbf4a,o_20260817_00002631,refunded,paypal,18.6,1.99,2.36,1.1,2.79,21.26,2026-08-17T12:46:51Z,,USD
pay_365e719867f5401d952f,o_20260817_00002632,captured,paypal,18.87,4.14,1.82,1.91,0.0,26.74,2026-08-17T19:36:52Z,2026-08-17T20:18:35Z,USD
pay_e31b89d296e242038281,o_20260817_00002633,captured,card,46.56,3.73,6.42,2.74,6.98,52.47,2026-08-17T18:49:41Z,2026-08-17T19:26:05Z,USD
pay_f1aa1767dd974a088afe,o_20260817_00002634,captured,card,63.87,1.43,9.58,5.27,9.58,70.57,2026-08-17T19:52:25Z,2026-08-17T20:17:38Z,USD
pay_948e57071e7f46868142,o_20260817_00002635,captured,paypal,70.93,1.82,8.84,5.8,0.0,87.39,2026-08-17T12:44:52Z,2026-08-17T13:24:35Z,USD
pay_9c2a2107bb2a4233a684,o_20260817_00002636,captured,wallet,55.92,2.06,6.54,5.65,0.0,70.17,2026-08-17T13:02:46Z,2026-08-17T13:35:39Z,USD
pay_48e45a85f380494a9ef4,o_20260817_00002637,captured,apple_pay,44.79,0.83,3.72,3.33,4.48,48.19,2026-08-17T12:39:48Z,2026-08-17T13:14:12Z,USD
pay_df09bdaa047d41a1ae2a,o_20260817_00002638,captured,card,28.46,4.17,2.97,2.39,0.0,37.99,2026-08-17T18:22:19Z,2026-08-17T19:24:24Z,USD
pay_de7041c7899240d3a4c8,o_20260817_00002639,captured,wallet,61.16,3.31,7.44,4.59,0.0,76.5,2026-08-17T11:12:52Z,2026-08-17T12:08:23Z,USD
pay_952aa1c2f18b401c9309,o_20260817_00002640,captured,apple_pay,115.1,1.88,11.32,8.73,17.26,119.77,2026-08-17T20:42:29Z,2026-08-17T21:48:10Z,USD
pay_b44e52c5a01341108ab5,o_20260817_00002641,captured,card,90.87,2.4,12.91,9.0,0.0,115.18,2026-08-17T12:26:02Z,2026-08-17T13:18:51Z,USD
pay_c7f61b3c2594427aab68,o_20260817_00002642,captured,wallet,33.88,2.01,3.84,2.04,5.08,36.69,2026-08-17T18:31:31Z,2026-08-17T19:51:22Z,USD
pay_7e6c19e0411345fe903b,o_20260817_00002643,captured,apple_pay,119.28,3.77,11.7,9.36,0.0,144.11,2026-08-17T19:18:27Z,2026-08-17T19:52:04Z,USD
pay_a26adabc53c8425eb2ad,o_20260817_00002644,captured,card,88.98,0.77,11.11,8.35,0.0,109.21,2026-08-17T18:13:21Z,2026-08-17T18:51:28Z,USD
pay_5273b1708265428c89d6,o_20260817_00002645,captured,wallet,138.73,2.4,22.12,9.48,6.94,165.79,2026-08-17T12:43:42Z,2026-08-17T13:25:03Z,USD
pay_543b4634d7bb46dd8b23,o_20260817_00002646,captured,wallet,79.87,2.61,10.04,5.28,7.99,89.81,2026-08-17T12:04:55Z,2026-08-17T13:00:16Z,USD
pay_d6b677176d52484f9800,o_20260817_00002647,captured,apple_pay,86.21,3.91,11.82,5.42,0.0,107.36,2026-08-17T12:22:53Z,2026-08-17T12:55:30Z,USD
pay_eedbeddb766c4ea7ae36,o_20260817_00002648,captured,apple_pay,23.8,6.31,2.79,2.07,1.19,33.78,2026-08-17T12:31:17Z,2026-08-17T13:06:01Z,USD
pay_bbc7c4292e754e18b3e7,o_20260817_00002649,captured,paypal,13.98,1.79,1.6,0.92,2.1,16.19,2026-08-17T20:36:29Z,2026-08-17T21:19:47Z,USD
pay_086366934db347d4ac00,o_20260817_00002650,captured,wallet,80.57,2.72,10.48,6.21,12.09,87.89,2026-08-17T11:33:15Z,2026-08-17T12:12:56Z,USD
pay_153b91b724d74561b381,o_20260817_00002651,captured,apple_pay,25.53,1.8,3.83,1.61,2.55,30.22,2026-08-17T12:51:12Z,2026-08-17T13:26:53Z,USD
pay_37eeda9d1e0c4537b8f9,o_20260817_00002652,captured,wallet,96.34,2.66,8.5,9.75,0.0,117.25,2026-08-17T18:49:45Z,2026-08-17T19:29:17Z,USD
pay_15baf027ddd94a559cfa,o_20260817_00002653,captured,card,96.15,5.18,8.58,6.05,4.81,111.15,2026-08-17T18:13:52Z,2026-08-17T19:08:52Z,USD
pay_2bafc35303bd4c66a98e,o_20260817_00002654,captured,apple_pay,83.4,1.48,9.98,6.77,8.34,93.29,2026-08-17T12:07:21Z,2026-08-17T12:47:08Z,USD
pay_bf07ee4eadac471facb5,o_20260817_00002655,captured,apple_pay,96.66,2.72,14.17,8.86,0.0,122.41,2026-08-17T18:18:33Z,2026-08-17T18:59:06Z,USD
pay_613e958958c84dd7b715,o_20260817_00002656,refunded,card,99.85,4.79,8.83,7.21,14.98,105.7,2026-08-17T11:58:45Z,,USD
pay_eb60d68db81441a2af0c,o_20260817_00002657,captured,paypal,72.51,0.92,7.91,4.44,0.0,85.78,2026-08-17T18:26:39Z,2026-08-17T19:02:15Z,USD
pay_a67e358f0220467a8323,o_20260817_00002658,captured,wallet,133.93,5.53,16.25,9.55,20.09,145.17,2026-08-17T12:54:19Z,2026-08-17T13:33:46Z,USD
pay_288f9bcab1fa4b6c8049,o_20260817_00002659,captured,paypal,83.53,5.58,6.9,6.63,12.53,90.11,2026-08-17T18:38:33Z,2026-08-17T19:41:38Z,USD
pay_72095b53876849739630,o_20260817_00002660,captured,wallet,29.8,3.46,3.74,2.46,4.47,34.99,2026-08-17T12:44:50Z,2026-08-17T13:22:44Z,USD
pay_fb5e9457b4c44e629442,o_20260817_00002661,captured,paypal,59.25,4.55,8.67,4.65,0.0,77.12,2026-08-17T13:35:43Z,2026-08-17T14:10:21Z,USD
pay_29319b7aac6e4cd48726,o_20260817_00002662,captured,apple_pay,40.56,2.61,6.02,2.78,6.08,45.89,2026-08-17T19:41:30Z,2026-08-17T20:27:51Z,USD
pay_8100aff7fc6642e3b9cc,o_20260817_00002663,captured,wallet,44.97,0.7,7.12,2.87,0.0,55.66,2026-08-17T13:14:02Z,2026-08-17T14:06:56Z,USD
pay_0101ff126bcc4716a019,o_20260817_00002664,captured,apple_pay,17.7,0.82,1.52,1.71,0.0,21.75,2026-08-17T12:01:35Z,2026-08-17T12:56:25Z,USD
pay_51bff801e31d4dca86eb,o_20260817_00002665,captured,paypal,60.01,0.49,7.71,4.5,0.0,72.71,2026-08-17T18:37:50Z,2026-08-17T19:21:29Z,USD
pay_bcaf6d790ba0480f8963,o_20260817_00002666,refunded,card,69.55,5.86,6.01,7.06,0.0,88.48,2026-08-17T12:17:53Z,,USD
pay_94f2d2f12a714c9bb556,o_20260817_00002667,captured,apple_pay,80.06,6.57,11.68,5.9,0.0,104.21,2026-08-17T20:26:47Z,2026-08-17T21:19:39Z,USD
pay_a2e19dfa841741b19c66,o_20260817_00002668,refunded,paypal,89.89,4.5,13.86,7.72,13.48,102.49,2026-08-17T20:29:28Z,,USD
pay_c69687f0401d4270904f,o_20260817_00002669,captured,wallet,32.58,1.7,3.25,2.07,0.0,39.6,2026-08-17T13:24:56Z,2026-08-17T13:53:41Z,USD
pay_dc7269f7a621444b8c57,o_20260817_00002670,captured,wallet,113.71,1.81,13.58,7.97,0.0,137.07,2026-08-17T12:13:03Z,2026-08-17T13:10:57Z,USD
pay_d5b7d458f1f94fb9b948,o_20260817_00002671,captured,wallet,50.69,6.78,4.86,4.39,0.0,66.72,2026-08-17T18:54:34Z,2026-08-17T19:42:14Z,USD
pay_36c8122eead04d18a844,o_20260817_00002672,voided,paypal,125.84,0.79,18.86,7.61,0.0,153.1,2026-08-17T12:24:59Z,,USD
pay_ebcdda8271bc455fb9ad,o_20260817_00002673,captured,apple_pay,54.56,1.66,5.41,5.0,0.0,66.63,2026-08-17T18:41:07Z,2026-08-17T19:33:20Z,USD
pay_7dccefa63d6544a1ba0e,o_20260817_00002674,captured,wallet,22.02,1.1,2.32,1.77,2.2,25.01,2026-08-17T11:42:54Z,2026-08-17T12:39:24Z,USD
pay_b10fc3ac05214cc38555,o_20260817_00002675,captured,card,22.12,4.37,2.93,1.97,0.0,31.39,2026-08-17T19:18:32Z,2026-08-17T19:53:19Z,USD
pay_9df6897058e044899dd5,o_20260817_00002676,captured,card,117.26,3.22,16.56,10.43,0.0,147.47,2026-08-17T19:57:32Z,2026-08-17T20:47:59Z,USD
pay_042262afd5184be58547,o_20260817_00002677,captured,card,38.99,6.44,4.39,3.42,3.9,49.34,2026-08-17T12:21:06Z,2026-08-17T12:57:56Z,USD
pay_1f176a8390a146e396ee,o_20260817_00002678,captured,card,37.4,6.06,5.79,2.36,1.87,49.74,2026-08-17T18:55:13Z,2026-08-17T19:30:12Z,USD
pay_b5c140ed15aa4a15b7c8,o_20260817_00002679,refunded,apple_pay,17.84,3.81,2.67,1.02,1.78,23.56,2026-08-17T19:33:38Z,,USD
pay_df26e49d20bf464aa215,o_20260817_00002680,captured,card,70.5,3.97,8.91,4.07,3.53,83.92,2026-08-17T19:24:58Z,2026-08-17T20:14:41Z,USD
pay_6229ad95c870472b98fb,o_20260817_00002681,captured,apple_pay,7.54,5.55,0.95,0.49,0.0,14.53,2026-08-17T11:16:30Z,2026-08-17T12:05:24Z,USD
pay_d0e14857022a402b911c,o_20260817_00002682,voided,paypal,59.82,6.14,8.28,5.66,2.99,76.91,2026-08-17T19:26:18Z,,USD
pay_59244f003eb5484dac3f,o_20260817_00002683,captured,apple_pay,27.38,3.89,3.29,2.1,0.0,36.66,2026-08-17T11:18:06Z,2026-08-17T12:09:21Z,USD
pay_cc91a52ba4454ed5b185,o_20260817_00002684,captured,apple_pay,119.36,1.11,10.29,7.3,17.9,120.16,2026-08-17T12:33:09Z,2026-08-17T13:21:35Z,USD
pay_4a862004aee5465ab25a,o_20260817_00002685,captured,wallet,42.18,0.63,4.6,3.85,4.22,47.04,2026-08-17T12:45:10Z,2026-08-17T13:33:42Z,USD
pay_bdc5b37aaf0e4a8ba062,o_20260817_00002686,captured,wallet,47.09,2.15,5.49,3.47,7.06,51.14,2026-08-17T12:13:28Z,2026-08-17T13:18:58Z,USD
pay_02835d88a7454b8180bc,o_20260817_00002687,captured,apple_pay,28.05,5.32,3.54,1.71,0.0,38.62,2026-08-17T20:37:17Z,2026-08-17T21:34:49Z,USD
pay_45726deaa13e4341a971,o_20260817_00002688,captured,wallet,47.8,0.95,7.36,3.06,4.78,54.39,2026-08-17T18:25:45Z,2026-08-17T19:09:38Z,USD
pay_db5b0206cb1f412f85f1,o_20260817_00002689,captured,paypal,28.92,5.22,2.93,1.64,2.89,35.82,2026-08-17T18:05:22Z,2026-08-17T19:22:31Z,USD
pay_c1e27752f9ce446b9910,o_20260817_00002690,captured,apple_pay,30.87,0.68,4.46,2.47,0.0,38.48,2026-08-17T18:54:46Z,2026-08-17T19:38:55Z,USD
pay_815cfa215fa8473b894b,o_20260817_00002691,captured,card,156.51,4.99,18.18,11.88,23.48,168.08,2026-08-17T11:38:17Z,2026-08-17T12:37:37Z,USD
pay_67c69aab0e3d43c985cf,o_20260817_00002692,captured,wallet,81.81,3.05,8.76,7.22,4.09,96.75,2026-08-17T18:50:23Z,2026-08-17T19:42:06Z,USD
pay_4a312f90fb7b4d0f87b4,o_20260817_00002693,captured,card,60.24,0.74,9.09,3.95,0.0,74.02,2026-08-17T18:45:13Z,2026-08-17T20:02:16Z,USD
pay_dac2bc5111434763acec,o_20260817_00002694,captured,card,50.02,2.14,7.33,3.8,0.0,63.29,2026-08-17T13:13:34Z,2026-08-17T14:08:08Z,USD
pay_4ad75201f5fe46df9fe4,o_20260817_00002695,captured,paypal,99.14,0.93,12.45,7.24,14.87,104.89,2026-08-17T19:58:39Z,2026-08-17T20:44:30Z,USD
pay_76f8a1dec1c14135b946,o_20260817_00002696,captured,apple_pay,67.86,1.01,7.96,5.68,6.79,75.72,2026-08-17T13:39:09Z,2026-08-17T14:12:31Z,USD
pay_9242ba80aa2d482f9e64,o_20260817_00002697,captured,apple_pay,29.7,5.42,4.32,1.61,2.97,38.08,2026-08-17T11:50:24Z,2026-08-17T12:42:07Z,USD
pay_1101c1aa3b5043319465,o_20260817_00002698,captured,wallet,18.98,3.87,2.81,1.06,2.85,23.87,2026-08-17T12:43:27Z,2026-08-17T13:41:58Z,USD
pay_464c3d69859a4ade8d8c,o_20260817_00002699,captured,card,50.13,6.0,5.93,3.11,5.01,60.16,2026-08-17T19:18:49Z,2026-08-17T20:26:03Z,USD
pay_b3081f7c2f8348a4b79f,o_20260817_00002700,captured,card,77.54,4.28,12.07,5.46,3.88,95.47,2026-08-17T11:58:48Z,2026-08-17T12:42:22Z,USD
pay_5b2761b3412048afafcf,o_20260817_00002701,captured,wallet,73.72,1.34,10.95,6.99,3.69,89.31,2026-08-17T11:12:50Z,2026-08-17T11:54:25Z,USD
pay_5e787fc46a3649eebe00,o_20260817_00002702,captured,wallet,73.01,6.15,8.48,7.02,3.65,91.01,2026-08-17T18:45:52Z,2026-08-17T19:29:13Z,USD
pay_115daa9d532f4648aaab,o_20260817_00002703,captured,card,20.45,0.94,3.12,1.81,1.02,25.3,2026-08-17T19:56:41Z,2026-08-17T20:22:49Z,USD
pay_74e611c424f247eca25b,o_20260817_00002704,captured,card,32.55,0.7,2.66,3.0,0.0,38.91,2026-08-17T11:11:30Z,2026-08-17T11:52:51Z,USD
pay_9b9aeb1ce81e4d80b6b9,o_20260817_00002705,captured,card,72.56,6.65,6.29,4.6,0.0,90.1,2026-08-17T12:48:01Z,2026-08-17T13:07:46Z,USD
pay_1e9cf20085c54a118460,o_20260817_00002706,captured,paypal,39.72,0.98,4.52,2.63,0.0,47.85,2026-08-17T12:06:31Z,2026-08-17T12:59:14Z,USD
pay_96b9b46c4659418aaeee,o_20260817_00002707,captured,card,119.36,0.65,16.48,11.45,0.0,147.94,2026-08-17T19:55:42Z,2026-08-17T20:47:25Z,USD
pay_7da2cb24a15c4f378281,o_20260817_00002708,captured,wallet,62.93,3.82,5.06,5.82,0.0,77.63,2026-08-17T19:51:58Z,2026-08-17T20:45:54Z,USD
pay_b4c2eb5dede3472f9355,o_20260817_00002709,captured,paypal,60.96,5.96,6.23,3.82,0.0,76.97,2026-08-17T11:58:16Z,2026-08-17T13:01:08Z,USD
pay_824d2f71d0a54ede9254,o_20260817_00002710,captured,wallet,55.92,4.49,6.9,3.88,0.0,71.19,2026-08-17T08:14:49Z,2026-08-17T08:52:05Z,USD
pay_3e5aa39fd74948798b46,o_20260817_00002711,captured,wallet,43.38,4.82,4.79,4.18,0.0,57.17,2026-08-17T20:04:16Z,2026-08-17T20:39:33Z,USD
pay_1cf89c9fe8464714b204,o_20260817_00002712,captured,card,102.9,6.82,13.14,9.68,0.0,132.54,2026-08-17T19:04:15Z,2026-08-17T19:53:02Z,USD
pay_94403337c96342d49ff8,o_20260817_00002713,captured,paypal,122.14,5.49,9.79,6.76,12.21,131.97,2026-08-17T18:56:52Z,2026-08-17T19:33:28Z,USD
pay_af081a5f337c49dcb552,o_20260817_00002714,captured,apple_pay,39.82,1.96,4.53,2.78,0.0,49.09,2026-08-17T18:53:15Z,2026-08-17T19:26:59Z,USD
pay_bc8d0e6f9d7c4913866d,o_20260817_00002715,captured,paypal,21.15,5.69,1.72,1.95,0.0,30.51,2026-08-17T11:35:54Z,2026-08-17T12:23:40Z,USD
pay_1e3e4c1adbdc4268a794,o_20260817_00002716,captured,wallet,87.45,2.08,11.31,5.63,13.12,93.35,2026-08-17T18:24:46Z,2026-08-17T18:58:55Z,USD
pay_0c35052101b845f9a8a0,o_20260817_00002717,captured,apple_pay,39.18,4.03,3.61,3.4,5.88,44.34,2026-08-17T19:35:48Z,2026-08-17T20:05:33Z,USD
pay_c489784ba7194eb98457,o_20260817_00002718,captured,paypal,46.28,3.07,7.37,3.99,4.63,56.08,2026-08-17T19:03:13Z,2026-08-17T20:00:24Z,USD
pay_51ecb01d34f5442bb572,o_20260817_00002719,captured,apple_pay,97.23,0.81,11.6,9.74,0.0,119.38,2026-08-17T12:18:28Z,2026-08-17T13:07:13Z,USD
pay_7d8909b7c9994cefa795,o_20260817_00002720,voided,paypal,70.06,4.23,10.6,6.27,0.0,91.16,2026-08-17T20:34:38Z,,USD
pay_20948a6b51434366a21a,o_20260817_00002721,captured,wallet,89.95,5.91,8.23,5.11,13.49,95.71,2026-08-17T11:01:58Z,2026-08-17T11:56:29Z,USD
pay_ce90570eeb2242269a2f,o_20260817_00002722,captured,wallet,130.58,2.34,13.36,12.87,0.0,159.15,2026-08-17T12:59:04Z,2026-08-17T13:40:16Z,USD
pay_48c1d2ccafc243ee88aa,o_20260817_00002723,captured,apple_pay,91.42,2.07,13.71,6.39,0.0,113.59,2026-08-17T18:06:05Z,2026-08-17T18:33:53Z,USD
pay_8d416e4cc2834ba2b984,o_20260817_00002724,captured,wallet,41.34,0.95,3.55,2.88,2.07,46.65,2026-08-17T11:55:57Z,2026-08-17T12:26:03Z,USD
pay_e5f9aa3716f5445bb6b6,o_20260817_00002725,voided,card,102.54,0.75,8.72,8.48,0.0,120.49,2026-08-17T11:48:54Z,,USD
pay_b0213ffac9f344a4b9c7,o_20260817_00002726,captured,wallet,55.17,3.67,4.99,4.26,0.0,68.09,2026-08-17T11:07:34Z,2026-08-17T12:00:16Z,USD
pay_094adca04fda414fbfb5,o_20260817_00002727,captured,paypal,69.42,5.41,7.77,5.49,0.0,88.09,2026-08-17T12:49:33Z,2026-08-17T13:43:14Z,USD
pay_9a210da22468400895d4,o_20260817_00002728,captured,apple_pay,38.99,6.07,4.55,2.41,3.9,48.12,2026-08-17T12:53:12Z,2026-08-17T13:48:50Z,USD
pay_dd88378805a346539de2,o_20260817_00002729,captured,card,32.64,1.96,3.42,2.64,0.0,40.66,2026-08-17T12:01:33Z,2026-08-17T12:45:31Z,USD
pay_be1a10a22c41487db5da,o_20260817_00002730,captured,card,102.24,2.34,8.84,5.29,15.34,103.37,2026-08-17T20:39:56Z,2026-08-17T21:31:31Z,USD
pay_a4efae9c0c8b4f689cd9,o_20260817_00002731,captured,paypal,46.96,0.66,7.28,3.87,2.35,56.42,2026-08-17T19:19:22Z,2026-08-17T20:05:40Z,USD
pay_f94a5b9af3f04504b18c,o_20260817_00002732,captured,card,14.68,3.34,1.64,0.81,2.2,18.27,2026-08-17T19:56:33Z,2026-08-17T20:42:15Z,USD
pay_e6e63e51044a4b4594ee,o_20260817_00002733,voided,wallet,65.79,3.1,7.58,5.63,3.29,78.81,2026-08-17T19:36:46Z,,USD
pay_96e4a25b41d54957862d,o_20260817_00002734,captured,card,76.35,1.46,10.85,5.28,0.0,93.94,2026-08-17T19:59:06Z,2026-08-17T20:29:38Z,USD
pay_be632fb48f2849f286b9,o_20260817_00002735,captured,wallet,69.32,4.44,8.99,4.41,10.4,76.76,2026-08-17T13:55:23Z,2026-08-17T14:37:59Z,USD
pay_28e5ad95e05e4469aa2c,o_20260817_00002736,voided,apple_pay,84.76,5.88,6.9,5.66,0.0,103.2,2026-08-17T12:00:24Z,,USD
pay_6f9e96db90ac46bc9183,o_20260817_00002737,refunded,wallet,68.4,6.37,10.52,4.21,6.84,82.66,2026-08-17T18:53:02Z,,USD
pay_9d89fbf94dca438fb275,o_20260817_00002738,refunded,card,110.03,3.65,9.28,10.89,0.0,133.85,2026-08-17T20:25:29Z,,USD
pay_1ca44de5e48e4b238b34,o_20260817_00002739,captured,paypal,104.65,1.87,10.4,7.19,5.23,118.88,2026-08-17T18:01:06Z,2026-08-17T18:53:40Z,USD
pay_c04d4d786f5f4f2a9d8f,o_20260817_00002740,captured,apple_pay,33.46,5.38,3.48,1.98,5.02,39.28,2026-08-17T11:59:04Z,2026-08-17T12:44:56Z,USD
pay_bac383483dd344f4a81e,o_20260817_00002741,voided,apple_pay,71.61,4.29,11.31,5.11,0.0,92.32,2026-08-17T11:23:26Z,,USD
pay_14ee00f52a9b430b9c31,o_20260817_00002742,captured,wallet,18.24,2.38,2.48,1.55,1.82,22.83,2026-08-17T12:54:19Z,2026-08-17T13:32:56Z,USD
pay_1ba93f304bf345fea358,o_20260817_00002743,captured,apple_pay,87.32,6.08,7.27,7.6,0.0,108.27,2026-08-17T18:44:31Z,2026-08-17T19:16:42Z,USD
pay_6725834a841f460a97b0,o_20260817_00002744,captured,apple_pay,58.48,3.23,7.22,4.57,0.0,73.5,2026-08-17T11:13:13Z,2026-08-17T12:13:38Z,USD
pay_19bc900c63374bc6bcdc,o_20260817_00002745,captured,paypal,19.4,3.86,2.83,1.48,0.0,27.57,2026-08-17T20:43:33Z,2026-08-17T21:30:25Z,USD
pay_6100cb172cb24e4cbf48,o_20260817_00002746,captured,paypal,82.89,5.45,7.76,6.64,0.0,102.74,2026-08-17T18:56:50Z,2026-08-17T19:48:21Z,USD
pay_66bb833c987a4b869e03,o_20260817_00002747,captured,card,59.65,1.36,8.15,5.07,0.0,74.23,2026-08-17T12:28:00Z,2026-08-17T13:08:37Z,USD
pay_86dadd6bf98a4df3876f,o_20260817_00002748,captured,apple_pay,155.16,3.37,14.87,11.59,0.0,184.99,2026-08-17T12:13:59Z,2026-08-17T12:50:35Z,USD
pay_dd361a6329ed4b6d816d,o_20260817_00002749,captured,card,46.62,2.25,4.02,3.42,0.0,56.31,2026-08-17T19:39:08Z,2026-08-17T20:32:06Z,USD
pay_b84982d27a6844fe83b7,o_20260817_00002750,captured,wallet,7.34,2.36,0.88,0.5,0.0,11.08,2026-08-17T20:43:19Z,2026-08-17T21:11:46Z,USD
pay_a8e634b2156d4f388acf,o_20260817_00002751,captured,paypal,50.39,3.33,8.0,3.63,2.52,62.83,2026-08-17T18:04:03Z,2026-08-17T18:42:15Z,USD
pay_bc78f5560bd94668ad2d,o_20260817_00002752,captured,apple_pay,33.18,2.01,4.63,2.64,0.0,42.46,2026-08-17T20:49:00Z,2026-08-17T21:19:26Z,USD
pay_bc661b577652436cbf02,o_20260817_00002753,captured,apple_pay,51.58,2.55,6.94,4.12,7.74,57.45,2026-08-17T08:02:21Z,2026-08-17T08:54:06Z,USD
pay_ee639aef53c2461b95a5,o_20260817_00002754,captured,card,111.42,6.11,10.35,9.44,0.0,137.32,2026-08-17T12:06:07Z,2026-08-17T12:30:43Z,USD
pay_7c3c5b8208334d0ab7d3,o_20260817_00002755,captured,apple_pay,25.53,2.79,2.11,1.45,3.83,28.05,2026-08-17T12:03:25Z,2026-08-17T12:49:06Z,USD
pay_1fc475689d1340ef99e2,o_20260817_00002756,captured,paypal,73.3,6.3,10.75,5.63,3.67,92.31,2026-08-17T13:54:36Z,2026-08-17T14:26:17Z,USD
pay_3931d7dbfe1d4cd8bc2b,o_20260817_00002757,captured,apple_pay,101.74,3.49,16.26,6.42,15.26,112.65,2026-08-17T08:29:03Z,2026-08-17T09:21:34Z,USD
pay_51623cc77a144de8a310,o_20260817_00002758,captured,paypal,48.8,6.23,7.56,2.82,2.44,62.97,2026-08-17T19:17:36Z,2026-08-17T20:04:11Z,USD
pay_b2301cead07542be9f28,o_20260817_00002759,captured,wallet,45.96,3.18,7.01,3.45,0.0,59.6,2026-08-17T19:21:46Z,2026-08-17T19:55:55Z,USD
pay_a30c653d313f4c60b785,o_20260817_00002760,captured,paypal,112.94,3.93,11.38,7.56,0.0,135.81,2026-08-17T13:05:19Z,2026-08-17T13:57:04Z,USD
pay_beaaed7e2c3043ea9585,o_20260817_00002761,captured,wallet,43.53,6.39,3.89,2.49,4.35,51.95,2026-08-17T20:40:40Z,2026-08-17T21:43:53Z,USD
pay_db89c406d095435dbd7a,o_20260817_00002762,captured,paypal,102.24,4.8,12.91,9.04,0.0,128.99,2026-08-17T11:33:14Z,2026-08-17T12:23:07Z,USD
pay_bf4f64907a1c46cba46c,o_20260817_00002763,captured,apple_pay,116.0,1.92,13.02,9.6,17.4,123.14,2026-08-17T12:36:31Z,2026-08-17T13:21:15Z,USD
pay_5e60fa6dbf1c4d4eaeaa,o_20260817_00002764,captured,wallet,72.06,6.52,10.93,5.1,3.6,91.01,2026-08-17T19:29:05Z,2026-08-17T20:09:14Z,USD
pay_23c4f389220d4bcba48b,o_20260817_00002765,captured,paypal,104.92,5.67,12.82,10.2,0.0,133.61,2026-08-17T11:02:25Z,2026-08-17T11:45:18Z,USD
pay_86e5c217101743dcbab5,o_20260817_00002766,captured,paypal,117.75,5.35,18.13,8.22,0.0,149.45,2026-08-17T11:03:52Z,2026-08-17T11:44:36Z,USD
pay_dfcda0ebebeb4c7e838a,o_20260817_00002767,captured,card,80.49,6.29,11.33,6.32,4.02,100.41,2026-08-17T19:39:21Z,2026-08-17T20:36:00Z,USD
pay_9cad8939d7154e01b534,o_20260817_00002768,captured,paypal,89.25,3.18,11.82,7.13,0.0,111.38,2026-08-17T18:34:46Z,2026-08-17T19:20:28Z,USD
pay_d3512b5cd660404b9023,o_20260817_00002769,captured,card,66.15,4.7,9.67,5.11,6.62,79.01,2026-08-17T12:51:10Z,2026-08-17T13:25:26Z,USD
pay_e5797a927eec4e48a146,o_20260817_00002770,captured,paypal,69.96,3.31,11.02,4.62,0.0,88.91,2026-08-17T12:32:22Z,2026-08-17T13:16:24Z,USD
pay_d5c877c49cb740ed91c4,o_20260817_00002771,captured,card,14.16,3.32,1.85,0.99,0.0,20.32,2026-08-17T19:52:53Z,2026-08-17T20:40:12Z,USD
pay_5fc4087481a247f0bb14,o_20260817_00002772,captured,apple_pay,66.42,5.5,10.35,6.07,6.64,81.7,2026-08-17T20:07:51Z,2026-08-17T21:03:41Z,USD
pay_89b0d5c060af4b84a2ce,o_20260817_00002773,captured,wallet,92.04,5.24,14.39,5.46,4.6,112.53,2026-08-17T11:15:54Z,2026-08-17T12:04:30Z,USD
pay_af51a5e097ba415b8791,o_20260817_00002774,captured,paypal,146.8,5.5,12.0,10.37,14.68,159.99,2026-08-17T11:35:13Z,2026-08-17T12:29:05Z,USD
pay_c77a79527d6c466a8d34,o_20260817_00002775,captured,apple_pay,18.16,1.25,2.42,1.18,2.72,20.29,2026-08-17T12:29:03Z,2026-08-17T13:00:12Z,USD
pay_f453459d47b4437982b9,o_20260817_00002776,captured,wallet,38.56,5.59,4.7,2.38,0.0,51.23,2026-08-17T13:06:53Z,2026-08-17T14:19:36Z,USD
pay_25c7e050c25341f68065,o_20260817_00002777,captured,card,70.5,4.39,8.23,5.25,10.57,77.8,2026-08-17T11:48:57Z,2026-08-17T12:41:12Z,USD
pay_b47c7d0dd89049e58bcc,o_20260817_00002778,captured,apple_pay,112.2,5.88,17.28,8.55,5.61,138.3,2026-08-17T11:54:26Z,2026-08-17T12:22:18Z,USD
pay_584c44c8aae641ce8911,o_20260817_00002779,captured,apple_pay,104.25,5.51,15.33,7.56,0.0,132.65,2026-08-17T08:22:01Z,2026-08-17T09:20:44Z,USD
pay_e279779cdcd24f5fad80,o_20260817_00002780,captured,wallet,27.8,6.28,2.35,2.13,0.0,38.56,2026-08-17T08:26:17Z,2026-08-17T09:15:08Z,USD
pay_76d228b5321e4c7b89c1,o_20260817_00002781,captured,card,32.58,2.24,4.3,2.67,0.0,41.79,2026-08-17T11:46:40Z,2026-08-17T12:30:51Z,USD
pay_5f5e039ae7b4454ba505,o_20260817_00002782,captured,wallet,55.92,4.87,6.33,3.58,5.59,65.11,2026-08-17T18:04:05Z,2026-08-17T18:54:16Z,USD
pay_ac5d154ad7d044499361,o_20260817_00002783,captured,wallet,46.34,3.73,5.35,3.61,0.0,59.03,2026-08-17T11:40:45Z,2026-08-17T12:04:39Z,USD
pay_1f775a5f08f440b3be8f,o_20260817_00002784,captured,paypal,49.08,1.5,5.77,3.9,0.0,60.25,2026-08-17T18:30:38Z,2026-08-17T19:23:19Z,USD
pay_27615d6f5ee84d9491fa,o_20260817_00002785,captured,apple_pay,52.5,1.52,5.31,4.37,5.25,58.45,2026-08-17T19:01:32Z,2026-08-17T19:36:19Z,USD
pay_151ae988e1bc493eb09a,o_20260817_00002786,captured,paypal,37.28,5.09,4.36,2.32,0.0,49.05,2026-08-17T18:18:52Z,2026-08-17T19:02:22Z,USD
pay_6d40676a0b8e41beabf4,o_20260817_00002787,captured,wallet,56.37,5.83,8.44,5.05,5.64,70.05,2026-08-17T18:17:41Z,2026-08-17T19:17:00Z,USD
pay_5ea95fbbdc144abcb652,o_20260817_00002788,captured,card,36.97,6.1,4.94,2.68,1.85,48.84,2026-08-17T12:44:14Z,2026-08-17T13:06:46Z,USD
pay_7ce7b325b77545f8b229,o_20260817_00002789,captured,apple_pay,50.19,3.65,6.8,4.97,0.0,65.61,2026-08-17T14:00:47Z,2026-08-17T14:50:39Z,USD
pay_9313aa4ea21940ac924d,o_20260817_00002790,captured,card,98.9,3.94,10.78,6.55,0.0,120.17,2026-08-17T18:19:31Z,2026-08-17T18:53:28Z,USD
pay_9473e6c59cbd48728933,o_20260817_00002791,captured,paypal,20.08,6.61,1.67,1.52,0.0,29.88,2026-08-17T13:13:58Z,2026-08-17T14:14:45Z,USD
pay_c7cf5681d6de4c51a16e,o_20260817_00002792,captured,paypal,22.92,6.01,2.52,2.01,0.0,33.46,2026-08-17T13:48:44Z,2026-08-17T14:47:14Z,USD
pay_c4f97a620aec4240ad9f,o_20260817_00002793,captured,card,165.96,4.26,25.57,13.68,16.6,192.87,2026-08-17T12:27:15Z,2026-08-17T13:09:54Z,USD
pay_ad3a3192b51e4c5194f3,o_20260817_00002794,captured,paypal,120.63,3.81,15.0,10.29,0.0,149.73,2026-08-17T08:12:16Z,2026-08-17T08:53:59Z,USD
pay_b017c99a5e124673af31,o_20260817_00002795,captured,wallet,18.64,6.27,2.5,1.25,0.93,27.73,2026-08-17T19:11:32Z,2026-08-17T20:06:19Z,USD
pay_8207c1a66e394649bfb4,o_20260817_00002796,captured,apple_pay,95.53,5.61,9.06,5.33,9.55,105.98,2026-08-17T12:33:01Z,2026-08-17T13:07:48Z,USD
pay_fea0f760ff3c49bbb044,o_20260817_00002797,captured,apple_pay,56.47,3.73,7.9,4.61,0.0,72.71,2026-08-17T19:13:26Z,2026-08-17T20:00:03Z,USD
pay_5909e33f7e1e4d388303,o_20260817_00002798,captured,paypal,156.51,0.78,24.18,12.02,0.0,193.49,2026-08-17T12:36:58Z,2026-08-17T13:16:14Z,USD
pay_67ea3f6639794f05892a,o_20260817_00002799,captured,apple_pay,86.0,4.52,7.39,8.51,0.0,106.42,2026-08-17T14:00:18Z,2026-08-17T14:44:35Z,USD
pay_0dad8974547d4bbf9690,o_20260817_00002800,captured,paypal,81.69,6.47,12.7,6.98,0.0,107.84,2026-08-17T12:29:29Z,2026-08-17T13:22:18Z,USD
pay_37cfddc10faa4d26a356,o_20260817_00002801,captured,apple_pay,100.11,3.58,10.65,9.06,5.01,118.39,2026-08-17T12:26:56Z,2026-08-17T13:25:29Z,USD
pay_649fa5c8f2154e2db4a8,o_20260817_00002802,captured,wallet,32.86,1.35,4.73,3.31,0.0,42.25,2026-08-17T19:43:12Z,2026-08-17T20:45:48Z,USD
pay_2a58dd4d74164f4eb388,o_20260817_00002803,captured,paypal,42.48,4.83,6.7,2.78,2.12,54.67,2026-08-17T11:04:20Z,2026-08-17T11:47:59Z,USD
pay_0b5f08a048e14a90934f,o_20260817_00002804,captured,wallet,71.58,6.03,8.88,5.86,7.16,85.19,2026-08-17T19:53:37Z,2026-08-17T20:36:10Z,USD
pay_e00fa8842df445469b3d,o_20260817_00002805,captured,paypal,61.85,6.57,7.91,4.34,0.0,80.67,2026-08-17T12:27:44Z,2026-08-17T13:13:19Z,USD
pay_9b9323279f684f2cb924,o_20260817_00002806,captured,card,121.68,2.7,12.08,7.28,18.25,125.49,2026-08-17T19:44:58Z,2026-08-17T20:43:09Z,USD
pay_dc29f01c3e9645769de0,o_20260817_00002807,captured,paypal,28.98,1.77,2.83,2.2,4.35,31.43,2026-08-17T18:49:15Z,2026-08-17T19:47:49Z,USD
pay_ada40db668c94d06a66f,o_20260817_00002808,captured,apple_pay,52.14,1.18,7.77,3.58,0.0,64.67,2026-08-17T11:16:16Z,2026-08-17T12:03:21Z,USD
pay_16ff7ab84b8e446098bc,o_20260817_00002809,captured,card,70.6,0.67,5.84,6.38,0.0,83.49,2026-08-17T12:10:54Z,2026-08-17T13:17:34Z,USD
pay_36abfccbd00c40588973,o_20260817_00002810,captured,wallet,94.6,6.63,12.49,7.36,0.0,121.08,2026-08-17T12:52:03Z,2026-08-17T13:25:11Z,USD
pay_67ad3656c16b46748ab7,o_20260817_00002811,captured,paypal,149.73,5.99,18.53,13.69,0.0,187.94,2026-08-17T12:32:51Z,2026-08-17T13:17:55Z,USD
pay_79d5ce48d1004d52b715,o_20260817_00002812,captured,wallet,93.61,6.56,9.62,5.68,0.0,115.47,2026-08-17T12:29:01Z,2026-08-17T13:15:32Z,USD
pay_3eed47e1e8ef4695ae9c,o_20260817_00002813,captured,wallet,46.69,3.92,7.46,3.41,0.0,61.48,2026-08-17T12:12:14Z,2026-08-17T13:06:21Z,USD
pay_998c9da38e48422cacca,o_20260817_00002814,captured,apple_pay,23.8,0.93,2.9,1.56,1.19,28.0,2026-08-17T20:18:57Z,2026-08-17T21:03:52Z,USD
pay_b16ddc73b0314f3baa55,o_20260817_00002815,captured,card,87.04,1.92,13.56,7.72,0.0,110.24,2026-08-17T13:03:25Z,2026-08-17T13:31:55Z,USD
pay_bc960c3d1a1a4df89649,o_20260817_00002816,captured,card,27.27,2.77,2.36,2.59,0.0,34.99,2026-08-17T18:44:53Z,2026-08-17T19:30:47Z,USD
pay_5bff106e9d894e44b664,o_20260817_00002817,captured,wallet,84.62,3.55,10.14,7.86,0.0,106.17,2026-08-17T11:05:38Z,2026-08-17T12:28:15Z,USD
pay_0dfa9be314604e1f9d78,o_20260817_00002818,captured,card,74.09,5.76,10.09,5.67,0.0,95.61,2026-08-17T12:54:09Z,2026-08-17T14:04:09Z,USD
pay_c06171c8a0e142abbaa5,o_20260817_00002819,captured,card,37.69,3.67,3.36,2.35,0.0,47.07,2026-08-17T19:35:09Z,2026-08-17T20:31:30Z,USD
pay_864822ffd14f40b6b31d,o_20260817_00002820,captured,paypal,157.41,2.06,21.1,11.48,15.74,176.31,2026-08-17T12:13:11Z,2026-08-17T12:54:41Z,USD
pay_58403cb62c944168ae23,o_20260817_00002821,captured,card,96.74,0.87,11.76,7.78,14.51,102.64,2026-08-17T20:45:52Z,2026-08-17T21:36:04Z,USD
pay_4784941edc7c462cb697,o_20260817_00002822,captured,card,30.87,3.09,3.58,2.6,4.63,35.51,2026-08-17T13:43:57Z,2026-08-17T14:46:09Z,USD
pay_6397c4405e4e47089c8f,o_20260817_00002823,captured,wallet,55.74,3.52,5.73,4.46,0.0,69.45,2026-08-17T20:09:28Z,2026-08-17T20:46:52Z,USD
pay_200116d468464c118f9f,o_20260817_00002824,voided,card,71.39,3.44,6.88,4.19,3.57,82.33,2026-08-17T13:07:27Z,,USD
pay_bfe566c45de54bae81d3,o_20260817_00002825,voided,card,109.89,0.83,11.26,6.83,0.0,128.81,2026-08-17T19:29:23Z,,USD
pay_93a5af99d5b14423b50c,o_20260817_00002826,captured,wallet,18.58,1.97,2.02,1.31,0.93,22.95,2026-08-17T18:05:55Z,2026-08-17T18:43:16Z,USD
pay_8570575728b64a678c50,o_20260817_00002827,captured,wallet,78.03,2.71,7.85,7.47,0.0,96.06,2026-08-17T12:23:10Z,2026-08-17T13:05:47Z,USD
pay_041c9ba1c9e34498b146,o_20260817_00002828,captured,card,55.17,0.69,5.65,4.05,8.28,57.28,2026-08-17T11:48:21Z,2026-08-17T12:45:26Z,USD
pay_584e91bdc67443d1aaae,o_20260817_00002829,captured,wallet,93.38,1.43,12.92,9.1,0.0,116.83,2026-08-17T13:58:05Z,2026-08-17T14:36:50Z,USD
pay_77bed7bd52e141b896ab,o_20260817_00002830,captured,wallet,56.1,5.38,5.16,3.56,0.0,70.2,2026-08-17T19:10:57Z,2026-08-17T20:17:36Z,USD
pay_957b160aae00482c8cf2,o_20260817_00002831,captured,apple_pay,90.98,4.8,12.66,4.8,13.65,99.59,2026-08-17T11:26:03Z,2026-08-17T12:04:45Z,USD
pay_0bcb278b9c364ebb96c2,o_20260817_00002832,captured,paypal,14.93,3.4,1.33,1.11,0.0,20.77,2026-08-17T18:29:08Z,2026-08-17T19:02:22Z,USD
pay_a5ec5d9bdc8748ea82ec,o_20260817_00002833,captured,wallet,28.85,2.9,4.5,2.05,0.0,38.3,2026-08-17T13:02:12Z,2026-08-17T14:05:50Z,USD
pay_f8282bd7876241c4bfe5,o_20260817_00002834,captured,wallet,31.8,1.14,4.14,2.3,3.18,36.2,2026-08-17T13:35:54Z,2026-08-17T14:21:34Z,USD
pay_cbf8e65747064f68bd86,o_20260817_00002835,captured,apple_pay,29.62,0.54,3.11,1.99,4.44,30.82,2026-08-17T13:08:11Z,2026-08-17T14:24:35Z,USD
pay_05fdf834cf024f03bf4c,o_20260817_00002836,captured,wallet,28.53,0.73,3.82,2.17,2.85,32.4,2026-08-17T19:26:15Z,2026-08-17T19:57:27Z,USD
pay_621b7d90da9c4385a46e,o_20260817_00002837,voided,apple_pay,32.34,3.44,3.51,3.18,0.0,42.47,2026-08-17T13:32:54Z,,USD
pay_f7e4b653d8fa4e38b355,o_20260817_00002838,voided,wallet,22.62,5.09,3.14,1.68,1.13,31.4,2026-08-17T11:26:22Z,,USD
pay_8bb01928d0fb499d8f27,o_20260817_00002839,captured,apple_pay,40.58,5.74,5.52,2.5,0.0,54.34,2026-08-17T19:56:43Z,2026-08-17T20:43:03Z,USD
pay_b43cc499ec7047e9a7c1,o_20260817_00002840,captured,apple_pay,97.08,3.97,14.33,7.59,9.71,113.26,2026-08-17T11:26:14Z,2026-08-17T12:08:51Z,USD
pay_4a7796958912430789a5,o_20260817_00002841,captured,paypal,97.28,0.62,14.37,9.77,0.0,122.04,2026-08-17T18:20:58Z,2026-08-17T19:19:35Z,USD
pay_59767778c7e844bdb380,o_20260817_00002842,captured,wallet,23.77,1.98,1.99,1.41,2.38,26.77,2026-08-17T12:09:58Z,2026-08-17T13:02:35Z,USD
pay_ac63725076ae4ac1b35e,o_20260817_00002843,captured,apple_pay,37.58,2.37,5.87,2.46,0.0,48.28,2026-08-17T11:40:43Z,2026-08-17T12:28:44Z,USD
pay_a3ede4e0d98e430991d4,o_20260817_00002844,voided,apple_pay,84.58,2.25,8.43,6.35,0.0,101.61,2026-08-17T13:18:26Z,,USD
pay_fa0be99e8c944cb58afa,o_20260817_00002845,captured,card,7.25,4.77,0.98,0.5,1.09,12.41,2026-08-17T11:43:42Z,2026-08-17T12:23:31Z,USD
pay_56543621b4fb42f58fe6,o_20260817_00002846,captured,apple_pay,149.28,6.96,21.43,11.43,7.46,181.64,2026-08-17T20:18:41Z,2026-08-17T21:22:40Z,USD
pay_080c3a6b5d3a4205882b,o_20260817_00002847,captured,wallet,75.92,5.8,9.56,6.18,0.0,97.46,2026-08-17T20:34:07Z,2026-08-17T21:09:35Z,USD
pay_1c93f3ee62794a40af08,o_20260817_00002848,captured,apple_pay,26.32,2.17,3.47,2.43,0.0,34.39,2026-08-17T18:51:31Z,2026-08-17T19:33:38Z,USD
pay_9317b7c21d064469b239,o_20260817_00002849,captured,paypal,33.12,1.82,4.44,2.7,1.66,40.42,2026-08-17T13:17:24Z,2026-08-17T13:56:07Z,USD
pay_dce58563b81a4d69b60f,o_20260817_00002850,captured,apple_pay,32.18,2.63,2.96,3.05,0.0,40.82,2026-08-17T12:16:52Z,2026-08-17T12:59:57Z,USD
pay_b769207b1b5d40acbb19,o_20260817_00002851,captured,paypal,91.82,1.63,11.42,7.94,0.0,112.81,2026-08-17T19:07:21Z,2026-08-17T19:29:00Z,USD
pay_1c79fd7e556b433f98ae,o_20260817_00002852,captured,card,54.69,3.29,6.59,3.64,8.2,60.01,2026-08-17T12:25:47Z,2026-08-17T12:58:10Z,USD
pay_04f6a367c88f44e5bfd9,o_20260817_00002853,captured,card,16.43,2.57,1.44,1.54,0.0,21.98,2026-08-17T19:03:47Z,2026-08-17T20:10:26Z,USD
pay_8b36deb3ec094d949173,o_20260817_00002854,captured,paypal,33.49,0.97,5.24,2.02,1.67,40.05,2026-08-17T11:19:45Z,2026-08-17T11:59:54Z,USD
pay_0a75d3d6096a47948d94,o_20260817_00002855,captured,apple_pay,18.39,2.79,1.66,1.69,1.84,22.69,2026-08-17T18:04:34Z,2026-08-17T18:56:07Z,USD
pay_de9714ee0cc645d3b631,o_20260817_00002856,captured,paypal,20.7,0.88,2.2,1.97,0.0,25.75,2026-08-17T18:52:59Z,2026-08-17T19:36:38Z,USD
pay_bcea804e877140e0b00f,o_20260817_00002857,captured,apple_pay,47.16,3.36,7.18,2.43,7.07,53.06,2026-08-17T20:55:56Z,2026-08-17T21:54:43Z,USD
pay_108f210718764d9bbe3f,o_20260817_00002858,captured,wallet,70.77,2.71,10.55,5.46,0.0,89.49,2026-08-17T18:50:20Z,2026-08-17T19:45:50Z,USD
pay_d9dd772c266242ee8346,o_20260817_00002859,captured,wallet,59.31,1.03,7.1,4.49,5.93,66.0,2026-08-17T20:58:43Z,2026-08-17T21:53:15Z,USD
pay_4b7e78166a00429c8b49,o_20260817_00002860,captured,apple_pay,110.43,3.03,16.89,7.85,0.0,138.2,2026-08-17T18:03:06Z,2026-08-17T18:54:00Z,USD
pay_06cba91c5115418bae6e,o_20260817_00002861,captured,card,46.96,1.57,6.99,3.0,2.35,56.17,2026-08-17T19:14:27Z,2026-08-17T19:52:15Z,USD
pay_d38e42c6d62b43f4ad78,o_20260817_00002862,captured,apple_pay,50.19,3.85,7.45,4.49,0.0,65.98,2026-08-17T08:42:29Z,2026-08-17T09:12:13Z,USD
pay_3ca65377ace44a1bb020,o_20260817_00002863,captured,paypal,137.27,2.67,21.8,11.2,0.0,172.94,2026-08-17T11:56:43Z,2026-08-17T12:34:15Z,USD
pay_41dce708a1084924b13d,o_20260817_00002864,captured,apple_pay,23.16,4.53,2.13,1.99,0.0,31.81,2026-08-17T12:02:05Z,2026-08-17T12:40:16Z,USD
pay_75c0b4ab3bfa44af83c0,o_20260817_00002865,captured,card,54.87,6.53,7.03,2.93,8.23,63.13,2026-08-17T19:57:44Z,2026-08-17T20:38:46Z,USD
pay_3751bacc5a0a4088af21,o_20260817_00002866,captured,wallet,36.32,4.41,4.37,2.54,0.0,47.64,2026-08-17T19:43:58Z,2026-08-17T20:39:35Z,USD
pay_6274b015dba84e9a86aa,o_20260817_00002867,captured,wallet,48.36,6.17,5.96,3.09,0.0,63.58,2026-08-17T11:15:58Z,2026-08-17T12:09:40Z,USD
pay_8246adc4803d4bd8b921,o_20260817_00002868,captured,card,13.16,4.5,1.5,0.87,1.32,18.71,2026-08-17T08:49:18Z,2026-08-17T09:27:08Z,USD
pay_7b1e062daf114a129911,o_20260817_00002869,captured,apple_pay,93.47,5.46,13.67,6.65,14.02,105.23,2026-08-17T12:36:14Z,2026-08-17T13:23:15Z,USD
pay_1e48587eaecf474eb9cb,o_20260817_00002870,captured,wallet,70.5,1.26,7.41,7.13,0.0,86.3,2026-08-17T19:54:34Z,2026-08-17T20:54:21Z,USD
pay_5ec6e790441140458819,o_20260817_00002871,captured,wallet,68.98,6.35,7.82,4.28,0.0,87.43,2026-08-17T13:43:52Z,2026-08-17T14:15:18Z,USD
pay_a981e89616e145bca64d,o_20260817_00002872,refunded,paypal,19.94,5.98,2.35,1.6,1.99,27.88,2026-08-17T12:33:42Z,,USD
pay_abed78a6bd8b4099bf60,o_20260817_00002873,captured,apple_pay,131.87,3.94,18.64,8.95,0.0,163.4,2026-08-17T19:34:48Z,2026-08-17T20:24:41Z,USD
pay_6003a39e8f7140cfbbd8,o_20260817_00002874,captured,paypal,36.48,0.6,3.22,3.15,3.65,39.8,2026-08-17T12:41:19Z,2026-08-17T13:12:10Z,USD
pay_7cb56153c06442688de7,o_20260817_00002875,captured,paypal,91.18,3.59,12.08,6.84,4.56,109.13,2026-08-17T11:05:44Z,2026-08-17T11:46:39Z,USD
pay_f03814ffc33c4e08bed2,o_20260817_00002876,captured,wallet,23.14,2.77,2.1,1.55,3.47,26.09,2026-08-17T11:20:21Z,2026-08-17T12:25:07Z,USD
pay_0e3ed09b47ac4deab683,o_20260817_00002877,captured,apple_pay,26.42,4.63,3.5,2.25,1.32,35.48,2026-08-17T20:49:24Z,2026-08-17T21:56:29Z,USD
pay_8b64ed9ec8e14b55a675,o_20260817_00002878,captured,card,81.81,1.4,8.84,6.73,4.09,94.69,2026-08-17T13:40:44Z,2026-08-17T14:19:32Z,USD
pay_b6db99841e8b40e4aa36,o_20260817_00002879,captured,card,69.48,4.66,9.35,4.45,0.0,87.94,2026-08-17T11:38:05Z,2026-08-17T12:26:53Z,USD
pay_b64cde9259c141b99486,o_20260817_00002880,captured,wallet,85.24,4.68,10.0,7.67,8.52,99.07,2026-08-17T18:27:05Z,2026-08-17T19:24:45Z,USD
pay_a545f04658a1440792df,o_20260817_00002881,captured,wallet,21.7,6.56,3.39,1.25,3.25,29.65,2026-08-17T11:08:35Z,2026-08-17T12:01:08Z,USD
pay_0cf317dc281a48a8a5e9,o_20260817_00002882,captured,card,22.68,1.7,3.19,1.7,3.4,25.87,2026-08-17T18:08:55Z,2026-08-17T19:02:07Z,USD
pay_9765d82a5c804c8686ba,o_20260817_00002883,captured,card,71.27,2.3,8.73,5.89,3.56,84.63,2026-08-17T13:29:29Z,2026-08-17T13:51:06Z,USD
pay_6f762548002f41fd859d,o_20260817_00002884,captured,paypal,78.8,3.52,9.66,5.31,0.0,97.29,2026-08-17T19:31:17Z,2026-08-17T20:20:36Z,USD
pay_e48744576e774511afe7,o_20260817_00002885,captured,apple_pay,97.47,5.65,15.48,8.81,4.87,122.54,2026-08-17T11:07:22Z,2026-08-17T11:58:53Z,USD
pay_80a3685c0b394f54aa43,o_20260817_00002886,captured,paypal,20.67,2.65,2.99,1.17,3.1,24.38,2026-08-17T08:59:38Z,2026-08-17T09:25:00Z,USD
pay_b533516281344be5be2e,o_20260817_00002887,captured,apple_pay,88.89,1.85,10.42,4.65,13.33,92.48,2026-08-17T18:19:21Z,2026-08-17T19:09:01Z,USD
pay_c89333ce1144472d8d7e,o_20260817_00002888,captured,card,133.11,6.25,17.57,7.19,19.97,144.15,2026-08-17T19:14:45Z,2026-08-17T19:39:58Z,USD
pay_2384bea8aa6c4e13aee8,o_20260817_00002889,captured,apple_pay,70.13,0.68,7.49,4.51,3.51,79.3,2026-08-17T13:16:54Z,2026-08-17T14:17:16Z,USD
pay_21506dc4933e4a05ad67,o_20260817_00002890,captured,card,19.83,6.79,2.47,1.12,1.98,28.23,2026-08-17T19:07:14Z,2026-08-17T19:56:01Z,USD
pay_dfd884b03fa14b81b8ef,o_20260817_00002891,voided,apple_pay,69.48,5.61,8.81,4.49,6.95,81.44,2026-08-17T19:13:14Z,,USD
pay_9f7a1561d338443f8d37,o_20260817_00002892,captured,apple_pay,28.53,1.79,3.51,1.86,1.43,34.26,2026-08-17T20:29:22Z,2026-08-17T21:21:00Z,USD
pay_91cf933021c24e029f6d,o_20260817_00002893,captured,paypal,9.3,3.81,0.79,0.72,0.0,14.62,2026-08-17T18:21:51Z,2026-08-17T19:13:37Z,USD
pay_5cf3d5a3cdeb403eac5b,o_20260817_00002894,captured,wallet,69.46,1.26,9.2,4.7,3.47,81.15,2026-08-17T18:52:40Z,2026-08-17T19:53:19Z,USD
pay_dd587c422d664d659168,o_20260817_00002895,captured,paypal,13.42,5.09,1.8,0.99,0.0,21.3,2026-08-17T12:25:08Z,2026-08-17T13:06:48Z,USD
pay_2e8b4f9aa27c4e08b94f,o_20260817_00002896,captured,card,87.77,4.36,12.92,8.57,0.0,113.62,2026-08-17T08:58:17Z,2026-08-17T09:43:08Z,USD
pay_a87f0309db794d0c9965,o_20260817_00002897,captured,apple_pay,14.9,1.68,1.6,1.13,0.75,18.56,2026-08-17T19:19:45Z,2026-08-17T19:54:30Z,USD
pay_78e5f8e4fd0b4208a2a6,o_20260817_00002898,captured,wallet,50.19,1.47,7.05,5.06,0.0,63.77,2026-08-17T12:03:46Z,2026-08-17T13:01:39Z,USD
pay_967a21642eaa40abbc32,o_20260817_00002899,captured,card,110.34,5.84,11.53,6.68,0.0,134.39,2026-08-17T11:13:10Z,2026-08-17T11:42:52Z,USD
pay_cac558a51b494ebf9dbb,o_20260817_00002900,captured,paypal,82.82,6.89,10.91,7.92,0.0,108.54,2026-08-17T12:00:21Z,2026-08-17T12:43:30Z,USD
pay_da77ab5d66d44589b565,o_20260817_00002901,captured,paypal,68.17,4.19,10.66,4.86,10.23,77.65,2026-08-17T19:27:19Z,2026-08-17T19:59:45Z,USD
pay_16bba50f140d4afe83df,o_20260817_00002902,captured,paypal,112.43,4.68,14.03,10.34,0.0,141.48,2026-08-17T13:31:01Z,2026-08-17T14:11:47Z,USD
pay_7e9df704b9de422cb918,o_20260817_00002903,captured,apple_pay,70.86,3.53,8.31,5.56,0.0,88.26,2026-08-17T18:33:55Z,2026-08-17T19:18:37Z,USD
pay_ff5eecd0ec294657a4af,o_20260817_00002904,captured,wallet,70.2,6.49,9.61,5.5,0.0,91.8,2026-08-17T11:13:14Z,2026-08-17T12:29:39Z,USD
pay_e102ee7a28594ce39f83,o_20260817_00002905,captured,wallet,88.56,1.6,8.56,7.18,4.43,101.47,2026-08-17T18:01:20Z,2026-08-17T18:47:44Z,USD
pay_0826550fa6bc4d16b3d5,o_20260817_00002906,captured,wallet,37.28,1.95,5.55,2.89,0.0,47.67,2026-08-17T08:50:39Z,2026-08-17T09:35:55Z,USD
pay_542b91ea718e40a982e9,o_20260817_00002907,captured,paypal,42.2,1.05,5.89,3.59,4.22,48.51,2026-08-17T12:40:14Z,2026-08-17T13:31:54Z,USD
pay_eea8b1ba711d476a8a3d,o_20260817_00002908,captured,wallet,44.3,2.47,5.51,3.12,0.0,55.4,2026-08-17T12:18:42Z,2026-08-17T13:23:17Z,USD
pay_6e35791954384a7691f9,o_20260817_00002909,captured,paypal,45.08,2.43,5.06,2.49,6.76,48.3,2026-08-17T12:07:58Z,2026-08-17T13:10:05Z,USD
pay_9d53a29bdff94fddb634,o_20260817_00002910,captured,wallet,50.81,2.88,4.31,3.19,0.0,61.19,2026-08-17T20:04:53Z,2026-08-17T20:49:11Z,USD
pay_a527d71b7b4847e3824b,o_20260817_00002911,captured,apple_pay,109.14,3.9,13.89,6.79,16.37,117.35,2026-08-17T12:29:44Z,2026-08-17T13:30:38Z,USD
pay_1aeb655fcef64b78b724,o_20260817_00002912,captured,wallet,44.55,2.5,4.84,3.89,4.46,51.32,2026-08-17T20:28:00Z,2026-08-17T21:02:24Z,USD
pay_9cf0ec973257464dadd5,o_20260817_00002913,captured,card,105.27,3.42,9.67,9.56,0.0,127.92,2026-08-17T08:31:51Z,2026-08-17T09:14:52Z,USD
pay_3405db1c753f4525a32c,o_20260817_00002914,captured,apple_pay,96.51,3.02,9.59,6.97,14.48,101.61,2026-08-17T08:42:30Z,2026-08-17T09:38:43Z,USD
pay_e0fec15dfc844d45a672,o_20260817_00002915,captured,paypal,114.1,6.36,18.04,8.49,11.41,135.58,2026-08-17T13:05:05Z,2026-08-17T14:07:38Z,USD
pay_199420e3998e4782a344,o_20260817_00002916,captured,card,87.25,2.46,11.72,8.41,0.0,109.84,2026-08-17T18:50:27Z,2026-08-17T19:44:16Z,USD
pay_94e02df5b4fb4462ac7d,o_20260817_00002917,captured,wallet,79.87,1.19,10.82,5.41,0.0,97.29,2026-08-17T20:20:25Z,2026-08-17T21:14:46Z,USD
pay_3b82b0cbc5e6439da21f,o_20260817_00002918,voided,paypal,33.4,2.99,4.57,2.83,0.0,43.79,2026-08-17T19:59:27Z,,USD
pay_11702a79af324186956c,o_20260817_00002919,voided,paypal,52.75,2.15,4.26,5.23,0.0,64.39,2026-08-17T12:43:23Z,,USD
pay_c0128188bc304efeab63,o_20260817_00002920,captured,apple_pay,106.12,4.7,10.65,7.5,0.0,128.97,2026-08-17T13:08:55Z,2026-08-17T13:32:33Z,USD
pay_5a6a35e6800b4688a8cd,o_20260817_00002921,captured,paypal,122.13,3.01,16.43,12.27,0.0,153.84,2026-08-17T20:00:12Z,2026-08-17T20:44:03Z,USD
pay_b436402f4e044b008030,o_20260817_00002922,refunded,card,20.43,5.69,1.81,1.4,0.0,29.33,2026-08-17T18:14:33Z,,USD
pay_af17a899f29240a79e1a,o_20260817_00002923,captured,wallet,23.75,0.64,2.54,1.58,0.0,28.51,2026-08-17T11:46:18Z,2026-08-17T12:28:06Z,USD
pay_bf290c0b41ab427cbf30,o_20260817_00002924,captured,wallet,42.99,1.42,5.44,2.68,2.15,50.38,2026-08-17T20:05:49Z,2026-08-17T20:55:43Z,USD
pay_a29be0c4abcf4373a58a,o_20260817_00002925,captured,paypal,17.7,0.53,1.91,1.54,2.65,19.03,2026-08-17T19:13:11Z,2026-08-17T20:14:15Z,USD
pay_a09017e1029e419f8a08,o_20260817_00002926,captured,paypal,46.52,3.27,6.25,2.99,0.0,59.03,2026-08-17T13:56:19Z,2026-08-17T14:46:56Z,USD
pay_1eb9276d27cb4194904f,o_20260817_00002927,captured,paypal,87.34,6.29,10.44,8.05,0.0,112.12,2026-08-17T12:36:05Z,2026-08-17T13:16:50Z,USD
pay_fd6bd79fc5e14c6abdef,o_20260817_00002928,captured,wallet,52.18,1.19,5.03,3.53,0.0,61.93,2026-08-17T18:41:38Z,2026-08-17T19:42:33Z,USD
pay_d735ecf2fb354e5b9df0,o_20260817_00002929,captured,paypal,37.7,1.75,5.24,2.61,0.0,47.3,2026-08-17T12:56:35Z,2026-08-17T13:39:27Z,USD
pay_089a5dfdf20943a4a41a,o_20260817_00002930,captured,paypal,87.5,6.93,11.16,5.46,4.38,106.67,2026-08-17T18:18:56Z,2026-08-17T19:18:56Z,USD
pay_bd9ebeaaffa24b99b15f,o_20260817_00002931,captured,wallet,24.1,2.96,2.15,1.44,3.62,27.03,2026-08-17T19:14:47Z,2026-08-17T20:02:39Z,USD
pay_3221a9b3a2174d04b65c,o_20260817_00002932,captured,apple_pay,12.97,3.83,1.66,0.93,1.95,17.44,2026-08-17T18:59:48Z,2026-08-17T19:44:37Z,USD
pay_6adc407226e7417e91c3,o_20260817_00002933,captured,paypal,35.5,1.57,3.69,2.54,3.55,39.75,2026-08-17T12:51:11Z,2026-08-17T13:45:59Z,USD
pay_8b330ef012d04c129ff6,o_20260817_00002934,captured,wallet,14.2,3.55,1.8,1.35,0.0,20.9,2026-08-17T11:57:02Z,2026-08-17T12:57:35Z,USD
pay_848924033b534f27b6e0,o_20260817_00002935,captured,wallet,104.68,5.43,12.56,7.06,0.0,129.73,2026-08-17T11:44:22Z,2026-08-17T12:25:43Z,USD
pay_fe890707dbc54750be30,o_20260817_00002936,captured,apple_pay,71.18,3.93,9.06,6.0,3.56,86.61,2026-08-17T13:47:52Z,2026-08-17T14:23:19Z,USD
pay_a5774ca65bc349299aac,o_20260817_00002937,captured,apple_pay,107.24,2.12,14.68,9.71,0.0,133.75,2026-08-17T08:19:47Z,2026-08-17T09:06:43Z,USD
pay_eafd2a5f969744c2ba91,o_20260817_00002938,captured,apple_pay,19.83,4.23,2.47,1.83,1.98,26.38,2026-08-17T13:09:53Z,2026-08-17T14:12:16Z,USD
pay_af600d81c9564e7a9e9a,o_20260817_00002939,captured,paypal,42.94,1.51,5.66,2.69,4.29,48.51,2026-08-17T18:03:35Z,2026-08-17T18:37:01Z,USD
pay_897e7936e3664fc7a091,o_20260817_00002940,captured,card,47.0,1.88,6.68,4.48,0.0,60.04,2026-08-17T11:50:48Z,2026-08-17T12:12:05Z,USD
pay_2150e5ac49a041bdb905,o_20260817_00002941,captured,card,41.39,2.51,5.6,3.12,2.07,50.55,2026-08-17T19:45:20Z,2026-08-17T20:45:12Z,USD
pay_bd4de04ef61140bb9fa7,o_20260817_00002942,captured,apple_pay,21.93,3.25,2.13,2.05,0.0,29.36,2026-08-17T20:19:10Z,2026-08-17T21:09:58Z,USD
pay_76c8bdb179cd4cafafaf,o_20260817_00002943,voided,paypal,42.46,4.87,6.2,3.71,0.0,57.24,2026-08-17T12:15:17Z,,USD
pay_3474a5ac6a554158a966,o_20260817_00002944,captured,apple_pay,122.78,3.59,17.2,8.84,18.42,133.99,2026-08-17T12:54:31Z,2026-08-17T13:29:32Z,USD
pay_6a8e7133ac4441f89f9a,o_20260817_00002945,captured,apple_pay,21.9,3.26,2.16,1.66,1.09,27.89,2026-08-17T19:32:18Z,2026-08-17T20:21:57Z,USD
pay_b332836799f34c838b52,o_20260817_00002946,captured,wallet,67.72,0.51,8.92,6.47,3.39,80.23,2026-08-17T11:39:05Z,2026-08-17T12:31:53Z,USD
pay_d07f4055fac44238af91,o_20260817_00002947,captured,card,96.89,0.77,13.35,6.88,0.0,117.89,2026-08-17T12:13:56Z,2026-08-17T12:58:06Z,USD
pay_35061162607944a4863e,o_20260817_00002948,captured,paypal,43.47,5.58,6.66,2.54,2.17,56.08,2026-08-17T12:28:00Z,2026-08-17T13:30:30Z,USD
pay_6c4a2839b8684adba28e,o_20260817_00002949,captured,apple_pay,79.98,4.71,10.28,7.6,0.0,102.57,2026-08-17T19:57:52Z,2026-08-17T20:48:16Z,USD
pay_f8b7b1f5633a4a8aaf6e,o_20260817_00002950,captured,apple_pay,45.27,4.47,3.82,2.75,0.0,56.31,2026-08-17T19:21:04Z,2026-08-17T20:21:08Z,USD
pay_4faa42254f4a4b08b324,o_20260817_00002951,captured,apple_pay,72.82,5.88,9.1,4.51,3.64,88.67,2026-08-17T18:28:41Z,2026-08-17T19:19:29Z,USD
pay_03c1b6b4b50746d49a4e,o_20260817_00002952,captured,paypal,62.39,4.92,7.12,3.84,0.0,78.27,2026-08-17T08:25:08Z,2026-08-17T09:08:51Z,USD
pay_dec44fba03854b97b125,o_20260817_00002953,captured,paypal,110.91,0.91,14.6,8.25,11.09,123.58,2026-08-17T20:18:39Z,2026-08-17T20:52:41Z,USD
pay_d1f39de1ddb2450daef2,o_20260817_00002954,captured,paypal,71.88,3.04,8.68,6.44,0.0,90.04,2026-08-17T12:14:24Z,2026-08-17T13:16:53Z,USD
pay_e29a6ba9a811436c84ba,o_20260817_00002955,captured,apple_pay,21.19,5.14,2.3,1.34,1.06,28.91,2026-08-17T20:20:48Z,2026-08-17T21:02:54Z,USD
pay_b1fd203e07ae4f2293f7,o_20260817_00002956,captured,wallet,59.57,3.03,5.03,4.84,0.0,72.47,2026-08-17T11:31:25Z,2026-08-17T12:17:11Z,USD
pay_6c15cad7d0bb4ebdb5da,o_20260817_00002957,captured,apple_pay,28.38,6.6,4.47,2.6,1.42,40.63,2026-08-17T08:06:04Z,2026-08-17T08:40:38Z,USD
pay_1506ab1cebc9414e9a0b,o_20260817_00002958,captured,card,56.28,2.36,5.26,4.54,0.0,68.44,2026-08-17T13:41:35Z,2026-08-17T14:37:29Z,USD
pay_ce12fa3285cb4fd7ba4a,o_20260817_00002959,captured,paypal,125.11,0.55,15.04,8.13,12.51,136.32,2026-08-17T12:54:09Z,2026-08-17T13:30:10Z,USD
pay_31a8838f6d3c496fbb69,o_20260817_00002960,captured,paypal,135.09,2.82,15.49,11.61,0.0,165.01,2026-08-17T11:50:41Z,2026-08-17T12:38:16Z,USD
pay_1521e17839184539be9f,o_20260817_00002961,captured,card,70.77,5.23,10.11,6.07,0.0,92.18,2026-08-17T08:38:10Z,2026-08-17T09:34:43Z,USD
pay_a18e60c02e2943eb8451,o_20260817_00002962,captured,paypal,42.2,2.41,5.74,2.97,0.0,53.32,2026-08-17T13:34:26Z,2026-08-17T14:10:04Z,USD
pay_50bfe811554d402ba539,o_20260817_00002963,captured,paypal,21.7,4.69,2.29,1.76,0.0,30.44,2026-08-17T11:21:05Z,2026-08-17T12:01:38Z,USD
pay_db53199a4f38485e81c9,o_20260817_00002964,captured,apple_pay,35.34,6.62,3.0,2.72,0.0,47.68,2026-08-17T20:26:27Z,2026-08-17T20:51:11Z,USD
pay_d3cf5c5018db42379c46,o_20260817_00002965,captured,card,92.02,3.5,10.68,6.23,0.0,112.43,2026-08-17T12:28:50Z,2026-08-17T12:53:56Z,USD
pay_e4b418bd348a44fca52a,o_20260817_00002966,captured,wallet,101.42,3.73,11.34,9.52,5.07,120.94,2026-08-17T18:34:40Z,2026-08-17T19:31:15Z,USD
pay_8acd407b26284729b6eb,o_20260817_00002967,captured,paypal,13.42,5.85,1.66,0.98,1.34,20.57,2026-08-17T18:23:15Z,2026-08-17T19:19:24Z,USD
pay_a99f3333872f458f97f1,o_20260817_00002968,refunded,apple_pay,8.85,6.89,1.19,0.52,1.33,16.12,2026-08-17T18:54:38Z,,USD
pay_2de30a2f46d54ce4b4fd,o_20260817_00002969,captured,wallet,21.73,6.68,2.87,1.8,2.17,30.91,2026-08-17T18:32:28Z,2026-08-17T19:26:05Z,USD
pay_aee623c1acd94e21a4dd,o_20260817_00002970,captured,paypal,32.8,2.1,5.18,1.8,4.92,36.96,2026-08-17T12:27:21Z,2026-08-17T12:55:12Z,USD
pay_e9c867aae27441a4bbc9,o_20260817_00002971,captured,apple_pay,75.33,5.29,6.79,5.51,3.77,89.15,2026-08-17T11:19:10Z,2026-08-17T12:05:25Z,USD
pay_9a3c438d75a4469c8c61,o_20260817_00002972,voided,paypal,106.14,3.75,13.8,9.35,0.0,133.04,2026-08-17T13:21:00Z,,USD
pay_7f43ff0bcaec455dac4c,o_20260817_00002973,captured,wallet,6.82,4.69,0.55,0.7,0.0,12.76,2026-08-17T12:32:00Z,2026-08-17T13:29:04Z,USD
pay_51d583a1ef4f4965b40f,o_20260817_00002974,captured,card,36.16,6.33,4.04,3.03,0.0,49.56,2026-08-17T20:17:45Z,2026-08-17T21:06:47Z,USD
pay_55d4d34d6ae44b02aa38,o_20260817_00002975,captured,apple_pay,43.38,2.4,5.63,3.7,6.51,48.6,2026-08-17T13:40:07Z,2026-08-17T14:09:30Z,USD
pay_f2ead2503e784d038cf8,o_20260817_00002976,captured,card,52.66,2.64,7.08,4.23,7.9,58.71,2026-08-17T11:14:43Z,2026-08-17T12:06:00Z,USD
pay_b71dff7b0e694370aab8,o_20260817_00002977,captured,wallet,46.8,2.02,6.92,2.86,7.02,51.58,2026-08-17T11:52:20Z,2026-08-17T12:39:59Z,USD
pay_0757f9e96b8a40d9b9bb,o_20260817_00002978,captured,card,71.88,6.5,11.24,5.45,3.59,91.48,2026-08-17T13:32:47Z,2026-08-17T14:00:30Z,USD
pay_1b70639090b94f2284a2,o_20260817_00002979,voided,paypal,16.36,4.51,1.97,1.56,0.0,24.4,2026-08-17T08:18:53Z,,USD
pay_602423950bc34df8b794,o_20260817_00002980,captured,paypal,18.64,4.81,2.87,1.08,0.93,26.47,2026-08-17T19:34:50Z,2026-08-17T20:26:25Z,USD
pay_4e534e19861140af91f1,o_20260817_00002981,captured,card,84.84,4.34,8.7,7.53,4.24,101.17,2026-08-17T13:52:31Z,2026-08-17T14:43:29Z,USD
pay_fdaf1b9aa8344d26a4e7,o_20260817_00002982,captured,apple_pay,55.0,5.67,8.68,3.8,0.0,73.15,2026-08-17T18:08:47Z,2026-08-17T19:10:18Z,USD
pay_77c97a925d9c47e99a62,o_20260817_00002983,voided,apple_pay,49.2,6.66,5.47,3.23,7.38,57.18,2026-08-17T20:44:09Z,,USD
pay_3e5f709ce27f4e1592a6,o_20260817_00002984,captured,card,108.05,2.72,16.22,9.25,10.8,125.44,2026-08-17T12:20:20Z,2026-08-17T13:01:58Z,USD
pay_519591b9e01840b38769,o_20260817_00002985,voided,paypal,72.21,2.03,8.81,6.34,3.61,85.78,2026-08-17T12:24:11Z,,USD
pay_1a2a2d7d7fb846ff9d2e,o_20260817_00002986,refunded,wallet,20.95,2.46,2.26,1.88,1.05,26.5,2026-08-17T08:12:05Z,,USD
pay_d35eec1f4ed34140aedd,o_20260817_00002987,captured,wallet,57.62,1.86,6.93,3.93,5.76,64.58,2026-08-17T13:34:39Z,2026-08-17T14:14:52Z,USD
pay_102b4b68afd34662a61e,o_20260817_00002988,captured,paypal,71.88,6.62,11.31,4.77,3.59,90.99,2026-08-17T19:40:45Z,2026-08-17T20:29:40Z,USD
pay_b81a4dafdc0245248cd8,o_20260817_00002989,captured,card,119.16,3.0,10.08,9.03,11.92,129.35,2026-08-17T08:39:37Z,2026-08-17T09:27:42Z,USD
pay_4a0c7a0f80bc4495b430,o_20260817_00002990,captured,card,20.02,2.33,2.28,1.58,0.0,26.21,2026-08-17T11:50:34Z,2026-08-17T12:35:19Z,USD
pay_2581bd678d2d49feb444,o_20260817_00002991,captured,card,115.26,3.75,17.2,7.25,0.0,143.46,2026-08-17T19:36:08Z,2026-08-17T20:12:16Z,USD
pay_8fccd04c075c408cbd03,o_20260817_00002992,captured,wallet,64.89,5.19,6.0,3.96,9.73,70.31,2026-08-17T18:57:52Z,2026-08-17T19:59:36Z,USD
pay_75f85d73442649768635,o_20260817_00002993,captured,wallet,23.28,1.01,2.06,2.22,0.0,28.57,2026-08-17T12:54:31Z,2026-08-17T13:18:06Z,USD
pay_7bf82d1cd71e4fa097e0,o_20260817_00002994,captured,wallet,66.12,1.71,9.47,4.81,3.31,78.8,2026-08-17T18:36:04Z,2026-08-17T19:20:40Z,USD
pay_f9db20d906d941e0b028,o_20260817_00002995,captured,wallet,22.08,4.74,2.62,2.12,0.0,31.56,2026-08-17T11:59:09Z,2026-08-17T12:37:47Z,USD
pay_2137d45e98f14547a266,o_20260817_00002996,refunded,wallet,82.48,2.09,8.68,7.84,0.0,101.09,2026-08-17T12:17:58Z,,USD
pay_d491c155347f42d6b168,o_20260817_00002997,captured,wallet,46.62,0.65,6.56,4.47,0.0,58.3,2026-08-17T13:17:29Z,2026-08-17T13:49:32Z,USD
pay_d1c86de11455401c9641,o_20260817_00002998,captured,wallet,46.12,4.04,6.04,2.54,4.61,54.13,2026-08-17T08:41:23Z,2026-08-17T09:38:29Z,USD
pay_e58e79435ae04c3f88fd,o_20260817_00002999,captured,paypal,140.62,5.2,17.08,10.0,0.0,172.9,2026-08-17T12:44:45Z,2026-08-17T13:25:39Z,USD
pay_3df94af7cd1d48a1a299,o_20260817_00003000,refunded,wallet,80.89,1.56,9.34,7.34,0.0,99.13,2026-08-17T11:24:24Z,,USD
pay_492b071f0ba3423ba94e,o_20260817_00003001,captured,wallet,47.88,2.18,6.87,2.73,4.79,54.87,2026-08-17T20:32:07Z,2026-08-17T21:36:11Z,USD
pay_58ed99f118b9435f9b99,o_20260817_00003002,captured,card,7.64,3.74,0.77,0.68,0.76,12.07,2026-08-17T13:01:27Z,2026-08-17T13:26:39Z,USD
pay_edd02826b91945d1974d,o_20260817_00003003,captured,card,13.64,1.5,1.49,0.89,0.0,17.52,2026-08-17T13:19:02Z,2026-08-17T14:15:29Z,USD
pay_47630208cd6d4bc8a6c4,o_20260817_00003004,captured,card,21.25,6.73,2.39,1.53,0.0,31.9,2026-08-17T18:36:28Z,2026-08-17T19:15:12Z,USD
pay_3f88fb27311a41aeaeb0,o_20260817_00003005,captured,wallet,87.75,1.11,7.7,6.59,0.0,103.15,2026-08-17T19:14:30Z,2026-08-17T20:21:50Z,USD
pay_8e1b24d0cac44bbbb3bd,o_20260817_00003006,captured,apple_pay,92.53,0.7,8.12,5.77,0.0,107.12,2026-08-17T13:59:37Z,2026-08-17T14:50:03Z,USD
pay_73c9a91d9aab4af995db,o_20260817_00003007,captured,wallet,60.28,6.84,7.09,4.98,3.01,76.18,2026-08-17T20:38:11Z,2026-08-17T21:40:49Z,USD
pay_4609609c9cfa4bd7962e,o_20260817_00003008,captured,card,12.32,1.68,1.18,0.98,0.0,16.16,2026-08-17T18:36:40Z,2026-08-17T19:51:35Z,USD
pay_43447d18e50041a2843b,o_20260817_00003009,captured,card,66.04,5.06,7.01,4.36,3.3,79.17,2026-08-17T20:38:19Z,2026-08-17T21:06:11Z,USD
pay_bba392c1ec2348d9aba7,o_20260817_00003010,captured,wallet,17.02,6.3,2.66,1.08,1.7,25.36,2026-08-17T13:18:47Z,2026-08-17T13:58:41Z,USD
pay_1aafdc2bfda648c88fa8,o_20260817_00003011,voided,apple_pay,42.48,6.6,4.87,3.0,2.12,54.83,2026-08-17T20:52:42Z,,USD
pay_569547ead9de45b69c77,o_20260817_00003012,captured,paypal,37.11,4.18,5.72,3.04,5.57,44.48,2026-08-17T12:58:25Z,2026-08-17T14:02:24Z,USD
pay_ba0e409c25e24312bc80,o_20260817_00003013,captured,card,37.91,0.54,4.39,2.96,1.9,43.9,2026-08-17T19:32:11Z,2026-08-17T20:18:51Z,USD
pay_3b3466f5e705480cb898,o_20260817_00003014,captured,card,76.02,3.45,8.89,5.22,3.8,89.78,2026-08-17T19:45:46Z,2026-08-17T20:52:10Z,USD
pay_3c12800c469a41ad85b2,o_20260817_00003015,captured,wallet,49.29,1.75,6.71,3.12,7.39,53.48,2026-08-17T08:59:46Z,2026-08-17T09:46:00Z,USD
pay_f8f14d8204e349a886c7,o_20260817_00003016,captured,card,55.41,6.18,5.7,4.1,8.31,63.08,2026-08-17T18:15:09Z,2026-08-17T18:59:23Z,USD
pay_1e7d3e5a7c3549819241,o_20260817_00003017,captured,paypal,23.48,3.91,3.03,1.5,2.35,29.57,2026-08-17T18:34:28Z,2026-08-17T19:06:43Z,USD
pay_2ac600eec0294c0aa741,o_20260817_00003018,captured,card,13.9,4.85,1.96,0.94,1.39,20.26,2026-08-17T12:07:05Z,2026-08-17T12:54:16Z,USD
pay_7769f9c2516c4432bae2,o_20260817_00003019,captured,paypal,62.39,2.2,8.71,5.24,6.24,72.3,2026-08-17T18:28:11Z,2026-08-17T19:21:04Z,USD
pay_727f694a6a2f4071b8d0,o_20260817_00003020,captured,apple_pay,8.88,6.37,0.75,0.69,1.33,15.36,2026-08-17T12:12:16Z,2026-08-17T13:07:09Z,USD
pay_f6b08f5078954aee867d,o_20260817_00003021,captured,wallet,42.04,2.28,4.6,2.54,0.0,51.46,2026-08-17T11:27:21Z,2026-08-17T12:01:02Z,USD
pay_399af16f9a88489986b3,o_20260817_00003022,captured,card,47.88,1.76,6.85,3.64,2.39,57.74,2026-08-17T11:38:27Z,2026-08-17T12:25:01Z,USD
pay_92c4a3527de94fecb7b5,o_20260817_00003023,captured,apple_pay,41.0,1.23,6.38,3.42,6.15,45.88,2026-08-17T11:42:08Z,2026-08-17T12:18:11Z,USD
pay_6fb77b52d92c4366bab4,o_20260817_00003024,captured,wallet,102.65,3.73,11.19,6.59,0.0,124.16,2026-08-17T19:59:16Z,2026-08-17T20:47:26Z,USD
pay_928640db11cc45c8acd2,o_20260817_00003025,captured,card,114.07,2.66,10.26,7.5,0.0,134.49,2026-08-17T20:39:58Z,2026-08-17T21:09:20Z,USD
pay_15774cb8a9044198836c,o_20260817_00003026,captured,card,106.2,4.76,16.73,9.99,0.0,137.68,2026-08-17T12:48:52Z,2026-08-17T13:55:22Z,USD
pay_47aca92fbb2344d480fc,o_20260817_00003027,captured,apple_pay,145.08,6.16,18.11,10.29,0.0,179.64,2026-08-17T13:30:56Z,2026-08-17T14:26:59Z,USD
pay_f9ac802cfa85489cbc4c,o_20260817_00003028,captured,card,22.98,1.79,2.09,1.72,1.15,27.43,2026-08-17T18:37:57Z,2026-08-17T19:27:54Z,USD
pay_f449bfeeaa1b4514adb6,o_20260817_00003029,captured,wallet,87.15,5.53,9.92,7.5,4.36,105.74,2026-08-17T19:38:13Z,2026-08-17T20:14:44Z,USD
pay_8b4399c40bed4eb5ac6f,o_20260817_00003030,refunded,paypal,14.33,1.5,1.47,0.83,0.72,17.41,2026-08-17T13:41:55Z,,USD
pay_d57ff675a1aa4d9aa111,o_20260817_00003031,refunded,wallet,64.18,3.19,9.18,6.18,3.21,79.52,2026-08-17T08:24:18Z,,USD
pay_68a73e9e3d4d43a19223,o_20260817_00003032,captured,paypal,48.51,6.57,5.11,3.36,0.0,63.55,2026-08-17T18:33:45Z,2026-08-17T19:30:16Z,USD
pay_4345f6c865874d098b24,o_20260817_00003033,captured,apple_pay,107.51,3.43,11.58,5.96,10.75,117.73,2026-08-17T11:49:44Z,2026-08-17T12:50:57Z,USD
pay_0bdef18b7584410aa1ff,o_20260817_00003034,captured,wallet,6.61,2.26,0.57,0.59,0.0,10.03,2026-08-17T20:05:07Z,2026-08-17T20:55:21Z,USD
pay_bebc8b051d90454e9dad,o_20260817_00003035,captured,wallet,115.53,1.39,13.09,9.57,0.0,139.58,2026-08-17T18:06:42Z,2026-08-17T19:03:36Z,USD
pay_bd5cdc293ba9492f80eb,o_20260817_00003036,voided,wallet,81.05,5.34,9.47,6.39,0.0,102.25,2026-08-17T11:34:53Z,,USD
pay_899354cac57d43b8b9d7,o_20260817_00003037,captured,paypal,62.3,2.43,5.06,3.83,9.35,64.27,2026-08-17T19:43:17Z,2026-08-17T20:36:14Z,USD
pay_9a4d0d1f184f4bab8c18,o_20260817_00003038,captured,card,68.04,6.92,7.05,6.24,0.0,88.25,2026-08-17T11:29:15Z,2026-08-17T12:19:46Z,USD
pay_3befe25bf7ac4094b08a,o_20260817_00003039,captured,card,94.92,0.76,11.47,6.58,14.24,99.49,2026-08-17T12:53:52Z,2026-08-17T13:38:57Z,USD
pay_d0e415f5101e48b8b0e8,o_20260817_00003040,captured,card,31.72,1.88,2.71,2.1,3.17,35.24,2026-08-17T11:09:55Z,2026-08-17T11:49:37Z,USD
pay_5f957abdfa234a6f8234,o_20260817_00003041,captured,apple_pay,41.6,1.87,6.29,2.58,0.0,52.34,2026-08-17T12:49:58Z,2026-08-17T13:51:48Z,USD
pay_0f57f3543ac74050a6b2,o_20260817_00003042,captured,card,114.1,3.26,14.54,9.44,5.71,135.63,2026-08-17T18:30:56Z,2026-08-17T19:10:48Z,USD
pay_ae67d91069284e5d948f,o_20260817_00003043,captured,paypal,95.42,2.05,9.94,5.87,0.0,113.28,2026-08-17T20:20:10Z,2026-08-17T21:17:48Z,USD
pay_9a47f875575744aeaaef,o_20260817_00003044,captured,apple_pay,68.8,4.23,6.58,4.45,0.0,84.06,2026-08-17T19:27:55Z,2026-08-17T20:01:26Z,USD
pay_218ca9c73b734633a2ab,o_20260817_00003045,captured,wallet,134.33,6.16,11.49,12.75,6.72,158.01,2026-08-17T19:36:16Z,2026-08-17T20:18:52Z,USD
pay_406914c5bddf40c8b983,o_20260817_00003046,captured,card,46.12,6.9,5.82,2.92,2.31,59.45,2026-08-17T12:36:06Z,2026-08-17T13:22:35Z,USD
pay_de8e49efe6ec4cccb3f1,o_20260817_00003047,refunded,wallet,75.51,2.03,9.11,4.53,3.78,87.4,2026-08-17T19:30:56Z,,USD
pay_77ebec11504c4faa849d,o_20260817_00003048,captured,paypal,18.64,2.51,2.29,1.64,0.0,25.08,2026-08-17T08:37:32Z,2026-08-17T09:06:18Z,USD
pay_706bdd021aba41d4aeb8,o_20260817_00003049,captured,card,105.43,5.59,15.0,9.05,0.0,135.07,2026-08-17T12:44:40Z,2026-08-17T13:26:34Z,USD
pay_31280a66239a460dafe2,o_20260817_00003050,captured,card,95.59,1.07,12.88,7.98,0.0,117.52,2026-08-17T11:33:21Z,2026-08-17T12:14:37Z,USD
pay_44ae77145419447ab9d3,o_20260817_00003051,captured,card,43.01,1.97,4.81,3.78,0.0,53.57,2026-08-17T19:20:07Z,2026-08-17T19:57:55Z,USD
pay_2a08444aebf241db81b3,o_20260817_00003052,captured,wallet,85.07,2.8,9.98,7.69,4.25,101.29,2026-08-17T12:12:13Z,2026-08-17T13:09:04Z,USD
pay_ee8d6403f403408389ad,o_20260817_00003053,captured,paypal,86.8,1.49,9.56,5.19,13.02,90.02,2026-08-17T20:03:01Z,2026-08-17T20:34:46Z,USD
pay_108c65c88fe143eba550,o_20260817_00003054,captured,paypal,46.31,4.43,4.64,2.78,2.32,55.84,2026-08-17T19:05:08Z,2026-08-17T19:46:48Z,USD
pay_c32efe287b654f649d54,o_20260817_00003055,captured,card,12.94,2.0,1.38,1.14,0.65,16.81,2026-08-17T19:26:19Z,2026-08-17T20:21:50Z,USD
pay_6ea86a861ab2404db5c8,o_20260817_00003056,captured,card,63.83,5.58,7.03,4.35,0.0,80.79,2026-08-17T18:39:59Z,2026-08-17T19:26:25Z,USD
pay_a41efebfd9b44f539191,o_20260817_00003057,captured,apple_pay,35.0,4.01,3.87,2.43,0.0,45.31,2026-08-17T12:51:58Z,2026-08-17T13:58:55Z,USD
pay_faa350fe983e4a0aac8a,o_20260817_00003058,captured,paypal,131.72,4.46,19.76,12.56,0.0,168.5,2026-08-17T18:49:41Z,2026-08-17T19:33:40Z,USD
pay_29a06c1b2ead4556b39e,o_20260817_00003059,captured,wallet,73.62,5.67,6.24,6.48,0.0,92.01,2026-08-17T13:19:32Z,2026-08-17T14:17:14Z,USD
pay_6cfa3592bf4e4549981d,o_20260817_00003060,captured,card,68.5,6.68,6.31,3.96,6.85,78.6,2026-08-17T12:00:46Z,2026-08-17T12:44:46Z,USD
pay_76b63873961d499ba902,o_20260817_00003061,captured,wallet,101.96,6.55,15.5,7.61,0.0,131.62,2026-08-17T18:10:59Z,2026-08-17T18:48:37Z,USD
pay_108f8339fee9450186dd,o_20260817_00003062,captured,apple_pay,28.15,6.29,3.54,1.85,0.0,39.83,2026-08-17T18:22:08Z,2026-08-17T19:12:10Z,USD
pay_35407f3c325b4307a84d,o_20260817_00003063,captured,card,40.32,3.21,3.88,3.02,0.0,50.43,2026-08-17T19:40:16Z,2026-08-17T20:15:15Z,USD
pay_deefa1aa9a36442a907e,o_20260817_00003064,voided,apple_pay,146.91,3.49,13.19,8.04,14.69,156.94,2026-08-17T18:47:12Z,,USD
pay_fb9a7135788d40afb7a3,o_20260817_00003065,captured,card,12.35,2.69,1.45,0.97,1.24,16.22,2026-08-17T12:02:01Z,2026-08-17T13:05:01Z,USD
pay_1286852723404806ac69,o_20260817_00003066,captured,wallet,62.71,5.32,8.94,3.89,6.27,74.59,2026-08-17T08:31:43Z,2026-08-17T09:23:20Z,USD
pay_c68d3d7244124544bb0f,o_20260817_00003067,voided,wallet,22.38,6.7,2.8,1.54,2.24,31.18,2026-08-17T18:16:46Z,,USD
pay_524c9b25922a456e940c,o_20260817_00003068,captured,wallet,175.23,2.93,21.36,15.88,0.0,215.4,2026-08-17T13:01:19Z,2026-08-17T13:47:50Z,USD
pay_bd7ceda28bab43379c45,o_20260817_00003069,captured,apple_pay,34.96,1.6,5.58,2.5,5.24,39.4,2026-08-17T18:06:18Z,2026-08-17T19:00:56Z,USD
pay_6d84f3f9888e448cb575,o_20260817_00003070,voided,wallet,98.95,3.65,9.06,7.73,9.89,109.5,2026-08-17T12:37:12Z,,USD
pay_1908016afaac4d9da9fd,o_20260817_00003071,captured,paypal,37.04,4.65,3.2,2.51,5.56,41.84,2026-08-17T11:20:40Z,2026-08-17T11:43:36Z,USD
pay_1fb3415eda4c48e1801a,o_20260817_00003072,captured,wallet,19.83,1.0,2.5,1.16,0.99,23.5,2026-08-17T08:49:23Z,2026-08-17T09:45:50Z,USD
pay_f8aa5b793ef548bcbb19,o_20260817_00003073,captured,wallet,106.53,5.4,13.95,8.22,0.0,134.1,2026-08-17T11:26:55Z,2026-08-17T11:51:13Z,USD
pay_98d0ca310e954dab9144,o_20260817_00003074,captured,apple_pay,19.44,1.64,2.34,1.73,0.0,25.15,2026-08-17T18:18:58Z,2026-08-17T19:05:27Z,USD
pay_34b6dd281de6463f9383,o_20260817_00003075,captured,card,59.13,5.04,9.1,5.81,0.0,79.08,2026-08-17T08:07:01Z,2026-08-17T09:10:14Z,USD
pay_39b2019cb6d54a818fec,o_20260817_00003076,captured,paypal,57.62,2.01,8.63,4.02,0.0,72.28,2026-08-17T18:15:12Z,2026-08-17T19:12:15Z,USD
pay_b3a9e0c592a34df09840,o_20260817_00003077,captured,card,95.85,2.98,13.2,5.88,0.0,117.91,2026-08-17T11:31:01Z,2026-08-17T12:12:46Z,USD
pay_fc820cc9bc0f4a5d9197,o_20260817_00003078,captured,wallet,41.9,0.8,6.53,4.15,0.0,53.38,2026-08-17T19:06:53Z,2026-08-17T19:40:25Z,USD
pay_a06b73066c2e4ce987a6,o_20260817_00003079,captured,paypal,51.11,6.57,7.42,4.43,0.0,69.53,2026-08-17T08:47:51Z,2026-08-17T09:44:24Z,USD
pay_d43a280c12c0418fb21c,o_20260817_00003080,captured,apple_pay,37.24,6.63,5.94,3.21,0.0,53.02,2026-08-17T11:42:30Z,2026-08-17T12:36:48Z,USD
pay_dd67b007388b4c0aa05d,o_20260817_00003081,captured,apple_pay,68.5,2.2,6.24,6.16,0.0,83.1,2026-08-17T19:29:19Z,2026-08-17T20:31:08Z,USD
pay_8872c7933e4046be8eec,o_20260817_00003082,captured,apple_pay,102.36,2.19,13.23,6.38,0.0,124.16,2026-08-17T11:24:21Z,2026-08-17T12:02:16Z,USD
pay_36922461a5a248748365,o_20260817_00003083,captured,paypal,28.71,6.16,4.34,2.29,0.0,41.5,2026-08-17T13:33:44Z,2026-08-17T14:28:21Z,USD
pay_66db4eaef10045fe8bd4,o_20260817_00003084,captured,wallet,121.65,0.75,14.11,11.07,0.0,147.58,2026-08-17T19:45:49Z,2026-08-17T20:35:36Z,USD
pay_22a7920790894573802a,o_20260817_00003085,captured,apple_pay,59.96,4.64,6.59,4.21,8.99,66.41,2026-08-17T11:07:03Z,2026-08-17T11:57:20Z,USD
pay_acd4e792f35143b7a0d8,o_20260817_00003086,captured,card,77.7,3.4,9.58,5.83,7.77,88.74,2026-08-17T18:26:02Z,2026-08-17T19:06:39Z,USD
pay_b60c3cb0ac664436bb85,o_20260817_00003087,refunded,apple_pay,13.16,6.28,1.99,1.05,0.0,22.48,2026-08-17T19:21:01Z,,USD
pay_bad5912462bc4ed8b2c1,o_20260817_00003088,refunded,wallet,15.08,4.96,2.17,1.53,0.0,23.74,2026-08-17T11:30:54Z,,USD
pay_9960c7bd9b924beda347,o_20260817_00003089,captured,wallet,101.96,5.52,9.82,8.97,0.0,126.27,2026-08-17T12:22:00Z,2026-08-17T13:04:39Z,USD
pay_b26d5dd5fb6d43019ccd,o_20260817_00003090,captured,paypal,50.1,6.21,6.75,3.75,0.0,66.81,2026-08-17T11:03:37Z,2026-08-17T11:32:11Z,USD
pay_62824ed4aa5b4029a7ac,o_20260817_00003091,captured,apple_pay,56.94,0.64,4.78,3.77,0.0,66.13,2026-08-17T12:29:50Z,2026-08-17T13:23:51Z,USD
pay_6fb1263a568242d8a7c7,o_20260817_00003092,voided,card,54.27,2.77,8.39,4.36,2.71,67.08,2026-08-17T11:57:56Z,,USD
pay_7620990b774a4f78a8ba,o_20260817_00003093,captured,card,102.35,6.62,15.01,7.3,10.23,121.05,2026-08-17T18:32:12Z,2026-08-17T18:54:59Z,USD
pay_9e9c1aec85b944ab855c,o_20260817_00003094,captured,apple_pay,36.82,3.47,5.49,3.16,3.68,45.26,2026-08-17T12:38:23Z,2026-08-17T13:14:10Z,USD
pay_acaaae491d0d491a8086,o_20260817_00003095,captured,paypal,109.18,4.44,9.01,8.22,0.0,130.85,2026-08-17T11:48:29Z,2026-08-17T12:57:43Z,USD
pay_ef032f3c55f84718a332,o_20260817_00003096,captured,apple_pay,101.9,0.7,11.53,7.35,10.19,111.29,2026-08-17T12:36:22Z,2026-08-17T13:21:42Z,USD
pay_6dfc6fbfb9f9477fa1a5,o_20260817_00003097,captured,wallet,63.44,6.16,9.82,4.24,0.0,83.66,2026-08-17T12:43:06Z,2026-08-17T13:17:33Z,USD
pay_3293340a45f84c7299b3,o_20260817_00003098,captured,paypal,119.13,6.42,10.16,7.57,17.87,125.41,2026-08-17T19:12:35Z,2026-08-17T19:53:01Z,USD
pay_dd45250817f8411796ac,o_20260817_00003099,captured,paypal,79.23,2.0,9.94,6.23,11.88,85.52,2026-08-17T12:21:49Z,2026-08-17T13:08:09Z,USD
pay_df1ff86579ee45408999,o_20260817_00003100,captured,wallet,37.05,3.5,3.05,2.86,0.0,46.46,2026-08-17T13:07:30Z,2026-08-17T14:07:25Z,USD
pay_819e7015521e4bbfa698,o_20260817_00003101,voided,apple_pay,100.15,1.93,8.73,6.38,5.01,112.18,2026-08-17T13:54:44Z,,USD
pay_8b40dbba59c44edcae84,o_20260817_00003102,captured,apple_pay,107.5,5.05,9.03,8.79,5.38,124.99,2026-08-17T18:33:48Z,2026-08-17T19:19:24Z,USD
pay_f96fd049056d4b589563,o_20260817_00003103,captured,card,12.91,2.25,1.34,1.14,0.0,17.64,2026-08-17T19:16:46Z,2026-08-17T20:04:06Z,USD
pay_a28a3b0da3aa4f399fc7,o_20260817_00003104,captured,wallet,72.12,3.93,7.97,7.03,0.0,91.05,2026-08-17T19:48:06Z,2026-08-17T20:19:12Z,USD
pay_8d83a2a6ca574149b022,o_20260817_00003105,captured,card,9.97,2.48,1.18,0.58,1.0,13.21,2026-08-17T19:24:18Z,2026-08-17T20:04:16Z,USD
pay_4232e2bfdf8f44df9b65,o_20260817_00003106,captured,apple_pay,41.5,6.67,4.54,3.62,0.0,56.33,2026-08-17T11:52:16Z,2026-08-17T12:32:01Z,USD
pay_61d235d353d94dc49d5e,o_20260817_00003107,captured,paypal,29.63,4.05,4.5,2.24,0.0,40.42,2026-08-17T13:05:53Z,2026-08-17T14:00:17Z,USD
pay_56ea0660931641909b79,o_20260817_00003108,captured,paypal,41.9,6.04,4.46,3.76,2.1,54.06,2026-08-17T11:54:15Z,2026-08-17T12:29:20Z,USD
pay_881f369bd36f4d5db1f0,o_20260817_00003109,captured,card,44.6,5.42,5.1,3.98,4.46,54.64,2026-08-17T20:56:57Z,2026-08-17T22:05:33Z,USD
pay_3fff42c01be34cefae6f,o_20260817_00003110,captured,paypal,40.12,6.18,3.37,2.11,6.02,45.76,2026-08-17T12:48:42Z,2026-08-17T13:58:26Z,USD
pay_2bc372d9c2554be58d5e,o_20260817_00003111,captured,apple_pay,104.19,3.16,11.46,6.08,5.21,119.68,2026-08-17T13:47:05Z,2026-08-17T14:23:46Z,USD
pay_0f91433babac47dbaa43,o_20260817_00003112,captured,apple_pay,80.27,0.58,8.61,5.65,0.0,95.11,2026-08-17T19:48:46Z,2026-08-17T20:26:22Z,USD
pay_cb91e600261d4b7a8c16,o_20260817_00003113,captured,paypal,8.92,2.13,1.2,0.73,1.34,11.64,2026-08-17T11:57:31Z,2026-08-17T12:30:20Z,USD
pay_573593a2947a4f048f6c,o_20260817_00003114,captured,apple_pay,52.38,3.26,5.81,4.26,7.86,57.85,2026-08-17T13:38:20Z,2026-08-17T14:11:49Z,USD
pay_93340ef46d5a47ef957e,o_20260817_00003115,captured,paypal,87.75,2.37,13.25,8.43,0.0,111.8,2026-08-17T11:59:58Z,2026-08-17T13:03:49Z,USD
pay_0cc8dfce9cc44d9b922d,o_20260817_00003116,captured,apple_pay,89.24,0.74,12.95,8.91,0.0,111.84,2026-08-17T18:25:37Z,2026-08-17T19:29:07Z,USD
pay_ddd9081ade7e4989a5cd,o_20260817_00003117,captured,wallet,60.76,6.5,8.55,5.15,6.08,74.88,2026-08-17T12:03:34Z,2026-08-17T12:53:10Z,USD
pay_88718a3708304f09bffe,o_20260817_00003118,captured,paypal,90.92,0.62,13.67,6.58,0.0,111.79,2026-08-17T18:34:29Z,2026-08-17T19:27:50Z,USD
pay_d8cdb5d74ae84ba78624,o_20260817_00003119,captured,card,37.25,0.95,3.18,2.43,1.86,41.95,2026-08-17T18:22:22Z,2026-08-17T19:20:03Z,USD
pay_f1af011295fa4abf8404,o_20260817_00003120,captured,apple_pay,68.05,6.29,9.77,5.42,6.81,82.72,2026-08-17T19:03:59Z,2026-08-17T19:53:31Z,USD
pay_140687a0578e42299043,o_20260817_00003121,captured,card,70.92,2.73,7.6,5.01,3.55,82.71,2026-08-17T08:26:46Z,2026-08-17T09:11:54Z,USD
pay_c96b20ac2a8341f7b5ba,o_20260817_00003122,captured,wallet,89.21,4.9,10.37,6.96,0.0,111.44,2026-08-17T12:07:20Z,2026-08-17T12:54:51Z,USD
pay_cf34c12e39384f93a1c2,o_20260817_00003123,captured,card,150.93,1.13,17.54,12.64,0.0,182.24,2026-08-17T19:39:26Z,2026-08-17T20:29:50Z,USD
pay_dd2712215f334e7eba43,o_20260817_00003124,captured,card,29.7,4.75,3.0,2.07,1.49,38.03,2026-08-17T13:28:52Z,2026-08-17T13:58:46Z,USD
pay_9e009a85979a410bbd3d,o_20260817_00003125,refunded,wallet,81.12,6.7,7.21,5.72,4.06,96.69,2026-08-17T12:15:58Z,,USD
pay_8eb4ad3275f74fa9a132,o_20260817_00003126,captured,card,126.9,5.69,10.74,11.13,0.0,154.46,2026-08-17T19:17:22Z,2026-08-17T20:06:07Z,USD
pay_64e2fa90b31d48c68c62,o_20260817_00003127,captured,wallet,62.18,0.73,7.6,4.46,0.0,74.97,2026-08-17T13:31:07Z,2026-08-17T14:07:47Z,USD
pay_87aa9a31c74f4acebfdf,o_20260817_00003128,captured,paypal,68.63,4.13,8.7,4.41,0.0,85.87,2026-08-17T18:01:08Z,2026-08-17T18:41:53Z,USD
pay_e9ee47b0cb8648e0b8ac,o_20260817_00003129,captured,apple_pay,72.51,5.82,11.08,4.96,0.0,94.37,2026-08-17T20:09:02Z,2026-08-17T20:54:32Z,USD
pay_9446653a573444e294b6,o_20260817_00003130,captured,wallet,96.85,3.0,8.99,6.61,0.0,115.45,2026-08-17T20:22:35Z,2026-08-17T21:02:56Z,USD
pay_5360afef63474b55a027,o_20260817_00003131,captured,apple_pay,85.75,0.68,8.31,6.9,12.86,88.78,2026-08-17T12:02:21Z,2026-08-17T12:49:08Z,USD
pay_4d10f7f7c106492f8e3e,o_20260817_00003132,captured,wallet,59.94,4.66,7.41,3.94,5.99,69.96,2026-08-17T19:41:49Z,2026-08-17T20:42:54Z,USD
pay_9a0135703f0441cf93a9,o_20260817_00003133,captured,apple_pay,21.21,6.56,3.07,1.36,0.0,32.2,2026-08-17T20:58:43Z,2026-08-17T21:38:19Z,USD
pay_2877f07430f4446ea582,o_20260817_00003134,voided,card,76.96,5.95,8.89,5.88,0.0,97.68,2026-08-17T13:01:22Z,,USD
pay_d7ecf4ce1f4c4a3b9eeb,o_20260817_00003135,captured,apple_pay,69.54,2.94,6.73,5.48,6.95,77.74,2026-08-17T11:50:14Z,2026-08-17T12:23:14Z,USD
pay_f712d184cba745eb85fc,o_20260817_00003136,captured,apple_pay,103.01,0.96,14.73,7.94,15.45,111.19,2026-08-17T20:38:00Z,2026-08-17T21:17:14Z,USD
pay_e44aaafe0c014929a817,o_20260817_00003137,captured,card,79.11,2.61,10.18,5.64,11.87,85.67,2026-08-17T18:05:08Z,2026-08-17T19:04:03Z,USD
pay_e7ac1a00e0f148ca8ed0,o_20260817_00003138,captured,apple_pay,101.11,6.96,9.0,7.97,5.06,119.98,2026-08-17T20:54:08Z,2026-08-17T22:00:30Z,USD
pay_2ac011fcf8684232b808,o_20260817_00003139,captured,apple_pay,7.34,4.78,1.03,0.65,0.0,13.8,2026-08-17T18:14:53Z,2026-08-17T18:47:46Z,USD
pay_47f55f58f0d046ce9c45,o_20260817_00003140,captured,wallet,36.18,3.16,3.35,2.64,1.81,43.52,2026-08-17T12:39:39Z,2026-08-17T13:19:08Z,USD
pay_ea7d5761b59b4224bd35,o_20260817_00003141,captured,apple_pay,108.02,0.54,9.59,8.65,16.2,110.6,2026-08-17T19:14:22Z,2026-08-17T19:59:22Z,USD
pay_1ef9b39508884abfadeb,o_20260817_00003142,captured,paypal,38.0,5.51,5.44,3.37,0.0,52.32,2026-08-17T13:47:56Z,2026-08-17T14:51:44Z,USD
pay_634412f1a2f945c58ae4,o_20260817_00003143,refunded,paypal,118.06,6.87,15.57,9.09,5.9,143.69,2026-08-17T13:21:48Z,,USD
pay_90cb566ebb334df189b4,o_20260817_00003144,captured,apple_pay,85.7,5.69,12.14,6.93,0.0,110.46,2026-08-17T08:25:23Z,2026-08-17T08:57:02Z,USD
pay_e2fbba82ffbd422ca715,o_20260817_00003145,captured,wallet,46.56,5.34,4.74,2.48,6.98,52.14,2026-08-17T13:06:07Z,2026-08-17T14:01:12Z,USD
pay_85e895fd836e4c498f11,o_20260817_00003146,captured,card,43.86,3.33,5.76,3.31,0.0,56.26,2026-08-17T13:04:48Z,2026-08-17T13:56:58Z,USD
pay_78a3f61749764c22996f,o_20260817_00003147,captured,wallet,20.43,4.57,2.55,1.53,2.04,27.04,2026-08-17T20:57:44Z,2026-08-17T21:24:15Z,USD
pay_c40a769989394f748570,o_20260817_00003148,captured,apple_pay,25.88,5.35,3.24,1.88,0.0,36.35,2026-08-17T11:20:34Z,2026-08-17T12:11:36Z,USD
pay_534003ab99e94385a53e,o_20260817_00003149,captured,card,52.89,4.5,6.05,4.15,0.0,67.59,2026-08-17T20:24:14Z,2026-08-17T21:19:14Z,USD
pay_51cdd8b61b0c4f76952e,o_20260817_00003150,captured,wallet,69.4,5.84,6.11,3.83,10.41,74.77,2026-08-17T20:11:16Z,2026-08-17T20:55:46Z,USD
pay_3a602a66e0044ee6b394,o_20260817_00003151,captured,card,41.04,3.09,3.31,4.08,0.0,51.52,2026-08-17T08:59:55Z,2026-08-17T09:56:36Z,USD
pay_46daa856f1884e9e909a,o_20260817_00003152,captured,wallet,64.32,5.31,8.74,4.7,6.43,76.64,2026-08-17T08:25:38Z,2026-08-17T09:37:30Z,USD
pay_c973bfbf51544aba910e,o_20260817_00003153,captured,paypal,64.41,1.76,8.49,4.9,9.66,69.9,2026-08-17T18:39:49Z,2026-08-17T19:27:35Z,USD
pay_95ac60fece844e74bb6d,o_20260817_00003154,captured,card,110.05,5.77,11.8,9.24,0.0,136.86,2026-08-17T12:34:47Z,2026-08-17T13:10:33Z,USD
pay_5c0d33c0f53041d19495,o_20260817_00003155,captured,apple_pay,98.25,2.6,8.44,8.25,0.0,117.54,2026-08-17T19:49:22Z,2026-08-17T20:38:04Z,USD
pay_07fbde5b965b4c23bc0a,o_20260817_00003156,captured,card,76.04,2.83,9.7,7.76,0.0,96.33,2026-08-17T08:22:52Z,2026-08-17T09:05:05Z,USD
pay_1e11e17ab0864e448f8e,o_20260817_00003157,captured,apple_pay,29.1,1.02,3.73,1.68,2.91,32.62,2026-08-17T18:37:20Z,2026-08-17T19:14:09Z,USD
pay_cf4b395e765f4c49a7a1,o_20260817_00003158,captured,card,87.15,1.81,7.19,6.26,0.0,102.41,2026-08-17T13:26:39Z,2026-08-17T14:13:13Z,USD
pay_2a30f43a562a4c9d9a42,o_20260817_00003159,captured,paypal,99.54,5.67,10.52,7.71,0.0,123.44,2026-08-17T11:06:13Z,2026-08-17T11:58:41Z,USD
pay_f82b959621354fe8a148,o_20260817_00003160,captured,wallet,32.58,5.1,4.76,3.05,0.0,45.49,2026-08-17T08:26:01Z,2026-08-17T09:10:35Z,USD
pay_e77101be7fb346b48de1,o_20260817_00003161,captured,wallet,62.3,0.86,8.64,3.89,6.23,69.46,2026-08-17T12:54:45Z,2026-08-17T13:59:15Z,USD
pay_1d1cbbca92294609849a,o_20260817_00003162,captured,apple_pay,56.76,1.35,4.97,3.71,5.68,61.11,2026-08-17T20:04:49Z,2026-08-17T20:48:03Z,USD
pay_a1f33bc83704468aa013,o_20260817_00003163,captured,wallet,47.58,3.91,5.37,4.3,2.38,58.78,2026-08-17T12:33:51Z,2026-08-17T13:27:01Z,USD
pay_11a7fe19501546408559,o_20260817_00003164,captured,card,113.67,2.07,12.86,9.31,11.37,126.54,2026-08-17T13:47:12Z,2026-08-17T14:42:23Z,USD
pay_f01e1a7b9f2842d8ab72,o_20260817_00003165,voided,wallet,58.07,5.35,8.43,5.09,0.0,76.94,2026-08-17T12:19:41Z,,USD
pay_39c0a1cb2b4e416c82fe,o_20260817_00003166,captured,apple_pay,35.59,4.14,4.42,3.32,0.0,47.47,2026-08-17T11:38:22Z,2026-08-17T12:10:04Z,USD
pay_8e004221dcea46b59f38,o_20260817_00003167,captured,wallet,59.89,5.14,6.88,4.05,0.0,75.96,2026-08-17T13:21:17Z,2026-08-17T14:07:44Z,USD
pay_0557b4b0d3be49e39f93,o_20260817_00003168,captured,paypal,45.05,4.29,6.93,4.47,0.0,60.74,2026-08-17T20:15:22Z,2026-08-17T20:54:08Z,USD
pay_bbeaf45f8a4a4786a5ea,o_20260817_00003169,captured,card,70.31,2.41,8.93,6.13,0.0,87.78,2026-08-17T18:41:38Z,2026-08-17T19:12:27Z,USD
pay_3ff95e4b98ac4bf79de2,o_20260817_00003170,captured,card,36.48,5.08,5.2,2.98,1.82,47.92,2026-08-17T11:18:48Z,2026-08-17T11:48:56Z,USD
pay_a15f802a8d4f4e898c52,o_20260817_00003171,captured,apple_pay,72.32,6.78,9.2,6.02,0.0,94.32,2026-08-17T08:20:54Z,2026-08-17T09:22:52Z,USD
pay_2adc855cb4f6481f80fb,o_20260817_00003172,captured,card,65.19,3.54,9.53,4.85,6.52,76.59,2026-08-17T13:24:11Z,2026-08-17T13:57:25Z,USD
pay_6cc6378520d149b3ada3,o_20260817_00003173,captured,paypal,25.96,1.88,2.92,1.84,0.0,32.6,2026-08-17T18:33:21Z,2026-08-17T18:57:36Z,USD
pay_8a56825f8723450d92fb,o_20260817_00003174,captured,wallet,31.38,5.45,2.71,2.48,0.0,42.02,2026-08-17T12:13:54Z,2026-08-17T13:01:13Z,USD
pay_1c8e5eaf7a66413b8f72,o_20260817_00003175,captured,card,23.58,0.57,3.33,1.59,1.18,27.89,2026-08-17T12:39:55Z,2026-08-17T13:36:26Z,USD
pay_87e2b212c50b4440b76f,o_20260817_00003176,refunded,apple_pay,31.81,6.73,3.26,2.17,3.18,40.79,2026-08-17T08:09:40Z,,USD
pay_a3f5eb5a4ba24eeb8405,o_20260817_00003177,captured,apple_pay,31.59,2.5,2.77,2.33,0.0,39.19,2026-08-17T13:30:47Z,2026-08-17T14:03:15Z,USD
pay_16a70d63dc9b46cbb460,o_20260817_00003178,captured,paypal,55.56,3.54,6.61,3.84,8.33,61.22,2026-08-17T19:54:37Z,2026-08-17T20:41:11Z,USD
pay_26cb49fe9e9d48fbbb8a,o_20260817_00003179,captured,wallet,28.84,5.34,2.62,1.96,0.0,38.76,2026-08-17T20:28:54Z,2026-08-17T20:59:19Z,USD
pay_94967fca5d3643709803,o_20260817_00003180,captured,card,7.31,6.87,1.04,0.59,0.37,15.44,2026-08-17T12:28:17Z,2026-08-17T13:03:11Z,USD
pay_6e2bbd3cd47140a4b960,o_20260817_00003181,captured,wallet,85.69,4.07,10.99,5.68,8.57,97.86,2026-08-17T18:38:45Z,2026-08-17T19:28:51Z,USD
pay_d4ca9941e1cc40ad9dff,o_20260817_00003182,captured,paypal,20.33,5.87,1.78,2.08,0.0,30.06,2026-08-17T11:59:23Z,2026-08-17T12:36:54Z,USD
pay_612d6c3c1f864eaf97bc,o_20260817_00003183,captured,card,17.25,1.07,1.81,1.44,0.0,21.57,2026-08-17T08:03:25Z,2026-08-17T08:39:24Z,USD
pay_413c66cfb83f477ba432,o_20260817_00003184,captured,apple_pay,62.28,3.24,6.81,5.17,0.0,77.5,2026-08-17T20:56:38Z,2026-08-17T21:25:25Z,USD
pay_b856359adfd2444f86eb,o_20260817_00003185,captured,card,92.4,2.98,7.5,4.72,13.86,93.74,2026-08-17T11:34:36Z,2026-08-17T12:23:03Z,USD
pay_c992c153c0a7463aae7e,o_20260817_00003186,captured,card,146.91,4.37,16.58,12.66,0.0,180.52,2026-08-17T12:03:49Z,2026-08-17T12:51:01Z,USD
pay_3db864e6feb743289954,o_20260817_00003187,captured,apple_pay,132.95,6.61,20.82,8.43,0.0,168.81,2026-08-17T18:49:32Z,2026-08-17T19:56:14Z,USD
pay_71a5f42e3e294853819f,o_20260817_00003188,captured,paypal,28.92,3.03,2.56,2.71,0.0,37.22,2026-08-17T11:53:34Z,2026-08-17T13:02:53Z,USD
pay_60095836d9cb4450ae42,o_20260817_00003189,captured,paypal,43.62,4.74,5.11,4.12,0.0,57.59,2026-08-17T18:37:55Z,2026-08-17T19:24:34Z,USD
pay_57c0456cafce44ff8b63,o_20260817_00003190,captured,card,104.36,2.09,12.0,7.83,10.44,115.84,2026-08-17T12:56:18Z,2026-08-17T13:43:29Z,USD
pay_cb0539559f0c4a53af15,o_20260817_00003191,captured,card,14.9,3.79,2.31,1.4,0.75,21.65,2026-08-17T19:38:27Z,2026-08-17T20:16:33Z,USD
pay_235ecaaa4fb849e8aa66,o_20260817_00003192,captured,wallet,58.07,3.34,6.24,4.45,0.0,72.1,2026-08-17T11:50:20Z,2026-08-17T12:27:50Z,USD
pay_4591cbe706bd4765a12d,o_20260817_00003193,captured,wallet,109.82,4.4,17.2,10.27,5.49,136.2,2026-08-17T19:51:29Z,2026-08-17T20:44:29Z,USD
pay_00689e6a2a1b4af6ab1d,o_20260817_00003194,captured,card,66.15,3.12,7.1,4.8,9.92,71.25,2026-08-17T13:08:26Z,2026-08-17T14:08:54Z,USD
pay_141e9c3b385a423e9600,o_20260817_00003195,captured,card,95.3,4.77,12.14,7.61,4.76,115.06,2026-08-17T12:26:21Z,2026-08-17T13:15:11Z,USD
pay_3e5e823c218e42fc89c4,o_20260817_00003196,captured,paypal,37.05,5.97,3.35,2.47,3.71,45.13,2026-08-17T12:00:37Z,2026-08-17T12:33:53Z,USD
pay_faae897c2be54ab780f2,o_20260817_00003197,captured,apple_pay,17.84,4.8,2.62,1.51,1.78,24.99,2026-08-17T18:00:52Z,2026-08-17T18:43:43Z,USD
pay_0b872c14c24148919fda,o_20260817_00003198,captured,card,70.3,1.59,10.45,3.86,10.54,75.66,2026-08-17T20:46:43Z,2026-08-17T21:25:21Z,USD
pay_3b2df02506c34876a2aa,o_20260817_00003199,captured,paypal,167.13,2.65,26.31,16.97,0.0,213.06,2026-08-17T11:14:50Z,2026-08-17T12:11:50Z,USD
pay_396f0c1189d94c12abeb,o_20260817_00003200,captured,card,13.9,5.08,1.86,0.73,2.08,19.49,2026-08-17T19:18:46Z,2026-08-17T20:01:53Z,USD
pay_f79c027aa7bd45d98b44,o_20260817_00003201,voided,card,46.56,2.57,6.92,4.07,2.33,57.79,2026-08-17T08:06:32Z,,USD
pay_a9fd084348c344a0941f,o_20260817_00003202,captured,apple_pay,14.68,3.02,2.18,0.97,0.73,20.12,2026-08-17T18:10:56Z,2026-08-17T18:51:02Z,USD
pay_86da959406f6416099dd,o_20260817_00003203,captured,card,15.9,1.25,2.16,1.43,1.59,19.15,2026-08-17T12:48:23Z,2026-08-17T13:35:16Z,USD
pay_f8d509f567b44dae9488,o_20260817_00003204,captured,card,132.95,1.89,19.05,8.43,0.0,162.32,2026-08-17T20:08:34Z,2026-08-17T21:01:10Z,USD
pay_bacabdf987a54d46aeb2,o_20260817_00003205,captured,paypal,112.43,3.19,13.75,6.85,0.0,136.22,2026-08-17T14:00:08Z,2026-08-17T14:40:28Z,USD
pay_57897da53d0a440387e2,o_20260817_00003206,captured,card,90.33,1.76,8.33,8.75,4.52,104.65,2026-08-17T18:15:24Z,2026-08-17T19:18:00Z,USD
pay_b2ea559fceba4813aacd,o_20260817_00003207,captured,paypal,22.41,4.86,2.88,1.14,3.36,27.93,2026-08-17T19:58:59Z,2026-08-17T20:53:34Z,USD
pay_d0751d92e1144a9cb3e6,o_20260817_00003208,captured,card,30.03,6.84,4.52,2.71,1.5,42.6,2026-08-17T12:14:02Z,2026-08-17T13:04:42Z,USD
pay_d2ef9944f95f4a5a9392,o_20260817_00003209,captured,card,54.48,2.3,5.9,3.47,8.17,57.98,2026-08-17T13:30:57Z,2026-08-17T13:56:40Z,USD
pay_d4cc793a0b0042d48811,o_20260817_00003210,captured,paypal,33.4,4.26,4.07,2.81,5.01,39.53,2026-08-17T11:49:18Z,2026-08-17T12:42:02Z,USD
pay_918653bf1e34441a862b,o_20260817_00003211,refunded,paypal,96.43,2.79,12.87,7.04,14.46,104.67,2026-08-17T08:19:31Z,,USD
pay_0e8a0c0f8f8e491aad87,o_20260817_00003212,captured,card,85.1,1.93,11.77,8.28,0.0,107.08,2026-08-17T11:24:36Z,2026-08-17T12:10:15Z,USD
pay_bd587b90ee60429b9adf,o_20260817_00003213,captured,card,52.38,5.95,8.15,3.46,7.86,62.08,2026-08-17T19:50:14Z,2026-08-17T20:21:02Z,USD
pay_5f35a4d300c444d6be41,o_20260817_00003214,captured,apple_pay,68.87,6.34,8.95,4.41,6.89,81.68,2026-08-17T13:18:13Z,2026-08-17T13:50:10Z,USD
pay_ff02117bbf814ed1b3f2,o_20260817_00003215,captured,apple_pay,87.75,1.43,7.57,5.41,8.78,93.38,2026-08-17T18:17:02Z,2026-08-17T19:22:49Z,USD
pay_7d287f2b4e5d48b382f2,o_20260817_00003216,captured,apple_pay,40.33,5.33,4.12,3.5,6.05,47.23,2026-08-17T13:21:59Z,2026-08-17T14:19:20Z,USD
pay_6c5f3a43c03c48e6a616,o_20260817_00003217,captured,apple_pay,73.72,6.72,10.01,7.48,0.0,97.93,2026-08-17T19:25:57Z,2026-08-17T20:19:16Z,USD
pay_6a2e9538271d422fac35,o_20260817_00003218,refunded,card,91.21,4.06,10.03,8.21,0.0,113.51,2026-08-17T19:25:15Z,,USD
pay_bf7fb2027ec2441fa0a5,o_20260817_00003219,captured,apple_pay,63.93,6.23,6.01,3.96,0.0,80.13,2026-08-17T19:40:39Z,2026-08-17T20:03:18Z,USD
pay_dc8a29fee5f744f8b0d9,o_20260817_00003220,refunded,apple_pay,77.59,0.66,7.82,6.62,11.64,81.05,2026-08-17T13:05:53Z,,USD
pay_5616acd604cd4a1bab7a,o_20260817_00003221,refunded,wallet,35.0,4.16,3.06,2.23,3.5,40.95,2026-08-17T18:35:00Z,,USD
pay_31e93b98dc4b434f9862,o_20260817_00003222,captured,paypal,104.53,5.1,9.43,6.71,5.23,120.54,2026-08-17T20:53:39Z,2026-08-17T21:40:45Z,USD
pay_60c58cfdd63f406882d1,o_20260817_00003223,captured,paypal,90.24,2.57,12.74,4.82,13.54,96.83,2026-08-17T18:07:38Z,2026-08-17T18:38:59Z,USD
pay_d0e21e1afd4e4c64a83e,o_20260817_00003224,captured,apple_pay,51.25,2.4,7.11,4.9,0.0,65.66,2026-08-17T13:21:54Z,2026-08-17T13:59:32Z,USD
pay_89142af5c3d34823b5cb,o_20260817_00003225,captured,apple_pay,68.18,4.86,9.42,5.4,6.82,81.04,2026-08-17T11:38:25Z,2026-08-17T12:05:41Z,USD
pay_e736e9efffa1480ebbf6,o_20260817_00003226,captured,wallet,14.68,1.69,1.68,0.99,0.73,18.31,2026-08-17T19:40:38Z,2026-08-17T20:34:17Z,USD
pay_4523c0d7ae7b4cef8972,o_20260817_00003227,captured,apple_pay,7.46,3.34,0.62,0.76,0.0,12.18,2026-08-17T20:24:41Z,2026-08-17T21:28:08Z,USD
pay_e8147b2e90b546c2ae1c,o_20260817_00003228,captured,paypal,53.0,3.39,6.24,4.07,0.0,66.7,2026-08-17T12:40:16Z,2026-08-17T13:32:11Z,USD
pay_ebd8ab82046a46978431,o_20260817_00003229,captured,wallet,34.46,3.51,3.86,2.87,3.45,41.25,2026-08-17T19:43:18Z,2026-08-17T20:37:42Z,USD
pay_2011dea925974e01be77,o_20260817_00003230,captured,wallet,141.21,2.79,20.79,7.76,21.18,151.37,2026-08-17T20:35:57Z,2026-08-17T21:44:48Z,USD
pay_80696269392549309956,o_20260817_00003231,captured,paypal,59.6,1.64,7.22,5.12,0.0,73.58,2026-08-17T19:24:28Z,2026-08-17T19:54:02Z,USD
pay_d322062291e84c069f60,o_20260817_00003232,captured,apple_pay,84.66,2.8,8.75,7.36,0.0,103.57,2026-08-17T08:58:23Z,2026-08-17T09:40:57Z,USD
pay_280ca53040e1418aa5df,o_20260817_00003233,voided,card,71.7,4.76,6.43,5.8,10.76,77.93,2026-08-17T11:04:17Z,,USD
pay_ea1a62dd27be40e2a122,o_20260817_00003234,captured,apple_pay,39.25,2.82,3.55,2.28,5.89,42.01,2026-08-17T19:38:51Z,2026-08-17T20:35:25Z,USD
pay_4b21146b63344bf796a8,o_20260817_00003235,captured,card,110.64,4.73,15.21,6.0,16.6,119.98,2026-08-17T11:55:23Z,2026-08-17T12:49:49Z,USD
pay_409cf7f9e47b4889845a,o_20260817_00003236,captured,wallet,113.16,4.87,13.77,8.47,0.0,140.27,2026-08-17T19:26:53Z,2026-08-17T19:58:53Z,USD
pay_8d4c4590ecc64063b4ce,o_20260817_00003237,captured,apple_pay,80.54,4.15,8.09,6.76,8.05,91.49,2026-08-17T20:27:11Z,2026-08-17T20:55:50Z,USD
pay_8acdb5cfd5c344439c40,o_20260817_00003238,captured,apple_pay,25.29,5.98,3.05,1.37,2.53,33.16,2026-08-17T12:56:22Z,2026-08-17T13:52:58Z,USD
pay_86aca15c972c4275b78c,o_20260817_00003239,captured,card,41.27,2.33,4.99,3.35,6.19,45.75,2026-08-17T11:57:21Z,2026-08-17T12:49:07Z,USD
pay_0ba88d8f54cc440582f5,o_20260817_00003240,voided,paypal,23.96,1.34,3.34,1.46,3.59,26.51,2026-08-17T20:18:59Z,,USD
pay_b9e541aff43e4ae98a61,o_20260817_00003241,voided,wallet,97.28,1.84,14.33,8.39,0.0,121.84,2026-08-17T19:53:33Z,,USD
pay_a93238393f4a44bc9639,o_20260817_00003242,captured,card,59.96,6.15,7.86,3.88,6.0,71.85,2026-08-17T19:45:25Z,2026-08-17T20:36:16Z,USD
pay_16cbf9aca2ab45cf9f0c,o_20260817_00003243,refunded,wallet,40.9,2.15,4.31,2.51,2.04,47.83,2026-08-17T19:28:29Z,,USD
pay_f8d2659bffc64da4a6d5,o_20260817_00003244,captured,card,99.94,3.62,11.56,5.46,14.99,105.59,2026-08-17T19:45:56Z,2026-08-17T20:37:26Z,USD
pay_fac909832fcc4548a0df,o_20260817_00003245,captured,wallet,32.34,5.43,4.91,2.15,0.0,44.83,2026-08-17T13:48:24Z,2026-08-17T14:36:34Z,USD
pay_a007a5f39cc148af871b,o_20260817_00003246,captured,apple_pay,12.35,3.01,1.82,1.16,0.0,18.34,2026-08-17T11:15:57Z,2026-08-17T12:10:34Z,USD
pay_b9683d12ebea44ddb6ef,o_20260817_00003247,captured,wallet,60.62,2.84,7.2,5.37,3.03,73.0,2026-08-17T12:21:44Z,2026-08-17T13:30:18Z,USD
pay_7ffc49148b54401e9c55,o_20260817_00003248,captured,apple_pay,46.48,5.47,5.09,3.59,0.0,60.63,2026-08-17T12:07:14Z,2026-08-17T12:48:22Z,USD
pay_0a2fe3e4fda04e8dbb9d,o_20260817_00003249,captured,wallet,61.35,2.34,7.43,3.77,0.0,74.89,2026-08-17T12:09:14Z,2026-08-17T12:46:10Z,USD
pay_bd8a7b5328e249be9f5d,o_20260817_00003250,captured,apple_pay,33.53,3.73,3.54,2.45,3.35,39.9,2026-08-17T12:07:54Z,2026-08-17T13:25:47Z,USD
pay_6d318e24fbc54dc18ac2,o_20260817_00003251,captured,paypal,35.81,5.98,5.42,2.88,1.79,48.3,2026-08-17T12:18:12Z,2026-08-17T13:12:17Z,USD
pay_182f678098bc4d81b36d,o_20260817_00003252,captured,apple_pay,39.18,6.5,4.82,3.22,5.88,47.84,2026-08-17T13:01:04Z,2026-08-17T13:52:35Z,USD
pay_acca3373a26848eaa603,o_20260817_00003253,captured,paypal,14.93,1.53,2.22,1.39,0.0,20.07,2026-08-17T13:36:58Z,2026-08-17T13:56:40Z,USD
pay_92a526fa65864bb69a90,o_20260817_00003254,refunded,wallet,59.17,6.22,8.76,3.78,8.88,69.05,2026-08-17T13:30:28Z,,USD
pay_a40ece0cdd834a539a13,o_20260817_00003255,captured,paypal,23.78,2.24,2.79,1.61,0.0,30.42,2026-08-17T18:43:52Z,2026-08-17T19:50:37Z,USD
pay_2c77b9224a2240c09bb7,o_20260817_00003256,captured,paypal,21.23,1.26,3.15,1.23,3.18,23.69,2026-08-17T18:11:54Z,2026-08-17T18:45:28Z,USD
pay_080994014ce54bc0a74d,o_20260817_00003257,captured,paypal,71.25,1.05,6.3,6.12,7.12,77.6,2026-08-17T12:39:24Z,2026-08-17T13:21:00Z,USD
pay_0366c1409caf4a83acde,o_20260817_00003258,captured,wallet,36.18,3.09,4.26,2.83,3.62,42.74,2026-08-17T13:15:41Z,2026-08-17T14:18:27Z,USD
pay_f221e2e0aeeb47dd9bac,o_20260817_00003259,refunded,wallet,46.62,4.03,4.38,3.56,0.0,58.59,2026-08-17T19:31:53Z,,USD
pay_247cad9034964f5ab48e,o_20260817_00003260,voided,card,82.87,4.14,8.68,8.44,0.0,104.13,2026-08-17T12:03:25Z,,USD
pay_bb2649822757489595c6,o_20260817_00003261,captured,apple_pay,67.35,3.87,7.48,5.15,0.0,83.85,2026-08-17T18:39:07Z,2026-08-17T19:30:47Z,USD
pay_bd97d2a8ed6b47f088c1,o_20260817_00003262,voided,wallet,65.19,0.89,5.92,4.72,0.0,76.72,2026-08-17T12:05:09Z,,USD
pay_b19f81a4ae634962bae7,o_20260817_00003263,captured,wallet,48.64,2.98,7.47,4.03,7.3,55.82,2026-08-17T19:06:38Z,2026-08-17T19:44:24Z,USD
pay_96d0b74d2412496799cc,o_20260817_00003264,captured,apple_pay,65.21,2.67,6.78,5.45,0.0,80.11,2026-08-17T18:23:42Z,2026-08-17T18:52:59Z,USD
pay_64d0e6d04b1545fb974f,o_20260817_00003265,captured,card,58.46,5.09,9.2,4.35,2.92,74.18,2026-08-17T12:57:54Z,2026-08-17T13:45:36Z,USD
pay_6d67020908474b60ba61,o_20260817_00003266,captured,apple_pay,47.8,3.6,5.53,3.08,2.39,57.62,2026-08-17T12:32:55Z,2026-08-17T13:31:37Z,USD
pay_07a1a46d58ed48baa144,o_20260817_00003267,captured,apple_pay,10.46,1.9,1.09,0.62,0.52,13.55,2026-08-17T18:13:25Z,2026-08-17T18:45:32Z,USD
pay_24014891b9fd4d31a6a4,o_20260817_00003268,captured,card,87.24,6.73,7.95,8.1,0.0,110.02,2026-08-17T12:19:54Z,2026-08-17T13:10:37Z,USD
pay_c64f58b68c524c4896f3,o_20260817_00003269,captured,paypal,28.38,6.27,4.05,2.3,0.0,41.0,2026-08-17T20:23:48Z,2026-08-17T20:46:28Z,USD
pay_9326f55d07894ad2a4a2,o_20260817_00003270,captured,apple_pay,78.43,0.61,8.45,6.61,0.0,94.1,2026-08-17T11:01:34Z,2026-08-17T11:47:12Z,USD
pay_5ac2ac8848364776adac,o_20260817_00003271,captured,apple_pay,80.49,3.49,8.18,4.17,12.07,84.26,2026-08-17T18:44:52Z,2026-08-17T19:18:04Z,USD
pay_bbf01e98bb894bdbb071,o_20260817_00003272,voided,paypal,61.3,0.9,7.79,4.72,6.13,68.58,2026-08-17T11:48:25Z,,USD
pay_b15650b899704c32ada0,o_20260817_00003273,refunded,paypal,16.86,2.41,2.35,1.06,2.53,20.15,2026-08-17T13:32:19Z,,USD
pay_8cfca575319d4f3faced,o_20260817_00003274,captured,paypal,37.04,6.3,5.27,3.24,1.85,50.0,2026-08-17T12:38:42Z,2026-08-17T13:31:26Z,USD
pay_6b3b73ac54a84cb6b1e2,o_20260817_00003275,refunded,card,63.58,0.73,6.95,4.0,0.0,75.26,2026-08-17T20:37:43Z,,USD
pay_c09de5a408f843f79bdf,o_20260817_00003276,voided,apple_pay,102.24,3.12,14.9,7.57,0.0,127.83,2026-08-17T11:58:38Z,,USD
pay_38f954c893484f1e8828,o_20260817_00003277,captured,card,21.78,3.49,2.75,1.62,0.0,29.64,2026-08-17T20:42:47Z,2026-08-17T21:53:56Z,USD
pay_e3f40fa180314cf0957c,o_20260817_00003278,captured,paypal,138.42,3.44,15.81,9.11,6.92,159.86,2026-08-17T19:30:44Z,2026-08-17T20:16:24Z,USD
pay_344f45f98b2347059b46,o_20260817_00003279,captured,card,83.95,5.04,7.79,5.69,8.39,94.08,2026-08-17T18:23:40Z,2026-08-17T18:50:04Z,USD
pay_77f102cbe4b94637a7e3,o_20260817_00003280,captured,apple_pay,19.83,3.8,2.53,1.2,0.99,26.37,2026-08-17T13:48:27Z,2026-08-17T14:39:30Z,USD
pay_5b598742420f4e76836c,o_20260817_00003281,captured,wallet,23.16,2.89,1.98,2.06,0.0,30.09,2026-08-17T18:33:10Z,2026-08-17T19:17:58Z,USD
pay_b1f9b898dc8c438590e7,o_20260817_00003282,captured,paypal,126.6,4.03,13.32,9.96,0.0,153.91,2026-08-17T11:11:04Z,2026-08-17T12:15:55Z,USD
pay_5d23fe68eeca486faf80,o_20260817_00003283,captured,paypal,91.29,4.4,12.47,9.26,0.0,117.42,2026-08-17T18:38:26Z,2026-08-17T19:22:14Z,USD
pay_6a1eab1688b446f3bd07,o_20260817_00003284,captured,card,136.52,6.39,15.45,8.82,0.0,167.18,2026-08-17T09:00:25Z,2026-08-17T09:55:37Z,USD
pay_c0ae29fbcdf8479bafef,o_20260817_00003285,captured,apple_pay,22.8,1.27,1.83,1.86,0.0,27.76,2026-08-17T20:20:06Z,2026-08-17T21:03:57Z,USD
pay_697b7049347848279862,o_20260817_00003286,captured,apple_pay,18.08,6.82,1.59,1.11,2.71,24.89,2026-08-17T19:03:21Z,2026-08-17T19:53:52Z,USD
pay_3f2b5dedba934c95b061,o_20260817_00003287,captured,wallet,58.1,3.88,7.72,5.07,0.0,74.77,2026-08-17T20:41:57Z,2026-08-17T21:14:47Z,USD
pay_493eddf00cf141f89df6,o_20260817_00003288,captured,card,73.18,4.63,9.99,7.02,0.0,94.82,2026-08-17T20:52:31Z,2026-08-17T22:02:10Z,USD
pay_b7be8c0627484812aad2,o_20260817_00003289,captured,card,39.46,0.91,4.91,3.23,1.97,46.54,2026-08-17T12:41:47Z,2026-08-17T13:15:25Z,USD
pay_885f6f082917419e94dd,o_20260817_00003290,captured,wallet,13.64,0.57,1.21,0.91,0.0,16.33,2026-08-17T12:10:54Z,2026-08-17T13:04:48Z,USD
pay_c788a164ee3b442b8fb9,o_20260817_00003291,captured,paypal,15.08,2.64,1.47,1.48,0.0,20.67,2026-08-17T19:55:04Z,2026-08-17T20:43:45Z,USD
pay_5ef2437829fd48c2a2f3,o_20260817_00003292,captured,wallet,84.86,2.63,11.0,4.85,8.49,94.85,2026-08-17T12:09:01Z,2026-08-17T13:05:20Z,USD
pay_318171cac66243acb7ab,o_20260817_00003293,captured,apple_pay,88.35,1.6,10.35,7.84,8.83,99.31,2026-08-17T13:18:39Z,2026-08-17T14:18:16Z,USD
pay_18236f1b7e9e43408811,o_20260817_00003294,captured,apple_pay,29.05,4.16,2.76,2.26,2.9,35.33,2026-08-17T18:46:04Z,2026-08-17T19:19:41Z,USD
pay_80f325fb321e4f48be1d,o_20260817_00003295,refunded,wallet,39.79,1.33,5.48,3.68,1.99,48.29,2026-08-17T19:52:32Z,,USD
pay_a1cc7016269b4ae581c5,o_20260817_00003296,captured,wallet,70.0,3.24,6.6,6.13,3.5,82.47,2026-08-17T18:48:13Z,2026-08-17T19:58:51Z,USD
pay_40a4a8f529d447039ba3,o_20260817_00003297,captured,apple_pay,112.18,6.72,11.84,8.45,0.0,139.19,2026-08-17T12:16:16Z,2026-08-17T12:50:51Z,USD
pay_f46f817a57ed4221a122,o_20260817_00003298,captured,card,9.57,1.3,1.37,0.93,0.0,13.17,2026-08-17T20:00:55Z,2026-08-17T20:40:55Z,USD
pay_f5bbb758208a46be83c1,o_20260817_00003299,voided,wallet,86.95,4.16,11.12,6.52,0.0,108.75,2026-08-17T18:13:40Z,,USD
pay_2b7a083f6b6a44dab2c2,o_20260817_00003300,captured,wallet,21.78,2.85,3.05,1.46,0.0,29.14,2026-08-17T18:57:25Z,2026-08-17T19:48:57Z,USD
pay_120caeb002534908a060,o_20260817_00003301,captured,card,44.16,1.83,3.98,2.75,0.0,52.72,2026-08-17T13:18:08Z,2026-08-17T14:02:41Z,USD
pay_5db6bc239868450990a4,o_20260817_00003302,captured,wallet,80.12,2.69,11.81,5.75,12.02,88.35,2026-08-17T11:21:00Z,2026-08-17T11:55:28Z,USD
pay_0ad4fad6c247403aa0a6,o_20260817_00003303,refunded,wallet,52.31,4.77,6.98,4.91,0.0,68.97,2026-08-17T11:59:03Z,,USD
pay_32280804db17419dbcbf,o_20260817_00003304,captured,wallet,54.32,5.85,6.47,3.97,2.72,67.89,2026-08-17T08:08:22Z,2026-08-17T08:39:28Z,USD
pay_62a110b5919f488b9cfa,o_20260817_00003305,captured,paypal,37.32,4.26,4.49,2.97,3.73,45.31,2026-08-17T19:59:48Z,2026-08-17T20:37:41Z,USD
pay_bc2ea5822fe14b93ba43,o_20260817_00003306,captured,paypal,26.64,5.19,3.93,2.69,0.0,38.45,2026-08-17T12:12:27Z,2026-08-17T12:53:11Z,USD
pay_e9b2e0d5905e40559544,o_20260817_00003307,voided,apple_pay,132.78,5.53,12.51,10.56,0.0,161.38,2026-08-17T13:12:00Z,,USD
pay_ce9a18d8fa78420aa9a7,o_20260817_00003308,captured,paypal,126.58,4.24,15.83,8.42,18.99,136.08,2026-08-17T12:04:44Z,2026-08-17T12:50:10Z,USD
pay_eaf352e5148541209283,o_20260817_00003309,captured,card,51.62,3.06,4.96,2.98,2.58,60.04,2026-08-17T18:45:56Z,2026-08-17T19:50:41Z,USD
pay_2604b0d5ffeb41dbbacb,o_20260817_00003310,captured,wallet,69.84,2.85,6.75,4.26,0.0,83.7,2026-08-17T19:42:44Z,2026-08-17T20:20:59Z,USD
pay_5ee92b39194946d386c4,o_20260817_00003311,captured,card,27.55,1.88,4.15,1.99,2.75,32.82,2026-08-17T12:37:07Z,2026-08-17T13:33:44Z,USD
pay_529cf47239e74b3f846c,o_20260817_00003312,captured,card,38.1,2.53,4.03,2.81,0.0,47.47,2026-08-17T20:42:02Z,2026-08-17T21:35:56Z,USD
pay_4ada3645c7ce4d51b7c3,o_20260817_00003313,captured,wallet,66.12,2.37,7.44,5.01,0.0,80.94,2026-08-17T18:50:24Z,2026-08-17T19:34:13Z,USD
pay_b8ca5dee57274ebeb561,o_20260817_00003314,captured,wallet,21.87,6.57,2.55,1.71,3.28,29.42,2026-08-17T11:08:29Z,2026-08-17T11:57:14Z,USD
pay_dac598b502c44d1dad17,o_20260817_00003315,captured,apple_pay,62.7,5.82,5.98,4.16,0.0,78.66,2026-08-17T19:10:39Z,2026-08-17T19:52:45Z,USD
pay_7fca7e39e9aa4033b302,o_20260817_00003316,captured,paypal,55.4,2.25,5.13,3.25,8.31,57.72,2026-08-17T18:09:47Z,2026-08-17T18:52:32Z,USD
pay_a6143ac37a7a4a6dbb8c,o_20260817_00003317,captured,paypal,29.5,1.59,3.9,2.38,0.0,37.37,2026-08-17T20:13:32Z,2026-08-17T20:52:51Z,USD
pay_b7dac056241c47e2a255,o_20260817_00003318,captured,paypal,98.85,4.01,13.13,8.04,4.94,119.09,2026-08-17T20:03:15Z,2026-08-17T20:41:29Z,USD
pay_817b1203fddb4767aa85,o_20260817_00003319,captured,card,33.57,2.36,3.37,3.03,0.0,42.33,2026-08-17T12:09:34Z,2026-08-17T12:45:19Z,USD
pay_542d4a8200d84ed9a829,o_20260817_00003320,captured,card,103.92,0.7,14.23,6.33,0.0,125.18,2026-08-17T18:41:48Z,2026-08-17T19:45:52Z,USD
pay_a1b92c6762134370a247,o_20260817_00003321,captured,paypal,43.26,2.53,6.51,2.52,6.49,48.33,2026-08-17T18:31:48Z,2026-08-17T19:35:00Z,USD
pay_62e5ec61c36f43f29f9c,o_20260817_00003322,captured,wallet,46.96,5.13,6.58,2.45,7.04,54.08,2026-08-17T19:09:03Z,2026-08-17T20:08:25Z,USD
pay_a50eea547fd041d4a0ab,o_20260817_00003323,captured,card,118.82,5.6,15.86,12.17,0.0,152.45,2026-08-17T18:17:21Z,2026-08-17T18:57:52Z,USD
pay_2b30132bf59543c0b1e0,o_20260817_00003324,captured,paypal,20.8,6.87,2.33,1.21,2.08,29.13,2026-08-17T18:38:06Z,2026-08-17T19:27:38Z,USD
pay_e49e9bb2659f4f9f999a,o_20260817_00003325,captured,wallet,70.25,3.78,6.1,5.77,10.54,75.36,2026-08-17T19:50:31Z,2026-08-17T20:23:32Z,USD
pay_d3551c2562d141a18733,o_20260817_00003326,captured,apple_pay,103.55,1.74,9.5,7.61,15.53,106.87,2026-08-17T11:56:00Z,2026-08-17T12:38:36Z,USD
pay_2921cf653ced45b7adab,o_20260817_00003327,captured,paypal,30.87,3.44,2.83,2.16,0.0,39.3,2026-08-17T12:17:08Z,2026-08-17T13:11:56Z,USD
pay_dfbd1c406c3442d9a456,o_20260817_00003328,captured,wallet,122.13,3.62,13.18,7.4,18.32,128.01,2026-08-17T19:53:54Z,2026-08-17T20:22:35Z,USD
pay_be8e954b5c1b454bb963,o_20260817_00003329,captured,apple_pay,27.65,1.31,2.49,2.02,0.0,33.47,2026-08-17T18:19:04Z,2026-08-17T19:02:51Z,USD
pay_cbc57da89ee747648b87,o_20260817_00003330,captured,card,42.64,6.18,4.27,2.96,6.4,49.65,2026-08-17T19:20:03Z,2026-08-17T20:00:39Z,USD
pay_99466a4f4e034107a20e,o_20260817_00003331,captured,paypal,78.93,6.47,10.94,5.38,11.84,89.88,2026-08-17T11:54:52Z,2026-08-17T12:49:03Z,USD
pay_3e472d604d764776a8f4,o_20260817_00003332,voided,paypal,13.62,1.36,1.81,0.95,0.0,17.74,2026-08-17T09:00:03Z,,USD
pay_41057c01749f4d9eb6f1,o_20260817_00003333,voided,apple_pay,70.86,2.23,8.51,5.13,7.09,79.64,2026-08-17T11:09:32Z,,USD
pay_b839338e59f048c6a5d7,o_20260817_00003334,captured,card,76.9,4.98,11.42,5.61,3.85,95.06,2026-08-17T18:39:33Z,2026-08-17T19:16:12Z,USD
pay_69564ce02839451fb1e6,o_20260817_00003335,captured,wallet,40.32,4.8,5.67,2.52,6.05,47.26,2026-08-17T19:27:12Z,2026-08-17T20:08:59Z,USD
pay_df324fdcab5941d3a68d,o_20260817_00003336,captured,apple_pay,21.72,1.87,2.86,1.14,3.26,24.33,2026-08-17T13:35:26Z,2026-08-17T14:07:16Z,USD
pay_442111e8ee364282b9b5,o_20260817_00003337,captured,wallet,52.57,2.85,5.93,4.04,5.26,60.13,2026-08-17T13:56:06Z,2026-08-17T14:25:01Z,USD
pay_f925e3034f0241c8b3f9,o_20260817_00003338,captured,wallet,28.13,0.94,2.91,1.87,2.81,31.04,2026-08-17T18:20:35Z,2026-08-17T19:08:02Z,USD
pay_28a0b6d4386d44eaa548,o_20260817_00003339,refunded,apple_pay,43.64,2.01,4.41,3.46,0.0,53.52,2026-08-17T11:57:26Z,,USD
pay_74ea5efce70c4c63b1e9,o_20260817_00003340,captured,card,89.28,4.02,8.69,7.41,8.93,100.47,2026-08-17T11:55:02Z,2026-08-17T12:55:34Z,USD
pay_2ae348d4f76546ab9e74,o_20260817_00003341,captured,paypal,99.94,3.96,9.39,7.09,0.0,120.38,2026-08-17T11:46:09Z,2026-08-17T12:46:46Z,USD
pay_a86deb571f25474087db,o_20260817_00003342,captured,card,48.72,5.73,6.74,3.86,2.44,62.61,2026-08-17T11:43:16Z,2026-08-17T12:41:46Z,USD
pay_78cbc28e5d97493db5ee,o_20260817_00003343,captured,paypal,60.19,0.64,8.85,3.76,3.01,70.43,2026-08-17T19:10:40Z,2026-08-17T20:15:15Z,USD
pay_eebbaf87f52740849f0e,o_20260817_00003344,captured,card,107.52,3.42,11.61,8.73,0.0,131.28,2026-08-17T18:27:26Z,2026-08-17T19:17:45Z,USD
pay_26144afa3a1d4383b96e,o_20260817_00003345,captured,paypal,89.25,4.87,13.76,7.35,0.0,115.23,2026-08-17T08:12:07Z,2026-08-17T08:50:50Z,USD
pay_3e9d1743b9894574b1d7,o_20260817_00003346,captured,paypal,23.05,6.37,2.86,1.44,0.0,33.72,2026-08-17T12:07:13Z,2026-08-17T12:54:10Z,USD
pay_6d01bcc1c3464e66b020,o_20260817_00003347,captured,wallet,45.39,1.53,3.84,4.4,0.0,55.16,2026-08-17T11:51:21Z,2026-08-17T12:25:06Z,USD
pay_084158f13b0647de994f,o_20260817_00003348,captured,apple_pay,67.17,1.26,5.65,3.9,3.36,74.62,2026-08-17T13:11:44Z,2026-08-17T14:16:39Z,USD
pay_daf0ccf2ce7944249234,o_20260817_00003349,captured,paypal,127.35,1.15,16.75,8.1,0.0,153.35,2026-08-17T11:18:31Z,2026-08-17T12:15:35Z,USD
pay_5269bdab6b884dfb8fa5,o_20260817_00003350,voided,paypal,68.18,4.08,8.49,4.82,0.0,85.57,2026-08-17T13:45:10Z,,USD
pay_d30ec8dbcf3b45bfb9fc,o_20260817_00003351,captured,apple_pay,113.16,5.34,13.31,7.29,0.0,139.1,2026-08-17T13:10:41Z,2026-08-17T13:50:16Z,USD
pay_8d25117e2bf24f218a4a,o_20260817_00003352,captured,card,72.81,2.88,11.1,6.01,0.0,92.8,2026-08-17T13:52:43Z,2026-08-17T14:08:29Z,USD
pay_5e903d28935543a7950e,o_20260817_00003353,captured,apple_pay,70.95,5.67,6.88,4.95,10.64,77.81,2026-08-17T20:06:44Z,2026-08-17T20:57:30Z,USD
pay_3b980fbdb6384ab589ef,o_20260817_00003354,captured,card,51.15,4.99,7.97,4.06,0.0,68.17,2026-08-17T08:06:05Z,2026-08-17T08:58:52Z,USD
pay_3920985d304547f98557,o_20260817_00003355,captured,paypal,40.7,4.11,5.8,3.37,0.0,53.98,2026-08-17T11:31:26Z,2026-08-17T12:18:18Z,USD
pay_c8b9b80e7b9c4b669d82,o_20260817_00003356,refunded,apple_pay,31.38,4.05,4.51,2.41,1.57,40.78,2026-08-17T12:09:13Z,,USD
pay_bccbb74cef8e4a2585ea,o_20260817_00003357,captured,card,35.68,4.5,4.04,2.62,0.0,46.84,2026-08-17T12:34:07Z,2026-08-17T12:59:37Z,USD
pay_ec61e02a09e04e30ba07,o_20260817_00003358,captured,wallet,112.2,6.16,16.82,7.82,0.0,143.0,2026-08-17T12:19:00Z,2026-08-17T12:53:32Z,USD
pay_c981648e43b64e7b8a7d,o_20260817_00003359,captured,wallet,102.6,5.64,13.18,8.74,10.26,119.9,2026-08-17T12:53:27Z,2026-08-17T13:29:16Z,USD
pay_8192abbf4f34477e8018,o_20260817_00003360,captured,paypal,48.8,1.47,4.98,3.1,0.0,58.35,2026-08-17T20:31:29Z,2026-08-17T21:15:33Z,USD
pay_c7abcaaffd2744c0ad0b,o_20260817_00003361,captured,apple_pay,54.48,2.02,7.44,4.56,5.45,63.05,2026-08-17T13:47:11Z,2026-08-17T14:15:11Z,USD
pay_0c2240827b874415859a,o_20260817_00003362,captured,wallet,146.8,3.2,16.43,12.35,0.0,178.78,2026-08-17T19:32:17Z,2026-08-17T20:08:31Z,USD
pay_ef0eecd9d46244949c0b,o_20260817_00003363,captured,paypal,84.66,1.6,11.39,5.61,0.0,103.26,2026-08-17T19:26:42Z,2026-08-17T20:16:19Z,USD
pay_0dff30b2da8d4cb9899d,o_20260817_00003364,refunded,wallet,54.36,5.65,4.91,4.38,8.15,61.15,2026-08-17T20:15:55Z,,USD
pay_7144ae5cf594488882bc,o_20260817_00003365,captured,paypal,73.76,1.1,6.21,5.57,0.0,86.64,2026-08-17T19:43:55Z,2026-08-17T20:27:05Z,USD
pay_2bc301f555654335823b,o_20260817_00003366,captured,apple_pay,42.24,6.61,5.4,3.0,4.22,53.03,2026-08-17T18:24:49Z,2026-08-17T19:18:20Z,USD
pay_d4c53d28585347679c47,o_20260817_00003367,voided,apple_pay,55.71,6.33,8.3,3.6,0.0,73.94,2026-08-17T13:49:58Z,,USD
pay_0793801393484d65ad07,o_20260817_00003368,captured,card,42.96,6.68,6.29,3.63,0.0,59.56,2026-08-17T19:05:06Z,2026-08-17T20:06:51Z,USD
pay_10038d1df1994ae2b766,o_20260817_00003369,captured,apple_pay,95.59,1.81,11.46,8.78,4.78,112.86,2026-08-17T20:13:42Z,2026-08-17T20:50:09Z,USD
pay_60cb5efd11774dc9a5fd,o_20260817_00003370,captured,apple_pay,39.52,6.93,3.41,3.01,0.0,52.87,2026-08-17T13:22:18Z,2026-08-17T14:19:37Z,USD
pay_124ac368ef6e49dd8d4a,o_20260817_00003371,captured,apple_pay,76.74,4.1,12.08,6.61,11.51,88.02,2026-08-17T12:09:10Z,2026-08-17T13:07:01Z,USD
pay_fd607fc5f6e14330adc5,o_20260817_00003372,captured,card,76.35,1.98,11.57,6.5,3.82,92.58,2026-08-17T08:20:58Z,2026-08-17T08:51:46Z,USD
pay_fa692e8d546a4c44858e,o_20260817_00003373,captured,paypal,59.57,1.22,5.92,5.25,0.0,71.96,2026-08-17T12:44:41Z,2026-08-17T13:25:35Z,USD
pay_c6ba97c5f853468298d6,o_20260817_00003374,captured,apple_pay,56.07,2.72,7.73,4.69,8.41,62.8,2026-08-17T20:16:33Z,2026-08-17T21:05:04Z,USD
pay_bed3a877d9224447aa5c,o_20260817_00003375,voided,card,36.91,5.96,4.83,3.51,0.0,51.21,2026-08-17T19:06:51Z,,USD
pay_9597d193ecd946849b12,o_20260817_00003376,captured,card,37.98,3.44,5.52,2.65,3.8,45.79,2026-08-17T18:08:47Z,2026-08-17T19:10:26Z,USD
pay_c185ff8ddfee47f5b970,o_20260817_00003377,captured,wallet,40.12,6.17,3.3,2.6,6.02,46.17,2026-08-17T12:18:23Z,2026-08-17T13:18:07Z,USD
pay_477288fb539149c0a15b,o_20260817_00003378,captured,paypal,109.82,4.41,14.33,6.98,16.47,119.07,2026-08-17T12:43:17Z,2026-08-17T13:27:56Z,USD
pay_f0c51111c159493a9298,o_20260817_00003379,captured,wallet,96.1,2.72,8.85,6.07,9.61,104.13,2026-08-17T11:41:47Z,2026-08-17T12:42:22Z,USD
pay_b071610ac86342e2b90a,o_20260817_00003380,captured,wallet,35.8,2.05,3.07,1.91,5.37,37.46,2026-08-17T11:42:15Z,2026-08-17T12:50:08Z,USD
pay_da977503e8564cb5bf20,o_20260817_00003381,captured,apple_pay,59.58,1.74,4.78,5.03,0.0,71.13,2026-08-17T13:41:49Z,2026-08-17T14:11:51Z,USD
pay_7d71b84ea78347f2a39a,o_20260817_00003382,captured,card,108.34,5.42,8.91,8.9,0.0,131.57,2026-08-17T11:17:26Z,2026-08-17T11:52:09Z,USD
pay_dba1ceda17734f758809,o_20260817_00003383,captured,apple_pay,26.52,1.86,4.1,1.76,0.0,34.24,2026-08-17T12:57:31Z,2026-08-17T13:50:04Z,USD
pay_5d0b1121551843e6b761,o_20260817_00003384,captured,paypal,62.81,1.6,9.01,5.1,0.0,78.52,2026-08-17T08:26:52Z,2026-08-17T08:53:24Z,USD
pay_28b88b1e04634f9e81ad,o_20260817_00003385,captured,wallet,46.52,1.79,3.75,4.68,0.0,56.74,2026-08-17T20:05:07Z,2026-08-17T20:49:19Z,USD
pay_643a0e50573545d9af76,o_20260817_00003386,captured,paypal,47.56,6.67,4.78,3.95,0.0,62.96,2026-08-17T18:29:27Z,2026-08-17T19:16:59Z,USD
pay_f8749b5340f449d48071,o_20260817_00003387,captured,card,77.7,5.81,9.44,6.01,7.77,91.19,2026-08-17T11:08:29Z,2026-08-17T11:57:49Z,USD
pay_d3bf72bf060d414596e6,o_20260817_00003388,captured,paypal,35.8,2.04,5.02,3.12,0.0,45.98,2026-08-17T19:01:25Z,2026-08-17T20:01:59Z,USD
pay_1adef6ff80e84c4dbcfd,o_20260817_00003389,captured,card,21.03,1.14,1.69,2.01,1.05,24.82,2026-08-17T18:33:48Z,2026-08-17T19:25:50Z,USD
pay_7bb275b6c9d44261a823,o_20260817_00003390,voided,apple_pay,55.52,3.62,8.76,3.47,0.0,71.37,2026-08-17T19:25:39Z,,USD
pay_3073ef0deafd44b982bf,o_20260817_00003391,captured,apple_pay,109.82,3.77,14.16,8.06,16.47,119.34,2026-08-17T12:57:58Z,2026-08-17T13:54:52Z,USD
pay_5b088da1179a439c8e43,o_20260817_00003392,captured,paypal,22.12,3.71,2.97,1.65,0.0,30.45,2026-08-17T19:00:57Z,2026-08-17T19:54:36Z,USD
pay_766c594c49534a289d62,o_20260817_00003393,captured,card,71.13,1.5,6.03,6.57,3.56,81.67,2026-08-17T11:28:34Z,2026-08-17T12:04:43Z,USD
pay_f68fca1734b84bfa86f1,o_20260817_00003394,captured,paypal,70.86,6.7,5.82,5.1,0.0,88.48,2026-08-17T13:42:10Z,2026-08-17T14:35:23Z,USD
pay_8228bbbbff704537ab0e,o_20260817_00003395,captured,paypal,68.22,0.91,8.67,6.02,0.0,83.82,2026-08-17T20:51:23Z,2026-08-17T21:39:23Z,USD
pay_8477eef89703445ca847,o_20260817_00003396,captured,paypal,132.15,6.96,14.13,11.2,13.22,151.22,2026-08-17T20:21:00Z,2026-08-17T21:18:55Z,USD
pay_a29d504c86774198b844,o_20260817_00003397,captured,paypal,95.48,3.63,10.33,8.85,0.0,118.29,2026-08-17T18:42:44Z,2026-08-17T19:10:53Z,USD
pay_a452a1cdca5344c6a490,o_20260817_00003398,captured,wallet,14.62,5.92,2.33,0.9,0.0,23.77,2026-08-17T18:00:59Z,2026-08-17T18:24:12Z,USD
pay_49b89052fcdf43c6adb9,o_20260817_00003399,captured,card,48.4,3.61,5.35,3.38,7.26,53.48,2026-08-17T11:20:49Z,2026-08-17T12:03:02Z,USD
pay_2fb1e5fa49ed4ac38512,o_20260817_00003400,captured,card,37.87,5.82,4.84,2.45,1.89,49.09,2026-08-17T08:31:11Z,2026-08-17T09:13:49Z,USD
pay_130042105365435fbe01,o_20260817_00003401,captured,paypal,62.28,4.98,6.71,5.64,0.0,79.61,2026-08-17T11:37:49Z,2026-08-17T12:20:52Z,USD
pay_9ba82b57730244f18ef5,o_20260817_00003402,captured,apple_pay,67.23,4.25,10.29,6.13,3.36,84.54,2026-08-17T18:49:30Z,2026-08-17T19:44:27Z,USD
pay_7f9ab04bb36043c89fbd,o_20260817_00003403,refunded,card,66.45,0.64,9.44,4.55,3.32,77.76,2026-08-17T12:33:11Z,,USD
pay_e63d0fe405fe4bee8c1e,o_20260817_00003404,captured,card,33.46,5.86,5.07,1.81,5.02,41.18,2026-08-17T19:07:18Z,2026-08-17T19:42:21Z,USD
pay_11b30f95554849b2a6f9,o_20260817_00003405,captured,card,66.69,0.49,8.51,4.92,0.0,80.61,2026-08-17T11:05:25Z,2026-08-17T12:05:15Z,USD
pay_99ec6975f56a4674a7bd,o_20260817_00003406,captured,paypal,81.92,6.55,12.9,6.63,12.29,95.71,2026-08-17T12:37:32Z,2026-08-17T13:07:10Z,USD
pay_c705062020b24f069a42,o_20260817_00003407,captured,paypal,7.25,6.31,1.01,0.71,0.0,15.28,2026-08-17T13:02:13Z,2026-08-17T13:54:08Z,USD
pay_ad9bb25140ca48768a97,o_20260817_00003408,captured,paypal,69.96,5.25,6.51,6.18,3.5,84.4,2026-08-17T08:55:52Z,2026-08-17T10:04:11Z,USD
pay_68eccd94e187441b8fe8,o_20260817_00003409,captured,apple_pay,100.53,4.07,8.74,8.45,0.0,121.79,2026-08-17T19:20:07Z,2026-08-17T20:06:42Z,USD
pay_78695704cfb84c189261,o_20260817_00003410,captured,wallet,18.07,5.03,1.68,1.41,2.71,23.48,2026-08-17T18:58:02Z,2026-08-17T19:29:34Z,USD
pay_93a2d9d0565e410199f1,o_20260817_00003411,refunded,apple_pay,88.25,5.92,12.09,8.38,4.41,110.23,2026-08-17T08:37:29Z,,USD
pay_cc5c11861ff543e89b58,o_20260817_00003412,captured,wallet,43.96,4.8,4.48,2.83,0.0,56.07,2026-08-17T08:33:36Z,2026-08-17T09:21:30Z,USD
pay_c8ab517f753e4db4bf4d,o_20260817_00003413,captured,wallet,30.26,0.69,3.8,2.67,0.0,37.42,2026-08-17T11:35:53Z,2026-08-17T12:38:35Z,USD
pay_6b466b34aa4844af95b8,o_20260817_00003414,captured,paypal,47.58,4.2,5.4,4.26,4.76,56.68,2026-08-17T13:44:38Z,2026-08-17T14:23:31Z,USD
pay_8b89f95e993643269462,o_20260817_00003415,refunded,wallet,28.53,4.31,4.1,2.44,2.85,36.53,2026-08-17T18:30:39Z,,USD
pay_e27f6a2b3887451a8fe2,o_20260817_00003416,captured,apple_pay,44.11,1.04,4.62,3.27,0.0,53.04,2026-08-17T18:45:20Z,2026-08-17T19:41:29Z,USD
pay_6843671d6ef0415e8124,o_20260817_00003417,captured,apple_pay,73.48,0.77,9.0,5.15,0.0,88.4,2026-08-17T20:35:00Z,2026-08-17T21:35:44Z,USD
pay_d591f02e97bc4b99880a,o_20260817_00003418,captured,wallet,19.44,6.75,2.59,1.79,0.0,30.57,2026-08-17T13:36:31Z,2026-08-17T14:32:34Z,USD
pay_d7069dec364748668726,o_20260817_00003419,captured,apple_pay,21.7,6.85,2.37,2.05,0.0,32.97,2026-08-17T18:59:00Z,2026-08-17T19:48:33Z,USD
pay_ae90eaeba95e4d12b304,o_20260817_00003420,captured,wallet,70.92,2.45,8.22,6.92,0.0,88.51,2026-08-17T13:08:28Z,2026-08-17T14:02:16Z,USD
pay_4dadf98024a84c9d889f,o_20260817_00003421,captured,card,116.97,5.35,17.69,11.42,0.0,151.43,2026-08-17T19:44:01Z,2026-08-17T20:41:52Z,USD
pay_82dd805a18c74de3b470,o_20260817_00003422,refunded,wallet,96.04,2.58,10.16,8.85,9.6,108.03,2026-08-17T19:30:36Z,,USD
pay_70fb23a7d8734a39ba85,o_20260817_00003423,voided,card,8.92,6.52,1.14,0.51,0.89,16.2,2026-08-17T12:19:22Z,,USD
pay_aa5e7b246d9c452cb874,o_20260817_00003424,captured,card,95.62,0.64,12.24,6.65,14.34,100.81,2026-08-17T13:50:57Z,2026-08-17T14:32:46Z,USD
pay_2e0e0dd31ce0454081f2,o_20260817_00003425,captured,paypal,45.36,5.15,6.23,4.59,0.0,61.33,2026-08-17T20:07:36Z,2026-08-17T21:20:26Z,USD
pay_770affbae4d845cf9d58,o_20260817_00003426,voided,paypal,70.44,4.52,7.11,5.23,0.0,87.3,2026-08-17T19:12:21Z,,USD
pay_50515cdbbd8e4d2496d5,o_20260817_00003427,captured,apple_pay,52.47,5.89,7.12,2.76,7.87,60.37,2026-08-17T13:02:36Z,2026-08-17T13:52:51Z,USD
pay_2670f6ca9bd44345be4f,o_20260817_00003428,captured,card,28.09,6.89,2.33,2.39,0.0,39.7,2026-08-17T20:53:33Z,2026-08-17T21:52:21Z,USD
pay_6b6e8d0d0b1341eeae37,o_20260817_00003429,captured,paypal,99.18,5.15,15.46,8.42,0.0,128.21,2026-08-17T12:51:02Z,2026-08-17T13:41:29Z,USD
pay_434ebb57826846109d1e,o_20260817_00003430,captured,wallet,14.9,5.3,1.61,1.25,0.0,23.06,2026-08-17T12:16:59Z,2026-08-17T12:55:19Z,USD
pay_4f18589fc9ef4703b28d,o_20260817_00003431,refunded,card,112.9,2.1,17.42,10.17,0.0,142.59,2026-08-17T12:45:18Z,,USD
pay_09ec80ad02cc424b813d,o_20260817_00003432,captured,card,43.53,6.02,3.86,2.43,6.53,49.31,2026-08-17T20:26:23Z,2026-08-17T21:25:24Z,USD
pay_6dbd1cc2533646ffa499,o_20260817_00003433,captured,wallet,47.67,0.61,6.58,4.11,0.0,58.97,2026-08-17T20:06:55Z,2026-08-17T20:59:48Z,USD
pay_109cc21d2cec47b1b1dd,o_20260817_00003434,captured,paypal,79.3,4.67,10.52,7.1,3.96,97.63,2026-08-17T19:45:31Z,2026-08-17T20:24:20Z,USD
pay_56a0c3b39c0942e4bf1c,o_20260817_00003435,captured,paypal,129.39,1.58,19.84,11.95,0.0,162.76,2026-08-17T08:07:28Z,2026-08-17T08:46:03Z,USD
pay_4b07cc41e25b4740b23c,o_20260817_00003436,captured,paypal,55.85,4.08,7.99,4.82,5.58,67.16,2026-08-17T20:03:51Z,2026-08-17T21:00:30Z,USD
pay_0b40441835644e55a9c2,o_20260817_00003437,captured,card,19.02,2.31,2.24,1.57,0.0,25.14,2026-08-17T20:53:00Z,2026-08-17T21:34:27Z,USD
pay_ab796c589ba746cb97bb,o_20260817_00003438,captured,paypal,56.58,3.04,7.36,4.6,0.0,71.58,2026-08-17T18:15:02Z,2026-08-17T19:13:08Z,USD
pay_cf71afd216a64a009ac6,o_20260817_00003439,captured,card,48.86,3.35,5.86,4.42,0.0,62.49,2026-08-17T20:54:10Z,2026-08-17T21:42:03Z,USD
pay_7a744750c30b4ec2a0af,o_20260817_00003440,captured,wallet,26.52,1.49,3.58,1.45,3.98,29.06,2026-08-17T18:26:17Z,2026-08-17T19:25:12Z,USD
pay_f4af12986dc949b2bc5d,o_20260817_00003441,captured,wallet,108.78,1.58,9.61,8.13,0.0,128.1,2026-08-17T12:59:52Z,2026-08-17T13:32:21Z,USD
pay_54433c5bab4b4331bf99,o_20260817_00003442,captured,card,36.93,2.79,4.9,3.49,0.0,48.11,2026-08-17T12:53:22Z,2026-08-17T13:47:28Z,USD
pay_465c644768c94e7d916f,o_20260817_00003443,captured,paypal,52.75,4.28,5.88,4.75,2.64,65.02,2026-08-17T12:44:27Z,2026-08-17T13:23:25Z,USD
pay_43ca67d714084896b5a5,o_20260817_00003444,captured,wallet,18.52,3.59,1.96,1.07,1.85,23.29,2026-08-17T11:18:00Z,2026-08-17T11:44:52Z,USD
pay_0770809d78ff47deaeb6,o_20260817_00003445,captured,paypal,44.16,4.8,3.65,2.42,4.42,50.61,2026-08-17T12:17:56Z,2026-08-17T12:59:35Z,USD
pay_db7df1f1b3624132a129,o_20260817_00003446,captured,apple_pay,63.09,1.15,7.16,4.31,0.0,75.71,2026-08-17T13:14:30Z,2026-08-17T14:22:54Z,USD
pay_d165b4bf567b435e8827,o_20260817_00003447,captured,paypal,55.56,6.38,6.22,3.63,5.56,66.23,2026-08-17T12:41:38Z,2026-08-17T13:23:16Z,USD
pay_4d70a7cf2efd4e4cae86,o_20260817_00003448,captured,card,40.66,1.45,3.95,3.05,0.0,49.11,2026-08-17T18:11:18Z,2026-08-17T18:42:11Z,USD
pay_0b2bb502c5fa43d79814,o_20260817_00003449,voided,wallet,83.64,1.55,9.77,6.75,4.18,97.53,2026-08-17T18:35:19Z,,USD
pay_e2de95a95a7743098fec,o_20260817_00003450,captured,apple_pay,92.49,5.95,7.73,7.75,4.62,109.3,2026-08-17T12:28:28Z,2026-08-17T12:55:05Z,USD
pay_9f9e565df25d44508b45,o_20260817_00003451,captured,wallet,111.26,5.51,14.22,9.31,5.56,134.74,2026-08-17T18:16:50Z,2026-08-17T19:07:59Z,USD
pay_6be68c09c9a546e8bbac,o_20260817_00003452,captured,paypal,41.04,6.22,3.73,2.77,2.05,51.71,2026-08-17T08:58:45Z,2026-08-17T09:48:39Z,USD
pay_f9af3a8f6f3e4617bd40,o_20260817_00003453,captured,paypal,59.47,3.56,6.96,4.16,5.95,68.2,2026-08-17T12:00:00Z,2026-08-17T12:35:47Z,USD
pay_bdfb72d95f164096a2a4,o_20260817_00003454,voided,wallet,21.93,0.63,1.98,2.09,0.0,26.63,2026-08-17T20:07:36Z,,USD
pay_7bb62b7044544d67b51d,o_20260817_00003455,captured,card,13.16,6.65,1.64,0.95,0.0,22.4,2026-08-17T20:52:38Z,2026-08-17T21:30:18Z,USD
pay_011b61d7830e4bb9aa0e,o_20260817_00003456,captured,card,9.97,1.22,1.15,0.77,1.0,12.11,2026-08-17T13:53:08Z,2026-08-17T14:26:40Z,USD
pay_cc87c99e52134317a09d,o_20260817_00003457,captured,wallet,50.02,4.92,6.76,4.36,2.5,63.56,2026-08-17T18:42:54Z,2026-08-17T19:30:53Z,USD
pay_1b501dd22d734a91836c,o_20260817_00003458,captured,card,28.4,3.07,2.6,2.14,0.0,36.21,2026-08-17T11:40:48Z,2026-08-17T12:06:01Z,USD
pay_1d210f8a533a49439cee,o_20260817_00003459,captured,apple_pay,24.74,1.12,2.08,1.53,1.24,28.23,2026-08-17T12:39:35Z,2026-08-17T13:04:23Z,USD
pay_807260e62cc1466e941b,o_20260817_00003460,refunded,wallet,82.58,5.81,9.72,6.78,8.26,96.63,2026-08-17T08:32:25Z,,USD
pay_2fdfd041262740d7993f,o_20260817_00003461,captured,card,46.83,6.92,4.15,3.71,0.0,61.61,2026-08-17T18:06:48Z,2026-08-17T18:59:27Z,USD
pay_8abbdf755c7748248f41,o_20260817_00003462,refunded,apple_pay,112.86,6.51,11.8,9.27,16.93,123.51,2026-08-17T12:39:28Z,,USD
pay_c6ac8814e2034aeab5ec,o_20260817_00003463,captured,paypal,17.7,5.44,1.63,1.42,0.89,25.3,2026-08-17T13:38:07Z,2026-08-17T14:16:51Z,USD
pay_4e27d94a69e643a48ffc,o_20260817_00003464,refunded,paypal,56.55,2.83,5.8,4.47,0.0,69.65,2026-08-17T11:53:00Z,,USD
pay_f902737cc262407ab042,o_20260817_00003465,captured,apple_pay,20.35,5.9,2.53,1.69,0.0,30.47,2026-08-17T18:01:47Z,2026-08-17T18:56:48Z,USD
pay_959b39470b764e0e9a60,o_20260817_00003466,captured,wallet,85.24,3.35,8.76,6.39,0.0,103.74,2026-08-17T20:22:01Z,2026-08-17T21:15:44Z,USD
pay_5745be2f813745809864,o_20260817_00003467,captured,paypal,67.94,6.55,7.36,5.39,0.0,87.24,2026-08-17T19:24:15Z,2026-08-17T20:27:55Z,USD
pay_b9b7df5482e14f48ab81,o_20260817_00003468,refunded,paypal,39.63,0.51,4.1,3.15,5.94,41.45,2026-08-17T12:13:04Z,,USD
pay_59f3ab1bff52494c8cfd,o_20260817_00003469,captured,card,32.66,6.55,4.73,2.16,0.0,46.1,2026-08-17T08:11:01Z,2026-08-17T08:52:57Z,USD
pay_d0dd93b63e2941a187b2,o_20260817_00003470,captured,paypal,70.5,3.82,6.99,4.75,0.0,86.06,2026-08-17T12:55:35Z,2026-08-17T13:27:46Z,USD
pay_9d40a8fda85c47e5980a,o_20260817_00003471,refunded,apple_pay,59.73,4.33,8.09,6.02,0.0,78.17,2026-08-17T19:18:23Z,,USD
pay_b794fabdfc104771b542,o_20260817_00003472,captured,card,73.07,6.45,7.55,5.36,0.0,92.43,2026-08-17T18:39:37Z,2026-08-17T19:38:49Z,USD
pay_26ad46fd6ede47e6b2bb,o_20260817_00003473,captured,wallet,124.38,2.38,14.73,9.91,18.66,132.74,2026-08-17T12:05:06Z,2026-08-17T12:55:53Z,USD
pay_9a54c6324234401d914e,o_20260817_00003474,captured,card,33.84,1.34,5.17,1.9,5.08,37.17,2026-08-17T11:23:56Z,2026-08-17T12:14:45Z,USD
pay_7503ae61606841daae77,o_20260817_00003475,captured,apple_pay,111.5,6.33,14.06,10.23,0.0,142.12,2026-08-17T19:26:08Z,2026-08-17T19:55:03Z,USD
pay_0271112db67b4b88a60e,o_20260817_00003476,captured,card,78.06,6.51,10.2,7.24,0.0,102.01,2026-08-17T18:21:07Z,2026-08-17T19:21:51Z,USD
pay_722a4e38253247b7b9a7,o_20260817_00003477,captured,paypal,69.14,5.48,6.91,4.38,10.37,75.54,2026-08-17T11:16:02Z,2026-08-17T11:34:32Z,USD
pay_050670bb77594d8e989f,o_20260817_00003478,captured,paypal,70.86,5.61,8.6,6.17,3.54,87.7,2026-08-17T20:45:17Z,2026-08-17T21:33:10Z,USD
pay_06988f3b33d84bc9b724,o_20260817_00003479,captured,apple_pay,27.32,0.83,3.49,2.05,2.73,30.96,2026-08-17T13:42:22Z,2026-08-17T14:41:59Z,USD
pay_75116321b1e142b0afd7,o_20260817_00003480,captured,paypal,36.93,6.63,3.94,3.16,0.0,50.66,2026-08-17T08:43:03Z,2026-08-17T09:20:00Z,USD
pay_7cb36a2789da4f56b077,o_20260817_00003481,captured,paypal,60.5,3.0,5.53,3.84,6.05,66.82,2026-08-17T11:59:04Z,2026-08-17T12:47:47Z,USD
pay_6351330807344891b0e2,o_20260817_00003482,captured,paypal,82.98,5.96,8.16,7.42,0.0,104.52,2026-08-17T19:47:55Z,2026-08-17T20:49:49Z,USD
pay_18fd3044b1d441ba80d1,o_20260817_00003483,captured,apple_pay,65.53,3.58,8.77,5.27,9.83,73.32,2026-08-17T13:19:29Z,2026-08-17T14:11:16Z,USD
pay_aede3eb9679b46278b2b,o_20260817_00003484,captured,paypal,59.88,2.12,9.58,3.29,5.99,68.88,2026-08-17T18:57:21Z,2026-08-17T20:18:02Z,USD
pay_d6c30696b51b411e8429,o_20260817_00003485,captured,paypal,82.95,6.53,9.57,5.37,8.29,96.13,2026-08-17T19:48:26Z,2026-08-17T20:34:12Z,USD
pay_de5d0dd2040f4ae4bb72,o_20260817_00003486,captured,wallet,31.46,3.46,3.67,2.13,0.0,40.72,2026-08-17T12:43:38Z,2026-08-17T13:18:12Z,USD
pay_08becc9888974915aa18,o_20260817_00003487,captured,wallet,41.86,5.47,4.96,3.09,2.09,53.29,2026-08-17T20:17:47Z,2026-08-17T21:01:26Z,USD
pay_d689699e72fe4b2dbefe,o_20260817_00003488,captured,apple_pay,53.34,5.06,7.87,2.75,8.0,61.02,2026-08-17T12:18:12Z,2026-08-17T13:03:49Z,USD
pay_fa14d98195674b7d9631,o_20260817_00003489,captured,apple_pay,102.67,3.89,14.86,9.23,0.0,130.65,2026-08-17T20:44:07Z,2026-08-17T21:37:01Z,USD
pay_d99f58a8991f4fcd86a5,o_20260817_00003490,captured,wallet,52.0,0.93,5.87,4.28,5.2,57.88,2026-08-17T11:56:27Z,2026-08-17T12:53:28Z,USD
pay_9a72a03cb29e42899e69,o_20260817_00003491,captured,apple_pay,18.16,2.55,2.1,1.17,2.72,21.26,2026-08-17T20:13:48Z,2026-08-17T21:12:28Z,USD
pay_fa5c3957a5d24592ab21,o_20260817_00003492,captured,wallet,40.03,4.61,5.5,3.8,0.0,53.94,2026-08-17T19:28:49Z,2026-08-17T20:17:17Z,USD
pay_a4e47b6b498f415f9aeb,o_20260817_00003493,captured,apple_pay,33.17,6.88,2.76,3.0,0.0,45.81,2026-08-17T12:49:06Z,2026-08-17T13:27:37Z,USD
pay_b63cf3a819684e2c99da,o_20260817_00003494,refunded,apple_pay,38.1,2.47,5.25,2.62,5.71,42.73,2026-08-17T11:10:34Z,,USD
pay_335aef3a67314ee7947f,o_20260817_00003495,captured,paypal,180.49,1.6,15.98,17.33,0.0,215.4,2026-08-17T11:10:07Z,2026-08-17T12:02:49Z,USD
pay_83ed9ce78a514713af54,o_20260817_00003496,captured,wallet,71.7,1.52,9.78,6.33,3.59,85.74,2026-08-17T08:19:23Z,2026-08-17T09:10:01Z,USD
pay_8f0b9e17f9094cff872a,o_20260817_00003497,captured,wallet,104.14,4.74,11.94,10.07,0.0,130.89,2026-08-17T18:41:29Z,2026-08-17T19:10:35Z,USD
pay_4fcd6fd1d64f4343b7af,o_20260817_00003498,refunded,paypal,78.92,6.45,11.56,7.57,0.0,104.5,2026-08-17T12:31:26Z,,USD
pay_033098969c294f3da350,o_20260817_00003499,captured,card,44.12,2.35,3.94,4.08,0.0,54.49,2026-08-17T18:23:41Z,2026-08-17T19:03:59Z,USD
pay_58ae6d85d77d4d4e8dd3,o_20260817_00003500,captured,card,28.69,0.65,2.53,1.81,0.0,33.68,2026-08-17T08:01:54Z,2026-08-17T08:53:07Z,USD
pay_a0000b5a4220416e9a08,o_20260817_00003501,captured,apple_pay,55.74,6.79,6.41,5.01,0.0,73.95,2026-08-17T18:37:22Z,2026-08-17T19:05:55Z,USD
pay_98557dd189d84b19a443,o_20260817_00003502,captured,paypal,110.25,1.65,17.08,7.67,11.03,125.62,2026-08-17T12:31:16Z,2026-08-17T13:19:09Z,USD
pay_392b3dd7a38044648b27,o_20260817_00003503,captured,apple_pay,45.96,2.04,4.35,2.56,6.89,48.02,2026-08-17T12:25:48Z,2026-08-17T13:12:10Z,USD
pay_2556f0e9950f408fb65d,o_20260817_00003504,captured,paypal,104.75,3.76,8.58,9.73,5.24,121.58,2026-08-17T19:05:39Z,2026-08-17T19:52:54Z,USD
pay_8012361df23b435abe72,o_20260817_00003505,captured,paypal,113.78,3.42,10.76,7.02,0.0,134.98,2026-08-17T12:35:33Z,2026-08-17T13:06:34Z,USD
pay_e6d1da115f954a758fa1,o_20260817_00003506,captured,card,61.29,6.86,5.48,4.5,6.13,72.0,2026-08-17T11:52:13Z,2026-08-17T12:52:21Z,USD
pay_3959e3942620415f9db1,o_20260817_00003507,captured,apple_pay,39.58,4.19,5.59,3.49,3.96,48.89,2026-08-17T11:53:46Z,2026-08-17T12:34:37Z,USD
pay_ed7f5dd11bbc4b2ba5d3,o_20260817_00003508,refunded,apple_pay,104.22,6.87,10.5,6.43,0.0,128.02,2026-08-17T13:47:09Z,,USD
pay_494683e76a784203bc67,o_20260817_00003509,captured,apple_pay,62.71,6.74,6.78,5.26,0.0,81.49,2026-08-17T12:21:32Z,2026-08-17T13:15:08Z,USD
pay_d6fb83e293a34a92ac28,o_20260817_00003510,captured,paypal,20.58,5.68,3.28,1.34,0.0,30.88,2026-08-17T11:08:29Z,2026-08-17T11:52:14Z,USD
pay_fb66009b8851416d8c8d,o_20260817_00003511,captured,card,61.91,0.81,8.17,4.84,6.19,69.54,2026-08-17T20:03:05Z,2026-08-17T20:56:55Z,USD
pay_6403bdd0eccf4f0ab1d5,o_20260817_00003512,captured,wallet,36.26,1.87,5.78,2.25,3.63,42.53,2026-08-17T12:56:15Z,2026-08-17T13:48:08Z,USD
pay_8e91d1f3aa334975a66a,o_20260817_00003513,captured,apple_pay,46.85,5.42,6.03,3.77,2.34,59.73,2026-08-17T19:27:28Z,2026-08-17T20:09:30Z,USD
pay_ee5e57e632064ac5ad56,o_20260817_00003514,captured,paypal,105.5,4.46,9.98,9.16,0.0,129.1,2026-08-17T19:33:28Z,2026-08-17T20:25:39Z,USD
pay_59487352546642af9673,o_20260817_00003515,captured,apple_pay,32.06,5.97,3.03,2.36,0.0,43.42,2026-08-17T19:37:33Z,2026-08-17T20:34:10Z,USD
pay_8fca6c00b17545c183e3,o_20260817_00003516,captured,paypal,36.33,1.73,4.37,2.15,3.63,40.95,2026-08-17T13:20:32Z,2026-08-17T13:55:27Z,USD
pay_000d117799b444b0b377,o_20260817_00003517,captured,apple_pay,82.22,6.67,10.02,7.29,8.22,97.98,2026-08-17T19:10:41Z,2026-08-17T19:36:13Z,USD
pay_8a1e4848aa244b40b059,o_20260817_00003518,captured,card,146.57,2.65,12.03,13.07,14.66,159.66,2026-08-17T11:03:56Z,2026-08-17T12:00:35Z,USD
pay_2db55da014ff40c693e7,o_20260817_00003519,captured,card,57.15,4.51,5.25,4.58,0.0,71.49,2026-08-17T11:20:46Z,2026-08-17T11:55:15Z,USD
pay_0548cf8be10c4325b303,o_20260817_00003520,captured,card,67.14,1.07,7.75,5.03,10.07,70.92,2026-08-17T20:04:43Z,2026-08-17T20:38:06Z,USD
pay_18b196f3b63d4c4f9e43,o_20260817_00003521,captured,card,45.9,1.5,3.8,4.21,0.0,55.41,2026-08-17T12:07:59Z,2026-08-17T13:06:57Z,USD
pay_5d1236fd383148cbbce5,o_20260817_00003522,captured,card,119.36,2.7,10.61,7.51,0.0,140.18,2026-08-17T08:25:26Z,2026-08-17T09:32:34Z,USD
pay_c619c88d31cf4d73b840,o_20260817_00003523,captured,card,52.75,2.38,7.21,4.88,2.64,64.58,2026-08-17T19:31:53Z,2026-08-17T20:31:37Z,USD
pay_c0e29a3bcf7c42a7b20e,o_20260817_00003524,captured,wallet,93.38,1.43,8.22,6.99,0.0,110.02,2026-08-17T18:55:17Z,2026-08-17T19:40:48Z,USD
pay_106440fcfa89422a997e,o_20260817_00003525,captured,wallet,133.8,6.34,14.71,12.47,0.0,167.32,2026-08-17T11:33:33Z,2026-08-17T12:17:59Z,USD
pay_af64fcfaee9c421c9c0f,o_20260817_00003526,captured,wallet,19.44,1.82,1.66,1.14,0.97,23.09,2026-08-17T12:07:28Z,2026-08-17T13:13:12Z,USD
pay_c8b83fe2b7ae4b4a9961,o_20260817_00003527,captured,card,40.32,1.23,5.78,3.37,4.03,46.67,2026-08-17T11:50:30Z,2026-08-17T12:46:04Z,USD
pay_bd724a6c85d04ad0b458,o_20260817_00003528,captured,wallet,94.32,6.55,12.86,6.49,9.43,110.79,2026-08-17T19:48:11Z,2026-08-17T20:25:11Z,USD
pay_f85a208f582448189d66,o_20260817_00003529,captured,paypal,14.42,4.25,1.48,0.97,1.44,19.68,2026-08-17T18:37:59Z,2026-08-17T19:15:42Z,USD
pay_68041e453a8f4344b615,o_20260817_00003530,captured,paypal,80.06,5.29,10.28,7.52,0.0,103.15,2026-08-17T12:28:14Z,2026-08-17T13:20:57Z,USD
pay_cceaa79b410543059e92,o_20260817_00003531,captured,apple_pay,85.03,5.6,11.92,8.51,0.0,111.06,2026-08-17T08:01:41Z,2026-08-17T08:37:33Z,USD
pay_787cd4c2796743dba29b,o_20260817_00003532,captured,card,107.04,4.81,11.47,7.41,5.35,125.38,2026-08-17T13:09:55Z,2026-08-17T14:16:01Z,USD
pay_6592162ed9ef4925bdbe,o_20260817_00003533,voided,apple_pay,48.48,2.48,5.85,3.35,0.0,60.16,2026-08-17T12:16:22Z,,USD
pay_ac2d6489ceb54fe588cc,o_20260817_00003534,voided,wallet,77.75,4.41,11.28,5.47,0.0,98.91,2026-08-17T19:01:12Z,,USD
pay_8de71fc035304b2e9ac9,o_20260817_00003535,captured,apple_pay,50.02,4.6,4.32,2.97,7.5,54.41,2026-08-17T11:45:29Z,2026-08-17T12:33:43Z,USD
pay_894680e678ea4d2a8f9b,o_20260817_00003536,captured,card,93.08,6.09,10.6,8.4,9.31,108.86,2026-08-17T19:33:34Z,2026-08-17T20:30:16Z,USD
pay_98bac659beb946468f5a,o_20260817_00003537,captured,paypal,89.05,2.48,12.61,8.05,8.9,103.29,2026-08-17T08:07:36Z,2026-08-17T08:42:30Z,USD
pay_c21d67f044f74e8ab04b,o_20260817_00003538,captured,apple_pay,68.9,5.07,9.0,5.71,3.45,85.23,2026-08-17T12:52:42Z,2026-08-17T13:31:23Z,USD
pay_24641348ca0d4380aa0a,o_20260817_00003539,refunded,wallet,62.3,0.85,7.99,4.66,0.0,75.8,2026-08-17T19:22:03Z,,USD
pay_4087edfc5bb649b9a6b4,o_20260817_00003540,captured,apple_pay,92.49,5.65,10.8,7.07,13.87,102.14,2026-08-17T18:00:32Z,2026-08-17T18:33:15Z,USD
pay_eea4fe58b23a4d84bc67,o_20260817_00003541,captured,apple_pay,109.49,3.89,11.57,7.56,10.95,121.56,2026-08-17T12:00:37Z,2026-08-17T12:33:12Z,USD
pay_9bb9797c35b047dda237,o_20260817_00003542,captured,paypal,18.6,6.78,2.25,1.78,0.93,28.48,2026-08-17T18:27:54Z,2026-08-17T19:18:01Z,USD
pay_a1ec50af8c8f470eb9a8,o_20260817_00003543,refunded,card,37.58,4.85,4.13,3.3,3.76,46.1,2026-08-17T12:21:11Z,,USD
pay_bcea55cafa214f3ca07c,o_20260817_00003544,captured,card,19.95,6.84,1.95,1.16,2.99,26.91,2026-08-17T13:07:03Z,2026-08-17T13:52:07Z,USD
pay_d6729a813cde4d7087ae,o_20260817_00003545,captured,wallet,99.41,0.62,10.33,7.4,4.97,112.79,2026-08-17T19:12:16Z,2026-08-17T20:01:23Z,USD
pay_36b04a86483c4c67a13b,o_20260817_00003546,captured,wallet,10.01,1.14,1.02,0.94,0.0,13.11,2026-08-17T18:28:32Z,2026-08-17T19:10:28Z,USD
pay_ccbbb4cfbbea43b9b821,o_20260817_00003547,captured,card,65.89,3.1,5.91,4.26,0.0,79.16,2026-08-17T20:07:08Z,2026-08-17T21:03:09Z,USD
pay_8cab4619667745d291c2,o_20260817_00003548,captured,apple_pay,51.18,0.76,6.96,3.57,0.0,62.47,2026-08-17T18:06:59Z,2026-08-17T19:19:03Z,USD
pay_afaff6d13ca04d15abf1,o_20260817_00003549,captured,apple_pay,118.38,2.49,12.93,9.46,0.0,143.26,2026-08-17T11:18:01Z,2026-08-17T12:12:45Z,USD
pay_f6033a52432a4500bb75,o_20260817_00003550,captured,card,71.34,4.58,9.61,6.53,0.0,92.06,2026-08-17T13:50:17Z,2026-08-17T14:34:29Z,USD
pay_5e652cf14d1143c2840d,o_20260817_00003551,captured,paypal,58.8,5.09,9.26,3.63,0.0,76.78,2026-08-17T08:26:50Z,2026-08-17T09:01:33Z,USD
pay_fdddffe2573645298511,o_20260817_00003552,captured,apple_pay,91.91,5.68,9.61,6.25,4.6,108.85,2026-08-17T12:54:29Z,2026-08-17T13:42:51Z,USD
pay_850abe1d57bb4dd69e76,o_20260817_00003553,captured,apple_pay,60.45,4.71,6.45,3.59,9.07,66.13,2026-08-17T13:25:24Z,2026-08-17T14:21:47Z,USD
pay_938d36b0743341b3ad83,o_20260817_00003554,captured,card,134.24,2.14,16.41,9.74,0.0,162.53,2026-08-17T11:35:00Z,2026-08-17T12:21:03Z,USD
pay_bf4a0c6bb27d48a285d5,o_20260817_00003555,captured,wallet,123.93,3.76,12.03,8.58,12.39,135.91,2026-08-17T11:18:11Z,2026-08-17T12:02:53Z,USD
pay_49fa5d67b0004da79bc2,o_20260817_00003556,captured,wallet,84.84,1.25,9.42,6.18,8.48,93.21,2026-08-17T12:14:56Z,2026-08-17T13:05:59Z,USD
pay_7b858590beac47cda9ac,o_20260817_00003557,captured,apple_pay,67.79,2.57,10.46,4.83,6.78,78.87,2026-08-17T19:43:17Z,2026-08-17T20:27:47Z,USD
pay_c5051b975aea43c6a906,o_20260817_00003558,captured,wallet,31.5,1.86,2.93,2.55,0.0,38.84,2026-08-17T11:59:30Z,2026-08-17T12:41:09Z,USD
pay_4ee7f5fc8e3549b8b238,o_20260817_00003559,captured,apple_pay,24.44,3.57,2.16,1.66,2.44,29.39,2026-08-17T18:39:18Z,2026-08-17T19:18:59Z,USD
pay_89e4494032634a57a7c3,o_20260817_00003560,captured,apple_pay,52.31,0.57,4.94,4.04,7.85,54.01,2026-08-17T19:41:03Z,2026-08-17T20:26:34Z,USD
pay_9b20184a33e447ae8f2f,o_20260817_00003561,captured,paypal,21.63,1.11,3.16,1.44,0.0,27.34,2026-08-17T13:56:25Z,2026-08-17T14:49:20Z,USD
pay_88fe52ddd3ad4fa99078,o_20260817_00003562,captured,wallet,51.71,2.98,6.7,3.99,7.76,57.62,2026-08-17T13:38:14Z,2026-08-17T14:23:39Z,USD
pay_e2c83528aea2464eb281,o_20260817_00003563,captured,card,122.51,1.23,10.83,10.59,0.0,145.16,2026-08-17T11:55:47Z,2026-08-17T12:45:16Z,USD
pay_70e4fe6bae1b42d9986f,o_20260817_00003564,captured,paypal,43.21,2.62,6.26,3.46,2.16,53.39,2026-08-17T11:35:43Z,2026-08-17T12:16:17Z,USD
pay_d9bf6f760b5b4f70891f,o_20260817_00003565,voided,wallet,10.46,5.39,1.29,0.73,1.57,16.3,2026-08-17T19:10:17Z,,USD
pay_9115ec7bf46142aa9c44,o_20260817_00003566,captured,card,58.68,2.57,6.22,4.54,5.87,66.14,2026-08-17T11:28:30Z,2026-08-17T12:16:03Z,USD
pay_602b6b7e99c649e689c6,o_20260817_00003567,captured,card,129.96,3.67,11.72,8.27,0.0,153.62,2026-08-17T20:02:03Z,2026-08-17T20:29:39Z,USD
pay_d93db64f78fd4c1f95e6,o_20260817_00003568,captured,wallet,132.15,0.67,13.83,11.09,19.82,137.92,2026-08-17T13:56:46Z,2026-08-17T14:28:37Z,USD
pay_fc780f3949a5414285d4,o_20260817_00003569,captured,paypal,71.31,6.32,6.12,6.71,0.0,90.46,2026-08-17T20:38:03Z,2026-08-17T21:53:41Z,USD
pay_a660c10bb3124de9bb1b,o_20260817_00003570,captured,apple_pay,56.94,5.4,6.62,4.63,0.0,73.59,2026-08-17T18:55:10Z,2026-08-17T20:00:08Z,USD
pay_9bd8a6af80894ec1b669,o_20260817_00003571,captured,card,66.36,4.69,5.37,3.61,9.95,70.08,2026-08-17T12:11:14Z,2026-08-17T12:39:21Z,USD
pay_d9dd81529d634bd9be93,o_20260817_00003572,captured,wallet,64.32,2.79,5.25,5.16,0.0,77.52,2026-08-17T11:04:14Z,2026-08-17T11:46:23Z,USD
pay_01b162a601ee4449802a,o_20260817_00003573,refunded,paypal,22.06,6.29,2.53,1.39,0.0,32.27,2026-08-17T19:13:20Z,,USD
pay_1e1a604eb09b46b08dcf,o_20260817_00003574,refunded,paypal,80.07,6.31,8.5,5.34,12.01,88.21,2026-08-17T18:19:11Z,,USD
pay_567f97efa7f74bfebb7e,o_20260817_00003575,captured,wallet,136.84,3.77,14.62,9.61,6.84,158.0,2026-08-17T18:54:59Z,2026-08-17T19:29:38Z,USD
pay_ae88a715209a4baf8ac2,o_20260817_00003576,voided,wallet,71.78,5.14,7.77,6.02,0.0,90.71,2026-08-17T12:18:49Z,,USD
pay_77d3d487608842e4b3b5,o_20260817_00003577,captured,paypal,113.2,1.21,14.01,7.44,16.98,118.88,2026-08-17T18:12:05Z,2026-08-17T18:57:57Z,USD
pay_2390c0c0c1a1458bb822,o_20260817_00003578,captured,paypal,52.14,3.43,7.51,4.63,5.21,62.5,2026-08-17T12:39:29Z,2026-08-17T13:45:39Z,USD
pay_c00f05a3efdf46ac9cd0,o_20260817_00003579,captured,card,44.16,3.01,3.81,2.99,0.0,53.97,2026-08-17T12:32:36Z,2026-08-17T13:29:23Z,USD
pay_bacb43b2bd134d228773,o_20260817_00003580,refunded,paypal,68.26,4.45,9.48,5.72,6.83,81.08,2026-08-17T11:28:30Z,,USD
pay_84934800f3524c6f93da,o_20260817_00003581,captured,wallet,25.89,4.15,3.47,2.46,0.0,35.97,2026-08-17T11:45:09Z,2026-08-17T12:46:59Z,USD
pay_c24ab7aa5d5846b298a1,o_20260817_00003582,captured,card,96.74,6.19,14.17,6.61,0.0,123.71,2026-08-17T11:22:27Z,2026-08-17T12:10:59Z,USD
pay_d68d828a845840498790,o_20260817_00003583,captured,paypal,23.31,4.59,2.7,1.89,0.0,32.49,2026-08-17T12:49:56Z,2026-08-17T13:28:51Z,USD
pay_80501d92c83644198fca,o_20260817_00003584,captured,paypal,39.48,6.53,5.08,2.95,0.0,54.04,2026-08-17T14:01:00Z,2026-08-17T14:47:34Z,USD
pay_fb73c33eaa054cee8b5b,o_20260817_00003585,refunded,card,72.39,0.88,11.54,4.71,7.24,82.28,2026-08-17T18:52:10Z,,USD
pay_538025102a5749e58b3b,o_20260817_00003586,captured,apple_pay,70.2,3.86,8.96,6.65,0.0,89.67,2026-08-17T19:48:30Z,2026-08-17T20:54:04Z,USD
pay_5d295fc606294c4d93c6,o_20260817_00003587,captured,wallet,83.72,6.98,7.57,6.43,4.19,100.51,2026-08-17T19:34:40Z,2026-08-17T20:26:54Z,USD
pay_df02f5280b664383830d,o_20260817_00003588,captured,wallet,95.99,1.98,9.57,9.14,0.0,116.68,2026-08-17T08:16:01Z,2026-08-17T09:05:31Z,USD
pay_a2aa9e68988343ae86db,o_20260817_00003589,captured,apple_pay,27.87,5.4,3.28,1.83,2.79,35.59,2026-08-17T11:45:08Z,2026-08-17T12:31:00Z,USD
pay_f580e72c80b94d0fad0b,o_20260817_00003590,captured,card,146.91,4.02,16.41,10.84,14.69,163.49,2026-08-17T12:49:09Z,2026-08-17T13:24:43Z,USD
pay_48e2c88589f247c99de2,o_20260817_00003591,captured,apple_pay,99.54,3.56,11.12,5.38,9.95,109.65,2026-08-17T11:54:34Z,2026-08-17T12:24:24Z,USD
pay_0ea3d4f7cb434514be0a,o_20260817_00003592,voided,card,15.08,2.07,1.6,1.12,0.0,19.87,2026-08-17T11:38:59Z,,USD
pay_a1f6b13fb8184a3793e5,o_20260817_00003593,captured,paypal,39.82,5.46,4.25,3.86,1.99,51.4,2026-08-17T12:08:41Z,2026-08-17T12:37:30Z,USD
pay_c11a0395e98b4ce08452,o_20260817_00003594,captured,card,47.42,3.35,7.3,4.32,0.0,62.39,2026-08-17T13:46:11Z,2026-08-17T14:39:50Z,USD
pay_9eaaaf392eac41bda1f9,o_20260817_00003595,captured,paypal,141.18,5.44,11.68,9.6,14.12,153.78,2026-08-17T12:06:36Z,2026-08-17T13:04:20Z,USD
pay_31670b94025a41adb6dd,o_20260817_00003596,captured,wallet,20.92,0.71,3.03,1.73,0.0,26.39,2026-08-17T19:25:57Z,2026-08-17T20:03:12Z,USD
pay_dda15762923544c69148,o_20260817_00003597,refunded,wallet,80.56,2.24,9.01,7.66,0.0,99.47,2026-08-17T12:09:50Z,,USD
pay_87388da55e224548afe8,o_20260817_00003598,captured,wallet,31.72,5.36,4.13,1.81,1.59,41.43,2026-08-17T12:05:08Z,2026-08-17T12:45:32Z,USD
pay_948e435f25bd4486b9a4,o_20260817_00003599,captured,paypal,87.56,3.2,7.47,8.29,0.0,106.52,2026-08-17T12:26:15Z,2026-08-17T13:13:07Z,USD
pay_f8dd741d8ec043a6b337,o_20260817_00003600,captured,apple_pay,104.5,0.69,13.81,6.35,0.0,125.35,2026-08-17T19:56:50Z,2026-08-17T20:57:44Z,USD
