payment_id,order_id,payment_status,payment_method,subtotal_amount,delivery_fee,service_fee,tax_amount,discount_amount,total_amount,authorized_at,captured_at,currency
pay_49bba1e149cb4fca9ae4,o_20260818_00003601,captured,apple_pay,92.49,4.89,8.86,6.96,9.25,103.95,2026-08-18T19:22:41Z,2026-08-18T20:09:55Z,USD
pay_ba7b43c4d9f04299b4ae,o_20260818_00003602,captured,wallet,28.76,2.21,3.54,1.89,2.88,33.52,2026-08-18T11:37:50Z,2026-08-18T12:25:24Z,USD
pay_4264bf4be8c944cfb1bd,o_20260818_00003603,captured,card,15.6,4.71,1.43,1.35,0.0,23.09,2026-08-18T08:07:14Z,2026-08-18T09:07:38Z,USD
pay_bffefa7635a24b969d3d,o_20260818_00003604,captured,paypal,116.87,6.67,18.49,8.21,17.53,132.71,2026-08-18T13:54:59Z,2026-08-18T14:24:47Z,USD
pay_4a81e472d414493584c0,o_20260818_00003605,captured,paypal,37.05,4.23,5.16,2.31,3.71,45.04,2026-08-18T12:35:27Z,2026-08-18T13:17:36Z,USD
pay_955e0a6a8f6f48ba8c65,o_20260818_00003606,refunded,apple_pay,7.4,5.16,1.06,0.43,0.37,13.68,2026-08-18T12:38:14Z,,USD
pay_97636c109f6248df8426,o_20260818_00003607,captured,wallet,40.28,2.06,3.28,3.09,0.0,48.71,2026-08-18T19:00:59Z,2026-08-18T19:43:31Z,USD
pay_48dd39065c66430d84fd,o_20260818_00003608,captured,paypal,71.41,5.45,9.26,4.72,3.57,87.27,2026-08-18T08:55:36Z,2026-08-18T09:37:54Z,USD
pay_cff210e2b8e94a269458,o_20260818_00003609,captured,paypal,33.55,3.3,3.24,3.04,3.35,39.78,2026-08-18T13:10:12Z,2026-08-18T13:54:45Z,USD
pay_80bde020e92649619c81,o_20260818_00003610,captured,card,52.47,2.87,4.4,3.87,0.0,63.61,2026-08-18T11:40:43Z,2026-08-18T12:27:21Z,USD
pay_07b9d0f74c674caaa3ab,o_20260818_00003611,captured,paypal,58.37,0.94,7.29,5.7,0.0,72.3,2026-08-18T12:43:45Z,2026-08-18T13:33:29Z,USD
pay_71b78e94a9cf470e983d,o_20260818_00003612,captured,paypal,18.94,1.96,1.82,1.62,0.95,23.39,2026-08-18T20:57:02Z,2026-08-18T21:44:36Z,USD
pay_d56afa2b61e546178cb8,o_20260818_00003613,captured,card,14.8,1.04,1.46,1.22,0.0,18.52,2026-08-18T18:25:23Z,2026-08-18T19:03:58Z,USD
pay_60663e11d2ca4f45a642,o_20260818_00003614,captured,paypal,19.43,5.34,1.89,1.83,0.0,28.49,2026-08-18T13:21:07Z,2026-08-18T14:21:37Z,USD
pay_00f4b77a8c8543dc8a80,o_20260818_00003615,captured,paypal,48.92,6.45,6.73,2.78,7.34,57.54,2026-08-18T12:13:09Z,2026-08-18T12:58:40Z,USD
pay_ee34300ea3d74952a16b,o_20260818_00003616,captured,paypal,71.58,1.98,10.44,6.41,0.0,90.41,2026-08-18T12:07:36Z,2026-08-18T12:44:25Z,USD
pay_883c7edca0ae45478da0,o_20260818_00003617,captured,paypal,37.06,3.27,2.99,2.27,5.56,40.03,2026-08-18T11:49:41Z,2026-08-18T12:44:14Z,USD
pay_d494c0e664b245cbbfbf,o_20260818_00003618,captured,paypal,56.47,2.1,8.11,5.15,0.0,71.83,2026-08-18T11:44:36Z,2026-08-18T12:14:14Z,USD
pay_9d1a87803b4641508ac8,o_20260818_00003619,refunded,paypal,25.28,5.51,3.71,1.95,0.0,36.45,2026-08-18T13:44:30Z,,USD
pay_2d17b17a04a840d3825c,o_20260818_00003620,captured,wallet,63.6,3.83,9.91,5.58,0.0,82.92,2026-08-18T12:00:49Z,2026-08-18T12:33:35Z,USD
pay_ee1d7784bbac416ca6ce,o_20260818_00003621,captured,paypal,19.4,3.92,2.15,1.72,0.0,27.19,2026-08-18T18:37:28Z,2026-08-18T19:28:49Z,USD
pay_586533ddeec74b308b20,o_20260818_00003622,captured,apple_pay,95.93,6.29,14.27,5.74,4.8,117.43,2026-08-18T08:23:27Z,2026-08-18T09:04:42Z,USD
pay_b50911be442b4178b0ac,o_20260818_00003623,captured,card,122.96,5.39,17.44,9.18,0.0,154.97,2026-08-18T19:32:06Z,2026-08-18T19:58:48Z,USD
pay_d123c025e16a43088245,o_20260818_00003624,captured,wallet,66.96,3.02,5.7,6.45,3.35,78.78,2026-08-18T18:40:38Z,2026-08-18T19:18:44Z,USD
pay_77d2a7b69e044eca96ea,o_20260818_00003625,captured,wallet,35.78,3.04,3.27,2.92,5.37,39.64,2026-08-18T19:07:39Z,2026-08-18T19:36:31Z,USD
pay_fa2dfffd38234630b078,o_20260818_00003626,captured,apple_pay,47.56,3.65,5.08,3.6,0.0,59.89,2026-08-18T18:53:20Z,2026-08-18T19:30:01Z,USD
pay_91b22f8b533d492abfd0,o_20260818_00003627,captured,paypal,40.51,5.08,4.15,3.07,4.05,48.76,2026-08-18T11:06:36Z,2026-08-18T12:02:50Z,USD
pay_b80067387a494cc0bfbe,o_20260818_00003628,refunded,apple_pay,60.43,4.02,8.16,3.73,6.04,70.3,2026-08-18T20:23:05Z,,USD
pay_b248c019ed6542008be9,o_20260818_00003629,captured,apple_pay,74.37,2.54,8.84,6.04,11.16,80.63,2026-08-18T11:01:12Z,2026-08-18T11:52:11Z,USD
pay_ecc4bc89316043528781,o_20260818_00003630,captured,wallet,23.16,0.7,3.62,1.47,0.0,28.95,2026-08-18T12:02:03Z,2026-08-18T12:59:47Z,USD
pay_def65878e8f645869ebf,o_20260818_00003631,captured,apple_pay,98.36,1.55,8.16,7.05,0.0,115.12,2026-08-18T13:44:13Z,2026-08-18T14:39:22Z,USD
pay_09633d0187f54582a29f,o_20260818_00003632,captured,wallet,129.45,4.63,15.51,12.02,0.0,161.61,2026-08-18T18:44:50Z,2026-08-18T19:38:14Z,USD
pay_0ac018f9cb9844179dd9,o_20260818_00003633,captured,apple_pay,35.68,2.2,5.27,2.72,0.0,45.87,2026-08-18T08:18:41Z,2026-08-18T08:52:30Z,USD
pay_3970c31aa9b94f9190cb,o_20260818_00003634,captured,paypal,84.27,3.59,12.26,7.0,0.0,107.12,2026-08-18T19:48:21Z,2026-08-18T20:56:04Z,USD
pay_8ebfd0ab37234fe89c00,o_20260818_00003635,captured,wallet,62.32,5.65,9.28,5.87,0.0,83.12,2026-08-18T19:56:13Z,2026-08-18T20:37:46Z,USD
pay_07946661f189480ab961,o_20260818_00003636,captured,paypal,14.75,2.24,1.61,1.36,0.74,19.22,2026-08-18T18:13:35Z,2026-08-18T19:00:51Z,USD
pay_73290db2a3af48448d69,o_20260818_00003637,captured,apple_pay,20.28,5.98,2.82,1.64,0.0,30.72,2026-08-18T18:10:49Z,2026-08-18T18:55:35Z,USD
pay_7d22e43ea6114d7e8a5f,o_20260818_00003638,captured,wallet,51.28,5.89,7.94,4.72,2.56,67.27,2026-08-18T08:21:38Z,2026-08-18T09:03:50Z,USD
pay_39abf1c1a15c4916b06d,o_20260818_00003639,captured,apple_pay,14.25,6.83,1.97,1.31,0.71,23.65,2026-08-18T12:47:25Z,2026-08-18T13:38:59Z,USD
pay_5abb3ccf3be14714a0b0,o_20260818_00003640,captured,apple_pay,19.43,4.75,2.76,1.53,0.0,28.47,2026-08-18T11:46:27Z,2026-08-18T12:36:28Z,USD
pay_bcc6a24a95864c6b9b21,o_20260818_00003641,captured,paypal,76.62,1.76,10.48,4.97,7.66,86.17,2026-08-18T19:44:47Z,2026-08-18T20:17:51Z,USD
pay_7e5801cb5c244771b6e9,o_20260818_00003642,captured,apple_pay,51.3,5.17,6.58,4.86,0.0,67.91,2026-08-18T18:54:08Z,2026-08-18T19:47:25Z,USD
pay_75ffbf792a814ceca971,o_20260818_00003643,captured,apple_pay,55.0,6.74,6.97,3.94,5.5,67.15,2026-08-18T12:56:40Z,2026-08-18T13:49:32Z,USD
pay_9cab89ca1b9e4895891c,o_20260818_00003644,voided,card,73.66,4.0,9.19,3.96,11.05,79.76,2026-08-18T20:27:11Z,,USD
pay_4b4a84c70f36469b9145,o_20260818_00003645,captured,paypal,73.66,2.07,8.65,4.84,7.37,81.85,2026-08-18T19:38:51Z,2026-08-18T20:16:36Z,USD
pay_3baa1267e945414b8806,o_20260818_00003646,captured,wallet,46.16,4.89,5.02,3.89,6.92,53.04,2026-08-18T19:10:06Z,2026-08-18T19:43:17Z,USD
pay_e680acdb69c649a398c8,o_20260818_00003647,captured,apple_pay,72.36,5.52,10.3,5.78,0.0,93.96,2026-08-18T12:19:50Z,2026-08-18T12:43:27Z,USD
pay_c130b9c45e834938bf13,o_20260818_00003648,captured,apple_pay,110.94,3.05,9.57,10.21,5.55,128.22,2026-08-18T13:01:55Z,2026-08-18T13:31:41Z,USD
pay_0625478e40f74f5a8a2e,o_20260818_00003649,captured,apple_pay,86.58,5.74,12.22,6.42,8.66,102.3,2026-08-18T19:58:20Z,2026-08-18T20:33:02Z,USD
pay_13021679288a4545ad19,o_20260818_00003650,captured,apple_pay,122.78,5.86,18.23,8.38,18.42,136.83,2026-08-18T12:40:09Z,2026-08-18T13:38:59Z,USD
pay_5280b18ee6034eeaa7f5,o_20260818_00003651,captured,apple_pay,87.73,2.85,11.43,7.04,4.39,104.66,2026-08-18T08:59:02Z,2026-08-18T09:49:47Z,USD
pay_a26953f0a488432797b6,o_20260818_00003652,captured,paypal,150.51,6.44,22.9,10.65,0.0,190.5,2026-08-18T08:45:10Z,2026-08-18T09:46:43Z,USD
pay_b6435ee6e8da4a8990ab,o_20260818_00003653,captured,card,18.09,4.66,1.63,0.98,2.71,22.65,2026-08-18T13:41:54Z,2026-08-18T14:54:01Z,USD
pay_4d069fd872e84cf4b2d2,o_20260818_00003654,captured,wallet,98.43,5.8,9.37,5.84,4.92,114.52,2026-08-18T20:57:08Z,2026-08-18T21:43:29Z,USD
pay_3bd54c9e379743a4a8e6,o_20260818_00003655,captured,apple_pay,52.96,3.42,8.38,4.4,0.0,69.16,2026-08-18T18:02:02Z,2026-08-18T19:05:47Z,USD
pay_930d7e261e334c89a8eb,o_20260818_00003656,captured,card,51.58,2.47,4.22,4.44,0.0,62.71,2026-08-18T18:37:24Z,2026-08-18T19:08:51Z,USD
pay_3c42b497d51948a4aa35,o_20260818_00003657,captured,apple_pay,16.16,0.8,2.01,1.54,0.81,19.7,2026-08-18T19:12:33Z,2026-08-18T19:32:32Z,USD
pay_fabe2cbe41cc41f3b5dd,o_20260818_00003658,captured,card,139.86,3.94,18.58,11.96,0.0,174.34,2026-08-18T18:30:20Z,2026-08-18T19:23:13Z,USD
pay_41c94865eaf74012b0e8,o_20260818_00003659,captured,paypal,96.15,4.26,11.32,7.25,4.81,114.17,2026-08-18T20:10:18Z,2026-08-18T21:24:31Z,USD
pay_afa65db35f0a4fc7bfb9,o_20260818_00003660,captured,paypal,33.53,4.13,2.86,2.77,3.35,39.94,2026-08-18T11:40:18Z,2026-08-18T12:51:42Z,USD
pay_5c0bb13ce58d4152a4e5,o_20260818_00003661,refunded,paypal,50.66,4.26,8.06,3.17,2.53,63.62,2026-08-18T12:58:25Z,,USD
pay_030cc4cd71094508a355,o_20260818_00003662,captured,card,103.58,1.78,9.98,5.84,15.54,105.64,2026-08-18T11:18:08Z,2026-08-18T12:31:00Z,USD
pay_ec2cf157c74b4742b195,o_20260818_00003663,captured,apple_pay,61.16,1.26,7.04,3.38,9.17,63.67,2026-08-18T19:45:18Z,2026-08-18T20:38:38Z,USD
pay_06d95bb420bd4841a593,o_20260818_00003664,captured,apple_pay,112.0,2.71,15.58,8.75,0.0,139.04,2026-08-18T11:12:22Z,2026-08-18T11:30:00Z,USD
pay_7e6e71971a874bc9a5c6,o_20260818_00003665,captured,apple_pay,73.28,5.82,8.64,4.34,10.99,81.09,2026-08-18T18:06:35Z,2026-08-18T18:56:38Z,USD
pay_ccb23dba0f904022a428,o_20260818_00003666,captured,card,56.76,1.16,8.72,4.95,0.0,71.59,2026-08-18T18:20:27Z,2026-08-18T19:03:17Z,USD
pay_2b732cc3439d4b8a8c7a,o_20260818_00003667,captured,paypal,48.55,1.78,3.89,4.65,0.0,58.87,2026-08-18T19:15:18Z,2026-08-18T20:09:43Z,USD
pay_c85c5c4c004244e193b5,o_20260818_00003668,voided,apple_pay,60.24,1.12,5.6,3.68,0.0,70.64,2026-08-18T12:22:53Z,,USD
pay_e40a9608b91c4282bfe4,o_20260818_00003669,captured,wallet,113.94,5.57,12.19,6.94,17.09,121.55,2026-08-18T12:37:47Z,2026-08-18T13:24:43Z,USD
pay_989782ff9302463b95c3,o_20260818_00003670,voided,apple_pay,43.25,1.31,6.09,4.02,0.0,54.67,2026-08-18T12:51:28Z,,USD
pay_741ffcc57bef4c5c9f8e,o_20260818_00003671,captured,wallet,113.71,3.8,14.11,10.11,0.0,141.73,2026-08-18T18:01:02Z,2026-08-18T18:51:17Z,USD
pay_c44008793a3d43d9a928,o_20260818_00003672,captured,paypal,115.14,6.49,9.72,8.68,17.27,122.76,2026-08-18T12:21:12Z,2026-08-18T13:12:48Z,USD
pay_6ebea6867def4d7ab9a4,o_20260818_00003673,captured,wallet,52.52,1.45,8.21,3.05,5.25,59.98,2026-08-18T18:35:59Z,2026-08-18T19:22:14Z,USD
pay_c35ad62a84124859a48e,o_20260818_00003674,captured,wallet,127.85,1.51,17.18,7.82,0.0,154.36,2026-08-18T20:35:47Z,2026-08-18T21:28:46Z,USD
pay_d39c9cbcb3964c08a7d6,o_20260818_00003675,captured,apple_pay,60.99,4.46,5.38,3.85,0.0,74.68,2026-08-18T11:21:33Z,2026-08-18T12:04:17Z,USD
pay_935de428645541e19cd7,o_20260818_00003676,captured,wallet,35.35,6.87,4.08,3.02,1.77,47.55,2026-08-18T19:27:43Z,2026-08-18T20:19:17Z,USD
pay_2639cecaff5c46f8b5f5,o_20260818_00003677,voided,paypal,55.76,1.96,8.84,5.35,0.0,71.91,2026-08-18T19:55:31Z,,USD
pay_2f36826d15b44202978c,o_20260818_00003678,captured,wallet,61.48,2.03,7.69,4.3,9.22,66.28,2026-08-18T18:14:20Z,2026-08-18T19:07:13Z,USD
pay_b3bdcae1c412499f98a8,o_20260818_00003679,captured,paypal,87.85,0.59,13.06,5.73,13.18,94.05,2026-08-18T18:32:12Z,2026-08-18T19:13:29Z,USD
pay_c49b4f67e9cf4b8c9e87,o_20260818_00003680,captured,wallet,46.52,1.11,4.64,4.5,0.0,56.77,2026-08-18T18:46:06Z,2026-08-18T19:39:39Z,USD
pay_cedf841cf347497fa282,o_20260818_00003681,captured,card,33.29,6.46,4.5,2.05,1.66,44.64,2026-08-18T08:07:45Z,2026-08-18T09:10:20Z,USD
pay_af077f6d57db436185d1,o_20260818_00003682,captured,wallet,111.42,4.48,12.96,9.51,0.0,138.37,2026-08-18T19:29:14Z,2026-08-18T19:56:13Z,USD
pay_15778720bc694396ab50,o_20260818_00003683,captured,apple_pay,61.16,3.86,7.52,4.03,0.0,76.57,2026-08-18T11:19:12Z,2026-08-18T12:24:26Z,USD
pay_729040b4b8114703afa3,o_20260818_00003684,captured,paypal,77.4,4.21,9.75,5.8,0.0,97.16,2026-08-18T11:02:22Z,2026-08-18T11:31:43Z,USD
pay_3fc0877a88234f14b75e,o_20260818_00003685,captured,apple_pay,23.98,6.76,3.78,2.01,3.6,32.93,2026-08-18T08:18:02Z,2026-08-18T08:56:37Z,USD
pay_a61345b7278241609ee9,o_20260818_00003686,captured,apple_pay,88.74,1.66,13.04,8.84,0.0,112.28,2026-08-18T19:59:32Z,2026-08-18T21:02:15Z,USD
pay_0c7c07795dab433698be,o_20260818_00003687,captured,wallet,81.16,1.62,10.81,6.46,0.0,100.05,2026-08-18T19:00:58Z,2026-08-18T19:42:28Z,USD
pay_254e19f0f180405e9e3c,o_20260818_00003688,captured,apple_pay,22.41,3.57,2.37,1.51,3.36,26.5,2026-08-18T18:17:11Z,2026-08-18T18:54:20Z,USD
pay_8c647e8ebedf441588a9,o_20260818_00003689,captured,wallet,47.58,2.89,6.54,3.06,0.0,60.07,2026-08-18T19:37:27Z,2026-08-18T20:00:19Z,USD
pay_5210ea314bdb42e09714,o_20260818_00003690,captured,wallet,120.68,5.07,12.04,8.44,6.03,140.2,2026-08-18T11:13:04Z,2026-08-18T12:11:35Z,USD
pay_75b1f166982a4a9a9d0e,o_20260818_00003691,captured,apple_pay,47.41,6.35,5.26,3.64,0.0,62.66,2026-08-18T19:35:59Z,2026-08-18T20:26:22Z,USD
pay_4828a1d392814abd9b63,o_20260818_00003692,captured,card,138.42,4.47,21.13,12.91,0.0,176.93,2026-08-18T08:25:45Z,2026-08-18T09:31:01Z,USD
pay_1c140191c672430dbf35,o_20260818_00003693,voided,wallet,56.41,2.93,8.6,4.49,0.0,72.43,2026-08-18T12:55:36Z,,USD
pay_7a0361ce89f0452c8292,o_20260818_00003694,captured,apple_pay,76.62,3.61,11.48,6.49,0.0,98.2,2026-08-18T13:56:14Z,2026-08-18T14:27:51Z,USD
pay_0c31e9a0048047e38a41,o_20260818_00003695,captured,wallet,22.41,5.85,3.56,1.9,3.36,30.36,2026-08-18T18:06:29Z,2026-08-18T18:51:58Z,USD
pay_6f2433b0780a40ffa05e,o_20260818_00003696,captured,card,45.46,5.95,3.98,3.52,0.0,58.91,2026-08-18T20:19:54Z,2026-08-18T21:26:22Z,USD
pay_c1ba5165b5d941a687b2,o_20260818_00003697,captured,paypal,108.27,5.66,14.88,7.6,0.0,136.41,2026-08-18T12:12:15Z,2026-08-18T12:32:56Z,USD
pay_a06b8dd9486841d7b228,o_20260818_00003698,captured,card,26.86,5.48,2.74,1.99,1.34,35.73,2026-08-18T19:18:48Z,2026-08-18T20:05:51Z,USD
pay_914539e3ddd44744a198,o_20260818_00003699,captured,apple_pay,8.43,6.58,0.94,0.69,0.0,16.64,2026-08-18T19:41:49Z,2026-08-18T20:14:47Z,USD
pay_a3942c3bcd54497eb02c,o_20260818_00003700,captured,card,125.09,3.37,17.98,9.9,0.0,156.34,2026-08-18T11:39:10Z,2026-08-18T12:27:53Z,USD
pay_26d2bd41b033407580ab,o_20260818_00003701,captured,card,111.18,3.15,10.22,9.47,11.12,122.9,2026-08-18T13:56:10Z,2026-08-18T14:29:54Z,USD
pay_05d90e0c097a49edbc64,o_20260818_00003702,captured,paypal,17.84,1.8,1.62,1.42,1.78,20.9,2026-08-18T20:09:15Z,2026-08-18T20:39:33Z,USD
pay_f3b2458b924c4c71b49b,o_20260818_00003703,captured,apple_pay,22.86,2.49,3.23,1.79,1.14,29.23,2026-08-18T20:36:38Z,2026-08-18T21:36:26Z,USD
pay_b1a97baa38ab40be82fb,o_20260818_00003704,captured,paypal,85.75,0.73,8.92,5.05,12.86,87.59,2026-08-18T11:06:09Z,2026-08-18T12:03:56Z,USD
pay_a62b28f8dd8d41319b55,o_20260818_00003705,captured,paypal,43.45,5.23,5.81,2.71,0.0,57.2,2026-08-18T08:46:01Z,2026-08-18T09:24:33Z,USD
pay_f5cbbafe58d44af68b82,o_20260818_00003706,captured,paypal,75.64,3.27,7.98,6.65,0.0,93.54,2026-08-18T20:30:39Z,2026-08-18T21:19:54Z,USD
pay_b8c2199f9cbc40568379,o_20260818_00003707,captured,card,51.6,3.02,5.46,3.6,2.58,61.1,2026-08-18T20:20:50Z,2026-08-18T21:02:19Z,USD
pay_0e8e80ea14934fa19fc1,o_20260818_00003708,captured,card,48.94,4.11,6.91,4.19,0.0,64.15,2026-08-18T19:42:48Z,2026-08-18T20:38:21Z,USD
pay_b6465356deaf4d4d8ec5,o_20260818_00003709,captured,card,58.77,5.15,6.83,3.56,8.82,65.49,2026-08-18T19:30:24Z,2026-08-18T20:24:22Z,USD
pay_d4fda3d4aed0460ab33b,o_20260818_00003710,captured,card,48.18,5.27,6.64,3.23,2.41,60.91,2026-08-18T19:59:53Z,2026-08-18T20:42:56Z,USD
pay_b6be4466f3c540869371,o_20260818_00003711,captured,wallet,58.23,1.62,6.77,5.2,0.0,71.82,2026-08-18T11:34:31Z,2026-08-18T12:00:15Z,USD
pay_e0567c0d173844c5b759,o_20260818_00003712,captured,wallet,59.97,0.64,8.17,4.78,3.0,70.56,2026-08-18T11:20:15Z,2026-08-18T11:52:15Z,USD
pay_b818502af5164b36a627,o_20260818_00003713,captured,paypal,75.78,2.3,6.62,4.89,11.37,78.22,2026-08-18T19:58:16Z,2026-08-18T20:41:34Z,USD
pay_1818f494698c4ea79a32,o_20260818_00003714,captured,card,67.35,3.01,10.46,5.46,10.1,76.18,2026-08-18T19:24:32Z,2026-08-18T20:01:05Z,USD
pay_6f2fc79808fc469c992e,o_20260818_00003715,voided,apple_pay,42.37,5.65,3.97,2.84,6.36,48.47,2026-08-18T18:21:11Z,,USD
pay_394b5cffa51d4d74a5c5,o_20260818_00003716,captured,wallet,86.66,1.98,8.22,6.87,13.0,90.73,2026-08-18T08:53:31Z,2026-08-18T09:53:39Z,USD
pay_79e0d38c723543ac9267,o_20260818_00003717,captured,card,46.52,6.86,5.22,3.25,2.33,59.52,2026-08-18T19:08:19Z,2026-08-18T19:34:48Z,USD
pay_0afdb25779ca4419abfa,o_20260818_00003718,captured,card,110.03,3.82,14.98,10.26,0.0,139.09,2026-08-18T13:40:22Z,2026-08-18T14:25:34Z,USD
pay_2cc0db426c2b4de28a0a,o_20260818_00003719,captured,card,20.24,2.49,2.22,1.64,1.01,25.58,2026-08-18T12:26:33Z,2026-08-18T13:07:06Z,USD
pay_3a7d22c7b8c34a9680f8,o_20260818_00003720,captured,wallet,91.25,2.38,9.29,5.56,0.0,108.48,2026-08-18T20:37:50Z,2026-08-18T21:05:05Z,USD
pay_ba2b06ece678448b929a,o_20260818_00003721,captured,wallet,85.56,1.77,9.56,6.74,0.0,103.63,2026-08-18T19:32:27Z,2026-08-18T20:14:43Z,USD
pay_0ffe10e439644f26ab49,o_20260818_00003722,captured,card,126.18,4.78,13.99,11.44,0.0,156.39,2026-08-18T19:37:24Z,2026-08-18T20:16:01Z,USD
pay_72d8fcabc51b46bcb994,o_20260818_00003723,captured,paypal,113.16,0.71,13.12,8.29,11.32,123.96,2026-08-18T19:44:19Z,2026-08-18T20:27:09Z,USD
pay_884c601967fb4dfb9ba6,o_20260818_00003724,captured,card,147.35,6.7,12.7,13.94,0.0,180.69,2026-08-18T11:20:58Z,2026-08-18T11:56:40Z,USD
pay_cba8f9e76afa4e0dbbdf,o_20260818_00003725,captured,paypal,28.4,5.39,3.36,1.83,2.84,36.14,2026-08-18T11:26:03Z,2026-08-18T11:52:33Z,USD
pay_3cdbcc98088c4ec4a333,o_20260818_00003726,captured,wallet,52.5,1.63,6.15,3.79,5.25,58.82,2026-08-18T19:42:37Z,2026-08-18T20:30:07Z,USD
pay_f2395fb7d9c14d08b220,o_20260818_00003727,captured,paypal,107.51,5.39,10.8,8.39,0.0,132.09,2026-08-18T18:48:37Z,2026-08-18T19:28:52Z,USD
pay_ed5fea41f1a74898ae06,o_20260818_00003728,captured,apple_pay,50.75,6.61,5.62,5.19,0.0,68.17,2026-08-18T12:04:36Z,2026-08-18T13:04:04Z,USD
pay_ffdcb149e8dc488cb2b1,o_20260818_00003729,captured,paypal,88.33,4.0,11.44,6.51,0.0,110.28,2026-08-18T20:05:08Z,2026-08-18T20:39:08Z,USD
pay_0d101981163a40119617,o_20260818_00003730,captured,wallet,48.99,5.01,6.29,4.57,2.45,62.41,2026-08-18T18:34:20Z,2026-08-18T19:08:13Z,USD
pay_6e4ae08371714f5c8fe6,o_20260818_00003731,captured,card,17.51,3.95,2.63,0.9,2.63,22.36,2026-08-18T12:16:36Z,2026-08-18T13:00:29Z,USD
pay_2f83c3defcec41c5b5ad,o_20260818_00003732,captured,paypal,9.57,1.4,1.16,0.86,0.0,12.99,2026-08-18T19:01:07Z,2026-08-18T19:54:47Z,USD
pay_58fd17f9cb1244d1b049,o_20260818_00003733,captured,paypal,148.07,1.6,21.51,10.39,0.0,181.57,2026-08-18T18:39:04Z,2026-08-18T19:19:49Z,USD
pay_ba549075f2fa4d8b8835,o_20260818_00003734,captured,paypal,122.79,3.71,13.72,10.26,0.0,150.48,2026-08-18T19:39:32Z,2026-08-18T20:23:01Z,USD
pay_4bc9031e5dfe4a1da80e,o_20260818_00003735,captured,wallet,47.7,2.27,4.56,4.04,0.0,58.57,2026-08-18T12:39:34Z,2026-08-18T13:34:06Z,USD
pay_c91d6c4965774e36868e,o_20260818_00003736,captured,wallet,18.09,2.37,1.76,1.37,0.9,22.69,2026-08-18T12:18:05Z,2026-08-18T12:49:21Z,USD
pay_250a29ddb7584df09d69,o_20260818_00003737,captured,apple_pay,86.74,2.36,8.43,7.58,4.34,100.77,2026-08-18T19:39:23Z,2026-08-18T20:08:29Z,USD
pay_d1be1a6d0c02463d8c8b,o_20260818_00003738,captured,apple_pay,26.76,0.86,2.89,1.86,4.01,28.36,2026-08-18T20:20:56Z,2026-08-18T21:01:36Z,USD
pay_c5b865c759c344cc983b,o_20260818_00003739,captured,apple_pay,23.0,2.51,3.44,1.52,0.0,30.47,2026-08-18T20:33:59Z,2026-08-18T21:07:34Z,USD
pay_f4cba717eee64c75ad59,o_20260818_00003740,captured,card,86.04,5.44,11.91,8.2,0.0,111.59,2026-08-18T12:27:26Z,2026-08-18T13:16:15Z,USD
pay_7c6101f620254cec8f7d,o_20260818_00003741,captured,paypal,140.34,4.07,17.33,13.48,0.0,175.22,2026-08-18T13:53:05Z,2026-08-18T14:56:17Z,USD
pay_4857d70f8349492da82a,o_20260818_00003742,refunded,wallet,64.17,2.62,5.61,3.95,9.63,66.72,2026-08-18T19:09:00Z,,USD
pay_1cb0653665f14f9c97bd,o_20260818_00003743,refunded,wallet,53.37,5.77,5.82,4.45,0.0,69.41,2026-08-18T18:40:12Z,,USD
pay_3c52bfcf6af24d0aa1ea,o_20260818_00003744,captured,card,72.32,5.55,7.19,4.84,0.0,89.9,2026-08-18T12:24:56Z,2026-08-18T13:31:33Z,USD
pay_3c3521248a284dbeb106,o_20260818_00003745,voided,apple_pay,18.79,5.29,2.73,1.93,0.0,28.74,2026-08-18T19:35:02Z,,USD
pay_baf65953ed87443a933b,o_20260818_00003746,captured,apple_pay,38.99,5.29,4.04,2.9,3.9,47.32,2026-08-18T18:20:46Z,2026-08-18T19:07:22Z,USD
pay_d4b4c30cc44d4d8598d8,o_20260818_00003747,captured,apple_pay,74.74,6.27,9.03,7.2,0.0,97.24,2026-08-18T20:04:12Z,2026-08-18T20:48:01Z,USD
pay_8f05f456ce544a1ea0f6,o_20260818_00003748,captured,apple_pay,20.13,6.97,2.44,1.83,2.01,29.36,2026-08-18T18:55:24Z,2026-08-18T19:40:34Z,USD
pay_b37c53fa5639467f8590,o_20260818_00003749,refunded,apple_pay,85.3,1.44,11.55,6.09,0.0,104.38,2026-08-18T11:19:14Z,,USD
pay_370efe9f1233483db85e,o_20260818_00003750,captured,card,51.49,4.71,7.21,4.73,0.0,68.14,2026-08-18T13:31:45Z,2026-08-18T14:09:37Z,USD
pay_bd9aa0c1cebd4d72888a,o_20260818_00003751,captured,paypal,87.55,4.16,13.82,8.7,0.0,114.23,2026-08-18T19:39:03Z,2026-08-18T20:16:36Z,USD
pay_052831623d8840558800,o_20260818_00003752,captured,apple_pay,73.48,3.33,10.12,5.19,11.02,81.1,2026-08-18T18:04:20Z,2026-08-18T18:51:27Z,USD
pay_7856ed68214c46f681b5,o_20260818_00003753,captured,paypal,62.86,5.19,6.48,3.33,9.43,68.43,2026-08-18T19:14:52Z,2026-08-18T19:59:47Z,USD
pay_64372d019e5542c3be78,o_20260818_00003754,captured,card,64.28,2.88,9.51,4.15,3.21,77.61,2026-08-18T12:35:00Z,2026-08-18T13:31:35Z,USD
pay_bdb305e74105444c994e,o_20260818_00003755,captured,card,65.19,2.52,7.91,6.45,0.0,82.07,2026-08-18T20:08:04Z,2026-08-18T21:19:32Z,USD
pay_0d3407370cb046d08bed,o_20260818_00003756,captured,apple_pay,37.28,2.08,4.68,2.91,5.59,41.36,2026-08-18T20:09:09Z,2026-08-18T20:57:16Z,USD
pay_76c6f3aee25247deaf78,o_20260818_00003757,captured,apple_pay,23.0,5.82,3.23,1.38,1.15,32.28,2026-08-18T12:36:32Z,2026-08-18T13:27:22Z,USD
pay_3d05b61be70b40eeb64e,o_20260818_00003758,captured,apple_pay,111.61,6.4,13.68,8.9,0.0,140.59,2026-08-18T12:30:15Z,2026-08-18T13:10:09Z,USD
pay_5e15d07a29524b1c904a,o_20260818_00003759,captured,apple_pay,21.16,2.03,2.93,1.57,0.0,27.69,2026-08-18T18:23:37Z,2026-08-18T19:12:33Z,USD
pay_7c630d8adf924cb0be4c,o_20260818_00003760,captured,paypal,46.62,1.8,6.59,2.98,2.33,55.66,2026-08-18T20:41:20Z,2026-08-18T21:15:55Z,USD
pay_5ba65a3a4c604e0b8216,o_20260818_00003761,voided,wallet,41.0,2.94,3.39,3.72,2.05,49.0,2026-08-18T12:37:28Z,,USD
pay_a28ca4a5abf646f4b6a9,o_20260818_00003762,captured,apple_pay,103.29,3.08,9.08,6.56,0.0,122.01,2026-08-18T11:41:44Z,2026-08-18T12:33:30Z,USD
pay_c8a65175d357451da11b,o_20260818_00003763,captured,card,59.32,5.93,6.01,4.45,0.0,75.71,2026-08-18T13:41:32Z,2026-08-18T14:23:33Z,USD
pay_3a2baf79d8574597a287,o_20260818_00003764,refunded,wallet,36.16,1.06,4.05,2.37,0.0,43.64,2026-08-18T11:58:39Z,,USD
pay_155b3775d9a94bd1963b,o_20260818_00003765,captured,apple_pay,32.94,3.29,4.11,2.94,0.0,43.28,2026-08-18T12:18:18Z,2026-08-18T12:57:59Z,USD
pay_146de0774f6048569eb7,o_20260818_00003766,captured,card,58.78,5.0,8.08,4.07,0.0,75.93,2026-08-18T13:16:58Z,2026-08-18T14:12:21Z,USD
pay_ea653889e9b04892bbcc,o_20260818_00003767,captured,wallet,40.16,6.4,4.03,2.98,4.02,49.55,2026-08-18T08:12:22Z,2026-08-18T08:53:16Z,USD
pay_5a603173a6194635929b,o_20260818_00003768,captured,apple_pay,45.6,1.13,5.57,3.51,6.84,48.97,2026-08-18T11:33:48Z,2026-08-18T12:24:46Z,USD
pay_665f5128ac4e4586be31,o_20260818_00003769,captured,paypal,23.14,4.79,2.43,2.12,0.0,32.48,2026-08-18T13:59:29Z,2026-08-18T14:59:24Z,USD
pay_6d65241c23b049569c6f,o_20260818_00003770,captured,card,39.72,5.73,5.78,2.89,0.0,54.12,2026-08-18T08:31:23Z,2026-08-18T09:25:23Z,USD
pay_e86fe6a4bb3241e7a4b7,o_20260818_00003771,captured,wallet,21.73,2.6,2.13,1.73,2.17,26.02,2026-08-18T18:13:54Z,2026-08-18T19:00:36Z,USD
pay_bd0abae8a98244bd8af0,o_20260818_00003772,captured,card,42.5,4.63,4.58,2.82,0.0,54.53,2026-08-18T18:07:35Z,2026-08-18T19:01:36Z,USD
pay_b945102a72c6463692fa,o_20260818_00003773,voided,wallet,62.26,1.75,5.94,5.6,3.11,72.44,2026-08-18T12:35:34Z,,USD
pay_42f7716801f542a78eff,o_20260818_00003774,captured,paypal,86.21,4.26,11.36,5.65,8.62,98.86,2026-08-18T13:42:27Z,2026-08-18T14:38:34Z,USD
pay_edfdfcadf9ee4aa39631,o_20260818_00003775,captured,wallet,55.61,4.32,8.07,4.25,2.78,69.47,2026-08-18T12:32:54Z,2026-08-18T13:36:52Z,USD
pay_c931f8589d4c4f35b62c,o_20260818_00003776,voided,wallet,31.71,4.73,3.5,2.1,0.0,42.04,2026-08-18T11:27:23Z,,USD
pay_f6df93caab7046aa83f6,o_20260818_00003777,captured,paypal,80.89,4.46,7.35,5.99,0.0,98.69,2026-08-18T12:23:27Z,2026-08-18T13:11:38Z,USD
pay_85b38977243e4008bb89,o_20260818_00003778,captured,card,113.38,3.96,9.92,10.19,5.67,131.78,2026-08-18T13:50:02Z,2026-08-18T14:27:42Z,USD
pay_2254586e7466404d9cb7,o_20260818_00003779,captured,apple_pay,65.49,3.32,5.56,4.62,6.55,72.44,2026-08-18T13:50:35Z,2026-08-18T14:32:51Z,USD
pay_8f84f3d6ffe3491e8a9a,o_20260818_00003780,refunded,apple_pay,110.61,3.88,13.56,6.58,11.06,123.57,2026-08-18T13:14:01Z,,USD
pay_a16b091e60c54f73965d,o_20260818_00003781,captured,paypal,62.43,3.05,9.31,4.15,0.0,78.94,2026-08-18T12:13:07Z,2026-08-18T12:57:48Z,USD
pay_b27cc41a804e4741a268,o_20260818_00003782,captured,paypal,28.84,1.09,4.3,2.21,4.33,32.11,2026-08-18T13:18:09Z,2026-08-18T13:57:02Z,USD
pay_53c2484e6d1e436489fc,o_20260818_00003783,captured,apple_pay,18.6,2.36,2.94,1.09,2.79,22.2,2026-08-18T20:30:46Z,2026-08-18T21:17:41Z,USD
pay_c255115fb2304e0cb5bc,o_20260818_00003784,captured,card,66.9,2.9,9.63,4.07,3.35,80.15,2026-08-18T13:08:17Z,2026-08-18T13:24:01Z,USD
pay_75ee57a326d7410bb414,o_20260818_00003785,captured,apple_pay,104.75,6.05,13.2,7.73,5.24,126.49,2026-08-18T18:45:06Z,2026-08-18T19:37:40Z,USD
pay_cdfd1a6ebb114eacbe89,o_20260818_00003786,captured,wallet,15.6,5.34,1.29,1.34,2.34,21.23,2026-08-18T11:59:50Z,2026-08-18T12:50:29Z,USD
pay_12a5ed5b7c89422ba8ab,o_20260818_00003787,captured,paypal,83.64,3.88,9.37,5.38,4.18,98.09,2026-08-18T18:58:35Z,2026-08-18T19:35:27Z,USD
pay_6ff7bce43faa46188eed,o_20260818_00003788,captured,apple_pay,71.25,2.5,8.52,5.81,0.0,88.08,2026-08-18T18:37:11Z,2026-08-18T19:12:50Z,USD
pay_c717ebae2fb140eda0f1,o_20260818_00003789,captured,paypal,59.58,4.31,5.83,4.05,5.96,67.81,2026-08-18T20:44:21Z,2026-08-18T21:34:40Z,USD
pay_f57dbd53a0cb416ca898,o_20260818_00003790,captured,card,52.04,4.78,6.31,4.81,0.0,67.94,2026-08-18T12:34:55Z,2026-08-18T13:39:46Z,USD
pay_a937ab4adfc24319b3ec,o_20260818_00003791,captured,paypal,70.83,4.64,10.89,4.37,3.54,87.19,2026-08-18T13:35:33Z,2026-08-18T14:07:22Z,USD
pay_1102534704464498a641,o_20260818_00003792,captured,wallet,96.4,4.48,12.05,5.85,0.0,118.78,2026-08-18T19:48:55Z,2026-08-18T20:43:34Z,USD
pay_7797cae32a8c481eab67,o_20260818_00003793,voided,wallet,18.94,3.06,1.91,1.19,0.95,24.15,2026-08-18T18:34:45Z,,USD
pay_6a13a1b4c2224cecba6a,o_20260818_00003794,captured,wallet,42.18,1.0,6.56,3.54,4.22,49.06,2026-08-18T18:02:27Z,2026-08-18T18:27:19Z,USD
pay_3428c11253ea4f7c8193,o_20260818_00003795,captured,card,18.09,4.26,2.15,1.02,2.71,22.81,2026-08-18T18:07:46Z,2026-08-18T18:48:44Z,USD
pay_562ab9032be8411d8cb8,o_20260818_00003796,captured,apple_pay,27.8,4.79,3.89,2.06,4.17,34.37,2026-08-18T11:45:57Z,2026-08-18T12:29:48Z,USD
pay_4f1b96e3f7c44d31a5dd,o_20260818_00003797,captured,card,19.77,6.54,2.82,1.52,0.99,29.66,2026-08-18T08:41:59Z,2026-08-18T09:35:18Z,USD
pay_0c8663c6f2b446038cbd,o_20260818_00003798,captured,paypal,94.4,6.61,10.27,6.36,0.0,117.64,2026-08-18T20:51:46Z,2026-08-18T21:47:24Z,USD
pay_ba84dd9955894aad93e8,o_20260818_00003799,captured,apple_pay,40.71,6.04,4.71,2.3,4.07,49.69,2026-08-18T13:31:03Z,2026-08-18T14:18:53Z,USD
pay_18a616731313470f8f19,o_20260818_00003800,captured,paypal,86.66,2.72,11.23,6.94,0.0,107.55,2026-08-18T12:18:45Z,2026-08-18T13:10:00Z,USD
pay_0a973f14483244fd8fd8,o_20260818_00003801,captured,apple_pay,52.38,6.61,7.83,4.75,0.0,71.57,2026-08-18T18:50:41Z,2026-08-18T19:28:11Z,USD
pay_70c8da9bd1a84ee8bb04,o_20260818_00003802,captured,paypal,19.59,4.2,1.96,1.19,0.0,26.94,2026-08-18T19:54:00Z,2026-08-18T20:29:00Z,USD
pay_1e33b3a2d4d741919ab2,o_20260818_00003803,captured,card,14.68,3.21,1.5,1.06,0.0,20.45,2026-08-18T11:09:36Z,2026-08-18T11:43:34Z,USD
pay_4893378ce26b45d4b4eb,o_20260818_00003804,captured,apple_pay,101.01,6.37,11.92,6.76,15.15,110.91,2026-08-18T18:10:04Z,2026-08-18T18:46:24Z,USD
pay_cdb323aa2bbe4c048b68,o_20260818_00003805,captured,paypal,50.66,6.36,4.89,4.67,0.0,66.58,2026-08-18T19:00:07Z,2026-08-18T19:46:02Z,USD
pay_8a37e9e157554ae3be6e,o_20260818_00003806,captured,paypal,69.42,4.42,8.09,4.47,0.0,86.4,2026-08-18T20:20:51Z,2026-08-18T21:11:00Z,USD
pay_ff178ac5cff84bdba59a,o_20260818_00003807,captured,paypal,66.96,3.47,9.85,4.5,10.04,74.74,2026-08-18T11:33:12Z,2026-08-18T12:25:51Z,USD
pay_8425ddf19d744dc5876f,o_20260818_00003808,captured,paypal,26.48,1.52,3.71,2.07,1.32,32.46,2026-08-18T12:08:38Z,2026-08-18T12:48:29Z,USD
pay_b2a2e9803cf84fb09383,o_20260818_00003809,captured,paypal,30.26,5.4,2.91,2.43,0.0,41.0,2026-08-18T19:16:58Z,2026-08-18T20:09:53Z,USD
pay_25098f8357514360804f,o_20260818_00003810,captured,card,116.08,6.47,9.79,7.59,0.0,139.93,2026-08-18T19:36:45Z,2026-08-18T20:15:31Z,USD
pay_663ec63fdb15413dbc15,o_20260818_00003811,captured,wallet,47.88,1.58,5.97,3.69,0.0,59.12,2026-08-18T13:19:51Z,2026-08-18T14:57:45Z,USD
pay_8397d7c401da48269ca0,o_20260818_00003812,captured,paypal,45.39,5.38,4.86,4.33,0.0,59.96,2026-08-18T12:10:32Z,2026-08-18T12:58:22Z,USD
pay_b1913f61c8ef44c996f8,o_20260818_00003813,captured,card,64.63,1.49,5.65,6.38,0.0,78.15,2026-08-18T12:07:06Z,2026-08-18T13:06:50Z,USD
pay_4978d036d10c413b8ea6,o_20260818_00003814,captured,paypal,50.73,3.95,7.76,2.85,7.61,57.68,2026-08-18T19:00:42Z,2026-08-18T19:47:52Z,USD
pay_cd7a91f444ac45ceb22f,o_20260818_00003815,refunded,apple_pay,111.42,6.87,10.08,7.4,0.0,135.77,2026-08-18T11:13:01Z,,USD
pay_1808b7fa65a14003affb,o_20260818_00003816,captured,wallet,132.78,6.52,10.65,11.81,13.28,148.48,2026-08-18T12:14:47Z,2026-08-18T13:27:34Z,USD
pay_d9ff0821af664b4287b2,o_20260818_00003817,captured,paypal,14.6,2.15,1.8,1.17,0.0,19.72,2026-08-18T08:51:50Z,2026-08-18T09:55:24Z,USD
pay_3fd59916ffe4461aa569,o_20260818_00003818,captured,card,139.02,1.91,16.73,7.76,20.85,144.57,2026-08-18T08:11:02Z,2026-08-18T08:43:40Z,USD
pay_b5a18542dfd04e889ce1,o_20260818_00003819,captured,paypal,120.44,6.43,12.64,11.22,0.0,150.73,2026-08-18T13:46:07Z,2026-08-18T14:26:20Z,USD
pay_644229a4120547fcbd9c,o_20260818_00003820,captured,card,58.8,4.14,6.18,5.23,0.0,74.35,2026-08-18T13:54:34Z,2026-08-18T14:58:51Z,USD
pay_c8e585e3fca14c2f96dd,o_20260818_00003821,captured,card,23.78,4.8,2.58,2.04,3.57,29.63,2026-08-18T20:21:23Z,2026-08-18T21:16:12Z,USD
pay_e2cf5107595b4c0ab6f3,o_20260818_00003822,voided,card,38.52,4.6,3.16,3.6,0.0,49.88,2026-08-18T20:09:22Z,,USD
pay_8a2201b8968c4059a527,o_20260818_00003823,captured,card,19.94,5.5,2.21,1.7,1.0,28.35,2026-08-18T13:38:04Z,2026-08-18T14:23:46Z,USD
pay_7bccf85698c04d47bd85,o_20260818_00003824,captured,paypal,122.14,1.5,11.84,11.06,0.0,146.54,2026-08-18T11:06:15Z,2026-08-18T11:40:57Z,USD
pay_2939f6603fc047cc9f52,o_20260818_00003825,captured,card,23.75,1.23,1.94,1.7,0.0,28.62,2026-08-18T11:44:05Z,2026-08-18T12:13:58Z,USD
pay_348ef42c7d4943839441,o_20260818_00003826,voided,apple_pay,45.26,2.76,6.55,3.05,0.0,57.62,2026-08-18T19:11:37Z,,USD
pay_dff604d1b57f419db618,o_20260818_00003827,captured,card,22.92,3.72,3.48,2.34,0.0,32.46,2026-08-18T20:46:38Z,2026-08-18T21:30:30Z,USD
pay_f94fee3986a644cd8138,o_20260818_00003828,captured,wallet,50.84,3.55,7.34,3.96,7.63,58.06,2026-08-18T18:26:44Z,2026-08-18T18:52:09Z,USD
pay_f54b01d527c14f75b338,o_20260818_00003829,captured,wallet,32.93,5.59,3.15,2.98,0.0,44.65,2026-08-18T18:21:52Z,2026-08-18T19:07:42Z,USD
pay_0305fe7139194b66b1c8,o_20260818_00003830,captured,wallet,75.38,5.74,11.03,5.28,3.77,93.66,2026-08-18T12:49:45Z,2026-08-18T13:58:38Z,USD
pay_8e3d87b9a43d43a1b096,o_20260818_00003831,captured,wallet,96.24,2.8,15.21,5.65,9.62,110.28,2026-08-18T12:08:11Z,2026-08-18T12:46:05Z,USD
pay_58e707e8b290412a9bd7,o_20260818_00003832,captured,wallet,22.05,5.57,2.19,2.07,1.1,30.78,2026-08-18T19:43:09Z,2026-08-18T20:27:34Z,USD
pay_ef1686ea903949aba6df,o_20260818_00003833,captured,wallet,30.25,6.35,4.27,2.75,0.0,43.62,2026-08-18T11:42:43Z,2026-08-18T12:55:05Z,USD
pay_2e83160e9ea1445b876e,o_20260818_00003834,captured,apple_pay,21.3,6.78,2.88,1.82,0.0,32.78,2026-08-18T08:20:34Z,2026-08-18T09:10:04Z,USD
pay_d96a3134206548bd9529,o_20260818_00003835,captured,card,69.32,1.46,7.08,5.12,6.93,76.05,2026-08-18T18:06:28Z,2026-08-18T18:51:38Z,USD
pay_38f9b7176c96428db727,o_20260818_00003836,captured,apple_pay,58.27,1.6,7.85,3.49,5.83,65.38,2026-08-18T19:21:13Z,2026-08-18T20:13:44Z,USD
pay_772d0e337c0e4adaba9f,o_20260818_00003837,voided,apple_pay,31.2,1.82,2.99,1.62,4.68,32.95,2026-08-18T13:54:33Z,,USD
pay_3b1a56b0004549789dd6,o_20260818_00003838,captured,wallet,70.19,6.0,7.57,5.77,3.51,86.02,2026-08-18T19:20:51Z,2026-08-18T20:18:00Z,USD
pay_8c1d12439d5c4c93b117,o_20260818_00003839,captured,card,117.26,2.05,9.43,10.57,0.0,139.31,2026-08-18T20:45:49Z,2026-08-18T21:06:01Z,USD
pay_4b10a5112c9e4938be21,o_20260818_00003840,captured,apple_pay,70.7,4.32,10.92,4.61,10.61,79.94,2026-08-18T12:13:31Z,2026-08-18T12:46:03Z,USD
pay_d9b3734cafd14903b5a5,o_20260818_00003841,captured,paypal,77.33,6.76,10.08,5.89,11.6,88.46,2026-08-18T19:24:27Z,2026-08-18T20:23:06Z,USD
pay_2a0e17651beb470d9efa,o_20260818_00003842,captured,wallet,7.4,4.77,1.05,0.48,0.0,13.7,2026-08-18T13:39:06Z,2026-08-18T14:12:44Z,USD
pay_3c4284ded5464841a9a5,o_20260818_00003843,captured,apple_pay,95.35,6.35,13.32,9.15,4.77,119.4,2026-08-18T08:09:02Z,2026-08-18T08:50:14Z,USD
pay_796aa262fd124cd1b31d,o_20260818_00003844,captured,paypal,122.5,2.22,13.29,12.02,0.0,150.03,2026-08-18T20:33:20Z,2026-08-18T21:12:52Z,USD
pay_ee74dfe6e34547caae64,o_20260818_00003845,captured,wallet,133.8,3.55,15.56,9.07,20.07,141.91,2026-08-18T12:48:52Z,2026-08-18T13:36:43Z,USD
pay_10a1101485ab426da221,o_20260818_00003846,captured,card,59.99,4.22,9.21,4.15,0.0,77.57,2026-08-18T08:05:59Z,2026-08-18T08:57:40Z,USD
pay_33e013b9b3e24fc9af57,o_20260818_00003847,captured,wallet,81.89,1.29,9.15,5.52,0.0,97.85,2026-08-18T12:29:35Z,2026-08-18T13:18:52Z,USD
pay_91ecb90bf53145e59bb9,o_20260818_00003848,captured,card,19.4,4.68,2.31,1.54,0.0,27.93,2026-08-18T18:33:29Z,2026-08-18T19:31:25Z,USD
pay_13c3d79ef7ba4b7e82ae,o_20260818_00003849,captured,apple_pay,76.44,6.63,8.89,5.03,7.64,89.35,2026-08-18T13:56:19Z,2026-08-18T14:23:39Z,USD
pay_b058f2d8f4bf4e659ff9,o_20260818_00003850,captured,card,71.94,5.42,7.21,5.56,3.6,86.53,2026-08-18T13:13:17Z,2026-08-18T14:04:54Z,USD
pay_23b13ec47bcc4710ae10,o_20260818_00003851,captured,wallet,62.43,2.33,6.07,4.5,6.24,69.09,2026-08-18T18:58:36Z,2026-08-18T19:37:21Z,USD
pay_62931173eeac4858b3ef,o_20260818_00003852,captured,card,100.8,6.17,10.37,6.37,15.12,108.59,2026-08-18T20:33:46Z,2026-08-18T21:46:47Z,USD
pay_68885a92ed8d4c008c8e,o_20260818_00003853,captured,card,78.65,3.17,7.93,6.22,0.0,95.97,2026-08-18T18:04:26Z,2026-08-18T18:54:19Z,USD
pay_77ad9b4c120546e9bcdd,o_20260818_00003854,captured,apple_pay,7.64,1.55,1.06,0.47,1.15,9.57,2026-08-18T12:24:20Z,2026-08-18T13:05:22Z,USD
pay_41836da10f0c4650a1b9,o_20260818_00003855,captured,paypal,93.08,4.4,7.66,6.62,0.0,111.76,2026-08-18T11:55:21Z,2026-08-18T13:01:05Z,USD
pay_6003dbf109ff4354b60a,o_20260818_00003856,captured,card,33.84,1.54,3.6,2.79,0.0,41.77,2026-08-18T18:40:46Z,2026-08-18T19:38:11Z,USD
pay_60fc30bd285d429db6d2,o_20260818_00003857,refunded,card,11.94,0.58,1.79,1.2,0.0,15.51,2026-08-18T11:39:17Z,,USD
pay_3da01a5461fe407a98b3,o_20260818_00003858,captured,apple_pay,79.76,2.14,7.77,6.64,0.0,96.31,2026-08-18T11:46:29Z,2026-08-18T12:35:00Z,USD
pay_5d8e2ee13f5c4dad8d19,o_20260818_00003859,captured,paypal,70.19,2.73,8.5,5.38,10.53,76.27,2026-08-18T08:48:42Z,2026-08-18T09:35:21Z,USD
pay_f53dbb4bf5b04775a32e,o_20260818_00003860,captured,card,72.82,6.73,10.71,5.22,0.0,95.48,2026-08-18T13:55:27Z,2026-08-18T14:51:35Z,USD
pay_cb4758aabc3944d6a4c1,o_20260818_00003861,captured,card,40.48,3.09,5.63,3.52,0.0,52.72,2026-08-18T19:07:05Z,2026-08-18T19:54:38Z,USD
pay_e3b2e537535f4169bd32,o_20260818_00003862,captured,card,45.83,6.75,6.07,2.76,4.58,56.83,2026-08-18T20:50:17Z,2026-08-18T21:24:29Z,USD
pay_105ed0098a4c4dfd8295,o_20260818_00003863,captured,wallet,43.86,5.19,4.44,2.68,0.0,56.17,2026-08-18T20:33:05Z,2026-08-18T21:18:49Z,USD
pay_cd2c353a00f1488b89d3,o_20260818_00003864,captured,apple_pay,42.29,4.56,3.62,2.51,4.23,48.75,2026-08-18T11:02:36Z,2026-08-18T11:49:16Z,USD
pay_d440a25a973442d8a7f8,o_20260818_00003865,captured,paypal,26.19,4.29,3.7,2.02,1.31,34.89,2026-08-18T08:59:33Z,2026-08-18T09:57:08Z,USD
pay_8fc77cef4c9e4cf4a194,o_20260818_00003866,captured,apple_pay,82.0,6.55,10.7,7.67,4.1,102.82,2026-08-18T08:20:16Z,2026-08-18T09:13:03Z,USD
pay_62610b09b0c344efaf87,o_20260818_00003867,captured,apple_pay,92.16,3.55,7.38,7.1,0.0,110.19,2026-08-18T12:37:55Z,2026-08-18T13:31:47Z,USD
pay_6540e4be44fd4d95adcf,o_20260818_00003868,voided,wallet,14.68,5.75,1.39,1.42,0.0,23.24,2026-08-18T08:29:48Z,,USD
pay_e1e8a865f1524cd79a65,o_20260818_00003869,captured,wallet,71.43,0.79,11.28,5.5,7.14,81.86,2026-08-18T19:17:27Z,2026-08-18T20:08:20Z,USD
pay_0f0172a512364646bd42,o_20260818_00003870,captured,paypal,33.87,6.4,2.95,3.17,0.0,46.39,2026-08-18T18:14:28Z,2026-08-18T18:48:33Z,USD
pay_1a082341e91b4d249408,o_20260818_00003871,captured,wallet,88.01,3.86,11.58,7.83,4.4,106.88,2026-08-18T13:19:23Z,2026-08-18T14:28:16Z,USD
pay_c8c9731a13ac4e159ead,o_20260818_00003872,captured,wallet,22.41,6.95,2.32,1.74,3.36,30.06,2026-08-18T13:12:45Z,2026-08-18T14:12:25Z,USD
pay_b74a41e3cfa64b9d90a1,o_20260818_00003873,captured,wallet,93.29,4.0,9.87,6.68,4.66,109.18,2026-08-18T18:24:10Z,2026-08-18T19:05:47Z,USD
pay_47faf2172b77414cab9b,o_20260818_00003874,captured,paypal,111.48,3.95,17.37,10.43,0.0,143.23,2026-08-18T18:29:23Z,2026-08-18T19:13:18Z,USD
pay_4702f230feea4a00b725,o_20260818_00003875,captured,paypal,86.45,4.14,13.35,7.2,0.0,111.14,2026-08-18T12:17:47Z,2026-08-18T13:16:23Z,USD
pay_9f0f08e01d9949a287ea,o_20260818_00003876,captured,apple_pay,20.13,2.2,3.11,1.74,3.02,24.16,2026-08-18T12:20:23Z,2026-08-18T13:10:53Z,USD
pay_d558bf455a49499cb6ad,o_20260818_00003877,captured,card,88.93,0.79,10.03,7.04,8.89,97.9,2026-08-18T19:29:24Z,2026-08-18T20:15:54Z,USD
pay_2166309702b9486ebe93,o_20260818_00003878,captured,apple_pay,112.39,1.42,14.91,8.63,16.86,120.49,2026-08-18T20:07:01Z,2026-08-18T20:54:34Z,USD
pay_da7b89e16b0947918886,o_20260818_00003879,captured,wallet,101.58,2.44,12.16,6.62,0.0,122.8,2026-08-18T08:54:14Z,2026-08-18T09:35:58Z,USD
pay_bac82732ec344a84ac85,o_20260818_00003880,captured,card,79.58,2.84,9.96,5.79,11.94,86.23,2026-08-18T13:14:49Z,2026-08-18T14:32:32Z,USD
pay_ad03dc1f502044d5a970,o_20260818_00003881,captured,wallet,88.46,2.46,11.62,4.85,8.85,98.54,2026-08-18T11:19:04Z,2026-08-18T11:50:39Z,USD
pay_b146c384845249969510,o_20260818_00003882,captured,card,55.0,2.94,5.01,4.5,0.0,67.45,2026-08-18T12:50:42Z,2026-08-18T13:43:58Z,USD
pay_8dae13d201634ccba578,o_20260818_00003883,captured,wallet,45.72,4.81,6.39,3.39,0.0,60.31,2026-08-18T18:31:15Z,2026-08-18T19:31:42Z,USD
pay_7b9e0b3694a4439884aa,o_20260818_00003884,captured,paypal,69.84,3.29,9.65,6.23,6.98,82.03,2026-08-18T19:27:24Z,2026-08-18T20:36:19Z,USD
pay_010a1b1b8e1b4e4b8674,o_20260818_00003885,captured,wallet,126.12,2.56,11.41,9.16,6.31,142.94,2026-08-18T20:39:00Z,2026-08-18T21:02:26Z,USD
pay_d1887e1b63994718b516,o_20260818_00003886,captured,wallet,72.21,5.58,6.96,4.94,0.0,89.69,2026-08-18T18:43:52Z,2026-08-18T19:14:15Z,USD
pay_5e567a87882b45019c1e,o_20260818_00003887,captured,wallet,95.48,3.74,11.2,8.21,0.0,118.63,2026-08-18T18:54:40Z,2026-08-18T19:45:06Z,USD
pay_abe65c56106f4813a9e4,o_20260818_00003888,captured,card,62.97,2.78,7.04,4.51,3.15,74.15,2026-08-18T19:39:30Z,2026-08-18T20:20:55Z,USD
pay_92abdfc7932545b58b12,o_20260818_00003889,captured,paypal,47.8,0.8,7.03,2.95,0.0,58.58,2026-08-18T12:36:40Z,2026-08-18T13:35:27Z,USD
pay_de03c5a7a6804e8c8092,o_20260818_00003890,captured,apple_pay,91.6,2.87,8.39,9.1,0.0,111.96,2026-08-18T13:23:49Z,2026-08-18T13:58:28Z,USD
pay_a2badf465ccc425ab274,o_20260818_00003891,captured,paypal,17.84,6.24,2.58,1.59,0.0,28.25,2026-08-18T19:44:51Z,2026-08-18T20:26:38Z,USD
pay_aed736b22b06410baf84,o_20260818_00003892,captured,card,13.66,3.21,1.68,0.92,0.0,19.47,2026-08-18T13:44:19Z,2026-08-18T14:21:21Z,USD
pay_f42b31f20e3f49288d4a,o_20260818_00003893,captured,apple_pay,16.16,5.17,1.48,1.35,0.81,23.35,2026-08-18T18:27:12Z,2026-08-18T19:14:30Z,USD
pay_07904d858ab5470a93d6,o_20260818_00003894,captured,wallet,92.04,4.69,13.66,8.23,9.2,109.42,2026-08-18T18:35:32Z,2026-08-18T19:27:00Z,USD
pay_751e65812c124ac79477,o_20260818_00003895,refunded,apple_pay,98.73,6.23,11.89,7.54,9.87,114.52,2026-08-18T12:36:32Z,,USD
pay_cb58fbc3012c46bfa0f8,o_20260818_00003896,captured,card,56.55,4.76,6.46,4.9,5.66,67.01,2026-08-18T20:52:52Z,2026-08-18T21:57:54Z,USD
pay_831f6f8ca98149969e69,o_20260818_00003897,captured,card,89.2,3.1,7.59,8.12,0.0,108.01,2026-08-18T11:11:58Z,2026-08-18T12:18:51Z,USD
pay_6f20f40838e94a65bc71,o_20260818_00003898,captured,apple_pay,89.28,1.01,11.2,8.98,0.0,110.47,2026-08-18T12:06:19Z,2026-08-18T12:52:57Z,USD
pay_7fe2412410e5492c8405,o_20260818_00003899,captured,wallet,47.0,5.67,3.76,4.34,0.0,60.77,2026-08-18T12:58:36Z,2026-08-18T13:48:11Z,USD
pay_07d1ee1c5bfe4d35a54a,o_20260818_00003900,captured,paypal,125.84,1.85,17.17,9.36,0.0,154.22,2026-08-18T11:06:13Z,2026-08-18T11:51:59Z,USD
pay_212c6b7489e549198a7c,o_20260818_00003901,captured,paypal,95.54,2.34,9.31,5.46,4.78,107.87,2026-08-18T13:16:20Z,2026-08-18T14:02:17Z,USD
pay_454f8a0a4ca54e86bd2d,o_20260818_00003902,captured,wallet,108.06,5.58,17.27,10.2,0.0,141.11,2026-08-18T13:08:06Z,2026-08-18T13:51:56Z,USD
pay_97ef8f2ae2874ce8a564,o_20260818_00003903,voided,wallet,33.46,3.13,4.9,3.19,0.0,44.68,2026-08-18T12:09:22Z,,USD
pay_bd1d6898292e4d2aa054,o_20260818_00003904,captured,card,89.9,1.1,13.12,8.39,4.5,108.01,2026-08-18T11:16:41Z,2026-08-18T12:30:54Z,USD
pay_c87d4ec07ab746a1acae,o_20260818_00003905,captured,wallet,91.47,5.61,10.08,5.96,4.57,108.55,2026-08-18T08:40:23Z,2026-08-18T09:22:18Z,USD
pay_1102075d6b9d4aaa8faa,o_20260818_00003906,captured,apple_pay,11.04,1.41,1.25,0.68,0.0,14.38,2026-08-18T13:02:19Z,2026-08-18T13:28:55Z,USD
pay_b187ea2043b245199a79,o_20260818_00003907,refunded,apple_pay,29.86,1.04,4.43,2.17,0.0,37.5,2026-08-18T18:29:28Z,,USD
pay_1781709684674d158750,o_20260818_00003908,captured,card,122.88,1.86,12.87,11.8,0.0,149.41,2026-08-18T13:18:55Z,2026-08-18T14:11:49Z,USD
pay_9796d2b07b47465ab585,o_20260818_00003909,captured,card,44.46,5.35,5.59,4.51,0.0,59.91,2026-08-18T11:15:22Z,2026-08-18T12:02:08Z,USD
pay_d972dc4b2aca4b718bb1,o_20260818_00003910,captured,wallet,67.23,6.24,9.93,4.42,0.0,87.82,2026-08-18T18:13:17Z,2026-08-18T18:57:12Z,USD
pay_894fa13e4f3e4cd5b26c,o_20260818_00003911,captured,apple_pay,39.79,1.93,5.82,2.67,0.0,50.21,2026-08-18T11:24:57Z,2026-08-18T12:13:52Z,USD
pay_9d212b66a680404faa95,o_20260818_00003912,captured,paypal,45.08,2.74,3.93,2.73,0.0,54.48,2026-08-18T18:56:19Z,2026-08-18T19:39:06Z,USD
pay_e69b686e3dab46e39f53,o_20260818_00003913,captured,card,53.5,2.53,8.21,4.4,0.0,68.64,2026-08-18T18:53:51Z,2026-08-18T19:44:23Z,USD
pay_c67c0a2e663c4f4c9c4a,o_20260818_00003914,captured,card,84.26,1.61,9.14,8.02,0.0,103.03,2026-08-18T12:06:44Z,2026-08-18T12:52:14Z,USD
pay_6da22225eb1a4e0b9507,o_20260818_00003915,captured,paypal,64.7,1.41,8.63,4.96,9.7,70.0,2026-08-18T19:41:27Z,2026-08-18T20:55:19Z,USD
pay_96e9d233f6544eeeaa73,o_20260818_00003916,captured,card,7.54,4.85,1.16,0.47,0.0,14.02,2026-08-18T20:06:55Z,2026-08-18T21:01:11Z,USD
pay_3228b30de2874f5abd28,o_20260818_00003917,captured,apple_pay,112.88,2.42,13.91,11.14,0.0,140.35,2026-08-18T19:48:59Z,2026-08-18T20:41:18Z,USD
pay_c79343fde6a940dcb1cb,o_20260818_00003918,voided,apple_pay,100.24,4.07,8.94,6.25,5.01,114.49,2026-08-18T18:30:25Z,,USD
pay_48264b4e14c047de922c,o_20260818_00003919,captured,wallet,73.18,0.85,8.14,4.45,10.98,75.64,2026-08-18T18:06:46Z,2026-08-18T19:00:15Z,USD
pay_781eebd57bfa4f378f7c,o_20260818_00003920,captured,wallet,18.64,6.74,2.96,1.87,0.0,30.21,2026-08-18T13:27:21Z,2026-08-18T13:49:10Z,USD
pay_a00c0f531dc949ecbea8,o_20260818_00003921,captured,apple_pay,101.36,0.56,11.48,8.2,0.0,121.6,2026-08-18T20:27:18Z,2026-08-18T21:10:09Z,USD
pay_c05d1c310dac44fcaf19,o_20260818_00003922,captured,card,95.85,6.68,15.11,7.29,4.79,120.14,2026-08-18T19:25:06Z,2026-08-18T20:12:39Z,USD
pay_795956f5d6cf46228170,o_20260818_00003923,captured,wallet,62.13,4.91,9.51,4.71,0.0,81.26,2026-08-18T12:18:54Z,2026-08-18T13:26:21Z,USD
pay_1f2f540a05c2461fad18,o_20260818_00003924,captured,card,95.56,3.35,14.99,5.41,9.56,109.75,2026-08-18T18:02:09Z,2026-08-18T18:42:18Z,USD
pay_8f0e50c4557044329049,o_20260818_00003925,captured,card,58.37,3.44,7.42,4.69,5.84,68.08,2026-08-18T19:09:26Z,2026-08-18T19:50:26Z,USD
pay_7c6b0b8d83ea47ebb34b,o_20260818_00003926,captured,paypal,70.98,5.25,11.26,4.72,10.65,81.56,2026-08-18T18:48:11Z,2026-08-18T19:19:44Z,USD
pay_8d6738200aba4353833e,o_20260818_00003927,captured,paypal,73.4,3.04,10.21,4.61,0.0,91.26,2026-08-18T18:35:56Z,2026-08-18T19:16:09Z,USD
pay_2c4585961e4148ffac7a,o_20260818_00003928,captured,apple_pay,9.29,4.14,0.94,0.48,1.39,13.46,2026-08-18T08:46:52Z,2026-08-18T09:04:42Z,USD
pay_c70bb1f5aead43ef848b,o_20260818_00003929,captured,apple_pay,69.57,5.71,9.66,5.66,6.96,83.64,2026-08-18T18:27:47Z,2026-08-18T19:30:12Z,USD
pay_10bd438dd26f470db2f4,o_20260818_00003930,captured,card,94.12,6.15,14.86,7.89,9.41,113.61,2026-08-18T20:22:33Z,2026-08-18T21:10:58Z,USD
pay_e70e83b036534be1b711,o_20260818_00003931,captured,apple_pay,46.12,2.41,5.61,2.75,4.61,52.28,2026-08-18T08:34:53Z,2026-08-18T09:21:30Z,USD
pay_e93985689a084cc5ac4a,o_20260818_00003932,captured,wallet,98.95,3.38,15.78,6.07,0.0,124.18,2026-08-18T13:35:58Z,2026-08-18T14:48:35Z,USD
pay_ed4821f9e782489fb8e3,o_20260818_00003933,captured,apple_pay,14.16,2.04,2.02,0.98,1.42,17.78,2026-08-18T08:06:56Z,2026-08-18T09:18:26Z,USD
pay_ce86cdeb688d4430906e,o_20260818_00003934,refunded,card,82.54,0.91,10.21,6.2,0.0,99.86,2026-08-18T08:21:14Z,,USD
pay_44e54150a67f4bb7ad3a,o_20260818_00003935,captured,wallet,47.21,1.5,3.99,4.26,2.36,54.6,2026-08-18T11:49:19Z,2026-08-18T12:35:19Z,USD
pay_9050351b21c441828cab,o_20260818_00003936,captured,card,49.88,3.58,6.5,4.65,0.0,64.61,2026-08-18T13:17:55Z,2026-08-18T13:48:53Z,USD
pay_27d06ed9f14948c086ca,o_20260818_00003937,captured,apple_pay,78.54,3.45,9.49,5.36,0.0,96.84,2026-08-18T12:24:20Z,2026-08-18T12:59:18Z,USD
pay_33f1a22843f74729916a,o_20260818_00003938,captured,apple_pay,133.11,4.65,12.39,7.34,13.31,144.18,2026-08-18T19:05:00Z,2026-08-18T19:54:27Z,USD
pay_771d41bc9b464338b355,o_20260818_00003939,captured,wallet,15.86,5.74,1.87,1.31,1.59,23.19,2026-08-18T11:27:52Z,2026-08-18T12:21:12Z,USD
pay_fbddbfff83904d948b94,o_20260818_00003940,voided,apple_pay,60.9,5.87,8.98,4.76,6.09,74.42,2026-08-18T13:15:19Z,,USD
pay_d257e3879a5649afb7a8,o_20260818_00003941,captured,paypal,21.03,3.85,2.29,1.53,1.05,27.65,2026-08-18T18:42:09Z,2026-08-18T19:39:28Z,USD
pay_5ca0ab61eae24e9ba4d8,o_20260818_00003942,captured,apple_pay,42.39,5.47,6.08,2.97,2.12,54.79,2026-08-18T19:32:08Z,2026-08-18T20:20:51Z,USD
pay_7e7c9de19e04432f88f0,o_20260818_00003943,captured,card,55.23,3.27,5.2,4.56,2.76,65.5,2026-08-18T11:48:29Z,2026-08-18T12:31:51Z,USD
pay_aea322f345194e78bfe3,o_20260818_00003944,captured,wallet,56.37,6.07,7.47,5.4,0.0,75.31,2026-08-18T12:11:38Z,2026-08-18T12:58:07Z,USD
pay_a22bc2643a5a4816a64e,o_20260818_00003945,captured,card,41.4,4.68,5.92,3.39,6.21,49.18,2026-08-18T12:08:36Z,2026-08-18T12:50:42Z,USD
pay_ca8cd96a8a6e4b1f9260,o_20260818_00003946,captured,apple_pay,62.24,2.39,9.12,5.73,3.11,76.37,2026-08-18T18:10:06Z,2026-08-18T18:51:07Z,USD
pay_6e134e8b2d234349b056,o_20260818_00003947,captured,card,55.54,1.98,7.41,5.08,0.0,70.01,2026-08-18T13:03:57Z,2026-08-18T13:37:47Z,USD
pay_de40eebd5e28470589e5,o_20260818_00003948,captured,wallet,28.32,1.5,2.8,2.74,1.42,33.94,2026-08-18T20:29:19Z,2026-08-18T21:29:14Z,USD
pay_f2aba0f83194492b94f3,o_20260818_00003949,voided,wallet,62.06,5.9,6.14,5.18,0.0,79.28,2026-08-18T08:59:49Z,,USD
pay_73ab7f66383e45e3ab5c,o_20260818_00003950,captured,card,60.0,1.68,7.97,3.8,9.0,64.45,2026-08-18T18:31:36Z,2026-08-18T19:10:41Z,USD
pay_453ee603291c487485e2,o_20260818_00003951,captured,paypal,37.11,0.71,5.01,2.43,5.57,39.69,2026-08-18T08:01:31Z,2026-08-18T08:30:27Z,USD
pay_30520f01d89248648af3,o_20260818_00003952,captured,wallet,52.63,3.64,7.92,3.35,0.0,67.54,2026-08-18T13:38:14Z,2026-08-18T14:20:16Z,USD
pay_a064b23360124f39b2ee,o_20260818_00003953,captured,wallet,22.41,6.25,2.15,1.61,1.12,31.3,2026-08-18T18:41:03Z,2026-08-18T19:32:56Z,USD
pay_dc19d833ca9d4ccaaba5,o_20260818_00003954,captured,apple_pay,152.2,6.9,14.53,13.32,15.22,171.73,2026-08-18T11:36:44Z,2026-08-18T12:03:50Z,USD
pay_743fa07b303e4c14aa77,o_20260818_00003955,captured,wallet,85.98,0.91,12.75,4.76,12.9,91.5,2026-08-18T08:06:58Z,2026-08-18T08:55:36Z,USD
pay_74cbf30b5fd94b8b8e7c,o_20260818_00003956,captured,apple_pay,69.84,0.7,6.07,5.96,0.0,82.57,2026-08-18T12:09:29Z,2026-08-18T12:49:03Z,USD
pay_612dc14889db4715a87f,o_20260818_00003957,captured,wallet,15.46,0.8,1.53,0.95,2.32,16.42,2026-08-18T11:25:28Z,2026-08-18T11:58:05Z,USD
pay_282234eb02bb41b28df1,o_20260818_00003958,captured,paypal,64.23,4.05,5.52,6.26,0.0,80.06,2026-08-18T12:16:49Z,2026-08-18T13:14:40Z,USD
pay_7207469a101b4f81b136,o_20260818_00003959,captured,apple_pay,49.2,2.91,4.39,4.08,4.92,55.66,2026-08-18T12:05:35Z,2026-08-18T13:07:15Z,USD
pay_c63b76ba854c410a9f37,o_20260818_00003960,voided,paypal,24.42,3.51,3.75,1.63,3.66,29.65,2026-08-18T19:35:24Z,,USD
pay_086bcd8348d44493a65f,o_20260818_00003961,captured,card,71.35,3.58,10.37,5.67,3.57,87.4,2026-08-18T11:19:20Z,2026-08-18T12:10:50Z,USD
pay_af452d65e7f749f38106,o_20260818_00003962,captured,card,62.76,4.34,6.95,5.18,3.14,76.09,2026-08-18T19:13:17Z,2026-08-18T19:53:02Z,USD
pay_960c447fb7da47d1ac5b,o_20260818_00003963,captured,wallet,63.6,5.49,5.22,5.13,6.36,73.08,2026-08-18T18:35:05Z,2026-08-18T19:25:31Z,USD
pay_4c20f854d34a45e7a37c,o_20260818_00003964,captured,card,105.2,0.91,10.64,8.76,0.0,125.51,2026-08-18T19:00:16Z,2026-08-18T19:45:26Z,USD
pay_b60385bc32d74f2cbabc,o_20260818_00003965,captured,wallet,32.6,1.27,4.79,1.95,4.89,35.72,2026-08-18T11:53:02Z,2026-08-18T12:51:53Z,USD
pay_15e0ccf2dcdc49289347,o_20260818_00003966,captured,apple_pay,81.3,5.86,9.43,5.66,8.13,94.12,2026-08-18T19:52:32Z,2026-08-18T20:42:25Z,USD
pay_3c74f35ca6aa4801ada3,o_20260818_00003967,captured,apple_pay,21.63,4.87,1.79,1.84,0.0,30.13,2026-08-18T11:05:34Z,2026-08-18T11:56:41Z,USD
pay_ebd7b0fad9774a97b735,o_20260818_00003968,captured,wallet,63.69,5.72,6.61,5.76,0.0,81.78,2026-08-18T12:39:00Z,2026-08-18T13:17:30Z,USD
pay_a79eb34c71654796a4c6,o_20260818_00003969,captured,card,88.44,4.51,11.79,6.34,8.84,102.24,2026-08-18T20:56:53Z,2026-08-18T21:58:28Z,USD
pay_627d6d2219234a65ab58,o_20260818_00003970,captured,wallet,50.63,1.14,7.75,4.4,0.0,63.92,2026-08-18T18:03:10Z,2026-08-18T19:05:53Z,USD
pay_34771e27d1b54263a681,o_20260818_00003971,captured,apple_pay,30.7,4.49,4.84,2.06,0.0,42.09,2026-08-18T18:33:33Z,2026-08-18T19:22:45Z,USD
pay_93b35b6778244e5b9822,o_20260818_00003972,captured,paypal,21.78,3.59,2.06,1.89,2.18,27.14,2026-08-18T18:07:28Z,2026-08-18T19:14:28Z,USD
pay_e0d6bbd61cf4428d84e4,o_20260818_00003973,captured,apple_pay,72.33,4.35,11.19,5.38,0.0,93.25,2026-08-18T18:30:38Z,2026-08-18T19:36:18Z,USD
pay_fb6d9632abbd4de28125,o_20260818_00003974,captured,card,62.42,6.04,6.95,3.78,0.0,79.19,2026-08-18T13:48:09Z,2026-08-18T14:23:54Z,USD
pay_aeaeabb4a41e49f0aa29,o_20260818_00003975,captured,card,128.15,1.64,11.13,11.52,0.0,152.44,2026-08-18T08:36:49Z,2026-08-18T09:14:40Z,USD
pay_e2096076daeb452385f3,o_20260818_00003976,captured,wallet,43.66,1.61,5.84,4.33,0.0,55.44,2026-08-18T12:24:37Z,2026-08-18T13:15:11Z,USD
pay_cef35434ce0b423e9d25,o_20260818_00003977,captured,apple_pay,71.34,4.16,7.48,5.18,7.13,81.03,2026-08-18T20:18:16Z,2026-08-18T21:14:56Z,USD
pay_47bf164cbbbd491f9ae7,o_20260818_00003978,captured,card,47.58,6.93,4.94,4.82,0.0,64.27,2026-08-18T08:49:14Z,2026-08-18T09:34:57Z,USD
pay_c60bd64d886a41189459,o_20260818_00003979,voided,paypal,76.47,2.79,7.45,4.28,11.47,79.52,2026-08-18T11:05:49Z,,USD
pay_7a9e0e4662c94c68ae3e,o_20260818_00003980,captured,apple_pay,110.52,0.77,16.35,8.46,11.05,125.05,2026-08-18T12:37:31Z,2026-08-18T13:07:52Z,USD
pay_a5ae6888e16b4d19ad16,o_20260818_00003981,captured,paypal,45.24,6.23,6.71,2.95,6.79,54.34,2026-08-18T18:54:13Z,2026-08-18T19:55:45Z,USD
pay_9e88e69786bd41098a91,o_20260818_00003982,voided,card,90.16,4.8,12.54,8.18,4.51,111.17,2026-08-18T08:31:02Z,,USD
pay_75cf741f0d8e445595de,o_20260818_00003983,captured,card,86.6,0.57,13.03,6.04,4.33,101.91,2026-08-18T20:25:10Z,2026-08-18T21:04:58Z,USD
pay_62a3d06478ae49a19e13,o_20260818_00003984,captured,wallet,34.02,0.65,4.54,2.4,3.4,38.21,2026-08-18T11:48:23Z,2026-08-18T12:43:19Z,USD
pay_30101638d5014113b85c,o_20260818_00003985,captured,paypal,68.17,4.11,8.11,5.93,6.82,79.5,2026-08-18T20:18:14Z,2026-08-18T21:00:40Z,USD
pay_926b372183434381879c,o_20260818_00003986,captured,apple_pay,73.83,1.49,7.25,5.63,0.0,88.2,2026-08-18T12:35:01Z,2026-08-18T13:06:56Z,USD
pay_5ec3aa57ae5c4678a5f0,o_20260818_00003987,captured,paypal,22.05,6.97,3.5,1.66,3.31,30.87,2026-08-18T12:28:14Z,2026-08-18T13:12:09Z,USD
pay_7ec53d2f414a4353a909,o_20260818_00003988,captured,wallet,58.24,3.42,6.47,5.07,0.0,73.2,2026-08-18T18:42:31Z,2026-08-18T19:41:42Z,USD
pay_940366206e3849819b4f,o_20260818_00003989,captured,wallet,28.98,4.49,2.46,2.3,2.9,35.33,2026-08-18T18:37:52Z,2026-08-18T19:34:31Z,USD
pay_07232368d1be4b0fad09,o_20260818_00003990,captured,card,44.92,0.89,5.54,2.99,4.49,49.85,2026-08-18T11:03:12Z,2026-08-18T11:54:04Z,USD
pay_2ee4d9d6f3d642c5838d,o_20260818_00003991,captured,paypal,53.65,4.7,7.13,4.67,0.0,70.15,2026-08-18T11:08:41Z,2026-08-18T11:35:27Z,USD
pay_6cbaf9fdc08f43a79cf0,o_20260818_00003992,captured,paypal,85.47,3.06,13.5,6.1,0.0,108.13,2026-08-18T12:37:19Z,2026-08-18T13:16:03Z,USD
pay_7669082d2d3c4454baa9,o_20260818_00003993,captured,wallet,70.2,4.14,7.0,6.29,3.51,84.12,2026-08-18T20:07:29Z,2026-08-18T20:54:02Z,USD
pay_7bbec7091bad4d01bb21,o_20260818_00003994,voided,paypal,62.54,5.8,8.67,5.5,0.0,82.51,2026-08-18T18:03:26Z,,USD
pay_05402edfd76d42cca474,o_20260818_00003995,captured,apple_pay,39.25,4.2,5.06,3.18,0.0,51.69,2026-08-18T19:39:04Z,2026-08-18T20:50:02Z,USD
pay_ea249ba4dfd34dab8d4a,o_20260818_00003996,captured,card,33.12,3.51,5.11,2.15,0.0,43.89,2026-08-18T08:47:54Z,2026-08-18T09:29:42Z,USD
pay_5a811c9673c141e6bf0e,o_20260818_00003997,captured,paypal,91.63,6.0,10.25,7.25,13.74,101.39,2026-08-18T12:14:02Z,2026-08-18T13:04:57Z,USD
pay_fd1d639b478e4f1ea3a3,o_20260818_00003998,captured,paypal,53.52,6.13,8.34,3.13,8.03,63.09,2026-08-18T18:25:34Z,2026-08-18T19:13:24Z,USD
pay_8a7b2b4cd3ec4339b8e4,o_20260818_00003999,captured,apple_pay,46.28,3.3,3.93,3.54,2.31,54.74,2026-08-18T20:26:59Z,2026-08-18T21:24:47Z,USD
pay_ce8851e6b5514d41bf90,o_20260818_00004000,refunded,apple_pay,90.77,3.41,13.14,5.02,9.08,103.26,2026-08-18T13:15:52Z,,USD
pay_922e6851dd5d4b2ab8b3,o_20260818_00004001,captured,wallet,90.16,6.3,9.04,7.52,13.52,99.5,2026-08-18T11:25:48Z,2026-08-18T12:18:21Z,USD
pay_9908dbd3bdfc43a7b3e6,o_20260818_00004002,captured,card,27.38,3.18,2.75,1.94,1.37,33.88,2026-08-18T11:23:16Z,2026-08-18T11:50:41Z,USD
pay_a9cca81c799a4a3c9609,o_20260818_00004003,captured,paypal,117.3,5.86,16.48,9.37,0.0,149.01,2026-08-18T13:15:36Z,2026-08-18T13:55:03Z,USD
pay_78dec7554711436faaf5,o_20260818_00004004,captured,apple_pay,92.53,2.73,13.46,7.18,0.0,115.9,2026-08-18T12:40:42Z,2026-08-18T13:37:37Z,USD
pay_b8b51503614643b291ea,o_20260818_00004005,captured,card,88.44,3.81,10.18,5.27,13.27,94.43,2026-08-18T11:15:30Z,2026-08-18T11:58:19Z,USD
pay_52767daed9d7448488d4,o_20260818_00004006,captured,paypal,78.46,4.72,10.43,6.58,11.77,88.42,2026-08-18T18:00:48Z,2026-08-18T18:44:41Z,USD
pay_cabe70a138674d95a699,o_20260818_00004007,captured,wallet,38.91,4.99,5.13,3.77,0.0,52.8,2026-08-18T18:37:19Z,2026-08-18T19:14:13Z,USD
pay_15260d6862d54cb99a79,o_20260818_00004008,captured,wallet,26.67,2.4,3.19,1.58,4.0,29.84,2026-08-18T13:24:20Z,2026-08-18T13:54:03Z,USD
pay_d8deb0025392439f8f65,o_20260818_00004009,captured,wallet,23.75,3.32,2.74,2.43,0.0,32.24,2026-08-18T13:41:52Z,2026-08-18T14:37:06Z,USD
pay_b0e2df77abb44d55b659,o_20260818_00004010,captured,wallet,64.89,3.57,9.42,4.69,0.0,82.57,2026-08-18T18:44:28Z,2026-08-18T19:13:06Z,USD
pay_7f38bab6599f4b20b39a,o_20260818_00004011,captured,wallet,23.94,5.72,3.73,1.62,3.59,31.42,2026-08-18T08:20:37Z,2026-08-18T09:19:27Z,USD
pay_b3605a1a294e4e32a0f3,o_20260818_00004012,captured,card,62.84,5.98,7.05,4.01,3.14,76.74,2026-08-18T18:20:19Z,2026-08-18T19:02:19Z,USD
pay_2502febe453e4c6a8fe0,o_20260818_00004013,captured,paypal,114.12,1.42,13.92,6.62,11.41,124.67,2026-08-18T19:58:57Z,2026-08-18T20:40:04Z,USD
pay_0bbd4d55287a43c8bbc3,o_20260818_00004014,captured,wallet,28.41,3.96,3.84,1.75,2.84,35.12,2026-08-18T12:48:36Z,2026-08-18T13:24:07Z,USD
pay_dbab0bcff3204a859caa,o_20260818_00004015,captured,apple_pay,59.97,6.31,6.61,5.45,0.0,78.34,2026-08-18T18:53:14Z,2026-08-18T19:31:31Z,USD
pay_d4de00d9849941eb9ca1,o_20260818_00004016,captured,wallet,14.06,3.52,1.65,0.95,1.41,18.77,2026-08-18T19:52:25Z,2026-08-18T20:40:18Z,USD
pay_755a1a2eb999418f9145,o_20260818_00004017,voided,wallet,57.15,5.36,5.6,4.63,0.0,72.74,2026-08-18T19:57:04Z,,USD
pay_42c5e7b78952486c8224,o_20260818_00004018,captured,paypal,63.57,3.82,8.64,4.13,9.54,70.62,2026-08-18T18:49:59Z,2026-08-18T19:32:07Z,USD
pay_215d2cbdfe3f43ebbcfd,o_20260818_00004019,captured,card,37.32,5.19,5.64,2.57,5.6,45.12,2026-08-18T20:30:24Z,2026-08-18T20:59:59Z,USD
pay_9ce8394ac40e4a06a7db,o_20260818_00004020,captured,card,63.6,2.3,6.82,4.95,9.54,68.13,2026-08-18T18:40:34Z,2026-08-18T19:21:54Z,USD
pay_3111cf2adaaa40d2abd7,o_20260818_00004021,captured,wallet,77.42,3.21,6.8,6.65,7.74,86.34,2026-08-18T18:53:23Z,2026-08-18T19:30:45Z,USD
pay_04350bae169c4c3c8db3,o_20260818_00004022,captured,paypal,82.95,2.97,7.96,7.02,4.15,96.75,2026-08-18T11:45:01Z,2026-08-18T12:22:52Z,USD
pay_59053601cc944d43895f,o_20260818_00004023,captured,apple_pay,21.55,4.7,2.46,1.91,2.16,28.46,2026-08-18T12:10:14Z,2026-08-18T12:56:04Z,USD
pay_628ede38a91a476cbc2c,o_20260818_00004024,captured,paypal,86.94,3.62,12.9,8.41,0.0,111.87,2026-08-18T08:02:44Z,2026-08-18T08:29:38Z,USD
pay_c34b41c5c62c420a91f7,o_20260818_00004025,captured,wallet,34.77,0.56,3.87,3.09,1.74,40.55,2026-08-18T19:19:40Z,2026-08-18T20:09:29Z,USD
pay_e28c1ffb75ea4edf847e,o_20260818_00004026,captured,apple_pay,83.64,3.7,9.8,4.92,12.55,89.51,2026-08-18T12:21:06Z,2026-08-18T12:44:50Z,USD
pay_46d6f240ad5340b49821,o_20260818_00004027,captured,card,75.52,3.59,7.33,5.54,0.0,91.98,2026-08-18T18:48:46Z,2026-08-18T19:27:50Z,USD
pay_bcd2644f09d7461d9d6f,o_20260818_00004028,captured,wallet,11.94,4.24,1.87,0.88,0.0,18.93,2026-08-18T13:03:22Z,2026-08-18T13:34:25Z,USD
pay_e943f4c8b6cb49feae56,o_20260818_00004029,captured,paypal,44.7,6.27,7.06,3.74,0.0,61.77,2026-08-18T12:02:06Z,2026-08-18T12:31:23Z,USD
pay_00836e88732841419750,o_20260818_00004030,captured,wallet,64.82,3.13,9.71,6.2,3.24,80.62,2026-08-18T19:15:53Z,2026-08-18T20:13:31Z,USD
pay_b82f590b9b4d4b95a4c4,o_20260818_00004031,captured,paypal,89.48,5.22,12.83,6.67,0.0,114.2,2026-08-18T11:22:58Z,2026-08-18T12:17:18Z,USD
pay_4f6c5e17caa24bc0bf65,o_20260818_00004032,captured,apple_pay,103.63,1.41,9.71,7.98,5.18,117.55,2026-08-18T12:10:38Z,2026-08-18T13:09:12Z,USD
pay_e5282b8b97e2483d8cde,o_20260818_00004033,captured,apple_pay,29.86,1.09,2.85,2.24,0.0,36.04,2026-08-18T11:54:36Z,2026-08-18T12:18:10Z,USD
pay_4a272b72430c4d008e12,o_20260818_00004034,captured,apple_pay,39.54,3.3,5.62,3.12,0.0,51.58,2026-08-18T13:46:00Z,2026-08-18T14:51:48Z,USD
pay_d8e8194a843d4778ac97,o_20260818_00004035,captured,wallet,88.11,5.33,11.58,5.88,0.0,110.9,2026-08-18T12:07:23Z,2026-08-18T12:58:11Z,USD
pay_d73b4e24287046a48659,o_20260818_00004036,captured,apple_pay,112.77,3.82,12.83,7.77,0.0,137.19,2026-08-18T12:45:50Z,2026-08-18T13:38:44Z,USD
pay_a72f3c0575b64066ac66,o_20260818_00004037,captured,paypal,76.54,1.8,11.99,6.68,7.65,89.36,2026-08-18T19:58:29Z,2026-08-18T20:39:36Z,USD
pay_98361c903eb54a95ad34,o_20260818_00004038,captured,card,83.41,6.8,6.93,6.72,12.51,91.35,2026-08-18T19:55:05Z,2026-08-18T20:34:52Z,USD
pay_acd20d24d03245ed9e88,o_20260818_00004039,captured,wallet,59.06,4.63,5.52,5.57,0.0,74.78,2026-08-18T13:46:48Z,2026-08-18T14:33:11Z,USD
pay_ab533784eb8d463498c8,o_20260818_00004040,captured,paypal,26.02,4.97,2.32,1.83,2.6,32.54,2026-08-18T11:07:30Z,2026-08-18T12:11:51Z,USD
pay_b2ef7d5fab7345468a93,o_20260818_00004041,captured,apple_pay,17.46,5.55,1.84,1.62,0.0,26.47,2026-08-18T19:57:16Z,2026-08-18T20:36:57Z,USD
pay_eac3fb61357a46328137,o_20260818_00004042,captured,apple_pay,101.97,6.34,13.49,6.81,0.0,128.61,2026-08-18T20:03:18Z,2026-08-18T20:49:03Z,USD
pay_0cf41e1562f444469a8d,o_20260818_00004043,captured,wallet,71.7,3.14,8.33,4.4,7.17,80.4,2026-08-18T19:00:05Z,2026-08-18T20:07:47Z,USD
pay_928780f367414db9be69,o_20260818_00004044,captured,card,8.84,3.94,1.1,0.76,1.33,13.31,2026-08-18T13:33:51Z,2026-08-18T14:39:37Z,USD
pay_4460673354344dfdb0b7,o_20260818_00004045,captured,wallet,66.92,4.92,7.41,6.41,0.0,85.66,2026-08-18T13:51:11Z,2026-08-18T14:26:43Z,USD
pay_6f3f796ff1914f9bbefd,o_20260818_00004046,captured,paypal,9.3,6.48,1.22,0.82,0.0,17.82,2026-08-18T13:27:16Z,2026-08-18T13:53:55Z,USD
pay_5687aeea11c441459d4d,o_20260818_00004047,captured,paypal,45.36,2.4,4.74,3.59,4.54,51.55,2026-08-18T18:59:21Z,2026-08-18T19:52:15Z,USD
pay_68debbc8bb674cdd884b,o_20260818_00004048,captured,paypal,109.01,1.1,13.57,8.2,0.0,131.88,2026-08-18T20:24:41Z,2026-08-18T21:23:10Z,USD
pay_464a3f027b3d42cbaeb3,o_20260818_00004049,captured,card,133.31,5.14,18.97,9.57,13.33,153.66,2026-08-18T18:59:44Z,2026-08-18T19:50:33Z,USD
pay_d119f2549c8944fca118,o_20260818_00004050,captured,wallet,92.45,3.03,12.2,8.39,0.0,116.07,2026-08-18T18:55:26Z,2026-08-18T19:24:06Z,USD
pay_035f8fdabd1f463d97a5,o_20260818_00004051,captured,wallet,140.02,5.49,15.25,14.3,0.0,175.06,2026-08-18T19:50:34Z,2026-08-18T20:36:16Z,USD
pay_b97630f476ba4998a9a2,o_20260818_00004052,captured,card,64.08,3.89,5.38,5.48,6.41,72.42,2026-08-18T12:04:39Z,2026-08-18T12:52:12Z,USD
pay_f77c6c87785642e6a497,o_20260818_00004053,captured,wallet,85.38,5.24,10.32,8.21,0.0,109.15,2026-08-18T13:54:06Z,2026-08-18T14:30:50Z,USD
pay_a5212426c07c44cdb399,o_20260818_00004054,captured,wallet,81.12,5.39,8.34,7.94,0.0,102.79,2026-08-18T12:12:28Z,2026-08-18T13:10:26Z,USD
pay_5316cd462b9c4be0a9f2,o_20260818_00004055,captured,apple_pay,122.47,1.14,13.74,7.4,0.0,144.75,2026-08-18T13:18:09Z,2026-08-18T14:00:50Z,USD
pay_8be0a83d545b42e7bcb7,o_20260818_00004056,captured,wallet,30.32,3.55,3.03,2.47,0.0,39.37,2026-08-18T11:07:43Z,2026-08-18T11:42:23Z,USD
pay_556781e441e64526b1ae,o_20260818_00004057,captured,wallet,122.13,0.66,16.56,7.79,0.0,147.14,2026-08-18T12:46:08Z,2026-08-18T13:34:51Z,USD
pay_3591b9dd445d4ea8abe8,o_20260818_00004058,captured,wallet,33.13,6.55,4.71,2.28,0.0,46.67,2026-08-18T12:40:47Z,2026-08-18T13:02:47Z,USD
pay_1702b11696c74a028607,o_20260818_00004059,captured,apple_pay,25.29,5.76,2.53,2.07,0.0,35.65,2026-08-18T18:07:57Z,2026-08-18T18:33:26Z,USD
pay_73ca27fed4f9489f8be9,o_20260818_00004060,voided,card,26.53,4.8,4.16,1.55,3.98,33.06,2026-08-18T08:36:39Z,,USD
pay_659d132d668f49c29efa,o_20260818_00004061,captured,wallet,55.81,1.24,8.88,3.51,0.0,69.44,2026-08-18T11:11:34Z,2026-08-18T12:03:05Z,USD
pay_2f2da7d012ff41e1b202,o_20260818_00004062,captured,wallet,75.76,0.66,8.9,5.01,7.58,82.75,2026-08-18T12:32:26Z,2026-08-18T12:55:03Z,USD
pay_bb223ec723604a19b5c8,o_20260818_00004063,captured,wallet,105.43,3.94,14.65,9.58,0.0,133.6,2026-08-18T19:56:49Z,2026-08-18T20:51:54Z,USD
pay_bb5fdd9d7b564d0db741,o_20260818_00004064,captured,card,61.85,6.92,6.5,5.47,0.0,80.74,2026-08-18T13:16:45Z,2026-08-18T13:57:51Z,USD
pay_d5872ed7c86a46548d05,o_20260818_00004065,captured,apple_pay,42.93,4.65,3.96,3.41,6.44,48.51,2026-08-18T20:22:45Z,2026-08-18T21:02:42Z,USD
pay_008a2c7f503146548f41,o_20260818_00004066,captured,wallet,134.41,4.06,18.28,9.38,0.0,166.13,2026-08-18T18:18:06Z,2026-08-18T19:15:39Z,USD
pay_1d779c3fcab9469597b0,o_20260818_00004067,refunded,paypal,33.57,6.35,4.92,2.86,0.0,47.7,2026-08-18T20:20:07Z,,USD
pay_b7ceb6f917bb429a8e89,o_20260818_00004068,captured,card,11.03,3.0,1.06,1.05,0.0,16.14,2026-08-18T20:10:21Z,2026-08-18T20:45:06Z,USD
pay_241b3ad3392a40348f98,o_20260818_00004069,captured,apple_pay,45.16,3.29,3.63,2.98,6.77,48.29,2026-08-18T13:42:42Z,2026-08-18T14:31:01Z,USD
pay_576825f963e849edaadb,o_20260818_00004070,captured,wallet,62.98,4.44,5.18,4.58,9.45,67.73,2026-08-18T12:16:20Z,2026-08-18T13:05:05Z,USD
pay_cfa782122d8746aba4c5,o_20260818_00004071,captured,apple_pay,33.97,4.09,2.73,3.33,0.0,44.12,2026-08-18T12:22:54Z,2026-08-18T13:21:44Z,USD
pay_ef3bf368e04c4ec89ec1,o_20260818_00004072,captured,apple_pay,22.68,3.61,2.97,1.55,1.13,29.68,2026-08-18T12:07:39Z,2026-08-18T13:00:34Z,USD
pay_b3150171ed7f440496c4,o_20260818_00004073,captured,wallet,55.92,6.64,8.02,4.79,0.0,75.37,2026-08-18T19:09:48Z,2026-08-18T19:51:51Z,USD
pay_23550119dbe144989216,o_20260818_00004074,captured,paypal,87.15,2.48,12.42,6.12,0.0,108.17,2026-08-18T12:22:23Z,2026-08-18T13:01:33Z,USD
pay_358a7eb21cf94a96afa7,o_20260818_00004075,captured,wallet,34.08,6.52,3.58,2.22,0.0,46.4,2026-08-18T11:40:25Z,2026-08-18T12:28:05Z,USD
pay_ad1406214fa6418385b1,o_20260818_00004076,captured,paypal,46.1,4.48,4.49,4.4,0.0,59.47,2026-08-18T11:15:52Z,2026-08-18T12:27:35Z,USD
pay_1727798c5af3465b860e,o_20260818_00004077,captured,paypal,54.78,2.14,5.88,3.34,5.48,60.66,2026-08-18T18:54:28Z,2026-08-18T19:29:43Z,USD
pay_e203c7ec1804440390bd,o_20260818_00004078,captured,wallet,54.77,0.65,4.8,3.94,2.74,61.42,2026-08-18T20:44:00Z,2026-08-18T21:28:55Z,USD
pay_d9e77a983c21475fa5f6,o_20260818_00004079,captured,wallet,96.48,2.41,10.41,9.66,0.0,118.96,2026-08-18T12:25:49Z,2026-08-18T13:26:35Z,USD
pay_a3a4f5473147413ca86a,o_20260818_00004080,captured,apple_pay,114.88,3.44,10.13,11.68,0.0,140.13,2026-08-18T20:54:42Z,2026-08-18T21:33:23Z,USD
pay_b5af655539684e0b9147,o_20260818_00004081,captured,paypal,45.27,6.03,5.06,3.5,0.0,59.86,2026-08-18T19:54:20Z,2026-08-18T20:54:36Z,USD
pay_0026c82bed1f4152adf2,o_20260818_00004082,captured,apple_pay,58.77,3.19,8.59,3.83,5.88,68.5,2026-08-18T20:59:39Z,2026-08-18T21:44:16Z,USD
pay_10e0f79704c44e9999e9,o_20260818_00004083,captured,paypal,30.48,0.97,3.19,2.48,4.57,32.55,2026-08-18T13:42:47Z,2026-08-18T14:16:52Z,USD
pay_070be34d39a44997b45d,o_20260818_00004084,captured,wallet,36.78,6.4,3.08,3.51,1.84,47.93,2026-08-18T19:05:09Z,2026-08-18T19:58:48Z,USD
pay_f3eb185a964940c190b7,o_20260818_00004085,captured,paypal,47.8,0.8,4.1,3.2,0.0,55.9,2026-08-18T12:36:53Z,2026-08-18T13:29:49Z,USD
pay_b0d86ce37afb42faae8a,o_20260818_00004086,captured,apple_pay,30.26,4.54,3.92,1.82,0.0,40.54,2026-08-18T12:21:03Z,2026-08-18T13:20:46Z,USD
pay_2c3b68d7715c42008019,o_20260818_00004087,captured,card,17.51,4.41,1.68,1.09,0.88,23.81,2026-08-18T12:41:11Z,2026-08-18T13:34:03Z,USD
pay_a64c47f3dc34442bade0,o_20260818_00004088,captured,paypal,53.94,3.26,5.22,3.31,0.0,65.73,2026-08-18T20:15:10Z,2026-08-18T21:23:09Z,USD
pay_e138ccf79e7f47a1af9e,o_20260818_00004089,captured,card,14.75,3.83,1.93,1.17,2.21,19.47,2026-08-18T12:09:16Z,2026-08-18T12:44:54Z,USD
pay_1ee51d05f31e4300a50d,o_20260818_00004090,captured,apple_pay,58.24,0.86,8.29,5.1,0.0,72.49,2026-08-18T18:36:18Z,2026-08-18T19:35:52Z,USD
pay_bd9a8a5fa8124a569a1c,o_20260818_00004091,captured,card,91.75,6.69,8.4,7.66,0.0,114.5,2026-08-18T13:14:51Z,2026-08-18T14:04:09Z,USD
pay_7e379da92de449c980f9,o_20260818_00004092,captured,card,85.34,6.54,11.21,6.72,0.0,109.81,2026-08-18T13:04:16Z,2026-08-18T13:59:09Z,USD
pay_d8922419572b4fa8a5e6,o_20260818_00004093,captured,apple_pay,59.97,3.88,5.73,5.46,3.0,72.04,2026-08-18T13:07:19Z,2026-08-18T13:39:38Z,USD
pay_e9ffe6be7d2e45f59e92,o_20260818_00004094,captured,card,106.98,0.8,15.45,6.53,0.0,129.76,2026-08-18T11:52:03Z,2026-08-18T12:48:36Z,USD
pay_20d361f525354ec293c7,o_20260818_00004095,captured,paypal,83.21,6.7,9.94,7.77,0.0,107.62,2026-08-18T19:12:45Z,2026-08-18T20:11:29Z,USD
pay_159b510d6c6c4a78a997,o_20260818_00004096,captured,card,21.78,4.69,2.93,1.91,0.0,31.31,2026-08-18T20:33:44Z,2026-08-18T21:20:36Z,USD
pay_3e2de78ccaa24a98b693,o_20260818_00004097,captured,card,60.43,4.51,5.78,5.65,3.02,73.35,2026-08-18T19:04:41Z,2026-08-18T19:34:30Z,USD
pay_752a370995ee4a009266,o_20260818_00004098,captured,wallet,23.9,6.3,2.22,2.17,0.0,34.59,2026-08-18T13:22:40Z,2026-08-18T14:13:27Z,USD
pay_bd570e86f4234e539f9f,o_20260818_00004099,captured,card,138.73,4.11,19.44,10.56,6.94,165.9,2026-08-18T18:19:28Z,2026-08-18T18:59:05Z,USD
pay_9de70f7fe7804727bcd1,o_20260818_00004100,captured,card,21.3,1.37,3.02,1.13,3.19,23.63,2026-08-18T19:03:05Z,2026-08-18T19:28:49Z,USD
pay_dffe3e72cf1846b9a8cb,o_20260818_00004101,captured,paypal,124.29,1.13,11.77,8.03,18.64,126.58,2026-08-18T12:45:16Z,2026-08-18T13:40:55Z,USD
pay_4891202b21e3462186e5,o_20260818_00004102,captured,card,122.47,5.26,10.54,9.2,0.0,147.47,2026-08-18T19:20:08Z,2026-08-18T20:00:53Z,USD
pay_9ed5eeaa892e44659e2b,o_20260818_00004103,captured,apple_pay,10.46,2.46,1.56,0.98,0.0,15.46,2026-08-18T20:18:33Z,2026-08-18T20:55:00Z,USD
pay_6d593cfae2604e2ab32d,o_20260818_00004104,captured,apple_pay,89.47,6.77,13.54,6.57,4.47,111.88,2026-08-18T18:01:38Z,2026-08-18T18:46:54Z,USD
pay_07acc21d2129486c9ab5,o_20260818_00004105,captured,apple_pay,114.12,4.69,17.14,10.81,0.0,146.76,2026-08-18T11:42:36Z,2026-08-18T12:24:37Z,USD
pay_ea2d6a7e61af4a0492f8,o_20260818_00004106,captured,paypal,137.73,2.66,16.08,10.67,13.77,153.37,2026-08-18T13:31:32Z,2026-08-18T14:24:26Z,USD
pay_39b52214330947ab94f3,o_20260818_00004107,captured,wallet,95.55,1.67,8.51,6.21,0.0,111.94,2026-08-18T11:17:47Z,2026-08-18T12:12:40Z,USD
pay_e7293524834740a0bd42,o_20260818_00004108,captured,card,95.69,3.41,10.51,6.02,0.0,115.63,2026-08-18T18:11:59Z,2026-08-18T19:05:39Z,USD
pay_78adc52c2a0e4bd1a24f,o_20260818_00004109,captured,paypal,139.69,3.97,20.85,10.12,13.97,160.66,2026-08-18T19:30:52Z,2026-08-18T19:50:13Z,USD
pay_ab6e81ff20dc4c5da448,o_20260818_00004110,captured,wallet,96.85,4.89,14.18,7.87,0.0,123.79,2026-08-18T18:09:53Z,2026-08-18T18:49:41Z,USD
pay_f3fcafeabd8a40549482,o_20260818_00004111,captured,paypal,22.2,5.03,3.02,2.02,1.11,31.16,2026-08-18T12:05:28Z,2026-08-18T12:31:12Z,USD
pay_394f9a2065e44ff3a43d,o_20260818_00004112,captured,paypal,129.64,5.99,14.11,8.47,0.0,158.21,2026-08-18T18:30:00Z,2026-08-18T19:13:37Z,USD
pay_e51af022274c43d5a683,o_20260818_00004113,captured,apple_pay,96.89,5.47,14.8,9.28,0.0,126.44,2026-08-18T18:47:15Z,2026-08-18T19:44:33Z,USD
pay_b79e7151ca564bd5a648,o_20260818_00004114,refunded,card,90.26,1.81,9.28,7.1,0.0,108.45,2026-08-18T18:03:59Z,,USD
pay_aa43eced3d75454abb68,o_20260818_00004115,refunded,wallet,22.62,4.99,1.95,1.53,3.39,27.7,2026-08-18T19:54:30Z,,USD
pay_f57b4103f53a492680c4,o_20260818_00004116,refunded,card,59.47,0.6,9.32,4.46,2.97,70.88,2026-08-18T19:49:37Z,,USD
pay_43373c4c560b480ab571,o_20260818_00004117,captured,card,122.47,6.55,14.44,9.64,0.0,153.1,2026-08-18T19:14:58Z,2026-08-18T19:47:08Z,USD
pay_604af468591c4493aeee,o_20260818_00004118,captured,apple_pay,14.16,1.16,1.81,0.94,0.0,18.07,2026-08-18T13:00:04Z,2026-08-18T13:45:40Z,USD
pay_b8c6d9db585e43d9a610,o_20260818_00004119,voided,apple_pay,68.77,3.58,8.86,3.97,10.32,74.86,2026-08-18T13:10:28Z,,USD
pay_2567c2604aab45eaa2ab,o_20260818_00004120,captured,card,70.34,6.98,8.02,3.8,10.55,78.59,2026-08-18T11:42:55Z,2026-08-18T12:19:19Z,USD
pay_0e9c5e11a1da4307af93,o_20260818_00004121,captured,paypal,83.31,1.46,9.03,6.91,12.5,88.21,2026-08-18T11:29:40Z,2026-08-18T12:28:53Z,USD
pay_f03ccfe6f74d4a2abb5b,o_20260818_00004122,captured,wallet,58.29,2.28,9.14,4.43,0.0,74.14,2026-08-18T11:33:27Z,2026-08-18T12:29:25Z,USD
pay_177a97a72fad41f58210,o_20260818_00004123,captured,apple_pay,58.37,2.35,5.65,5.02,0.0,71.39,2026-08-18T18:55:28Z,2026-08-18T19:51:02Z,USD
pay_15665f8c5dd44c02acf8,o_20260818_00004124,captured,apple_pay,48.91,3.32,6.34,3.9,0.0,62.47,2026-08-18T19:28:33Z,2026-08-18T20:23:21Z,USD
pay_d32ca5502a89403a9245,o_20260818_00004125,captured,apple_pay,101.8,3.15,15.95,7.69,10.18,118.41,2026-08-18T20:29:14Z,2026-08-18T21:04:13Z,USD
pay_0e05f6595409439c94b2,o_20260818_00004126,captured,wallet,48.8,5.49,7.24,4.27,0.0,65.8,2026-08-18T18:03:35Z,2026-08-18T19:05:24Z,USD
pay_99758ddcaf8047988d7a,o_20260818_00004127,voided,card,52.82,2.25,5.27,3.45,0.0,63.79,2026-08-18T18:26:54Z,,USD
pay_ebac35ac1675491dbdf9,o_20260818_00004128,captured,wallet,82.82,4.92,10.93,6.17,0.0,104.84,2026-08-18T18:16:04Z,2026-08-18T18:46:14Z,USD
pay_0b2ab1e9e6c04c998f87,o_20260818_00004129,captured,card,81.11,1.38,12.58,5.37,0.0,100.44,2026-08-18T11:38:25Z,2026-08-18T12:18:33Z,USD
pay_468721f229294190ad1e,o_20260818_00004130,captured,card,25.29,2.22,2.28,2.18,3.79,28.18,2026-08-18T18:57:24Z,2026-08-18T19:54:50Z,USD
pay_b3a8d76495384251b676,o_20260818_00004131,captured,apple_pay,72.16,0.81,6.84,7.17,0.0,86.98,2026-08-18T18:37:43Z,2026-08-18T19:00:30Z,USD
pay_7720d2bb54274bdc88d9,o_20260818_00004132,captured,wallet,32.58,3.8,3.14,2.05,0.0,41.57,2026-08-18T18:06:27Z,2026-08-18T18:31:44Z,USD
pay_0d5f3964cd5a41c6929c,o_20260818_00004133,captured,apple_pay,43.09,5.35,3.63,4.29,0.0,56.36,2026-08-18T13:16:04Z,2026-08-18T13:42:55Z,USD
pay_9ddf6b342279450891ce,o_20260818_00004134,captured,paypal,7.25,5.45,0.65,0.62,0.0,13.97,2026-08-18T20:33:49Z,2026-08-18T21:33:58Z,USD
pay_3a0452f392de45f0a142,o_20260818_00004135,refunded,wallet,137.73,6.61,18.09,13.43,0.0,175.86,2026-08-18T12:27:29Z,,USD
pay_2b013b6305de467ea52e,o_20260818_00004136,captured,wallet,10.01,4.46,1.39,0.78,0.5,16.14,2026-08-18T18:07:40Z,2026-08-18T18:56:14Z,USD
pay_921434ea040c4450bcc5,o_20260818_00004137,captured,card,80.07,2.06,10.98,6.77,8.01,91.87,2026-08-18T08:31:06Z,2026-08-18T09:16:35Z,USD
pay_df68caf4092544ccac66,o_20260818_00004138,captured,apple_pay,96.85,5.54,12.37,9.38,0.0,124.14,2026-08-18T08:37:36Z,2026-08-18T09:34:08Z,USD
pay_1ad203e5a2f141c199e9,o_20260818_00004139,refunded,paypal,119.52,4.05,11.03,9.03,0.0,143.63,2026-08-18T11:36:41Z,,USD
pay_a49a487e17224cc499ec,o_20260818_00004140,captured,wallet,85.34,1.48,9.2,7.38,12.8,90.6,2026-08-18T12:46:49Z,2026-08-18T13:23:41Z,USD
pay_263cd5ea63084cfb9389,o_20260818_00004141,captured,apple_pay,29.91,2.94,4.01,2.11,0.0,38.97,2026-08-18T12:44:54Z,2026-08-18T13:22:02Z,USD
pay_f067c97d6f82439c8047,o_20260818_00004142,voided,wallet,10.4,4.16,1.16,0.74,1.04,15.42,2026-08-18T19:00:09Z,,USD
pay_f513277b7b234432b694,o_20260818_00004143,captured,wallet,57.03,1.63,8.18,4.91,0.0,71.75,2026-08-18T18:25:25Z,2026-08-18T19:18:12Z,USD
pay_d4dcdebd5fd04f3b8e2f,o_20260818_00004144,captured,wallet,19.95,1.51,3.02,1.35,2.99,22.84,2026-08-18T11:15:44Z,2026-08-18T11:58:21Z,USD
pay_24db39e7e89540e18c06,o_20260818_00004145,captured,apple_pay,40.91,1.27,4.15,4.07,0.0,50.4,2026-08-18T20:55:12Z,2026-08-18T21:30:22Z,USD
pay_6680bbab26704caeabcd,o_20260818_00004146,captured,card,86.94,3.86,13.4,8.49,0.0,112.69,2026-08-18T18:38:37Z,2026-08-18T19:37:18Z,USD
pay_2255bff029fc4cc38950,o_20260818_00004147,captured,wallet,85.38,0.88,13.46,5.5,0.0,105.22,2026-08-18T11:52:39Z,2026-08-18T12:38:19Z,USD
pay_555fe939c211496f8b04,o_20260818_00004148,captured,apple_pay,6.82,2.53,0.81,0.63,0.68,10.11,2026-08-18T19:36:26Z,2026-08-18T20:17:30Z,USD
pay_3fc3046274a449188c6d,o_20260818_00004149,voided,paypal,71.52,0.8,10.09,6.09,0.0,88.5,2026-08-18T18:44:13Z,,USD
pay_add18eae742f42a2a206,o_20260818_00004150,captured,card,81.72,6.82,12.86,6.52,0.0,107.92,2026-08-18T13:13:57Z,2026-08-18T14:15:37Z,USD
pay_03e61f992c7547fb8a75,o_20260818_00004151,voided,wallet,33.57,6.5,4.21,2.25,3.36,43.17,2026-08-18T12:19:12Z,,USD
pay_44c85c4cb26a48a9aafa,o_20260818_00004152,captured,apple_pay,31.38,2.43,3.71,2.89,3.14,37.27,2026-08-18T18:13:34Z,2026-08-18T18:46:19Z,USD
pay_f0cbb703e3994b0384ee,o_20260818_00004153,captured,card,31.84,2.38,2.57,2.27,0.0,39.06,2026-08-18T12:16:59Z,2026-08-18T13:00:01Z,USD
pay_2abad5d4976c4c37839f,o_20260818_00004154,captured,apple_pay,11.06,1.16,1.37,0.69,0.0,14.28,2026-08-18T21:00:19Z,2026-08-18T21:45:53Z,USD
pay_43d85c7dfaff4403a2a7,o_20260818_00004155,voided,card,80.57,4.23,10.86,4.48,8.06,92.08,2026-08-18T19:07:52Z,,USD
pay_208dde15b9d94494bc18,o_20260818_00004156,voided,apple_pay,58.94,1.17,8.92,3.42,8.84,63.61,2026-08-18T11:31:19Z,,USD
pay_efde466458874a1383d4,o_20260818_00004157,captured,card,65.89,4.91,5.65,5.39,6.59,75.25,2026-08-18T08:56:33Z,2026-08-18T09:53:43Z,USD
pay_cb98a8b5d2a14d049c66,o_20260818_00004158,refunded,paypal,42.62,5.77,4.85,3.67,0.0,56.91,2026-08-18T18:59:27Z,,USD
pay_59087afc341648519af3,o_20260818_00004159,refunded,apple_pay,61.13,5.5,7.09,4.63,0.0,78.35,2026-08-18T20:05:02Z,,USD
pay_2ff5d87e2bb34848a3be,o_20260818_00004160,captured,apple_pay,82.65,1.67,9.17,7.56,8.27,92.78,2026-08-18T12:03:46Z,2026-08-18T13:01:24Z,USD
pay_45c35f6559bc4e2db536,o_20260818_00004161,captured,apple_pay,51.75,1.11,7.59,3.17,0.0,63.62,2026-08-18T12:10:28Z,2026-08-18T13:05:40Z,USD
pay_6c52870b8cd640cea5ec,o_20260818_00004162,captured,apple_pay,44.91,0.65,4.96,3.86,2.25,52.13,2026-08-18T11:11:17Z,2026-08-18T11:51:00Z,USD
pay_fbb684b8c0994adca484,o_20260818_00004163,captured,card,122.67,5.75,19.32,10.96,0.0,158.7,2026-08-18T12:35:42Z,2026-08-18T13:23:13Z,USD
pay_f06e72260d254c42a2e9,o_20260818_00004164,captured,wallet,18.07,4.32,1.59,1.8,0.0,25.78,2026-08-18T11:44:03Z,2026-08-18T12:37:38Z,USD
pay_056e3d56c15f488ea0a0,o_20260818_00004165,captured,paypal,31.7,0.55,4.66,2.65,3.17,36.39,2026-08-18T11:49:42Z,2026-08-18T12:36:34Z,USD
pay_228058dd9a4c4380b608,o_20260818_00004166,captured,paypal,107.98,5.41,10.06,6.32,5.4,124.37,2026-08-18T11:51:26Z,2026-08-18T12:50:30Z,USD
pay_b18cf8fabb2d4d92a90d,o_20260818_00004167,captured,card,47.8,2.49,6.21,3.45,4.78,55.17,2026-08-18T19:52:23Z,2026-08-18T20:48:19Z,USD
pay_9bfe6c047ddb48dcaaf3,o_20260818_00004168,refunded,paypal,91.6,2.98,11.4,7.49,0.0,113.47,2026-08-18T11:47:17Z,,USD
pay_13a8614ce95c4a77abe2,o_20260818_00004169,captured,apple_pay,17.02,3.31,2.5,1.21,0.0,24.04,2026-08-18T12:09:50Z,2026-08-18T12:41:26Z,USD
pay_e3a7a84b8dfe4ee28dbf,o_20260818_00004170,captured,wallet,114.1,2.68,12.08,6.22,11.41,123.67,2026-08-18T08:23:18Z,2026-08-18T09:13:17Z,USD
pay_6afc02b91eb843428d06,o_20260818_00004171,captured,wallet,50.13,2.53,4.2,4.05,7.52,53.39,2026-08-18T20:18:27Z,2026-08-18T21:09:34Z,USD
pay_c2e5dc07ba9d406ba71b,o_20260818_00004172,captured,card,47.02,6.83,6.95,3.12,0.0,63.92,2026-08-18T11:02:55Z,2026-08-18T11:55:39Z,USD
pay_7f303c2ba0004d8da17f,o_20260818_00004173,captured,card,54.84,5.59,6.19,3.91,8.23,62.3,2026-08-18T18:11:12Z,2026-08-18T19:00:55Z,USD
pay_b5d2aec5974946f1a20b,o_20260818_00004174,captured,wallet,9.47,6.9,0.95,0.76,0.0,18.08,2026-08-18T11:19:08Z,2026-08-18T11:49:43Z,USD
pay_26bbed58eaf5490c8c32,o_20260818_00004175,captured,paypal,23.88,5.85,3.38,2.21,0.0,35.32,2026-08-18T11:43:40Z,2026-08-18T12:31:03Z,USD
pay_c5eae3b99c1c4997b775,o_20260818_00004176,captured,apple_pay,22.86,5.78,3.52,1.65,0.0,33.81,2026-08-18T19:12:06Z,2026-08-18T20:19:41Z,USD
pay_9dfe60a1475b40b38fb5,o_20260818_00004177,captured,paypal,122.47,4.23,16.8,9.53,0.0,153.03,2026-08-18T20:01:46Z,2026-08-18T20:22:27Z,USD
pay_b3528b7d1f8f43b1b7fe,o_20260818_00004178,captured,card,65.43,1.16,8.58,5.53,0.0,80.7,2026-08-18T19:29:06Z,2026-08-18T20:09:01Z,USD
pay_d520b85017e7448a8a97,o_20260818_00004179,captured,apple_pay,101.07,3.44,10.92,6.36,5.05,116.74,2026-08-18T13:48:18Z,2026-08-18T14:30:46Z,USD
pay_a033b05de7a3467b9960,o_20260818_00004180,captured,apple_pay,22.23,3.34,3.53,1.76,0.0,30.86,2026-08-18T20:55:34Z,2026-08-18T21:40:51Z,USD
pay_a6f5c415ccc0458f9dcd,o_20260818_00004181,captured,wallet,35.82,3.11,3.23,3.07,0.0,45.23,2026-08-18T19:20:41Z,2026-08-18T19:37:54Z,USD
pay_152a8b9d145b4f6aa63b,o_20260818_00004182,captured,card,125.75,3.04,14.89,9.9,0.0,153.58,2026-08-18T18:53:02Z,2026-08-18T19:31:36Z,USD
pay_5e83348fe1cc4302a9eb,o_20260818_00004183,refunded,paypal,47.58,5.39,5.27,4.42,0.0,62.66,2026-08-18T19:16:14Z,,USD
pay_fd2b62746fd243bfaae4,o_20260818_00004184,captured,apple_pay,123.33,4.56,18.06,7.6,12.33,141.22,2026-08-18T19:57:53Z,2026-08-18T20:29:08Z,USD
pay_48301f5f974641259035,o_20260818_00004185,refunded,card,52.31,4.25,7.27,2.89,5.23,61.49,2026-08-18T20:08:43Z,,USD
pay_4d0002f4fbe447419cfe,o_20260818_00004186,captured,wallet,17.51,4.8,2.53,0.92,2.63,23.13,2026-08-18T20:29:09Z,2026-08-18T21:20:52Z,USD
pay_699198799cd84f57a7f3,o_20260818_00004187,captured,card,133.11,5.03,15.27,9.7,0.0,163.11,2026-08-18T19:03:01Z,2026-08-18T20:07:38Z,USD
pay_678ef4dbb74d4fa78fff,o_20260818_00004188,captured,wallet,100.37,1.54,15.8,8.56,5.02,121.25,2026-08-18T12:04:11Z,2026-08-18T12:59:25Z,USD
pay_64c758f697fd416389ec,o_20260818_00004189,captured,wallet,12.05,2.84,1.71,1.05,0.0,17.65,2026-08-18T18:03:25Z,2026-08-18T18:50:10Z,USD
pay_30e43d6f7c614d3f966a,o_20260818_00004190,captured,apple_pay,58.43,0.68,5.67,5.66,2.92,67.52,2026-08-18T13:06:46Z,2026-08-18T13:55:33Z,USD
pay_d34e7a17a8694fb5a07b,o_20260818_00004191,captured,paypal,57.04,4.62,7.2,4.77,0.0,73.63,2026-08-18T18:36:46Z,2026-08-18T19:26:31Z,USD
pay_2eabb3a6269f4c65bec1,o_20260818_00004192,captured,paypal,122.8,4.15,17.26,10.65,6.14,148.72,2026-08-18T19:01:34Z,2026-08-18T19:51:46Z,USD
pay_8664e6bd160949209f90,o_20260818_00004193,captured,wallet,43.62,4.52,4.09,3.72,0.0,55.95,2026-08-18T20:26:39Z,2026-08-18T21:25:26Z,USD
pay_0e18eadf33ef4f2bbf10,o_20260818_00004194,captured,wallet,66.3,4.57,8.99,5.28,0.0,85.14,2026-08-18T13:19:04Z,2026-08-18T13:45:29Z,USD
pay_a50c0d01272b400db822,o_20260818_00004195,captured,wallet,62.22,6.09,7.2,5.0,0.0,80.51,2026-08-18T19:54:38Z,2026-08-18T20:28:09Z,USD
pay_2397d71aa4ab4a7d9154,o_20260818_00004196,captured,wallet,33.18,2.7,4.78,2.67,0.0,43.33,2026-08-18T11:15:19Z,2026-08-18T11:59:00Z,USD
pay_52fadeb37a224f0aba10,o_20260818_00004197,captured,card,20.13,5.49,2.24,1.16,2.01,27.01,2026-08-18T19:39:09Z,2026-08-18T20:19:41Z,USD
pay_4d9ac7837b374acf9cc0,o_20260818_00004198,captured,wallet,42.06,6.49,3.66,4.16,0.0,56.37,2026-08-18T18:25:36Z,2026-08-18T18:58:54Z,USD
pay_e71d581416f64db5967e,o_20260818_00004199,captured,paypal,106.98,1.9,12.7,8.78,5.35,125.01,2026-08-18T19:38:51Z,2026-08-18T20:31:20Z,USD
pay_ded4c08ad71947f8b85b,o_20260818_00004200,captured,wallet,54.54,2.82,6.55,3.73,0.0,67.64,2026-08-18T13:40:40Z,2026-08-18T14:39:37Z,USD
pay_d2e874e9bba746de89f5,o_20260818_00004201,captured,paypal,19.59,5.58,1.89,1.61,0.98,27.69,2026-08-18T19:52:14Z,2026-08-18T20:34:53Z,USD
pay_6b8472c0e902405ca08e,o_20260818_00004202,captured,paypal,38.86,1.92,4.87,3.39,0.0,49.04,2026-08-18T08:25:35Z,2026-08-18T09:30:23Z,USD
pay_f14ba70acaf14ff3906b,o_20260818_00004203,captured,apple_pay,77.64,1.15,7.26,4.39,7.76,82.68,2026-08-18T08:12:27Z,2026-08-18T08:53:12Z,USD
pay_ffca1787dc8a4e1eb9c0,o_20260818_00004204,captured,apple_pay,88.18,1.33,8.16,7.02,0.0,104.69,2026-08-18T12:53:47Z,2026-08-18T13:25:36Z,USD
pay_36532e51645e4905b16f,o_20260818_00004205,captured,paypal,47.42,0.69,4.43,3.04,0.0,55.58,2026-08-18T13:33:59Z,2026-08-18T14:30:46Z,USD
pay_0bbb42c133a14078a9bb,o_20260818_00004206,captured,paypal,41.04,6.87,5.2,3.78,0.0,56.89,2026-08-18T13:01:06Z,2026-08-18T13:42:27Z,USD
pay_71a9866708ff40928bb4,o_20260818_00004207,captured,apple_pay,42.06,2.76,4.37,3.09,6.31,45.97,2026-08-18T11:19:29Z,2026-08-18T11:49:09Z,USD
pay_fb545ddbc7f84a72ac33,o_20260818_00004208,captured,apple_pay,16.7,2.48,1.96,1.26,0.0,22.4,2026-08-18T11:54:30Z,2026-08-18T12:44:23Z,USD
pay_2ffee7f377ac4aed885d,o_20260818_00004209,voided,apple_pay,55.5,3.58,4.97,4.27,0.0,68.32,2026-08-18T18:33:03Z,,USD
pay_6f79e024fb1b4faaac62,o_20260818_00004210,captured,wallet,55.92,2.47,7.9,5.1,2.8,68.59,2026-08-18T12:19:01Z,2026-08-18T13:04:21Z,USD
pay_8e1f843ea7ba4a0ebffa,o_20260818_00004211,voided,paypal,15.28,3.58,1.51,1.4,0.0,21.77,2026-08-18T12:34:36Z,,USD
pay_a909878a016844359ec1,o_20260818_00004212,refunded,apple_pay,64.76,5.11,8.14,5.76,0.0,83.77,2026-08-18T12:54:34Z,,USD
pay_e3d573cdc0414a07a236,o_20260818_00004213,captured,apple_pay,21.9,0.82,1.95,1.58,3.28,22.97,2026-08-18T13:14:21Z,2026-08-18T13:59:14Z,USD
pay_15c1c6d7e9d348ffbf54,o_20260818_00004214,captured,wallet,91.6,2.49,13.57,8.24,4.58,111.32,2026-08-18T11:24:48Z,2026-08-18T12:04:59Z,USD
pay_3c27e0702b034a42922e,o_20260818_00004215,captured,paypal,95.25,4.29,13.04,8.01,0.0,120.59,2026-08-18T18:22:41Z,2026-08-18T19:02:53Z,USD
pay_32f9f55291544b5d8ae9,o_20260818_00004216,captured,apple_pay,24.7,5.72,2.3,1.61,0.0,34.33,2026-08-18T18:23:02Z,2026-08-18T19:21:27Z,USD
pay_ee09b09235f944ea8329,o_20260818_00004217,captured,paypal,28.41,4.79,3.65,2.49,0.0,39.34,2026-08-18T19:01:41Z,2026-08-18T19:40:52Z,USD
pay_3f8a316b056b402ea91b,o_20260818_00004218,captured,wallet,8.92,6.35,0.93,0.65,0.89,15.96,2026-08-18T18:58:14Z,2026-08-18T19:35:31Z,USD
pay_8da9c5a8ca1b4fcaa22a,o_20260818_00004219,captured,paypal,20.95,6.52,1.88,1.29,0.0,30.64,2026-08-18T13:01:14Z,2026-08-18T13:29:58Z,USD
pay_afffe0d7cd1b4c43bbbf,o_20260818_00004220,captured,apple_pay,60.45,1.7,9.02,4.6,0.0,75.77,2026-08-18T12:30:47Z,2026-08-18T12:55:38Z,USD
pay_2aec49c7886b4110bd20,o_20260818_00004221,captured,apple_pay,14.5,4.23,2.18,0.93,0.0,21.84,2026-08-18T19:24:27Z,2026-08-18T20:19:43Z,USD
pay_5ba2e89a76a74393b341,o_20260818_00004222,captured,apple_pay,49.98,3.01,5.71,3.29,7.5,54.49,2026-08-18T19:29:51Z,2026-08-18T20:21:31Z,USD
pay_2159068b2418407a9e9d,o_20260818_00004223,captured,card,80.89,2.81,9.65,8.12,0.0,101.47,2026-08-18T11:24:58Z,2026-08-18T12:25:42Z,USD
pay_7dd696d97af4463c931e,o_20260818_00004224,refunded,paypal,45.42,5.26,5.55,4.59,0.0,60.82,2026-08-18T19:15:31Z,,USD
pay_f69b126d0a4541a1a909,o_20260818_00004225,captured,card,172.68,5.58,25.82,14.69,0.0,218.77,2026-08-18T11:58:21Z,2026-08-18T12:45:58Z,USD
pay_00dca21474f948e6892f,o_20260818_00004226,captured,wallet,73.61,2.15,8.45,4.1,7.36,80.95,2026-08-18T11:21:44Z,2026-08-18T11:46:18Z,USD
pay_1c1a4493c209447f8c40,o_20260818_00004227,captured,card,43.09,1.86,5.35,3.33,6.46,47.17,2026-08-18T19:19:27Z,2026-08-18T19:44:11Z,USD
pay_1a0e8de11ddc48b9a5d3,o_20260818_00004228,captured,card,28.0,3.38,3.65,1.57,2.8,33.8,2026-08-18T18:17:45Z,2026-08-18T19:14:24Z,USD
pay_03fead67535b470ab892,o_20260818_00004229,captured,card,36.48,0.81,4.51,2.58,0.0,44.38,2026-08-18T12:55:18Z,2026-08-18T13:38:45Z,USD
pay_f61b10895ca04479b127,o_20260818_00004230,captured,wallet,63.28,3.84,5.4,4.86,6.33,71.05,2026-08-18T18:13:36Z,2026-08-18T18:45:53Z,USD
pay_bf3bc5263cec48a099fa,o_20260818_00004231,captured,paypal,98.9,2.83,14.92,7.61,0.0,124.26,2026-08-18T11:33:15Z,2026-08-18T12:18:17Z,USD
pay_416b2decd56540c383b0,o_20260818_00004232,captured,paypal,54.56,0.76,7.03,5.47,0.0,67.82,2026-08-18T20:17:19Z,2026-08-18T21:21:41Z,USD
pay_b3345190847549179954,o_20260818_00004233,captured,wallet,42.75,1.93,5.87,3.37,4.28,49.64,2026-08-18T11:56:10Z,2026-08-18T12:37:53Z,USD
pay_9ab2a30bbfad47939d48,o_20260818_00004234,captured,apple_pay,16.56,3.16,1.66,1.41,0.0,22.79,2026-08-18T08:32:56Z,2026-08-18T09:14:46Z,USD
pay_866ec328d6734c109fc9,o_20260818_00004235,captured,apple_pay,82.97,3.72,9.71,5.57,12.45,89.52,2026-08-18T19:37:37Z,2026-08-18T20:34:28Z,USD
pay_fa92d149be6b4e9ebc27,o_20260818_00004236,captured,apple_pay,106.43,3.71,16.12,6.31,10.64,121.93,2026-08-18T08:36:43Z,2026-08-18T09:32:37Z,USD
pay_5f2835f197044ce0bbf3,o_20260818_00004237,captured,card,88.11,5.35,13.86,6.15,0.0,113.47,2026-08-18T11:01:22Z,2026-08-18T11:55:35Z,USD
pay_3f3f5b0cdab8431fb6b1,o_20260818_00004238,captured,card,62.52,1.41,6.11,4.65,9.38,65.31,2026-08-18T19:54:23Z,2026-08-18T20:47:38Z,USD
pay_aa6f591b6a5b43b19718,o_20260818_00004239,captured,card,116.97,0.99,16.72,11.52,0.0,146.2,2026-08-18T11:31:51Z,2026-08-18T12:08:28Z,USD
pay_e151e9dc572d46689d7a,o_20260818_00004240,captured,wallet,27.9,3.25,4.39,2.19,1.4,36.33,2026-08-18T20:50:41Z,2026-08-18T21:16:50Z,USD
pay_0916551ae5644a7ca3bc,o_20260818_00004241,voided,card,110.19,4.67,14.73,10.04,0.0,139.63,2026-08-18T18:59:56Z,,USD
pay_9a13d32759334ec4be64,o_20260818_00004242,captured,wallet,99.76,2.02,11.85,8.47,0.0,122.1,2026-08-18T08:14:04Z,2026-08-18T08:57:37Z,USD
pay_a90dfe024afe406ba6dd,o_20260818_00004243,voided,card,123.48,4.45,11.44,8.28,0.0,147.65,2026-08-18T09:01:01Z,,USD
pay_22e0e584831942399a1a,o_20260818_00004244,captured,paypal,50.91,3.75,6.28,3.61,7.64,56.91,2026-08-18T13:51:59Z,2026-08-18T14:56:55Z,USD
pay_fdbe2f5ae71d400aaa16,o_20260818_00004245,captured,card,89.25,2.2,10.55,6.82,0.0,108.82,2026-08-18T18:05:11Z,2026-08-18T18:41:42Z,USD
pay_bcaec2ee180a43258959,o_20260818_00004246,captured,paypal,39.94,4.33,4.86,3.11,0.0,52.24,2026-08-18T13:54:16Z,2026-08-18T14:38:49Z,USD
pay_ce2fa3e9d9c04dd08e13,o_20260818_00004247,captured,apple_pay,32.66,2.7,3.56,2.09,1.63,39.38,2026-08-18T20:54:42Z,2026-08-18T21:18:33Z,USD
pay_9f58143455224033a915,o_20260818_00004248,captured,apple_pay,39.18,1.02,4.18,2.97,5.88,41.47,2026-08-18T18:27:18Z,2026-08-18T19:32:29Z,USD
pay_619ea5287adb4d8cb216,o_20260818_00004249,captured,apple_pay,98.35,4.53,15.41,7.63,4.92,121.0,2026-08-18T12:45:44Z,2026-08-18T13:17:19Z,USD
pay_88a061b5990f441e8135,o_20260818_00004250,captured,paypal,56.37,5.15,8.24,3.69,0.0,73.45,2026-08-18T12:10:55Z,2026-08-18T13:00:29Z,USD
pay_6910cef9f0b84635913b,o_20260818_00004251,captured,apple_pay,29.1,4.79,4.41,2.41,1.46,39.25,2026-08-18T12:49:06Z,2026-08-18T13:54:50Z,USD
pay_d6a17ea47d2a4fd793f7,o_20260818_00004252,captured,wallet,55.83,2.06,7.57,4.61,5.58,64.49,2026-08-18T19:31:37Z,2026-08-18T20:15:02Z,USD
pay_e684de434a3f47c2989a,o_20260818_00004253,voided,apple_pay,75.27,6.8,6.9,5.36,3.76,90.57,2026-08-18T20:38:45Z,,USD
pay_6de02de7277e4156b5a5,o_20260818_00004254,captured,paypal,42.13,3.51,3.52,2.9,2.11,49.95,2026-08-18T12:41:33Z,2026-08-18T13:48:06Z,USD
pay_ad71e04a322c4934a675,o_20260818_00004255,captured,apple_pay,40.98,3.96,4.04,2.76,0.0,51.74,2026-08-18T11:02:37Z,2026-08-18T11:45:20Z,USD
pay_3dc0c8abff534dbfa6fb,o_20260818_00004256,captured,card,30.83,2.25,3.67,2.54,0.0,39.29,2026-08-18T20:20:03Z,2026-08-18T21:15:04Z,USD
pay_0141583fce4f48168306,o_20260818_00004257,captured,wallet,63.6,1.22,7.51,4.21,3.18,73.36,2026-08-18T12:23:38Z,2026-08-18T13:11:23Z,USD
pay_d2fc35446c9841c08c21,o_20260818_00004258,captured,paypal,90.93,0.57,9.28,7.61,13.64,94.75,2026-08-18T20:58:25Z,2026-08-18T21:41:57Z,USD
pay_a58a11a44571486b86b3,o_20260818_00004259,captured,card,118.44,0.94,11.72,7.69,0.0,138.79,2026-08-18T18:56:36Z,2026-08-18T19:53:41Z,USD
pay_1a95592b0eb34719b3c9,o_20260818_00004260,captured,wallet,19.91,6.69,1.99,1.43,0.0,30.02,2026-08-18T12:26:15Z,2026-08-18T12:57:43Z,USD
pay_9c9bf76db1a7451ebe8e,o_20260818_00004261,captured,paypal,54.54,3.04,7.23,5.51,0.0,70.32,2026-08-18T12:17:37Z,2026-08-18T13:09:30Z,USD
pay_5a4a05d23b3649718772,o_20260818_00004262,captured,paypal,52.36,3.68,6.99,3.34,0.0,66.37,2026-08-18T13:24:55Z,2026-08-18T14:00:44Z,USD
pay_941597a2698b431897df,o_20260818_00004263,captured,card,94.86,1.93,13.98,7.61,14.23,104.15,2026-08-18T11:59:20Z,2026-08-18T12:48:58Z,USD
pay_9e124d130e42459b9229,o_20260818_00004264,captured,wallet,21.9,1.82,3.13,1.81,0.0,28.66,2026-08-18T18:41:12Z,2026-08-18T19:49:06Z,USD
pay_6a2391836b1943409a04,o_20260818_00004265,captured,card,21.15,6.33,2.33,1.29,2.11,28.99,2026-08-18T20:48:36Z,2026-08-18T21:32:17Z,USD
pay_eb2ac61ca3ad49d3b934,o_20260818_00004266,captured,card,69.66,1.02,7.01,4.48,0.0,82.17,2026-08-18T20:27:20Z,2026-08-18T21:17:45Z,USD
pay_d7fe38229f1d47b2bc6d,o_20260818_00004267,captured,paypal,22.71,2.04,2.04,1.37,2.27,25.89,2026-08-18T19:19:34Z,2026-08-18T19:46:27Z,USD
pay_d84b414c77fc403587c4,o_20260818_00004268,captured,card,59.96,5.11,5.34,4.12,3.0,71.53,2026-08-18T13:19:08Z,2026-08-18T14:16:15Z,USD
pay_7ac7a6ab641048da87f0,o_20260818_00004269,captured,wallet,13.62,5.05,1.65,0.97,2.04,19.25,2026-08-18T18:40:02Z,2026-08-18T19:37:54Z,USD
pay_29bbddd6228d4f499eb5,o_20260818_00004270,captured,paypal,13.66,3.74,1.33,0.82,0.68,18.87,2026-08-18T19:18:41Z,2026-08-18T19:59:22Z,USD
pay_d35909ec45fd4fbaaac7,o_20260818_00004271,captured,apple_pay,10.57,6.62,1.41,0.71,1.59,17.72,2026-08-18T19:30:00Z,2026-08-18T20:30:19Z,USD
pay_ac85adfa35a24b2e9299,o_20260818_00004272,captured,wallet,68.87,3.6,6.23,4.98,10.33,73.35,2026-08-18T18:13:50Z,2026-08-18T18:36:52Z,USD
pay_7abb30936299423db72d,o_20260818_00004273,captured,card,44.79,2.48,3.62,4.12,0.0,55.01,2026-08-18T13:16:46Z,2026-08-18T13:36:41Z,USD
pay_03e8c06ce8d5487789d5,o_20260818_00004274,captured,card,69.93,2.68,6.24,6.38,6.99,78.24,2026-08-18T19:33:07Z,2026-08-18T20:32:41Z,USD
pay_2150f869b0014eb8a7cc,o_20260818_00004275,captured,wallet,37.58,1.74,5.04,3.5,0.0,47.86,2026-08-18T11:25:50Z,2026-08-18T12:14:37Z,USD
pay_a4e415e03f054d21a19e,o_20260818_00004276,captured,paypal,23.0,2.71,2.49,1.43,2.3,27.33,2026-08-18T12:00:49Z,2026-08-18T12:59:24Z,USD
pay_a7202f8429d543da98cf,o_20260818_00004277,captured,wallet,104.55,1.24,12.02,6.76,5.23,119.34,2026-08-18T12:15:15Z,2026-08-18T13:16:30Z,USD
pay_9330269b2cc14dd781bc,o_20260818_00004278,captured,wallet,21.19,1.44,1.95,1.93,0.0,26.51,2026-08-18T18:48:46Z,2026-08-18T19:23:13Z,USD
pay_58bc8253e62149859f82,o_20260818_00004279,captured,paypal,50.13,4.98,6.41,2.86,7.52,56.86,2026-08-18T20:31:56Z,2026-08-18T21:22:02Z,USD
pay_6d5fa46a061a40578f75,o_20260818_00004280,captured,paypal,74.18,5.16,8.98,5.1,11.13,82.29,2026-08-18T19:29:35Z,2026-08-18T20:01:11Z,USD
pay_73633e4be8074eb199de,o_20260818_00004281,refunded,card,73.73,0.7,5.96,6.29,3.69,82.99,2026-08-18T12:06:49Z,,USD
pay_406922a6268748afac9b,o_20260818_00004282,captured,wallet,14.58,0.75,1.82,0.9,2.19,15.86,2026-08-18T19:02:17Z,2026-08-18T20:00:03Z,USD
pay_a43674f796114f23a51e,o_20260818_00004283,captured,wallet,93.24,0.79,8.39,5.37,13.99,93.8,2026-08-18T12:59:47Z,2026-08-18T13:41:16Z,USD
pay_6286a2a36e5f44bebcb1,o_20260818_00004284,captured,card,14.68,5.29,1.45,1.08,0.0,22.5,2026-08-18T12:33:01Z,2026-08-18T13:15:42Z,USD
pay_55487f22f3d44a0d893f,o_20260818_00004285,captured,card,58.43,3.09,5.5,5.85,0.0,72.87,2026-08-18T18:58:08Z,2026-08-18T19:49:11Z,USD
pay_3435cdc8a53a49b3beaa,o_20260818_00004286,voided,card,138.42,0.67,13.77,10.33,20.76,142.43,2026-08-18T12:52:38Z,,USD
pay_94e8bc2bee3a44bf9d78,o_20260818_00004287,refunded,paypal,45.21,0.97,4.66,2.74,4.52,49.06,2026-08-18T18:54:27Z,,USD
pay_8dbed769904b4348922e,o_20260818_00004288,captured,apple_pay,120.63,1.41,17.84,9.8,0.0,149.68,2026-08-18T19:40:52Z,2026-08-18T20:34:16Z,USD
pay_2144e56674d54cc390c5,o_20260818_00004289,captured,wallet,108.65,2.8,13.58,7.53,0.0,132.56,2026-08-18T20:03:33Z,2026-08-18T20:52:15Z,USD
pay_28e8f5e2e3b0464db671,o_20260818_00004290,captured,card,71.23,2.94,8.15,6.5,7.12,81.7,2026-08-18T12:34:54Z,2026-08-18T12:59:33Z,USD
pay_fba72c4b2b31445fab57,o_20260818_00004291,captured,card,21.03,4.11,2.97,1.3,3.15,26.26,2026-08-18T12:44:49Z,2026-08-18T13:20:20Z,USD
pay_bd0d85cf93624a859949,o_20260818_00004292,captured,card,28.84,4.94,3.03,1.81,1.44,37.18,2026-08-18T08:42:37Z,2026-08-18T09:34:26Z,USD
pay_63cd4c4bf18a40158f0a,o_20260818_00004293,captured,wallet,67.68,6.35,6.14,4.21,3.38,81.0,2026-08-18T12:45:02Z,2026-08-18T13:30:04Z,USD
pay_99796d223a214f3c87d2,o_20260818_00004294,captured,card,18.79,2.28,2.75,1.35,0.0,25.17,2026-08-18T11:18:05Z,2026-08-18T11:46:43Z,USD
pay_d58cd7d418e7424a8df4,o_20260818_00004295,captured,apple_pay,68.77,2.69,8.12,4.58,0.0,84.16,2026-08-18T20:08:30Z,2026-08-18T20:45:48Z,USD
pay_523400a318e34f969e9d,o_20260818_00004296,captured,apple_pay,21.9,5.17,2.39,1.78,0.0,31.24,2026-08-18T11:23:37Z,2026-08-18T12:03:06Z,USD
pay_04c8fa0effe544c4925f,o_20260818_00004297,captured,paypal,138.11,2.65,14.3,9.54,0.0,164.6,2026-08-18T13:36:49Z,2026-08-18T14:43:24Z,USD
pay_1c935386c40d43318e6c,o_20260818_00004298,refunded,paypal,76.44,3.24,6.92,7.54,0.0,94.14,2026-08-18T19:25:24Z,,USD
pay_2634bf1b129f454ca112,o_20260818_00004299,voided,card,21.9,5.87,3.35,1.63,1.09,31.66,2026-08-18T20:41:21Z,,USD
pay_3a66ba9026464e7381c1,o_20260818_00004300,captured,apple_pay,34.17,5.5,4.49,2.42,5.13,41.45,2026-08-18T11:14:30Z,2026-08-18T12:01:01Z,USD
pay_0be35f30a8544c99b649,o_20260818_00004301,captured,card,46.96,1.48,3.98,3.4,0.0,55.82,2026-08-18T12:56:26Z,2026-08-18T13:48:40Z,USD
pay_5299f586d81545069527,o_20260818_00004302,captured,card,96.72,0.53,10.34,8.17,9.67,106.09,2026-08-18T19:45:40Z,2026-08-18T20:43:26Z,USD
pay_da2c5bbbefed4e468bec,o_20260818_00004303,captured,paypal,86.2,3.75,9.53,7.91,0.0,107.39,2026-08-18T19:52:44Z,2026-08-18T20:37:58Z,USD
pay_45e1c6aef5ca402587eb,o_20260818_00004304,captured,wallet,11.06,6.06,1.53,1.08,0.0,19.73,2026-08-18T20:09:50Z,2026-08-18T21:25:04Z,USD
pay_36d9539c799f4bca9473,o_20260818_00004305,voided,paypal,151.29,1.28,18.59,8.82,7.56,172.42,2026-08-18T11:19:21Z,,USD
pay_f9f501e5bc384f7a89b3,o_20260818_00004306,captured,apple_pay,71.23,1.26,7.26,5.6,3.56,81.79,2026-08-18T19:21:57Z,2026-08-18T19:53:17Z,USD
pay_f41d6381d10f4264ae93,o_20260818_00004307,captured,card,38.94,2.6,5.37,3.5,0.0,50.41,2026-08-18T12:00:03Z,2026-08-18T12:32:53Z,USD
pay_c6eb661890434367981e,o_20260818_00004308,captured,paypal,108.84,2.58,11.43,8.24,0.0,131.09,2026-08-18T11:45:33Z,2026-08-18T12:47:20Z,USD
pay_05b067cec2f947f89487,o_20260818_00004309,captured,card,96.94,5.33,10.47,6.91,0.0,119.65,2026-08-18T13:27:47Z,2026-08-18T14:07:35Z,USD
pay_8b51a1b8a71e4129a39d,o_20260818_00004310,captured,apple_pay,43.69,3.4,6.49,2.93,2.18,54.33,2026-08-18T20:56:17Z,2026-08-18T21:34:36Z,USD
pay_2142c3556dc44222b625,o_20260818_00004311,refunded,wallet,54.72,3.02,7.9,3.77,8.21,61.2,2026-08-18T11:49:06Z,,USD
pay_ca7d6dd0f32249949cf3,o_20260818_00004312,captured,wallet,45.96,5.93,4.88,2.92,6.89,52.8,2026-08-18T11:02:26Z,2026-08-18T11:54:12Z,USD
pay_2261c60a564045289b6c,o_20260818_00004313,captured,wallet,50.02,2.28,6.71,4.0,5.0,58.01,2026-08-18T20:40:58Z,2026-08-18T21:44:57Z,USD
pay_40f45061fe6f4c79b12d,o_20260818_00004314,captured,paypal,105.27,5.15,12.25,7.69,10.53,119.83,2026-08-18T18:24:24Z,2026-08-18T19:00:48Z,USD
pay_c6ee4b0407494ddf835d,o_20260818_00004315,captured,card,40.21,1.89,5.9,3.8,2.01,49.79,2026-08-18T13:37:16Z,2026-08-18T14:27:49Z,USD
pay_bec1df69913a406db4e9,o_20260818_00004316,captured,wallet,91.82,6.98,12.09,6.44,0.0,117.33,2026-08-18T18:33:44Z,2026-08-18T19:20:32Z,USD
pay_2d637f985bae443b909a,o_20260818_00004317,captured,card,55.42,3.43,8.15,3.73,8.31,62.42,2026-08-18T08:16:26Z,2026-08-18T08:45:33Z,USD
pay_fefe87ee29734b0fa051,o_20260818_00004318,captured,apple_pay,63.63,0.94,6.55,5.42,0.0,76.54,2026-08-18T18:45:00Z,2026-08-18T19:40:59Z,USD
pay_4e4fdc0049e1442eb344,o_20260818_00004319,captured,paypal,62.46,0.84,6.37,4.54,9.37,64.84,2026-08-18T18:18:18Z,2026-08-18T19:12:06Z,USD
pay_7719af987339449983cf,o_20260818_00004320,captured,wallet,149.32,5.28,20.92,14.49,0.0,190.01,2026-08-18T11:05:09Z,2026-08-18T11:44:02Z,USD
pay_58bed9e037df4e25afdd,o_20260818_00004321,captured,wallet,95.25,3.78,9.33,6.36,9.53,105.19,2026-08-18T20:50:31Z,2026-08-18T21:34:52Z,USD
pay_07c86f5739654940a3f9,o_20260818_00004322,captured,wallet,55.0,5.12,6.69,4.03,0.0,70.84,2026-08-18T12:11:55Z,2026-08-18T12:55:54Z,USD
pay_05a6bfd190374da0ac88,o_20260818_00004323,captured,wallet,101.27,6.28,13.48,8.35,0.0,129.38,2026-08-18T13:40:39Z,2026-08-18T14:22:38Z,USD
pay_ca1d3cddde2649e0a4cf,o_20260818_00004324,captured,wallet,14.62,6.38,1.45,1.17,0.0,23.62,2026-08-18T11:30:00Z,2026-08-18T12:11:57Z,USD
pay_ff6f91e83b034cac92e8,o_20260818_00004325,captured,wallet,85.13,0.73,7.29,8.29,0.0,101.44,2026-08-18T20:22:06Z,2026-08-18T20:52:47Z,USD
pay_7e11597b5f59445e9ae5,o_20260818_00004326,captured,paypal,71.82,3.05,8.53,5.42,10.77,78.05,2026-08-18T18:08:55Z,2026-08-18T19:12:14Z,USD
pay_1f0985d3909748cbb1df,o_20260818_00004327,captured,card,65.37,4.42,8.24,4.03,3.27,78.79,2026-08-18T13:21:39Z,2026-08-18T14:14:33Z,USD
pay_d10f8c209002482b88fa,o_20260818_00004328,captured,wallet,80.06,6.33,7.78,8.04,0.0,102.21,2026-08-18T18:04:33Z,2026-08-18T18:41:35Z,USD
pay_a521beed646e40299c1c,o_20260818_00004329,captured,apple_pay,50.19,1.54,6.33,3.29,7.53,53.82,2026-08-18T19:50:28Z,2026-08-18T20:29:06Z,USD
pay_69f9cb573e5a49f98b75,o_20260818_00004330,refunded,paypal,36.96,5.33,5.41,3.57,0.0,51.27,2026-08-18T20:50:18Z,,USD
pay_57b64d9d4b7b4cc18247,o_20260818_00004331,voided,apple_pay,128.15,4.02,12.38,10.16,12.82,141.89,2026-08-18T12:26:38Z,,USD
pay_cd92988936f444cc9cba,o_20260818_00004332,captured,wallet,23.75,1.31,2.45,1.3,2.38,26.43,2026-08-18T19:34:29Z,2026-08-18T20:03:22Z,USD
pay_d187fd0a616842a2add2,o_20260818_00004333,captured,wallet,33.46,4.17,3.75,3.07,0.0,44.45,2026-08-18T13:06:42Z,2026-08-18T14:00:35Z,USD
pay_9f48c262b9004c898844,o_20260818_00004334,captured,card,43.38,6.28,4.05,3.1,0.0,56.81,2026-08-18T18:28:42Z,2026-08-18T19:17:16Z,USD
pay_b91c1f8edc0e473588b2,o_20260818_00004335,captured,paypal,39.52,6.66,5.48,3.54,3.95,51.25,2026-08-18T12:24:39Z,2026-08-18T13:26:00Z,USD
pay_b94724e593834188b934,o_20260818_00004336,captured,apple_pay,125.09,3.58,16.33,9.05,12.51,141.54,2026-08-18T19:25:45Z,2026-08-18T20:16:04Z,USD
pay_42a42ca0d4e84c14b3c1,o_20260818_00004337,captured,paypal,56.37,0.7,7.19,3.56,2.82,65.0,2026-08-18T18:30:23Z,2026-08-18T19:18:59Z,USD
pay_f886c2c2e3ea4b6f9ea5,o_20260818_00004338,captured,wallet,23.4,6.03,3.28,1.8,3.51,31.0,2026-08-18T19:46:06Z,2026-08-18T20:42:46Z,USD
pay_efd8cf89ff37498a8d4d,o_20260818_00004339,captured,wallet,66.3,4.15,7.25,5.13,0.0,82.83,2026-08-18T19:56:37Z,2026-08-18T20:40:34Z,USD
pay_3993dc33963b4ae79239,o_20260818_00004340,captured,wallet,53.42,4.01,7.25,4.93,0.0,69.61,2026-08-18T12:58:19Z,2026-08-18T13:27:55Z,USD
pay_3c0ed02775284c5c810b,o_20260818_00004341,captured,wallet,42.06,5.9,4.12,2.48,4.21,50.35,2026-08-18T12:27:41Z,2026-08-18T13:10:05Z,USD
pay_f4e8269ee331438da7d1,o_20260818_00004342,captured,wallet,38.94,2.28,5.73,3.55,3.89,46.61,2026-08-18T19:14:02Z,2026-08-18T20:01:48Z,USD
pay_b08deb396df54e8ca9d6,o_20260818_00004343,refunded,apple_pay,115.68,3.11,15.86,9.91,0.0,144.56,2026-08-18T18:03:54Z,,USD
pay_2b3ba6529a1c42009bf1,o_20260818_00004344,captured,paypal,49.09,5.18,5.73,4.18,0.0,64.18,2026-08-18T11:36:10Z,2026-08-18T12:31:57Z,USD
pay_e4b0c933b4b44e2f9706,o_20260818_00004345,captured,wallet,56.66,4.72,4.95,3.29,8.5,61.12,2026-08-18T19:05:01Z,2026-08-18T19:33:44Z,USD
pay_56c0a85247f24937b963,o_20260818_00004346,captured,card,42.24,4.83,6.33,2.33,6.34,49.39,2026-08-18T19:31:38Z,2026-08-18T20:23:05Z,USD
pay_2165b27336734f8ca81c,o_20260818_00004347,captured,paypal,68.4,3.74,9.19,4.76,0.0,86.09,2026-08-18T12:54:56Z,2026-08-18T13:36:40Z,USD
pay_276bdf2c956a422d8a36,o_20260818_00004348,captured,wallet,94.01,1.44,8.43,5.01,14.1,94.79,2026-08-18T19:14:11Z,2026-08-18T20:03:47Z,USD
pay_a7482a63a53447479074,o_20260818_00004349,captured,card,82.95,4.91,11.32,6.03,12.44,92.77,2026-08-18T12:33:02Z,2026-08-18T13:05:41Z,USD
pay_7c71e9763c1c49b4884e,o_20260818_00004350,captured,apple_pay,44.82,6.96,5.2,4.07,0.0,61.05,2026-08-18T20:30:46Z,2026-08-18T21:05:26Z,USD
pay_d29bcbc93bfc430abced,o_20260818_00004351,captured,wallet,61.12,0.85,9.69,4.59,9.17,67.08,2026-08-18T11:11:14Z,2026-08-18T12:18:02Z,USD
pay_f2cc085a83e944d795ea,o_20260818_00004352,captured,wallet,74.54,6.13,6.19,6.26,0.0,93.12,2026-08-18T11:08:41Z,2026-08-18T12:09:53Z,USD
pay_1274fbea5f5546a5b58b,o_20260818_00004353,captured,wallet,116.08,2.21,14.77,10.45,11.61,131.9,2026-08-18T18:46:18Z,2026-08-18T19:34:10Z,USD
pay_18b90202f00143ab856d,o_20260818_00004354,captured,wallet,111.18,6.66,9.52,7.81,5.56,129.61,2026-08-18T18:29:32Z,2026-08-18T19:15:03Z,USD
pay_e83c29adde6f444194f7,o_20260818_00004355,captured,apple_pay,41.07,4.64,5.28,3.48,4.11,50.36,2026-08-18T12:59:41Z,2026-08-18T13:36:24Z,USD
pay_52c004abc2ab4e709f2b,o_20260818_00004356,captured,wallet,60.72,6.55,7.92,4.92,0.0,80.11,2026-08-18T12:45:08Z,2026-08-18T13:23:53Z,USD
pay_933dfc07950441f5bf6e,o_20260818_00004357,voided,paypal,39.9,5.99,5.13,3.16,3.99,50.19,2026-08-18T18:31:43Z,,USD
pay_c56ff980dd4245df9a84,o_20260818_00004358,captured,paypal,55.92,3.18,6.68,5.09,0.0,70.87,2026-08-18T11:54:52Z,2026-08-18T12:37:33Z,USD
pay_7a162b61074e49bdbed7,o_20260818_00004359,captured,apple_pay,95.67,3.19,11.04,9.57,0.0,119.47,2026-08-18T08:10:27Z,2026-08-18T09:00:32Z,USD
pay_6c461ce0350a44439290,o_20260818_00004360,captured,wallet,71.18,4.73,6.48,5.79,0.0,88.18,2026-08-18T12:47:44Z,2026-08-18T13:13:51Z,USD
pay_94b4bd990fae4e66b3e9,o_20260818_00004361,captured,paypal,63.81,3.35,5.8,4.61,6.38,71.19,2026-08-18T19:28:49Z,2026-08-18T20:24:00Z,USD
pay_694fdf3145804564b65f,o_20260818_00004362,captured,apple_pay,36.78,0.86,4.7,3.43,1.84,43.93,2026-08-18T18:49:21Z,2026-08-18T19:42:56Z,USD
pay_f35b0c5e545243c4b125,o_20260818_00004363,captured,wallet,69.87,2.42,9.75,5.48,0.0,87.52,2026-08-18T12:58:03Z,2026-08-18T14:05:48Z,USD
pay_084f7f35d18c4e90a9a3,o_20260818_00004364,captured,apple_pay,37.05,2.42,2.97,3.24,3.71,41.97,2026-08-18T19:00:48Z,2026-08-18T19:43:32Z,USD
pay_85805ba896ec403c9346,o_20260818_00004365,captured,wallet,21.75,1.09,1.92,2.0,0.0,26.76,2026-08-18T19:38:05Z,2026-08-18T20:33:15Z,USD
pay_815d52e4b59c46eeaa54,o_20260818_00004366,captured,paypal,70.86,3.3,7.71,5.42,3.54,83.75,2026-08-18T08:01:13Z,2026-08-18T09:01:29Z,USD
pay_dad49bbf292645feb9c5,o_20260818_00004367,captured,wallet,54.24,6.94,4.74,2.96,8.14,60.74,2026-08-18T13:03:28Z,2026-08-18T14:03:20Z,USD
pay_fb00011d30e948dc8d88,o_20260818_00004368,captured,apple_pay,66.57,6.44,9.71,5.78,9.99,78.51,2026-08-18T12:42:08Z,2026-08-18T13:38:40Z,USD
pay_16261f7fb3cf4719b7bd,o_20260818_00004369,captured,wallet,134.16,2.86,19.92,10.68,0.0,167.62,2026-08-18T13:27:51Z,2026-08-18T14:04:22Z,USD
pay_33d0848832a04886bbc8,o_20260818_00004370,captured,card,85.08,4.11,7.11,6.12,12.76,89.66,2026-08-18T19:50:46Z,2026-08-18T20:23:18Z,USD
pay_897688d40f4b4bbe81cd,o_20260818_00004371,captured,apple_pay,98.32,5.25,14.05,8.1,9.83,115.89,2026-08-18T11:31:02Z,2026-08-18T12:19:42Z,USD
pay_4e9a5f2882ab406388bb,o_20260818_00004372,captured,wallet,43.87,3.6,5.86,3.14,0.0,56.47,2026-08-18T19:44:37Z,2026-08-18T20:33:06Z,USD
pay_d27e67ffa48d46b1a076,o_20260818_00004373,captured,card,85.75,0.86,8.93,5.18,0.0,100.72,2026-08-18T20:32:58Z,2026-08-18T21:07:43Z,USD
pay_e09675a9fae2424d968d,o_20260818_00004374,captured,wallet,131.4,6.56,19.01,13.05,0.0,170.02,2026-08-18T13:15:28Z,2026-08-18T14:13:18Z,USD
pay_b47de4dfa1264cb8814a,o_20260818_00004375,captured,card,91.97,3.16,12.99,8.68,4.6,112.2,2026-08-18T08:11:12Z,2026-08-18T08:52:03Z,USD
pay_8de15a3385cd44c2b484,o_20260818_00004376,captured,paypal,18.24,2.9,2.58,1.4,0.0,25.12,2026-08-18T18:46:34Z,2026-08-18T19:30:27Z,USD
pay_3dd125db70dd440cad82,o_20260818_00004377,captured,apple_pay,125.75,1.19,18.35,8.98,12.58,141.69,2026-08-18T11:59:32Z,2026-08-18T12:34:23Z,USD
pay_780723e88aa84d429511,o_20260818_00004378,captured,card,42.6,5.73,5.19,3.9,0.0,57.42,2026-08-18T19:38:11Z,2026-08-18T20:17:08Z,USD
pay_25ddd300765b434f8e21,o_20260818_00004379,captured,paypal,46.52,4.55,6.9,2.97,6.98,53.96,2026-08-18T19:45:18Z,2026-08-18T20:44:21Z,USD
pay_228adfff69724f549ada,o_20260818_00004380,refunded,wallet,97.36,6.59,9.49,6.69,14.6,105.53,2026-08-18T18:38:27Z,,USD
pay_42002fef7355484c8f37,o_20260818_00004381,captured,wallet,34.47,1.86,5.33,3.09,0.0,44.75,2026-08-18T19:52:30Z,2026-08-18T20:53:14Z,USD
pay_7908e26e880b43859940,o_20260818_00004382,captured,apple_pay,41.55,4.42,3.49,2.98,2.08,50.36,2026-08-18T20:15:46Z,2026-08-18T21:02:32Z,USD
pay_2b407485b17c44a09cc1,o_20260818_00004383,captured,paypal,16.17,3.79,2.22,1.31,2.43,21.06,2026-08-18T13:38:03Z,2026-08-18T14:31:39Z,USD
pay_ec189ba7890c405fbd61,o_20260818_00004384,captured,apple_pay,77.96,6.06,11.73,5.75,0.0,101.5,2026-08-18T20:35:17Z,2026-08-18T21:44:15Z,USD
pay_19b55c45f15a403d8d7f,o_20260818_00004385,captured,card,84.62,4.05,12.12,6.61,12.69,94.71,2026-08-18T12:06:06Z,2026-08-18T13:09:38Z,USD
pay_2be2be48755e4e6aa2b0,o_20260818_00004386,captured,paypal,52.5,6.82,5.37,3.9,0.0,68.59,2026-08-18T19:19:32Z,2026-08-18T20:02:12Z,USD
pay_e9fe4dfb35f64b37b90d,o_20260818_00004387,captured,card,31.5,3.29,3.48,2.5,0.0,40.77,2026-08-18T12:37:45Z,2026-08-18T13:31:52Z,USD
pay_a252ac75872c43d1a53d,o_20260818_00004388,captured,paypal,61.13,5.98,5.91,5.19,0.0,78.21,2026-08-18T13:18:36Z,2026-08-18T14:11:45Z,USD
pay_4fb1835919944419b145,o_20260818_00004389,captured,apple_pay,69.08,3.4,8.63,5.16,0.0,86.27,2026-08-18T12:13:44Z,2026-08-18T12:52:37Z,USD
pay_9b0414dfd8c843cf8849,o_20260818_00004390,voided,apple_pay,94.78,6.79,12.28,8.14,14.22,107.77,2026-08-18T19:35:17Z,,USD
pay_c925ee293d9c42a9b158,o_20260818_00004391,captured,card,76.18,2.06,7.06,4.0,11.43,77.87,2026-08-18T12:10:15Z,2026-08-18T12:51:01Z,USD
pay_f63cd4366eeb4dc8a364,o_20260818_00004392,captured,card,36.18,5.16,3.94,2.03,5.43,41.88,2026-08-18T12:09:28Z,2026-08-18T12:57:12Z,USD
pay_fe31b65fcf3446e7a104,o_20260818_00004393,captured,paypal,27.27,5.11,2.65,2.09,0.0,37.12,2026-08-18T12:11:58Z,2026-08-18T12:57:21Z,USD
pay_208c2810a39946f687a0,o_20260818_00004394,captured,card,65.46,1.88,6.99,4.68,6.55,72.46,2026-08-18T13:12:57Z,2026-08-18T13:49:02Z,USD
pay_667b990ebb314dd0a322,o_20260818_00004395,captured,wallet,42.42,1.77,3.86,2.5,4.24,46.31,2026-08-18T20:44:46Z,2026-08-18T21:22:22Z,USD
pay_4d056041539a4d4d9d9c,o_20260818_00004396,captured,wallet,62.24,6.44,8.27,5.1,0.0,82.05,2026-08-18T18:57:09Z,2026-08-18T19:32:27Z,USD
pay_be4d6b5f78ad4ab2ab63,o_20260818_00004397,captured,card,69.08,2.14,9.69,6.13,0.0,87.04,2026-08-18T18:57:05Z,2026-08-18T19:44:43Z,USD
pay_1b1de715170942f38e74,o_20260818_00004398,captured,wallet,67.99,2.04,10.07,4.91,0.0,85.01,2026-08-18T08:12:29Z,2026-08-18T09:27:14Z,USD
pay_434e1c6d4ad74a74879a,o_20260818_00004399,captured,card,87.48,3.55,11.04,5.15,4.37,102.85,2026-08-18T19:56:36Z,2026-08-18T20:24:30Z,USD
pay_0e80ef5293bf4608b5bc,o_20260818_00004400,captured,paypal,99.19,1.38,12.94,8.98,4.96,117.53,2026-08-18T11:58:46Z,2026-08-18T12:34:19Z,USD
pay_464e15d79ab5402a8b28,o_20260818_00004401,captured,apple_pay,88.71,6.45,10.87,5.48,13.31,98.2,2026-08-18T13:41:22Z,2026-08-18T14:24:15Z,USD
pay_38b59eb362a84a38860f,o_20260818_00004402,captured,paypal,70.82,0.96,8.11,6.78,0.0,86.67,2026-08-18T13:36:30Z,2026-08-18T14:41:12Z,USD
pay_d41875b199534268baa0,o_20260818_00004403,captured,card,7.25,5.07,0.91,0.47,0.0,13.7,2026-08-18T13:46:05Z,2026-08-18T14:25:44Z,USD
pay_3ce5bf94b8c4492b8724,o_20260818_00004404,captured,wallet,55.63,0.94,6.78,4.78,0.0,68.13,2026-08-18T13:57:48Z,2026-08-18T15:02:28Z,USD
pay_4735a5e7eb6f40ddacf9,o_20260818_00004405,captured,card,84.0,5.21,7.06,5.37,0.0,101.64,2026-08-18T19:59:11Z,2026-08-18T20:54:49Z,USD
pay_4c40c3265e8e4af1b37d,o_20260818_00004406,refunded,paypal,79.5,4.4,8.81,4.6,7.95,89.36,2026-08-18T12:48:12Z,,USD
pay_f7db174db1f1411eb0c4,o_20260818_00004407,captured,apple_pay,57.9,1.17,6.31,5.51,0.0,70.89,2026-08-18T11:47:04Z,2026-08-18T12:57:00Z,USD
pay_c632fe4c85ca435e82cb,o_20260818_00004408,captured,wallet,59.49,3.41,5.76,4.92,2.97,70.61,2026-08-18T11:20:18Z,2026-08-18T11:47:31Z,USD
pay_098bfad99c1444279a6b,o_20260818_00004409,captured,card,76.47,6.34,7.6,5.37,3.82,91.96,2026-08-18T08:07:35Z,2026-08-18T08:52:46Z,USD
pay_95f8763a332c495b89b5,o_20260818_00004410,captured,apple_pay,17.75,6.32,1.48,1.06,1.78,24.83,2026-08-18T18:35:52Z,2026-08-18T19:35:35Z,USD
pay_1854c13db6ed4fbbac4b,o_20260818_00004411,captured,card,14.25,3.15,1.47,1.11,2.14,17.84,2026-08-18T18:55:11Z,2026-08-18T19:40:41Z,USD
pay_47b95bb2e16a45fa9586,o_20260818_00004412,captured,apple_pay,35.02,1.91,5.49,2.9,0.0,45.32,2026-08-18T20:06:12Z,2026-08-18T21:03:57Z,USD
pay_3804060fd370488f9eee,o_20260818_00004413,captured,card,35.72,5.1,3.96,3.11,5.36,42.53,2026-08-18T19:30:53Z,2026-08-18T20:19:10Z,USD
pay_750cfc1b1423449d964a,o_20260818_00004414,captured,wallet,47.33,4.11,4.79,4.42,2.37,58.28,2026-08-18T19:50:59Z,2026-08-18T20:53:37Z,USD
pay_0dfa1283cdac4d888fc1,o_20260818_00004415,captured,wallet,42.18,2.11,4.16,2.32,4.22,46.55,2026-08-18T11:24:23Z,2026-08-18T12:02:10Z,USD
pay_16f2936463aa444a9a0a,o_20260818_00004416,captured,wallet,39.78,5.97,4.68,4.05,0.0,54.48,2026-08-18T11:50:09Z,2026-08-18T12:42:12Z,USD
pay_375e8a06d29245e1a11a,o_20260818_00004417,voided,wallet,31.72,6.6,4.93,2.39,0.0,45.64,2026-08-18T12:29:26Z,,USD
pay_d23cea6f553647f4b300,o_20260818_00004418,captured,apple_pay,66.27,2.19,8.03,5.82,0.0,82.31,2026-08-18T19:30:27Z,2026-08-18T20:16:05Z,USD
pay_181a24dec1cb493f9a97,o_20260818_00004419,captured,card,47.54,4.84,4.74,3.9,0.0,61.02,2026-08-18T11:48:12Z,2026-08-18T12:40:07Z,USD
pay_2e83f8a236cf4553ad72,o_20260818_00004420,captured,apple_pay,55.3,1.46,4.68,4.72,0.0,66.16,2026-08-18T11:19:53Z,2026-08-18T12:04:01Z,USD
pay_f3aa0508abaf425ba133,o_20260818_00004421,captured,apple_pay,7.73,6.9,0.94,0.6,0.0,16.17,2026-08-18T20:22:50Z,2026-08-18T21:00:08Z,USD
pay_6df01e5ae4274a30b53b,o_20260818_00004422,captured,paypal,55.0,5.65,7.57,5.33,0.0,73.55,2026-08-18T11:46:26Z,2026-08-18T12:20:08Z,USD
pay_729060b81fd445e58f0e,o_20260818_00004423,captured,paypal,10.48,6.18,0.98,0.8,1.57,16.87,2026-08-18T12:27:28Z,2026-08-18T13:05:30Z,USD
pay_3a7735c884364f00a18f,o_20260818_00004424,captured,card,35.68,4.67,5.55,3.34,0.0,49.24,2026-08-18T19:41:13Z,2026-08-18T20:24:33Z,USD
pay_300ebe9a28224d9f9a01,o_20260818_00004425,voided,apple_pay,131.29,3.57,11.47,12.12,0.0,158.45,2026-08-18T12:36:17Z,,USD
pay_e608e1a0aaef4af0a75d,o_20260818_00004426,captured,wallet,38.73,4.04,3.8,3.96,0.0,50.53,2026-08-18T18:33:28Z,2026-08-18T19:28:48Z,USD
pay_1595f07c08894643bbda,o_20260818_00004427,captured,paypal,88.89,5.23,12.55,6.0,8.89,103.78,2026-08-18T13:25:10Z,2026-08-18T14:12:03Z,USD
pay_86f546f63c3c4377adf0,o_20260818_00004428,captured,wallet,69.88,3.31,8.57,6.58,0.0,88.34,2026-08-18T19:14:59Z,2026-08-18T19:57:29Z,USD
pay_0f7d369c766f4f2bb3ee,o_20260818_00004429,refunded,apple_pay,40.6,2.9,3.93,3.56,0.0,50.99,2026-08-18T18:27:30Z,,USD
pay_9ab2865f24f54f849a66,o_20260818_00004430,refunded,paypal,25.82,2.23,3.02,2.23,0.0,33.3,2026-08-18T12:01:18Z,,USD
pay_538923d5309d4ff1a2ff,o_20260818_00004431,captured,paypal,32.72,2.55,4.05,2.32,0.0,41.64,2026-08-18T08:35:16Z,2026-08-18T09:20:52Z,USD
pay_15d464fec39044fbb073,o_20260818_00004432,captured,wallet,24.68,6.6,3.05,1.77,0.0,36.1,2026-08-18T11:15:29Z,2026-08-18T12:04:15Z,USD
pay_3077245c4b434b2da9ab,o_20260818_00004433,captured,card,81.27,1.32,9.15,6.99,8.13,90.6,2026-08-18T13:25:58Z,2026-08-18T14:24:19Z,USD
pay_0c137b4f8bea4c8a9c42,o_20260818_00004434,captured,wallet,146.68,2.58,16.57,10.47,7.33,168.97,2026-08-18T08:48:07Z,2026-08-18T09:40:03Z,USD
pay_ef1032d42e204257a38e,o_20260818_00004435,captured,card,77.19,3.67,11.83,7.8,0.0,100.49,2026-08-18T13:59:37Z,2026-08-18T14:39:38Z,USD
pay_84b7b1549386433691a0,o_20260818_00004436,captured,apple_pay,14.62,2.71,1.78,1.17,0.0,20.28,2026-08-18T12:23:54Z,2026-08-18T13:23:06Z,USD
pay_8abdb9e10223465698c5,o_20260818_00004437,captured,wallet,100.54,2.32,10.34,5.97,10.05,109.12,2026-08-18T11:31:15Z,2026-08-18T12:27:55Z,USD
pay_8a051c60febc4e1aa3f9,o_20260818_00004438,captured,paypal,67.2,4.15,9.94,6.46,0.0,87.75,2026-08-18T11:17:10Z,2026-08-18T11:51:57Z,USD
pay_b65bd16975684b61a306,o_20260818_00004439,captured,wallet,42.13,6.22,6.1,3.5,2.11,55.84,2026-08-18T11:14:36Z,2026-08-18T11:57:00Z,USD
pay_a0e39a5ee89f4f8ca47b,o_20260818_00004440,captured,wallet,60.91,4.33,5.11,4.12,0.0,74.47,2026-08-18T11:13:52Z,2026-08-18T12:11:25Z,USD
pay_98ab85f3b905469791e2,o_20260818_00004441,captured,paypal,141.72,2.61,11.57,9.55,21.26,144.19,2026-08-18T19:25:42Z,2026-08-18T20:11:41Z,USD
pay_baae230d321b46e9ae18,o_20260818_00004442,refunded,apple_pay,29.7,4.8,2.45,2.37,0.0,39.32,2026-08-18T20:06:26Z,,USD
pay_bf29093d9772431fb51a,o_20260818_00004443,voided,card,92.29,2.03,11.94,9.04,0.0,115.3,2026-08-18T18:59:05Z,,USD
pay_78afab5ebe3c4bc08893,o_20260818_00004444,captured,wallet,36.32,3.51,3.05,3.22,0.0,46.1,2026-08-18T19:16:21Z,2026-08-18T19:45:36Z,USD
pay_ec1afb3040c1498bb75f,o_20260818_00004445,captured,wallet,23.88,3.84,3.22,1.97,3.58,29.33,2026-08-18T19:08:38Z,2026-08-18T19:32:32Z,USD
pay_6970003b763d4758b110,o_20260818_00004446,captured,apple_pay,65.79,5.9,8.72,5.04,0.0,85.45,2026-08-18T08:47:37Z,2026-08-18T09:29:35Z,USD
pay_73727fa307694b6eb2da,o_20260818_00004447,captured,card,164.22,1.99,15.62,8.94,24.63,166.14,2026-08-18T19:32:34Z,2026-08-18T19:55:28Z,USD
pay_37a16b2a40324c2abc00,o_20260818_00004448,captured,paypal,73.55,5.16,7.9,5.61,0.0,92.22,2026-08-18T12:11:21Z,2026-08-18T13:14:54Z,USD
pay_03990ca5280d4b9d9fee,o_20260818_00004449,captured,wallet,21.36,0.67,1.81,1.71,2.14,23.41,2026-08-18T11:52:53Z,2026-08-18T12:24:54Z,USD
pay_a2d603311f084096bc42,o_20260818_00004450,captured,apple_pay,41.78,4.19,4.47,3.97,0.0,54.41,2026-08-18T11:51:36Z,2026-08-18T12:19:29Z,USD
pay_bfbc81acc26f45dba40d,o_20260818_00004451,captured,paypal,123.35,2.26,9.94,8.78,12.34,131.99,2026-08-18T20:06:57Z,2026-08-18T20:38:59Z,USD
pay_3d6c85017ea343fb877a,o_20260818_00004452,captured,paypal,47.64,3.57,4.77,3.66,7.15,52.49,2026-08-18T18:38:07Z,2026-08-18T19:12:41Z,USD
pay_15620aa09cae4433bcbb,o_20260818_00004453,captured,card,32.86,1.26,4.53,2.75,1.64,39.76,2026-08-18T20:51:06Z,2026-08-18T21:45:49Z,USD
pay_20d9eb95b422482b9688,o_20260818_00004454,captured,paypal,37.91,5.8,4.03,3.42,3.79,47.37,2026-08-18T18:45:10Z,2026-08-18T19:23:13Z,USD
pay_77da6a16680748ad9184,o_20260818_00004455,captured,paypal,68.13,4.07,9.31,3.93,10.22,75.22,2026-08-18T18:34:09Z,2026-08-18T19:02:01Z,USD
pay_5f53788b642d4a56aeab,o_20260818_00004456,captured,card,22.78,6.83,3.12,1.3,1.14,32.89,2026-08-18T19:26:59Z,2026-08-18T20:26:30Z,USD
pay_ac52c4a97b6c4a4c8853,o_20260818_00004457,captured,apple_pay,29.86,3.23,3.52,1.93,1.49,37.05,2026-08-18T18:08:46Z,2026-08-18T18:36:55Z,USD
pay_03f6e372a9b44c0f8026,o_20260818_00004458,captured,paypal,41.6,1.71,5.7,3.33,2.08,50.26,2026-08-18T18:54:32Z,2026-08-18T19:26:51Z,USD
pay_b8789eda69934878b1a3,o_20260818_00004459,captured,wallet,108.28,0.84,15.13,10.93,0.0,135.18,2026-08-18T12:47:36Z,2026-08-18T13:26:08Z,USD
pay_a53700aba72e403b878e,o_20260818_00004460,captured,apple_pay,47.96,4.54,4.59,3.9,0.0,60.99,2026-08-18T12:30:31Z,2026-08-18T13:16:58Z,USD
pay_4c78dd93b9d14f7c9c5f,o_20260818_00004461,captured,apple_pay,88.53,2.97,12.47,5.95,0.0,109.92,2026-08-18T18:17:57Z,2026-08-18T19:07:49Z,USD
pay_9c99237e693440ffa443,o_20260818_00004462,captured,wallet,12.35,1.12,1.8,1.04,1.24,15.07,2026-08-18T11:02:28Z,2026-08-18T11:33:05Z,USD
pay_acc95551857540f09189,o_20260818_00004463,captured,wallet,106.02,4.53,14.64,8.8,10.6,123.39,2026-08-18T19:47:43Z,2026-08-18T20:39:32Z,USD
pay_08dfa676e8744f12aa2a,o_20260818_00004464,refunded,apple_pay,43.69,5.83,6.52,3.25,0.0,59.29,2026-08-18T18:28:15Z,,USD
pay_3d6f44e382204def8a56,o_20260818_00004465,captured,paypal,58.46,6.29,8.36,3.39,8.77,67.73,2026-08-18T12:56:00Z,2026-08-18T13:24:36Z,USD
pay_1674077b1c6f467c8a8c,o_20260818_00004466,captured,paypal,102.29,3.48,15.14,8.68,15.34,114.25,2026-08-18T12:59:11Z,2026-08-18T13:31:02Z,USD
pay_fd8fa2025e1f493cac20,o_20260818_00004467,refunded,paypal,91.75,3.84,12.77,5.61,0.0,113.97,2026-08-18T11:12:37Z,,USD
pay_4273caf344584c4096ea,o_20260818_00004468,captured,wallet,31.38,5.07,3.47,2.16,1.57,40.51,2026-08-18T08:58:55Z,2026-08-18T09:57:51Z,USD
pay_870d1a948d1849a9b2d4,o_20260818_00004469,captured,card,24.1,5.61,2.58,1.63,0.0,33.92,2026-08-18T20:42:50Z,2026-08-18T21:28:11Z,USD
pay_e5a7417ccf0444d48597,o_20260818_00004470,captured,paypal,18.6,4.01,2.76,1.53,1.86,25.04,2026-08-18T08:33:19Z,2026-08-18T09:06:14Z,USD
pay_4b34ff9b0d9848e7862e,o_20260818_00004471,captured,apple_pay,84.67,6.26,9.92,7.51,8.47,99.89,2026-08-18T13:22:27Z,2026-08-18T14:13:00Z,USD
pay_952a683f0bfc4674b76c,o_20260818_00004472,captured,apple_pay,110.98,3.09,10.32,10.43,0.0,134.82,2026-08-18T13:04:41Z,2026-08-18T14:02:11Z,USD
pay_e55f2e3af9604139944e,o_20260818_00004473,refunded,paypal,82.86,6.97,8.78,4.74,4.14,99.21,2026-08-18T13:09:53Z,,USD
pay_f55b063387544b64b1e6,o_20260818_00004474,captured,apple_pay,14.5,1.84,1.65,0.9,0.0,18.89,2026-08-18T19:17:56Z,2026-08-18T20:22:27Z,USD
pay_2a5ac055a6654eab8387,o_20260818_00004475,captured,card,31.46,3.43,4.1,2.38,1.57,39.8,2026-08-18T18:12:54Z,2026-08-18T18:59:11Z,USD
pay_31ac2a651938468fba91,o_20260818_00004476,captured,paypal,93.63,6.01,13.97,8.84,0.0,122.45,2026-08-18T12:36:40Z,2026-08-18T13:16:40Z,USD
pay_364f5d48edbe4c92b4a0,o_20260818_00004477,captured,apple_pay,18.79,1.79,2.93,1.65,1.88,23.28,2026-08-18T12:17:10Z,2026-08-18T12:58:49Z,USD
pay_ae76078372c24e42ac7a,o_20260818_00004478,captured,card,24.6,6.65,2.88,1.5,2.46,33.17,2026-08-18T11:24:24Z,2026-08-18T12:10:46Z,USD
pay_01ba97ca68ac445296e7,o_20260818_00004479,refunded,paypal,54.75,5.18,4.47,4.03,0.0,68.43,2026-08-18T12:07:41Z,,USD
pay_447d1c6102714a6badbc,o_20260818_00004480,captured,paypal,55.0,2.37,8.18,3.75,0.0,69.3,2026-08-18T19:37:11Z,2026-08-18T20:15:57Z,USD
pay_8a737e304ead42cdb127,o_20260818_00004481,captured,paypal,16.86,4.1,1.51,1.35,2.53,21.29,2026-08-18T12:13:43Z,2026-08-18T12:58:59Z,USD
pay_bedfa14f337042e0b45a,o_20260818_00004482,captured,apple_pay,85.53,5.43,8.33,6.54,4.28,101.55,2026-08-18T11:33:25Z,2026-08-18T12:33:59Z,USD
pay_0dec2ecdc8744db183c9,o_20260818_00004483,captured,wallet,18.58,2.54,2.22,1.48,2.79,22.03,2026-08-18T08:13:05Z,2026-08-18T08:57:26Z,USD
pay_fb4edf89ee2a4267acd2,o_20260818_00004484,captured,apple_pay,14.62,4.55,1.43,1.23,0.0,21.83,2026-08-18T13:37:11Z,2026-08-18T14:16:52Z,USD
pay_307509f65c3b4d21b390,o_20260818_00004485,captured,wallet,18.07,3.21,1.65,1.28,1.81,22.4,2026-08-18T19:57:34Z,2026-08-18T20:37:18Z,USD
pay_b09cdf30ae9741cb8355,o_20260818_00004486,captured,card,22.06,6.49,2.91,1.66,1.1,32.02,2026-08-18T19:21:44Z,2026-08-18T20:04:33Z,USD
pay_8a1fe5df0e914cf98b23,o_20260818_00004487,refunded,paypal,63.68,2.15,5.55,4.47,0.0,75.85,2026-08-18T12:38:54Z,,USD
pay_d4ebd16b5ae9402db04a,o_20260818_00004488,captured,apple_pay,131.47,4.22,20.42,10.59,0.0,166.7,2026-08-18T19:02:15Z,2026-08-18T19:48:14Z,USD
pay_c0c76687f50e4881b216,o_20260818_00004489,captured,card,52.5,2.39,5.49,3.57,2.62,61.33,2026-08-18T20:15:22Z,2026-08-18T21:14:15Z,USD
pay_6cc21ad63be74a5d9ab1,o_20260818_00004490,captured,apple_pay,71.18,3.31,11.35,4.75,3.56,87.03,2026-08-18T11:09:48Z,2026-08-18T11:57:40Z,USD
pay_899733d90f5b4ddfbf05,o_20260818_00004491,captured,apple_pay,63.63,5.58,8.2,4.28,3.18,78.51,2026-08-18T13:18:45Z,2026-08-18T14:07:12Z,USD
pay_2e1777fe22d644dba039,o_20260818_00004492,captured,apple_pay,47.72,2.16,5.09,4.17,2.39,56.75,2026-08-18T20:12:01Z,2026-08-18T21:02:40Z,USD
pay_47cce00e2a2843519919,o_20260818_00004493,captured,paypal,50.04,2.23,6.79,3.12,5.0,57.18,2026-08-18T18:32:43Z,2026-08-18T19:09:37Z,USD
pay_093408c059614eea82c5,o_20260818_00004494,voided,apple_pay,133.47,0.77,20.36,8.44,0.0,163.04,2026-08-18T18:17:32Z,,USD
pay_9ea283b2c2c1471f85c0,o_20260818_00004495,captured,paypal,74.89,5.23,6.54,5.53,11.23,80.96,2026-08-18T08:10:32Z,2026-08-18T08:43:17Z,USD
pay_ba5092ba43b44d6a85a1,o_20260818_00004496,captured,paypal,156.51,5.1,17.69,15.51,0.0,194.81,2026-08-18T08:31:09Z,2026-08-18T09:15:20Z,USD
pay_9dd8d95226a64192bf02,o_20260818_00004497,captured,paypal,10.86,2.38,1.34,0.78,0.54,14.82,2026-08-18T08:32:00Z,2026-08-18T09:13:45Z,USD
pay_efeed4f7d6b44d9bae94,o_20260818_00004498,captured,card,19.14,6.11,2.8,1.21,0.0,29.26,2026-08-18T11:47:13Z,2026-08-18T12:32:18Z,USD
pay_3c1a482fe313493299a7,o_20260818_00004499,captured,apple_pay,83.56,5.39,8.42,7.29,0.0,104.66,2026-08-18T08:44:31Z,2026-08-18T09:28:07Z,USD
pay_74026e55715b43e8aec5,o_20260818_00004500,refunded,card,76.29,2.19,11.17,5.21,11.44,83.42,2026-08-18T20:35:00Z,,USD
pay_4c313f3021d4438bbddb,o_20260818_00004501,captured,apple_pay,94.01,1.51,10.96,7.67,0.0,114.15,2026-08-18T19:58:57Z,2026-08-18T20:50:24Z,USD
pay_f64564b138f04a13ad0f,o_20260818_00004502,captured,card,130.64,3.68,12.55,11.47,0.0,158.34,2026-08-18T11:27:55Z,2026-08-18T11:57:50Z,USD
pay_3014f8c5c027438fa0a7,o_20260818_00004503,captured,apple_pay,37.74,4.28,4.45,2.5,0.0,48.97,2026-08-18T12:14:39Z,2026-08-18T13:21:29Z,USD
pay_c9bea7e70f9e4d6d9243,o_20260818_00004504,captured,apple_pay,46.62,6.43,4.35,4.52,0.0,61.92,2026-08-18T18:27:11Z,2026-08-18T19:19:27Z,USD
pay_c3a1dffc0c3b4c34b24a,o_20260818_00004505,captured,wallet,49.16,3.97,5.65,3.97,0.0,62.75,2026-08-18T20:03:59Z,2026-08-18T21:06:40Z,USD
pay_bd8e8eed39c94c1099a7,o_20260818_00004506,captured,paypal,67.46,6.25,9.65,4.26,0.0,87.62,2026-08-18T11:53:18Z,2026-08-18T12:32:42Z,USD
pay_6c94843b44b04d608e8b,o_20260818_00004507,captured,apple_pay,90.16,3.76,7.68,8.11,9.02,100.69,2026-08-18T18:38:07Z,2026-08-18T19:17:27Z,USD
pay_b3cb85af6d9246b8adf1,o_20260818_00004508,captured,paypal,89.28,3.24,12.98,8.6,4.46,109.64,2026-08-18T19:37:24Z,2026-08-18T20:41:45Z,USD
pay_8da26b55e4a645699d78,o_20260818_00004509,captured,wallet,53.34,5.6,4.37,3.57,8.0,58.88,2026-08-18T18:22:35Z,2026-08-18T19:06:38Z,USD
pay_1a6ae00fba1e40b89f93,o_20260818_00004510,captured,apple_pay,50.19,0.88,6.35,4.4,0.0,61.82,2026-08-18T11:52:37Z,2026-08-18T12:39:09Z,USD
pay_c52395fa764946408e17,o_20260818_00004511,captured,card,51.93,4.58,8.24,4.92,0.0,69.67,2026-08-18T20:52:56Z,2026-08-18T21:25:45Z,USD
pay_ffd7051f08104e5bae91,o_20260818_00004512,captured,wallet,21.15,1.72,1.96,1.38,0.0,26.21,2026-08-18T19:33:36Z,2026-08-18T20:38:59Z,USD
pay_ea212da7c2054f2bbc2d,o_20260818_00004513,captured,apple_pay,111.26,6.86,17.54,9.95,5.56,140.05,2026-08-18T11:30:17Z,2026-08-18T12:15:22Z,USD
pay_ce487e641efa49acadbe,o_20260818_00004514,captured,apple_pay,32.6,4.01,5.1,2.91,3.26,41.36,2026-08-18T18:48:52Z,2026-08-18T19:46:36Z,USD
pay_c53d26452a8f4e2fbd93,o_20260818_00004515,captured,paypal,103.74,5.45,9.05,7.11,10.37,114.98,2026-08-18T18:30:59Z,2026-08-18T19:03:31Z,USD
pay_ffa49f4a4d9c4ea8a949,o_20260818_00004516,captured,card,67.23,2.05,7.65,5.57,0.0,82.5,2026-08-18T19:05:07Z,2026-08-18T19:46:08Z,USD
pay_3d6a288b12fb41a4b202,o_20260818_00004517,captured,apple_pay,33.49,2.67,5.24,3.06,1.67,42.79,2026-08-18T12:23:14Z,2026-08-18T13:10:23Z,USD
pay_d4b1f71f1bea494a901b,o_20260818_00004518,captured,apple_pay,37.28,3.72,4.05,3.76,0.0,48.81,2026-08-18T12:57:28Z,2026-08-18T13:32:58Z,USD
pay_54199f393f8c4b958126,o_20260818_00004519,captured,paypal,39.63,0.99,4.24,2.64,0.0,47.5,2026-08-18T18:26:21Z,2026-08-18T19:07:02Z,USD
pay_a226b4bf2fe548a39e8c,o_20260818_00004520,captured,card,81.74,1.57,7.5,5.88,12.26,84.43,2026-08-18T18:56:01Z,2026-08-18T19:26:53Z,USD
pay_3e66d242ab884b23ba34,o_20260818_00004521,captured,paypal,66.8,5.46,9.1,6.07,6.68,80.75,2026-08-18T08:41:35Z,2026-08-18T09:32:27Z,USD
pay_d69f44b4ca2e4ec8bbb3,o_20260818_00004522,captured,apple_pay,12.91,6.61,1.96,0.93,0.0,22.41,2026-08-18T12:15:44Z,2026-08-18T13:01:24Z,USD
pay_3bfc70f81c954278a054,o_20260818_00004523,refunded,wallet,62.79,1.65,8.86,4.58,0.0,77.88,2026-08-18T11:08:20Z,,USD
pay_49ea730dcd114b61b84c,o_20260818_00004524,captured,paypal,82.42,1.04,13.02,7.91,0.0,104.39,2026-08-18T20:08:27Z,2026-08-18T21:05:02Z,USD
pay_b2abd077d40046e99989,o_20260818_00004525,captured,wallet,73.38,1.83,10.0,5.93,0.0,91.14,2026-08-18T12:34:27Z,2026-08-18T13:23:04Z,USD
pay_51a697ac39a24235bdc2,o_20260818_00004526,captured,card,85.86,4.21,13.38,5.93,0.0,109.38,2026-08-18T08:11:23Z,2026-08-18T08:47:00Z,USD
pay_620c891c925347baadc4,o_20260818_00004527,captured,apple_pay,26.52,1.48,3.46,1.61,1.33,31.74,2026-08-18T18:16:33Z,2026-08-18T19:04:17Z,USD
pay_3bef4b85507d447ea7d7,o_20260818_00004528,captured,apple_pay,68.57,4.74,9.84,6.53,0.0,89.68,2026-08-18T12:20:56Z,2026-08-18T12:48:06Z,USD
pay_228bbf3b52dd491092a3,o_20260818_00004529,captured,paypal,115.26,6.67,16.4,8.04,17.29,129.08,2026-08-18T18:43:04Z,2026-08-18T19:38:46Z,USD
pay_7c0e42635a484dcb9e9d,o_20260818_00004530,captured,paypal,32.67,3.77,5.05,2.02,0.0,43.51,2026-08-18T18:30:55Z,2026-08-18T19:36:00Z,USD
pay_71b20437bb4e489a9664,o_20260818_00004531,captured,apple_pay,81.56,6.29,8.66,7.48,0.0,103.99,2026-08-18T08:42:06Z,2026-08-18T09:25:05Z,USD
pay_0dc97f4d7cc34f3abf29,o_20260818_00004532,captured,apple_pay,45.39,4.28,4.59,4.36,0.0,58.62,2026-08-18T12:39:15Z,2026-08-18T13:21:02Z,USD
pay_a144ca6f564141669ef3,o_20260818_00004533,captured,paypal,42.5,3.77,4.56,3.01,0.0,53.84,2026-08-18T11:48:46Z,2026-08-18T12:43:14Z,USD
pay_6c2ec2a10d0e4aeb9b7b,o_20260818_00004534,captured,apple_pay,96.34,1.77,14.63,9.67,0.0,122.41,2026-08-18T20:24:59Z,2026-08-18T21:02:34Z,USD
pay_3d1a1c7f3fc84c859a31,o_20260818_00004535,voided,card,20.8,2.3,2.95,1.28,0.0,27.33,2026-08-18T13:52:16Z,,USD
pay_0fb92b5bab8d45f3ba34,o_20260818_00004536,captured,card,39.72,2.06,3.58,2.64,5.96,42.04,2026-08-18T11:04:32Z,2026-08-18T11:45:03Z,USD
pay_d12999c0548048d983a8,o_20260818_00004537,captured,wallet,67.69,1.68,8.95,4.6,10.15,72.77,2026-08-18T20:03:42Z,2026-08-18T20:21:41Z,USD
pay_6b8aa5e96f88430e919a,o_20260818_00004538,captured,apple_pay,33.86,5.09,2.94,2.46,1.69,42.66,2026-08-18T18:13:57Z,2026-08-18T18:53:32Z,USD
pay_1c3b0f50c7b048ce8fd2,o_20260818_00004539,captured,card,133.2,6.96,20.76,12.62,0.0,173.54,2026-08-18T12:27:36Z,2026-08-18T13:26:52Z,USD
pay_bc18699ccdcd4a4d8f5c,o_20260818_00004540,captured,card,38.8,6.78,4.88,2.25,3.88,48.83,2026-08-18T19:20:51Z,2026-08-18T19:59:27Z,USD
pay_30be58ee40cf45b3bdfb,o_20260818_00004541,refunded,paypal,58.75,3.52,5.11,4.0,0.0,71.38,2026-08-18T18:14:04Z,,USD
pay_4dff65b57f7e4f558d2c,o_20260818_00004542,captured,paypal,16.56,1.99,1.78,1.37,1.66,20.04,2026-08-18T20:17:56Z,2026-08-18T20:44:36Z,USD
pay_f856bc29c03e4865a1e9,o_20260818_00004543,captured,apple_pay,68.57,6.7,8.54,3.77,10.29,77.29,2026-08-18T19:19:25Z,2026-08-18T20:02:04Z,USD
pay_cd4b87328a264f599780,o_20260818_00004544,captured,apple_pay,38.73,3.93,4.29,3.82,0.0,50.77,2026-08-18T11:36:50Z,2026-08-18T12:24:43Z,USD
pay_ea1369e2b1634ff7a8ca,o_20260818_00004545,captured,paypal,107.25,5.03,9.9,8.79,10.73,120.24,2026-08-18T19:50:55Z,2026-08-18T20:29:34Z,USD
pay_47b5b775160642088f74,o_20260818_00004546,captured,card,55.52,1.44,6.81,5.56,0.0,69.33,2026-08-18T11:54:29Z,2026-08-18T12:51:37Z,USD
pay_fab6e17a99ee4b77ae4f,o_20260818_00004547,captured,card,107.04,0.56,12.22,8.99,0.0,128.81,2026-08-18T13:21:06Z,2026-08-18T14:23:32Z,USD
pay_f8388d6b0482448f8a0c,o_20260818_00004548,captured,paypal,10.48,5.39,1.51,0.85,1.05,17.18,2026-08-18T18:34:35Z,2026-08-18T19:20:10Z,USD
pay_7592cbeb7978423d8488,o_20260818_00004549,captured,paypal,64.89,1.09,10.0,5.25,0.0,81.23,2026-08-18T13:55:04Z,2026-08-18T14:52:58Z,USD
pay_cb1cdd8862fb42e2b122,o_20260818_00004550,refunded,paypal,58.8,5.36,5.9,3.22,5.88,67.4,2026-08-18T11:24:19Z,,USD
pay_2c0eec29f0cc42bfaf83,o_20260818_00004551,captured,wallet,107.48,1.09,9.38,8.47,0.0,126.42,2026-08-18T20:30:59Z,2026-08-18T21:30:50Z,USD
pay_2d5ebfb4706c41ce9c64,o_20260818_00004552,captured,apple_pay,40.56,0.76,4.17,2.87,4.06,44.3,2026-08-18T13:21:09Z,2026-08-18T14:10:15Z,USD
pay_8ee0a0b0511f47e1b136,o_20260818_00004553,captured,paypal,70.96,2.68,8.57,5.83,0.0,88.04,2026-08-18T18:48:00Z,2026-08-18T19:38:41Z,USD
pay_9f9bb7245b3f4a008013,o_20260818_00004554,captured,apple_pay,76.78,1.49,8.83,7.02,7.68,86.44,2026-08-18T13:50:53Z,2026-08-18T14:32:05Z,USD
pay_9c297a331a6c4ea08205,o_20260818_00004555,captured,wallet,87.63,3.23,7.71,5.31,0.0,103.88,2026-08-18T19:35:16Z,2026-08-18T20:24:00Z,USD
pay_b5fc2d6b3c7f4673b12e,o_20260818_00004556,captured,apple_pay,41.36,5.89,6.46,4.14,0.0,57.85,2026-08-18T12:30:48Z,2026-08-18T13:31:29Z,USD
pay_44cd5ac254e4464aa0c6,o_20260818_00004557,captured,apple_pay,20.28,2.63,2.02,1.37,1.01,25.29,2026-08-18T18:25:37Z,2026-08-18T19:18:19Z,USD
pay_c2528d9c1b6b4b968d37,o_20260818_00004558,captured,card,108.48,6.09,12.78,6.75,0.0,134.1,2026-08-18T08:15:53Z,2026-08-18T09:17:30Z,USD
pay_30f9a5f3a02f4f63b654,o_20260818_00004559,captured,paypal,44.79,6.01,4.01,2.79,4.48,53.12,2026-08-18T11:43:18Z,2026-08-18T12:18:51Z,USD
pay_4c83d93f24714fe4915e,o_20260818_00004560,captured,wallet,141.18,2.52,16.64,8.92,0.0,169.26,2026-08-18T13:40:14Z,2026-08-18T14:25:01Z,USD
pay_1b9e6c2ddb1a4069bdbe,o_20260818_00004561,captured,apple_pay,70.3,0.74,7.55,7.08,0.0,85.67,2026-08-18T18:34:02Z,2026-08-18T19:14:55Z,USD
pay_d0e35d86e9e74fa6a82a,o_20260818_00004562,captured,wallet,75.27,0.67,6.07,7.18,0.0,89.19,2026-08-18T18:30:28Z,2026-08-18T19:15:28Z,USD
pay_f78f0d96a320416c8988,o_20260818_00004563,captured,apple_pay,172.68,1.58,23.82,14.15,0.0,212.23,2026-08-18T18:12:56Z,2026-08-18T18:54:58Z,USD
pay_672b2789e6f94c54b07d,o_20260818_00004564,captured,wallet,99.89,1.23,9.65,5.5,14.98,101.29,2026-08-18T20:07:52Z,2026-08-18T20:52:42Z,USD
pay_015d0f7e0575484390f2,o_20260818_00004565,voided,apple_pay,47.0,6.54,6.45,4.55,0.0,64.54,2026-08-18T11:41:23Z,,USD
pay_e5f6b8e7924544ecbb81,o_20260818_00004566,captured,apple_pay,68.4,1.94,8.45,4.28,6.84,76.23,2026-08-18T20:30:26Z,2026-08-18T20:54:59Z,USD
pay_217000eff2e0446796b3,o_20260818_00004567,captured,apple_pay,76.44,1.86,7.39,4.85,0.0,90.54,2026-08-18T19:40:31Z,2026-08-18T20:08:20Z,USD
pay_c7eec10bfb9f49dfab4c,o_20260818_00004568,captured,card,38.99,2.79,6.12,3.28,3.9,47.28,2026-08-18T12:37:28Z,2026-08-18T13:40:48Z,USD
pay_3e2289d136c74f0db576,o_20260818_00004569,captured,paypal,101.46,1.25,11.71,9.43,5.07,118.78,2026-08-18T20:57:19Z,2026-08-18T21:49:37Z,USD
pay_453b9a427b314b818883,o_20260818_00004570,captured,wallet,22.06,2.81,3.37,2.08,0.0,30.32,2026-08-18T11:27:03Z,2026-08-18T12:08:03Z,USD
pay_bc9bde47173b44308e8b,o_20260818_00004571,captured,card,36.66,1.31,4.69,2.22,3.67,41.21,2026-08-18T13:51:51Z,2026-08-18T14:28:34Z,USD
pay_8ff1f38ee78c40698fa1,o_20260818_00004572,captured,card,58.07,1.98,8.95,3.61,0.0,72.61,2026-08-18T13:05:32Z,2026-08-18T13:33:45Z,USD
pay_730c4d1fca6749238ccf,o_20260818_00004573,captured,wallet,135.21,5.41,18.65,7.14,20.28,146.13,2026-08-18T08:01:21Z,2026-08-18T08:44:01Z,USD
pay_462518e5a0664fa099bf,o_20260818_00004574,voided,card,23.19,2.9,2.77,1.67,1.16,29.37,2026-08-18T12:03:32Z,,USD
pay_6682ec2990984711946e,o_20260818_00004575,captured,card,50.42,3.34,6.67,4.75,2.52,62.66,2026-08-18T11:40:29Z,2026-08-18T12:27:23Z,USD
pay_2f31ab57e4524090a016,o_20260818_00004576,captured,card,63.75,0.76,6.15,5.17,3.19,72.64,2026-08-18T20:20:44Z,2026-08-18T21:15:04Z,USD
pay_03bdd2e07aa64131b9ce,o_20260818_00004577,captured,apple_pay,92.58,4.91,14.33,6.63,4.63,113.82,2026-08-18T13:58:43Z,2026-08-18T14:32:31Z,USD
pay_2b11fb9baf6c4378a3cc,o_20260818_00004578,voided,wallet,88.2,2.83,10.89,5.66,13.23,94.35,2026-08-18T11:21:49Z,,USD
pay_bd3a7abec00d499d9bcf,o_20260818_00004579,captured,wallet,80.05,5.04,11.12,6.72,8.01,94.92,2026-08-18T19:07:46Z,2026-08-18T19:31:23Z,USD
pay_efcbfc568a8540b092bc,o_20260818_00004580,captured,paypal,24.7,1.03,2.48,2.39,0.0,30.6,2026-08-18T20:55:10Z,2026-08-18T21:29:08Z,USD
pay_901ffab5e1534a97b796,o_20260818_00004581,captured,wallet,14.1,5.7,1.59,1.27,0.0,22.66,2026-08-18T12:40:46Z,2026-08-18T13:26:08Z,USD
pay_7c8b1629fdd54a8c8564,o_20260818_00004582,captured,wallet,37.24,6.56,3.85,2.45,0.0,50.1,2026-08-18T13:26:47Z,2026-08-18T14:10:35Z,USD
pay_54b57fb69bca4f9cbea4,o_20260818_00004583,voided,paypal,29.7,2.74,3.3,1.98,2.97,34.75,2026-08-18T18:54:57Z,,USD
pay_a87a2c0152784380a0b2,o_20260818_00004584,captured,apple_pay,81.62,5.17,7.88,7.9,0.0,102.57,2026-08-18T18:58:20Z,2026-08-18T19:38:05Z,USD
pay_e2e8954d200d425588dc,o_20260818_00004585,voided,card,87.75,0.77,10.61,5.86,4.39,100.6,2026-08-18T13:01:05Z,,USD
pay_01a73ab6343d42bb8af0,o_20260818_00004586,captured,paypal,25.29,1.78,3.46,2.3,2.53,30.3,2026-08-18T18:20:05Z,2026-08-18T19:05:00Z,USD
pay_535e88fae42e4dfc92bf,o_20260818_00004587,captured,wallet,97.57,4.5,8.63,8.86,0.0,119.56,2026-08-18T19:45:57Z,2026-08-18T20:22:35Z,USD
pay_0f371c52468e4ab6a86c,o_20260818_00004588,captured,apple_pay,37.05,3.11,5.09,2.71,0.0,47.96,2026-08-18T18:05:29Z,2026-08-18T18:45:19Z,USD
pay_0239ea31e7834618ba89,o_20260818_00004589,captured,paypal,122.0,5.43,17.12,7.62,6.1,146.07,2026-08-18T12:31:57Z,2026-08-18T13:21:56Z,USD
pay_16d25c397ead4de68130,o_20260818_00004590,captured,paypal,90.16,3.46,13.58,8.29,0.0,115.49,2026-08-18T08:13:59Z,2026-08-18T08:58:51Z,USD
pay_f5fe39e638bb4f419f86,o_20260818_00004591,captured,wallet,91.41,3.31,11.39,6.45,0.0,112.56,2026-08-18T12:25:04Z,2026-08-18T13:25:28Z,USD
pay_5d3b275a31d2441ba34c,o_20260818_00004592,captured,apple_pay,101.77,5.41,10.21,6.48,5.09,118.78,2026-08-18T20:42:48Z,2026-08-18T21:36:24Z,USD
pay_bfdfa65c619a45caa204,o_20260818_00004593,captured,card,53.34,6.5,6.53,4.67,2.67,68.37,2026-08-18T11:12:04Z,2026-08-18T12:32:52Z,USD
pay_62dca9bef1d8499abd27,o_20260818_00004594,captured,wallet,7.05,5.22,0.92,0.39,0.71,12.87,2026-08-18T19:10:00Z,2026-08-18T20:01:45Z,USD
pay_00eccb219d7f4c508e40,o_20260818_00004595,captured,apple_pay,23.81,5.47,2.29,1.47,0.0,33.04,2026-08-18T18:05:10Z,2026-08-18T18:56:05Z,USD
pay_5b10a87b1916420f96a3,o_20260818_00004596,captured,apple_pay,75.02,6.66,10.34,7.5,0.0,99.52,2026-08-18T11:41:15Z,2026-08-18T12:39:42Z,USD
pay_797fdb0e3ce44f4fa8cc,o_20260818_00004597,captured,paypal,68.13,1.44,5.87,4.9,0.0,80.34,2026-08-18T20:09:01Z,2026-08-18T20:54:02Z,USD
pay_20b254e84b064ee79033,o_20260818_00004598,captured,card,78.27,2.95,7.17,4.61,3.91,89.09,2026-08-18T12:09:59Z,2026-08-18T12:45:13Z,USD
pay_133bbe4556e9426bb351,o_20260818_00004599,captured,card,70.5,2.73,8.92,6.03,3.53,84.65,2026-08-18T11:51:39Z,2026-08-18T12:24:06Z,USD
pay_ca1033425e554883a68e,o_20260818_00004600,captured,apple_pay,68.2,2.87,7.97,4.26,3.41,79.89,2026-08-18T13:17:35Z,2026-08-18T13:57:57Z,USD
pay_c7ddc222c8844cb6b774,o_20260818_00004601,captured,wallet,50.13,6.16,7.82,5.03,0.0,69.14,2026-08-18T19:47:59Z,2026-08-18T21:02:02Z,USD
pay_067d832b4c8b46b4a0c4,o_20260818_00004602,captured,wallet,135.21,6.21,18.31,8.33,0.0,168.06,2026-08-18T18:35:05Z,2026-08-18T19:17:45Z,USD
pay_320f59cbf8894e1cb550,o_20260818_00004603,captured,paypal,63.54,5.4,6.28,6.06,3.18,78.1,2026-08-18T20:57:41Z,2026-08-18T21:56:26Z,USD
pay_79b7ab0d8471461bb4f9,o_20260818_00004604,captured,wallet,17.76,2.84,2.64,1.73,0.0,24.97,2026-08-18T13:19:20Z,2026-08-18T13:45:34Z,USD
pay_9f9888cb43b540f993ac,o_20260818_00004605,captured,card,34.17,6.76,4.35,2.37,0.0,47.65,2026-08-18T13:27:07Z,2026-08-18T14:24:22Z,USD
pay_4843c1a85b954851809f,o_20260818_00004606,captured,paypal,94.23,1.94,11.8,7.95,0.0,115.92,2026-08-18T19:08:07Z,2026-08-18T19:50:41Z,USD
pay_cb398c684a4e477980b5,o_20260818_00004607,captured,card,30.45,6.24,3.98,2.22,0.0,42.89,2026-08-18T19:41:34Z,2026-08-18T20:27:08Z,USD
pay_3e7a79e4f89c4deeb271,o_20260818_00004608,captured,card,55.0,6.42,5.88,3.68,0.0,70.98,2026-08-18T08:20:35Z,2026-08-18T09:17:03Z,USD
pay_649a7bbff7d2410cbb50,o_20260818_00004609,captured,wallet,18.64,4.99,2.91,1.17,0.93,26.78,2026-08-18T20:35:06Z,2026-08-18T21:24:24Z,USD
pay_596da3132b864a54848d,o_20260818_00004610,captured,card,60.84,2.15,9.61,6.24,0.0,78.84,2026-08-18T12:58:59Z,2026-08-18T13:52:09Z,USD
pay_d67aace4691049a0975f,o_20260818_00004611,captured,wallet,104.68,3.33,12.73,8.14,10.47,118.41,2026-08-18T20:45:32Z,2026-08-18T21:28:37Z,USD
pay_c52ad57102ba41a2a82f,o_20260818_00004612,captured,wallet,123.48,3.16,12.01,11.89,6.17,144.37,2026-08-18T11:37:11Z,2026-08-18T12:24:19Z,USD
pay_03c9f427c7af40c69f4a,o_20260818_00004613,captured,apple_pay,70.77,4.7,11.0,5.77,7.08,85.16,2026-08-18T11:05:03Z,2026-08-18T11:59:36Z,USD
pay_f2cda7dc8a0842aeb48c,o_20260818_00004614,captured,card,71.34,5.95,10.39,4.61,3.57,88.72,2026-08-18T11:20:17Z,2026-08-18T11:51:51Z,USD
pay_aadf03bb852b4dd88b82,o_20260818_00004615,captured,wallet,91.89,3.78,12.88,6.97,4.59,110.93,2026-08-18T08:05:47Z,2026-08-18T08:39:03Z,USD
pay_02fa18f832dc4618a4fb,o_20260818_00004616,captured,card,83.4,2.31,10.39,4.71,12.51,88.3,2026-08-18T12:17:08Z,2026-08-18T13:00:59Z,USD
pay_076ab29f66d14c59bbec,o_20260818_00004617,captured,apple_pay,110.94,2.02,9.06,7.37,0.0,129.39,2026-08-18T19:42:29Z,2026-08-18T20:35:16Z,USD
pay_d43a487821214d21b683,o_20260818_00004618,captured,paypal,61.9,2.01,9.58,3.96,9.29,68.16,2026-08-18T12:10:13Z,2026-08-18T13:00:27Z,USD
pay_f9515e0c93aa46ad88f9,o_20260818_00004619,captured,card,39.7,4.93,4.28,3.8,0.0,52.71,2026-08-18T12:51:35Z,2026-08-18T13:15:23Z,USD
pay_91bc24fce10f4133a2ba,o_20260818_00004620,voided,paypal,71.82,6.91,5.84,4.82,7.18,82.21,2026-08-18T08:33:19Z,,USD
pay_1259700274044b7bb5c1,o_20260818_00004621,captured,card,28.13,5.16,4.22,1.98,2.81,36.68,2026-08-18T13:06:30Z,2026-08-18T13:46:21Z,USD
pay_912c734dd7d84c5bacc0,o_20260818_00004622,captured,apple_pay,99.14,5.04,14.29,6.99,14.87,110.59,2026-08-18T12:01:58Z,2026-08-18T12:58:23Z,USD
pay_e446084fc108465eabbc,o_20260818_00004623,captured,apple_pay,22.98,0.61,2.11,2.12,1.15,26.67,2026-08-18T13:40:42Z,2026-08-18T14:11:21Z,USD
pay_062f8ea2c76d44c08834,o_20260818_00004624,voided,card,92.53,1.15,14.42,6.18,0.0,114.28,2026-08-18T09:00:45Z,,USD
pay_e1ad32d9e4064c4685c1,o_20260818_00004625,captured,paypal,44.3,4.63,3.86,3.24,0.0,56.03,2026-08-18T19:11:18Z,2026-08-18T19:55:49Z,USD
pay_265746e0070b43c9a6b8,o_20260818_00004626,captured,card,66.51,6.46,7.48,5.94,0.0,86.39,2026-08-18T12:50:07Z,2026-08-18T13:52:12Z,USD
pay_7f1ef64f45c04b78b936,o_20260818_00004627,captured,wallet,108.27,3.14,15.14,7.99,0.0,134.54,2026-08-18T12:56:45Z,2026-08-18T13:37:18Z,USD
pay_ff32f0431290418b85d7,o_20260818_00004628,captured,card,73.08,3.9,8.7,5.97,10.96,80.69,2026-08-18T18:36:58Z,2026-08-18T19:18:37Z,USD
pay_1006e2bfd9c14f13960a,o_20260818_00004629,captured,apple_pay,11.44,1.57,1.74,1.04,0.57,15.22,2026-08-18T18:44:34Z,2026-08-18T19:34:50Z,USD
pay_7f906827efb749aca6c6,o_20260818_00004630,captured,apple_pay,13.9,6.06,1.95,1.13,0.7,22.34,2026-08-18T08:25:32Z,2026-08-18T09:29:20Z,USD
pay_7444955d5db145d8a844,o_20260818_00004631,captured,paypal,97.98,3.25,14.92,5.84,4.9,117.09,2026-08-18T13:00:14Z,2026-08-18T13:39:08Z,USD
pay_3754de70545f46db8513,o_20260818_00004632,captured,paypal,62.87,2.68,9.1,3.92,0.0,78.57,2026-08-18T11:44:46Z,2026-08-18T12:35:07Z,USD
pay_c641a4fb4f0d44029dbd,o_20260818_00004633,captured,card,29.4,2.86,2.93,2.19,0.0,37.38,2026-08-18T20:34:11Z,2026-08-18T21:31:53Z,USD
pay_fad41605ccf1479c834c,o_20260818_00004634,captured,card,16.4,5.05,2.4,1.11,0.0,24.96,2026-08-18T08:35:19Z,2026-08-18T09:16:33Z,USD
pay_dfff48db212d45029546,o_20260818_00004635,captured,paypal,40.56,6.32,4.42,3.06,4.06,50.3,2026-08-18T19:40:02Z,2026-08-18T20:32:56Z,USD
pay_50774d2e3f27451786ec,o_20260818_00004636,voided,paypal,32.58,4.23,3.92,2.92,3.26,40.39,2026-08-18T12:10:54Z,,USD
pay_40ac352a2139416eb67b,o_20260818_00004637,captured,paypal,70.75,3.98,7.28,4.44,0.0,86.45,2026-08-18T13:55:26Z,2026-08-18T15:11:09Z,USD
pay_2f860f0d13c14cabb2fb,o_20260818_00004638,captured,card,62.43,3.05,9.14,3.77,9.36,69.03,2026-08-18T12:58:16Z,2026-08-18T13:40:48Z,USD
pay_02f915ef852a4580a088,o_20260818_00004639,captured,apple_pay,90.16,5.93,8.96,6.47,4.51,107.01,2026-08-18T11:37:45Z,2026-08-18T12:13:24Z,USD
pay_43885101cb60459ea6d4,o_20260818_00004640,captured,card,77.07,5.33,8.92,4.79,7.71,88.4,2026-08-18T08:33:45Z,2026-08-18T09:08:36Z,USD
pay_0fffc001f5ab4a3b8089,o_20260818_00004641,captured,wallet,83.97,4.3,10.35,7.71,0.0,106.33,2026-08-18T12:35:00Z,2026-08-18T13:14:52Z,USD
pay_a8ca66ddb5b64e0eaf8c,o_20260818_00004642,captured,paypal,31.08,5.17,3.15,2.4,0.0,41.8,2026-08-18T13:19:42Z,2026-08-18T14:16:41Z,USD
pay_0dd553e579c64750ae1a,o_20260818_00004643,captured,card,51.77,4.37,6.82,4.78,0.0,67.74,2026-08-18T18:07:56Z,2026-08-18T18:34:41Z,USD
pay_0ed80f46f95c44ddab39,o_20260818_00004644,captured,apple_pay,104.94,3.7,12.81,10.29,0.0,131.74,2026-08-18T20:54:30Z,2026-08-18T22:08:28Z,USD
pay_62f0ac176cae4b82b162,o_20260818_00004645,captured,apple_pay,31.7,3.42,4.58,2.14,1.58,40.26,2026-08-18T13:59:05Z,2026-08-18T14:57:25Z,USD
pay_c0bd62b81e014fbe8d45,o_20260818_00004646,captured,card,85.75,0.67,11.6,6.34,0.0,104.36,2026-08-18T20:02:54Z,2026-08-18T20:56:38Z,USD
pay_fabd5c8373d74fc5b625,o_20260818_00004647,captured,card,78.89,6.38,8.13,5.23,0.0,98.63,2026-08-18T19:21:15Z,2026-08-18T20:06:30Z,USD
pay_869bb53073f1446893e3,o_20260818_00004648,captured,apple_pay,59.85,4.12,7.43,5.79,0.0,77.19,2026-08-18T19:44:08Z,2026-08-18T20:26:28Z,USD
pay_3063607fbd6f4438bb0a,o_20260818_00004649,captured,wallet,47.56,5.18,6.69,3.0,0.0,62.43,2026-08-18T11:20:06Z,2026-08-18T12:11:01Z,USD
pay_1b18576bc67f419bab3e,o_20260818_00004650,captured,paypal,77.96,6.63,9.56,5.25,7.8,91.6,2026-08-18T12:06:12Z,2026-08-18T12:44:48Z,USD
pay_e25c049e90b34b5ab3ed,o_20260818_00004651,captured,card,81.68,0.53,10.54,5.19,4.08,93.86,2026-08-18T13:59:52Z,2026-08-18T14:46:44Z,USD
pay_edd2869db9394f23bd74,o_20260818_00004652,captured,apple_pay,63.09,0.82,6.75,5.7,0.0,76.36,2026-08-18T18:47:43Z,2026-08-18T19:29:16Z,USD
pay_bb5bd5e8d72f43728856,o_20260818_00004653,captured,apple_pay,65.32,0.68,6.65,4.8,0.0,77.45,2026-08-18T11:12:07Z,2026-08-18T12:09:49Z,USD
pay_8b088d3d8ac3419ea41a,o_20260818_00004654,captured,apple_pay,110.81,2.24,14.75,6.08,11.08,122.8,2026-08-18T12:50:40Z,2026-08-18T13:50:30Z,USD
pay_b39ecd276c30407292e5,o_20260818_00004655,captured,wallet,16.47,6.38,2.39,1.53,0.82,25.95,2026-08-18T18:54:17Z,2026-08-18T19:35:11Z,USD
pay_b924a41fe9e44199bbe6,o_20260818_00004656,captured,paypal,56.55,6.38,5.49,5.41,0.0,73.83,2026-08-18T11:50:45Z,2026-08-18T12:38:11Z,USD
pay_f679f6ecbe75429684b6,o_20260818_00004657,captured,apple_pay,127.0,1.83,17.36,9.79,12.7,143.28,2026-08-18T19:48:43Z,2026-08-18T20:31:37Z,USD
pay_e09670cad9f24eb7b48b,o_20260818_00004658,captured,paypal,90.43,5.23,11.12,5.58,4.52,107.84,2026-08-18T12:51:47Z,2026-08-18T13:40:46Z,USD
pay_aba5912a657b44c4b064,o_20260818_00004659,captured,card,78.41,4.76,11.92,6.07,0.0,101.16,2026-08-18T11:06:54Z,2026-08-18T11:51:01Z,USD
pay_077c20c01c52443b9565,o_20260818_00004660,captured,apple_pay,115.93,3.95,16.71,7.66,17.39,126.86,2026-08-18T18:27:56Z,2026-08-18T19:11:16Z,USD
pay_8d446e0464b54db09a0c,o_20260818_00004661,captured,paypal,106.77,4.52,9.94,10.33,0.0,131.56,2026-08-18T18:29:35Z,2026-08-18T19:32:04Z,USD
pay_830cda73e57749aaac60,o_20260818_00004662,captured,card,155.46,5.31,19.9,10.05,7.77,182.95,2026-08-18T11:41:05Z,2026-08-18T12:26:42Z,USD
pay_fdf70586cde14569adb4,o_20260818_00004663,captured,wallet,59.61,5.12,8.32,4.61,0.0,77.66,2026-08-18T12:01:17Z,2026-08-18T12:51:05Z,USD
pay_dd300b925b724f52b067,o_20260818_00004664,captured,apple_pay,35.1,6.06,5.49,2.16,0.0,48.81,2026-08-18T19:26:00Z,2026-08-18T20:44:20Z,USD
pay_e4b7abaa52a541b2b83e,o_20260818_00004665,captured,apple_pay,102.61,6.21,16.29,6.18,0.0,131.29,2026-08-18T20:51:41Z,2026-08-18T21:44:17Z,USD
pay_e5eb30da23d64f709682,o_20260818_00004666,captured,wallet,42.38,6.96,6.41,2.71,0.0,58.46,2026-08-18T19:33:57Z,2026-08-18T20:13:39Z,USD
pay_bd2c78c053d14047a260,o_20260818_00004667,captured,apple_pay,100.26,6.71,9.96,6.67,0.0,123.6,2026-08-18T12:44:11Z,2026-08-18T13:34:45Z,USD
pay_4b904b803b114380b03b,o_20260818_00004668,captured,wallet,64.98,2.39,6.69,5.06,9.75,69.37,2026-08-18T12:05:03Z,2026-08-18T13:04:44Z,USD
pay_57dc62e38a5d47fab821,o_20260818_00004669,voided,card,106.98,4.82,16.48,7.78,16.05,120.01,2026-08-18T13:25:42Z,,USD
pay_394d87f7960a4468ac09,o_20260818_00004670,captured,card,28.41,1.25,2.35,2.05,4.26,29.8,2026-08-18T11:39:31Z,2026-08-18T12:03:18Z,USD
pay_33e0c73c89c4432db2a2,o_20260818_00004671,captured,apple_pay,35.78,1.94,4.81,3.42,0.0,45.95,2026-08-18T18:03:07Z,2026-08-18T18:56:43Z,USD
pay_f1fe4251c6bc49b2b0a4,o_20260818_00004672,captured,apple_pay,98.9,6.0,11.02,6.04,0.0,121.96,2026-08-18T19:53:59Z,2026-08-18T20:20:07Z,USD
pay_0433819c33ab40bd9a5c,o_20260818_00004673,captured,apple_pay,68.94,5.72,10.53,4.66,0.0,89.85,2026-08-18T19:38:12Z,2026-08-18T20:22:57Z,USD
pay_bd789c1a44f14b7f8a92,o_20260818_00004674,captured,apple_pay,50.69,5.06,5.28,4.72,0.0,65.75,2026-08-18T08:25:37Z,2026-08-18T09:20:24Z,USD
pay_df9f3e57693143e0b18a,o_20260818_00004675,captured,wallet,76.13,4.21,7.85,4.46,7.61,85.04,2026-08-18T20:56:54Z,2026-08-18T21:41:55Z,USD
pay_29222f12da2942c18b18,o_20260818_00004676,captured,apple_pay,8.43,6.57,0.89,0.6,0.0,16.49,2026-08-18T20:17:04Z,2026-08-18T21:07:16Z,USD
pay_aeeab387471743c29cef,o_20260818_00004677,captured,apple_pay,82.87,1.08,7.85,6.64,0.0,98.44,2026-08-18T11:24:59Z,2026-08-18T11:54:50Z,USD
pay_2d37b8fcd25842e58efd,o_20260818_00004678,captured,apple_pay,54.21,6.89,8.64,3.96,2.71,70.99,2026-08-18T18:21:22Z,2026-08-18T18:48:01Z,USD
pay_85ab34649f6d4061b04d,o_20260818_00004679,captured,apple_pay,32.67,1.44,5.21,2.33,0.0,41.65,2026-08-18T19:45:27Z,2026-08-18T20:39:22Z,USD
pay_8c6b0c2537844a7fae98,o_20260818_00004680,captured,paypal,39.03,1.09,4.51,2.4,0.0,47.03,2026-08-18T13:56:17Z,2026-08-18T14:54:00Z,USD
pay_89126d0e86ea4eefa2ec,o_20260818_00004681,captured,wallet,134.79,3.79,14.38,11.77,13.48,151.25,2026-08-18T19:20:49Z,2026-08-18T19:52:26Z,USD
pay_31871f2c07b3476fa8f4,o_20260818_00004682,captured,apple_pay,106.54,4.69,8.91,6.64,0.0,126.78,2026-08-18T18:28:16Z,2026-08-18T19:13:09Z,USD
pay_d42d426d66fc4b19b6cf,o_20260818_00004683,captured,card,26.88,1.67,2.49,2.22,0.0,33.26,2026-08-18T19:19:23Z,2026-08-18T19:56:00Z,USD
pay_091a2caf88b946bda593,o_20260818_00004684,voided,paypal,28.15,1.74,2.56,2.24,2.82,31.87,2026-08-18T08:24:26Z,,USD
pay_80d726f5cd1d4d53ac92,o_20260818_00004685,captured,apple_pay,35.7,0.5,3.64,2.55,5.36,37.03,2026-08-18T20:54:08Z,2026-08-18T21:32:46Z,USD
pay_a0762084ef024a088b0d,o_20260818_00004686,captured,paypal,93.01,3.37,14.45,5.93,13.95,102.81,2026-08-18T12:35:17Z,2026-08-18T13:26:08Z,USD
pay_b38462d3d6174ebe9f50,o_20260818_00004687,captured,card,44.55,6.86,4.73,2.77,2.23,56.68,2026-08-18T18:31:42Z,2026-08-18T19:05:36Z,USD
pay_a6bb91e26bfd4979a3a1,o_20260818_00004688,captured,card,71.25,3.05,8.71,4.21,7.12,80.1,2026-08-18T19:32:58Z,2026-08-18T20:24:29Z,USD
pay_7d44afc322fb49edb35d,o_20260818_00004689,captured,paypal,13.9,1.05,1.49,0.87,0.0,17.31,2026-08-18T19:34:22Z,2026-08-18T20:11:14Z,USD
pay_e4cd7d160dfc4a42b927,o_20260818_00004690,captured,wallet,23.78,2.21,2.12,1.88,2.38,27.61,2026-08-18T18:04:03Z,2026-08-18T19:05:22Z,USD
pay_0ed85130a74744cca470,o_20260818_00004691,captured,apple_pay,102.9,5.56,15.88,7.79,15.44,116.69,2026-08-18T13:50:02Z,2026-08-18T14:47:43Z,USD
pay_28bcd373c29e4570b672,o_20260818_00004692,refunded,wallet,58.24,0.96,5.46,3.39,5.82,62.23,2026-08-18T20:48:10Z,,USD
pay_a868cfe1fe0e4daf9fbe,o_20260818_00004693,captured,paypal,47.7,6.69,6.99,3.27,0.0,64.65,2026-08-18T19:23:20Z,2026-08-18T20:10:07Z,USD
pay_4a1f82af5c7946cb9f8b,o_20260818_00004694,captured,card,96.43,4.83,11.05,8.02,14.46,105.87,2026-08-18T13:18:00Z,2026-08-18T14:11:10Z,USD
pay_fc9ced4032ee406aa866,o_20260818_00004695,captured,card,132.15,6.46,18.34,11.64,0.0,168.59,2026-08-18T11:43:34Z,2026-08-18T12:37:26Z,USD
pay_974a54871bc14ae99f03,o_20260818_00004696,captured,apple_pay,56.61,4.41,8.44,3.43,5.66,67.23,2026-08-18T13:08:56Z,2026-08-18T14:09:02Z,USD
pay_addadb28d7c445c5a28d,o_20260818_00004697,captured,wallet,14.5,1.32,1.43,1.0,0.0,18.25,2026-08-18T08:24:45Z,2026-08-18T09:11:34Z,USD
pay_bbc3acac151240958f03,o_20260818_00004698,captured,card,108.67,2.31,17.33,9.06,16.3,121.07,2026-08-18T13:12:39Z,2026-08-18T14:28:28Z,USD
pay_3982411114bd45548a95,o_20260818_00004699,voided,card,58.94,3.56,5.64,5.96,0.0,74.1,2026-08-18T13:07:46Z,,USD
pay_e388a615deb94e62a377,o_20260818_00004700,captured,apple_pay,30.69,1.77,3.52,2.56,0.0,38.54,2026-08-18T13:05:03Z,2026-08-18T14:19:40Z,USD
pay_cef88115742a4b76ad89,o_20260818_00004701,captured,apple_pay,61.23,3.03,9.73,4.1,3.06,75.03,2026-08-18T18:44:15Z,2026-08-18T19:33:13Z,USD
pay_d103391b5d664f8c8ff5,o_20260818_00004702,captured,apple_pay,31.38,0.73,4.28,2.34,0.0,38.73,2026-08-18T19:20:11Z,2026-08-18T19:59:19Z,USD
pay_1e40a5b2ac1945c99fa8,o_20260818_00004703,captured,apple_pay,126.12,5.69,13.8,10.48,6.31,149.78,2026-08-18T08:33:21Z,2026-08-18T09:10:21Z,USD
pay_4b4437b2fc14475ea8e5,o_20260818_00004704,captured,paypal,30.53,1.78,3.8,2.66,0.0,38.77,2026-08-18T12:11:05Z,2026-08-18T13:04:12Z,USD
pay_397d288fcd4042e09349,o_20260818_00004705,captured,paypal,16.73,1.75,2.16,1.23,0.0,21.87,2026-08-18T13:38:43Z,2026-08-18T14:32:02Z,USD
pay_09af6f3552fe49069d4f,o_20260818_00004706,captured,paypal,28.84,6.57,4.25,2.61,0.0,42.27,2026-08-18T12:41:13Z,2026-08-18T13:33:57Z,USD
pay_0313f8438065449a9f59,o_20260818_00004707,captured,card,20.02,6.19,3.12,1.33,1.0,29.66,2026-08-18T19:01:31Z,2026-08-18T19:50:56Z,USD
pay_d0baaffcb3b244f5a475,o_20260818_00004708,refunded,apple_pay,7.25,2.56,0.6,0.46,0.0,10.87,2026-08-18T19:30:41Z,,USD
pay_d4b58b2b425b4306ba86,o_20260818_00004709,captured,card,66.69,5.52,9.08,4.33,6.67,78.95,2026-08-18T19:44:13Z,2026-08-18T20:16:28Z,USD
pay_3541db38c97c49278426,o_20260818_00004710,captured,card,82.0,3.19,8.64,6.4,4.1,96.13,2026-08-18T11:09:54Z,2026-08-18T11:42:00Z,USD
pay_706355355db94a81a974,o_20260818_00004711,captured,apple_pay,43.21,4.55,5.0,3.66,0.0,56.42,2026-08-18T12:43:47Z,2026-08-18T13:30:25Z,USD
pay_599112633d1e4c59b7c6,o_20260818_00004712,captured,card,49.24,5.7,7.01,3.25,7.39,57.81,2026-08-18T12:43:34Z,2026-08-18T13:25:58Z,USD
pay_72ff7d45bbf042a5a14d,o_20260818_00004713,captured,paypal,95.54,6.77,11.67,7.07,14.33,106.72,2026-08-18T18:12:16Z,2026-08-18T18:50:37Z,USD
pay_02c00220713347ca84c1,o_20260818_00004714,captured,card,81.81,4.14,9.92,4.29,12.27,87.89,2026-08-18T12:50:32Z,2026-08-18T13:55:11Z,USD
pay_b3ffd612b8754ee18958,o_20260818_00004715,captured,apple_pay,41.04,0.54,3.94,2.78,0.0,48.3,2026-08-18T11:15:14Z,2026-08-18T12:41:08Z,USD
pay_14a2d892aca145c0a045,o_20260818_00004716,captured,apple_pay,73.83,3.43,6.13,4.08,7.38,80.09,2026-08-18T19:42:13Z,2026-08-18T20:49:52Z,USD
pay_39b2722dd943422795bd,o_20260818_00004717,captured,wallet,16.47,6.17,1.71,1.1,0.82,24.63,2026-08-18T13:24:20Z,2026-08-18T14:29:59Z,USD
pay_07d9dcae9e474093bbcd,o_20260818_00004718,refunded,paypal,41.86,6.77,4.81,3.69,0.0,57.13,2026-08-18T13:21:50Z,,USD
pay_0c3188c9733f45faa351,o_20260818_00004719,captured,paypal,98.73,6.36,14.22,5.17,14.81,109.67,2026-08-18T12:24:23Z,2026-08-18T13:03:17Z,USD
pay_0345ac8af57b439ba6a6,o_20260818_00004720,captured,apple_pay,77.27,2.75,8.95,7.34,0.0,96.31,2026-08-18T18:53:14Z,2026-08-18T19:24:41Z,USD
pay_982a29850120486f9145,o_20260818_00004721,captured,apple_pay,90.92,3.1,10.06,8.37,4.55,107.9,2026-08-18T19:43:36Z,2026-08-18T20:30:52Z,USD
pay_35035528221d4f68bb95,o_20260818_00004722,refunded,paypal,22.38,1.24,3.32,1.35,0.0,28.29,2026-08-18T08:33:49Z,,USD
pay_f18ca5fe689f40858d54,o_20260818_00004723,captured,card,87.85,2.02,9.19,5.16,8.79,95.43,2026-08-18T12:50:43Z,2026-08-18T13:31:32Z,USD
pay_94a7bdab359141c1bf57,o_20260818_00004724,captured,wallet,78.94,4.91,8.85,4.83,7.89,89.64,2026-08-18T19:19:32Z,2026-08-18T20:16:33Z,USD
pay_fc1af48b805f46f79f56,o_20260818_00004725,captured,card,35.7,4.85,3.82,2.61,0.0,46.98,2026-08-18T13:03:16Z,2026-08-18T13:45:25Z,USD
pay_36a1e8dea7a0428c91b0,o_20260818_00004726,captured,wallet,43.25,5.34,6.86,4.36,0.0,59.81,2026-08-18T19:17:24Z,2026-08-18T20:18:14Z,USD
pay_effdf61c5a094a609d9b,o_20260818_00004727,captured,wallet,92.12,5.53,11.11,5.18,13.82,100.12,2026-08-18T20:27:26Z,2026-08-18T21:29:07Z,USD
pay_0ce426fef099498c81ee,o_20260818_00004728,captured,apple_pay,38.82,3.29,3.88,3.52,0.0,49.51,2026-08-18T19:56:33Z,2026-08-18T20:45:02Z,USD
pay_be1d3187cb69448fa900,o_20260818_00004729,captured,wallet,33.17,4.99,4.09,2.96,0.0,45.21,2026-08-18T18:45:10Z,2026-08-18T19:21:47Z,USD
pay_f88594ce258a40d4af81,o_20260818_00004730,captured,wallet,13.69,4.06,2.03,1.18,0.0,20.96,2026-08-18T13:04:27Z,2026-08-18T13:47:36Z,USD
pay_27b380edd96a4e81b90e,o_20260818_00004731,refunded,wallet,130.58,6.1,18.4,11.84,0.0,166.92,2026-08-18T20:33:04Z,,USD
pay_49f1b05651ec4954bde6,o_20260818_00004732,captured,apple_pay,26.53,2.61,3.22,1.76,0.0,34.12,2026-08-18T18:53:52Z,2026-08-18T19:32:27Z,USD
pay_cb529ad08697468797f3,o_20260818_00004733,voided,card,47.55,3.95,3.97,4.42,0.0,59.89,2026-08-18T18:14:12Z,,USD
pay_3fd09dc6c9ba4203a912,o_20260818_00004734,captured,paypal,81.53,5.25,12.18,7.36,0.0,106.32,2026-08-18T20:56:50Z,2026-08-18T21:46:28Z,USD
pay_d5e22ec05f194a0184af,o_20260818_00004735,captured,wallet,21.5,1.27,2.25,1.5,1.07,25.45,2026-08-18T11:22:25Z,2026-08-18T12:24:08Z,USD
pay_e7bcff8434794abeaff9,o_20260818_00004736,refunded,paypal,19.43,5.72,2.62,1.66,0.97,28.46,2026-08-18T08:18:56Z,,USD
pay_6460b007c6a44988a21e,o_20260818_00004737,captured,wallet,20.08,2.71,2.33,1.61,0.0,26.73,2026-08-18T19:21:04Z,2026-08-18T20:23:45Z,USD
pay_19a277fcf5c7443ea58d,o_20260818_00004738,captured,paypal,126.57,6.03,15.04,8.02,0.0,155.66,2026-08-18T13:19:25Z,2026-08-18T14:20:18Z,USD
pay_6eb0bcb8386b46558238,o_20260818_00004739,captured,card,17.84,4.06,2.16,1.45,0.0,25.51,2026-08-18T20:14:20Z,2026-08-18T21:12:54Z,USD
pay_dfcad5a8547745b1a12b,o_20260818_00004740,captured,wallet,108.02,4.78,11.56,8.68,0.0,133.04,2026-08-18T19:12:24Z,2026-08-18T19:38:06Z,USD
pay_9164f0dc1f0f4ac18540,o_20260818_00004741,captured,card,78.88,6.23,7.95,6.06,0.0,99.12,2026-08-18T11:22:09Z,2026-08-18T12:04:38Z,USD
pay_c15dc515a2cd45cfa5c9,o_20260818_00004742,captured,apple_pay,141.18,4.33,11.81,13.22,0.0,170.54,2026-08-18T13:18:57Z,2026-08-18T14:14:55Z,USD
pay_5e03bf3b7e254972bde3,o_20260818_00004743,captured,card,79.68,6.31,12.04,6.99,0.0,105.02,2026-08-18T19:08:02Z,2026-08-18T19:45:44Z,USD
pay_8e010d75a2f54cd38c8d,o_20260818_00004744,captured,paypal,24.7,6.71,2.62,1.8,0.0,35.83,2026-08-18T11:49:05Z,2026-08-18T12:33:19Z,USD
pay_15c955dde7904cdc9503,o_20260818_00004745,captured,paypal,40.71,6.32,4.53,2.24,6.11,47.69,2026-08-18T12:46:37Z,2026-08-18T13:30:09Z,USD
pay_b323eba4fe70499bbc89,o_20260818_00004746,captured,wallet,89.91,4.69,13.8,7.3,13.49,102.21,2026-08-18T20:06:39Z,2026-08-18T21:05:55Z,USD
pay_0a4df5f8f912485b9944,o_20260818_00004747,captured,apple_pay,37.24,0.97,4.74,2.19,1.86,43.28,2026-08-18T18:39:20Z,2026-08-18T19:40:53Z,USD
pay_d51f50cc5f5a433d880b,o_20260818_00004748,captured,paypal,24.44,4.95,2.84,2.25,0.0,34.48,2026-08-18T19:25:57Z,2026-08-18T20:13:51Z,USD
pay_21f7cb5173704b10bebc,o_20260818_00004749,voided,paypal,57.62,1.13,4.73,3.36,8.64,58.2,2026-08-18T11:08:28Z,,USD
pay_5c0f535a7df241babf33,o_20260818_00004750,voided,wallet,52.63,5.99,7.99,3.82,0.0,70.43,2026-08-18T20:35:06Z,,USD
pay_6d91d493f3d2498297a2,o_20260818_00004751,captured,card,25.96,5.66,4.0,2.27,0.0,37.89,2026-08-18T11:12:43Z,2026-08-18T11:55:47Z,USD
pay_0567766b91ad4f158b52,o_20260818_00004752,voided,apple_pay,130.19,5.91,14.81,12.94,0.0,163.85,2026-08-18T18:59:03Z,,USD
pay_5f04d838239d4b9b8d95,o_20260818_00004753,refunded,card,66.08,1.62,9.04,5.54,3.3,78.98,2026-08-18T13:39:58Z,,USD
pay_9c9dbb523f314b73ad37,o_20260818_00004754,voided,apple_pay,66.8,2.37,9.96,4.5,10.02,73.61,2026-08-18T18:19:53Z,,USD
pay_715fa6156a98433db696,o_20260818_00004755,captured,paypal,7.25,0.68,0.81,0.5,1.09,8.15,2026-08-18T19:11:06Z,2026-08-18T20:25:44Z,USD
pay_809a4f295aca441d83a4,o_20260818_00004756,captured,wallet,80.45,6.44,10.27,4.93,12.07,90.02,2026-08-18T19:49:53Z,2026-08-18T20:38:37Z,USD
pay_33c0a85580eb4d54bc93,o_20260818_00004757,captured,card,107.24,2.34,17.15,6.13,16.09,116.77,2026-08-18T12:12:06Z,2026-08-18T13:10:52Z,USD
pay_be53860d0b8a47ce935c,o_20260818_00004758,captured,paypal,60.18,3.22,6.09,3.91,9.03,64.37,2026-08-18T18:50:37Z,2026-08-18T20:01:12Z,USD
pay_144dc166ee80498c9408,o_20260818_00004759,voided,paypal,47.88,1.35,6.02,4.07,4.79,54.53,2026-08-18T11:44:34Z,,USD
pay_d943b8b6730841698d84,o_20260818_00004760,captured,card,27.38,1.04,3.68,1.91,1.37,32.64,2026-08-18T18:35:46Z,2026-08-18T19:07:26Z,USD
pay_a66e96be6c4f40d48835,o_20260818_00004761,captured,paypal,42.3,1.59,5.26,3.07,0.0,52.22,2026-08-18T19:09:16Z,2026-08-18T19:35:52Z,USD
pay_aff7d9a2cc2047eda934,o_20260818_00004762,captured,card,91.35,5.05,9.42,6.64,0.0,112.46,2026-08-18T12:18:10Z,2026-08-18T12:57:54Z,USD
pay_9eae49190d3242dd8328,o_20260818_00004763,captured,paypal,13.9,5.47,1.33,0.76,2.08,19.38,2026-08-18T13:55:59Z,2026-08-18T14:26:04Z,USD
pay_446aba950fb54fa29275,o_20260818_00004764,captured,paypal,23.28,6.33,3.64,1.53,2.33,32.45,2026-08-18T11:13:54Z,2026-08-18T11:54:02Z,USD
pay_8804bac6726447428ee7,o_20260818_00004765,captured,wallet,70.92,6.64,7.55,4.0,10.64,78.47,2026-08-18T18:46:50Z,2026-08-18T19:35:46Z,USD
pay_98681f9ea61b4d708fb4,o_20260818_00004766,captured,card,56.2,6.42,5.22,4.24,0.0,72.08,2026-08-18T18:11:48Z,2026-08-18T18:45:03Z,USD
pay_d9188b043d7f4b76b51b,o_20260818_00004767,captured,paypal,99.85,4.13,13.3,7.73,0.0,125.01,2026-08-18T18:33:07Z,2026-08-18T19:28:32Z,USD
pay_4e6a3324336d470abf04,o_20260818_00004768,captured,card,104.67,6.42,13.77,8.91,0.0,133.77,2026-08-18T08:48:00Z,2026-08-18T09:38:58Z,USD
pay_66e9f91e2e5948d4853e,o_20260818_00004769,captured,paypal,80.38,5.45,10.0,7.14,0.0,102.97,2026-08-18T20:30:04Z,2026-08-18T21:29:56Z,USD
pay_e30e22edad1241b8b0b2,o_20260818_00004770,captured,apple_pay,80.54,2.59,8.42,7.87,0.0,99.42,2026-08-18T12:55:39Z,2026-08-18T13:36:06Z,USD
pay_dd1d87b6980c450dbf60,o_20260818_00004771,voided,paypal,57.04,2.61,5.01,3.47,5.7,62.43,2026-08-18T19:59:07Z,,USD
pay_a58dcf96aa414fe8928a,o_20260818_00004772,captured,card,24.64,2.42,2.22,1.78,0.0,31.06,2026-08-18T18:09:04Z,2026-08-18T18:40:04Z,USD
pay_39d4046b46de404ba1e9,o_20260818_00004773,captured,card,66.42,5.93,10.51,6.25,0.0,89.11,2026-08-18T18:19:19Z,2026-08-18T19:17:52Z,USD
pay_94a1e44f52fb4e9f96c8,o_20260818_00004774,captured,paypal,75.55,6.76,7.31,7.36,0.0,96.98,2026-08-18T20:06:29Z,2026-08-18T20:56:21Z,USD
pay_eac39db24be54ec2837e,o_20260818_00004775,refunded,paypal,71.88,6.51,8.31,4.2,10.78,80.12,2026-08-18T12:46:23Z,,USD
pay_23509623a9d94b0882bf,o_20260818_00004776,captured,paypal,91.37,6.78,9.69,8.87,0.0,116.71,2026-08-18T13:19:40Z,2026-08-18T13:40:31Z,USD
pay_14f9049e2c4b4b339c9b,o_20260818_00004777,captured,apple_pay,47.7,3.35,7.14,3.6,7.16,54.63,2026-08-18T12:31:43Z,2026-08-18T13:25:37Z,USD
pay_5e1f0282c9da484faa18,o_20260818_00004778,captured,apple_pay,92.55,6.26,13.03,9.05,0.0,120.89,2026-08-18T19:40:48Z,2026-08-18T20:32:26Z,USD
pay_eb606ec49e664222b521,o_20260818_00004779,captured,paypal,60.62,5.26,7.89,4.74,0.0,78.51,2026-08-18T13:37:20Z,2026-08-18T14:45:23Z,USD
pay_7eabc55b97c44a24aa25,o_20260818_00004780,captured,apple_pay,79.98,6.22,8.74,4.79,12.0,87.73,2026-08-18T12:41:47Z,2026-08-18T13:37:21Z,USD
pay_c6db7d8cd48d40bbbf5a,o_20260818_00004781,refunded,wallet,12.98,3.91,1.61,0.95,0.0,19.45,2026-08-18T20:46:02Z,,USD
pay_8dc3c42bbd2b42bd827c,o_20260818_00004782,captured,wallet,18.6,2.07,2.35,1.31,2.79,21.54,2026-08-18T08:42:02Z,2026-08-18T09:35:35Z,USD
pay_5b26952c54e94a158701,o_20260818_00004783,captured,paypal,21.19,2.07,2.48,1.42,3.18,23.98,2026-08-18T11:49:41Z,2026-08-18T12:49:16Z,USD
pay_7d85b699152144a2b705,o_20260818_00004784,captured,apple_pay,42.78,6.32,3.96,2.84,2.14,53.76,2026-08-18T19:28:37Z,2026-08-18T20:12:33Z,USD
pay_c00c858b361b4f509dc5,o_20260818_00004785,refunded,wallet,68.13,1.55,6.74,4.79,6.81,74.4,2026-08-18T19:53:12Z,,USD
pay_e527155783af48039bd8,o_20260818_00004786,captured,apple_pay,22.06,2.66,2.61,2.02,0.0,29.35,2026-08-18T11:39:00Z,2026-08-18T12:16:24Z,USD
pay_d27bbb894a9844d9b9da,o_20260818_00004787,captured,apple_pay,34.47,0.77,3.95,2.92,5.17,36.94,2026-08-18T18:29:41Z,2026-08-18T19:13:14Z,USD
pay_89a1f4a90be440829dc0,o_20260818_00004788,captured,wallet,117.03,1.05,10.65,7.14,0.0,135.87,2026-08-18T18:52:26Z,2026-08-18T19:38:04Z,USD
pay_545b16e919da436ea261,o_20260818_00004789,voided,card,114.22,1.84,16.37,9.7,17.13,125.0,2026-08-18T19:59:52Z,,USD
pay_28fd14237c0b4fefa07f,o_20260818_00004790,captured,paypal,52.89,1.79,4.6,3.88,5.29,57.87,2026-08-18T19:27:20Z,2026-08-18T20:00:33Z,USD
pay_557921f1b4a44fb69fca,o_20260818_00004791,captured,apple_pay,101.9,2.62,14.94,6.37,10.19,115.64,2026-08-18T08:47:24Z,2026-08-18T09:20:02Z,USD
pay_e5ad8847f3d74804963b,o_20260818_00004792,captured,wallet,79.11,3.28,10.39,4.59,11.87,85.5,2026-08-18T13:35:24Z,2026-08-18T14:34:21Z,USD
pay_bef0d3f7d8094aa48e58,o_20260818_00004793,voided,wallet,93.47,5.34,8.45,8.87,0.0,116.13,2026-08-18T19:49:20Z,,USD
pay_9d6f3bd638fd47268357,o_20260818_00004794,captured,paypal,77.4,0.73,8.13,6.09,0.0,92.35,2026-08-18T20:27:51Z,2026-08-18T21:08:22Z,USD
pay_a0f83610bf9f49698e87,o_20260818_00004795,captured,paypal,145.06,1.43,18.21,13.29,14.51,163.48,2026-08-18T08:38:35Z,2026-08-18T09:13:13Z,USD
pay_fe3052129eda420bada8,o_20260818_00004796,captured,card,62.77,0.6,6.94,5.67,0.0,75.98,2026-08-18T20:37:18Z,2026-08-18T21:09:09Z,USD
pay_f83cd28fff2143019eb5,o_20260818_00004797,captured,apple_pay,164.37,1.27,14.77,15.87,0.0,196.28,2026-08-18T11:56:34Z,2026-08-18T12:38:20Z,USD
pay_32c1201ef7e640489691,o_20260818_00004798,captured,paypal,80.01,4.4,12.35,5.14,12.0,89.9,2026-08-18T11:04:58Z,2026-08-18T11:36:14Z,USD
pay_edbae47c4f434d90b053,o_20260818_00004799,refunded,apple_pay,71.94,6.85,10.47,6.04,0.0,95.3,2026-08-18T12:17:55Z,,USD
pay_8515d381226445b89610,o_20260818_00004800,captured,paypal,91.66,1.32,14.55,7.03,13.75,100.81,2026-08-18T12:28:21Z,2026-08-18T12:56:04Z,USD
