payment_id,order_id,payment_status,payment_method,subtotal_amount,delivery_fee,service_fee,tax_amount,discount_amount,total_amount,authorized_at,captured_at,currency
pay_9fce2d0773de4ae18298,o_20260821_00007201,captured,wallet,77.33,4.33,7.33,5.19,3.87,90.31,2026-08-21T12:38:03Z,2026-08-21T13:33:19Z,USD
pay_270a97a8e58245b599c2,o_20260821_00007202,captured,wallet,111.47,5.73,8.98,9.66,0.0,135.84,2026-08-21T19:46:25Z,2026-08-21T20:29:09Z,USD
pay_be4cdd2e57b84aac82dc,o_20260821_00007203,captured,wallet,14.33,0.73,2.28,1.13,0.72,17.75,2026-08-21T12:44:46Z,2026-08-21T13:32:25Z,USD
pay_4c6357a2488d40ba834e,o_20260821_00007204,captured,paypal,64.23,0.5,5.59,6.22,0.0,76.54,2026-08-21T11:59:36Z,2026-08-21T12:53:38Z,USD
pay_43c9fda9ea6d4d478670,o_20260821_00007205,captured,apple_pay,85.02,2.52,8.67,8.17,0.0,104.38,2026-08-21T20:23:07Z,2026-08-21T20:59:26Z,USD
pay_3a082223bad846679267,o_20260821_00007206,captured,wallet,32.42,5.37,4.04,2.43,4.86,39.4,2026-08-21T20:43:38Z,2026-08-21T21:34:17Z,USD
pay_551448a09d97494f8260,o_20260821_00007207,captured,card,83.21,1.16,9.54,7.53,0.0,101.44,2026-08-21T12:42:19Z,2026-08-21T13:29:16Z,USD
pay_876a9de8d5a34cdb9b5f,o_20260821_00007208,captured,apple_pay,54.24,4.5,5.07,3.52,8.14,59.19,2026-08-21T12:51:16Z,2026-08-21T13:56:53Z,USD
pay_83c0cc30849c4129bbf3,o_20260821_00007209,captured,wallet,58.85,2.67,7.68,5.0,5.88,68.32,2026-08-21T13:21:24Z,2026-08-21T14:08:06Z,USD
pay_36e15ae308e048bbb14c,o_20260821_00007210,captured,apple_pay,101.52,5.78,15.1,7.63,15.23,114.8,2026-08-21T19:06:48Z,2026-08-21T19:46:22Z,USD
pay_9661e663f4044e8ab20a,o_20260821_00007211,captured,card,81.29,0.5,10.14,5.04,12.19,84.78,2026-08-21T19:00:47Z,2026-08-21T19:35:34Z,USD
pay_ef28bc77c14a412b897d,o_20260821_00007212,captured,paypal,91.91,1.59,13.37,5.41,4.6,107.68,2026-08-21T18:39:27Z,2026-08-21T19:37:22Z,USD
pay_0f1ce1a7604f4032990d,o_20260821_00007213,captured,wallet,9.47,4.23,1.07,0.84,0.0,15.61,2026-08-21T20:09:55Z,2026-08-21T21:06:05Z,USD
pay_fa39516c862d4b67ad76,o_20260821_00007214,captured,paypal,134.79,1.05,20.07,11.18,0.0,167.09,2026-08-21T12:09:20Z,2026-08-21T12:57:46Z,USD
pay_6d2bd0ef8e1b4d43b96c,o_20260821_00007215,captured,card,48.8,6.5,4.96,3.63,0.0,63.89,2026-08-21T19:22:21Z,2026-08-21T20:29:31Z,USD
pay_9367ac4f3a9c4d1e9ed1,o_20260821_00007216,captured,paypal,42.88,3.64,5.62,3.13,0.0,55.27,2026-08-21T12:17:48Z,2026-08-21T13:02:37Z,USD
pay_da500d6b2b414302a3b8,o_20260821_00007217,captured,wallet,7.25,1.68,0.77,0.51,0.0,10.21,2026-08-21T20:45:58Z,2026-08-21T21:42:33Z,USD
pay_e87f2fdb8c584aadbcd8,o_20260821_00007218,captured,card,100.54,6.59,9.68,6.42,0.0,123.23,2026-08-21T12:51:28Z,2026-08-21T13:38:06Z,USD
pay_1755c6e17fae4d249c6b,o_20260821_00007219,voided,card,55.92,4.36,8.78,3.05,8.39,63.72,2026-08-21T20:11:16Z,,USD
pay_7b04e5c1907a4fc89f8f,o_20260821_00007220,captured,paypal,101.01,4.26,10.98,8.22,0.0,124.47,2026-08-21T12:18:05Z,2026-08-21T13:02:46Z,USD
pay_17513c7706bc48e9890a,o_20260821_00007221,captured,paypal,73.8,6.91,6.85,7.06,0.0,94.62,2026-08-21T11:14:34Z,2026-08-21T12:18:14Z,USD
pay_24b1350e24cb4cfd8692,o_20260821_00007222,captured,paypal,91.37,2.92,13.15,6.66,13.71,100.39,2026-08-21T18:30:47Z,2026-08-21T19:14:21Z,USD
pay_f76681a307934f8e94cb,o_20260821_00007223,captured,card,52.04,4.84,5.98,3.05,7.81,58.1,2026-08-21T19:08:44Z,2026-08-21T20:00:39Z,USD
pay_95c2dc89dab041ea8534,o_20260821_00007224,captured,paypal,99.41,1.5,14.19,8.41,0.0,123.51,2026-08-21T18:35:58Z,2026-08-21T19:02:48Z,USD
pay_47c875648f9d41758869,o_20260821_00007225,captured,card,41.64,0.89,3.49,3.98,0.0,50.0,2026-08-21T12:26:58Z,2026-08-21T13:35:31Z,USD
pay_b5e36d5119e642ef828d,o_20260821_00007226,captured,apple_pay,9.29,6.32,0.99,0.6,0.46,16.74,2026-08-21T12:43:04Z,2026-08-21T13:03:21Z,USD
pay_161f190eac45431589d1,o_20260821_00007227,captured,paypal,86.0,5.61,12.53,5.45,4.3,105.29,2026-08-21T18:09:17Z,2026-08-21T18:49:00Z,USD
pay_5ecc300ea59e497c8325,o_20260821_00007228,captured,wallet,102.54,5.09,10.97,7.14,0.0,125.74,2026-08-21T18:42:07Z,2026-08-21T19:30:37Z,USD
pay_b3461897864e41f58beb,o_20260821_00007229,captured,paypal,18.86,1.99,2.46,1.25,2.83,21.73,2026-08-21T08:01:32Z,2026-08-21T08:51:09Z,USD
pay_b0fbe21662d44914b259,o_20260821_00007230,captured,wallet,111.99,2.05,14.48,8.77,16.8,120.49,2026-08-21T11:21:15Z,2026-08-21T12:02:57Z,USD
pay_beff3e688c974f78b4ee,o_20260821_00007231,refunded,paypal,54.72,2.2,6.61,4.32,8.21,59.64,2026-08-21T13:57:37Z,,USD
pay_8bc1eb6f388748eb9c1c,o_20260821_00007232,captured,wallet,108.54,4.54,16.36,9.82,0.0,139.26,2026-08-21T11:07:43Z,2026-08-21T11:48:27Z,USD
pay_26e0c13b29dd4f1a9d81,o_20260821_00007233,captured,apple_pay,109.9,0.73,9.72,9.23,0.0,129.58,2026-08-21T20:04:52Z,2026-08-21T20:53:29Z,USD
pay_34b59e9a922e47c8ae5d,o_20260821_00007234,captured,card,95.69,5.3,14.21,7.58,0.0,122.78,2026-08-21T12:21:17Z,2026-08-21T13:15:33Z,USD
pay_31449c7936cd48b59ca5,o_20260821_00007235,captured,card,82.65,4.27,10.34,6.27,0.0,103.53,2026-08-21T12:34:13Z,2026-08-21T13:39:00Z,USD
pay_84656e1b93314211a460,o_20260821_00007236,captured,wallet,51.21,5.45,4.96,4.2,2.56,63.26,2026-08-21T12:24:57Z,2026-08-21T13:18:49Z,USD
pay_28f7fee74544440f969a,o_20260821_00007237,captured,paypal,33.22,3.99,3.96,2.99,0.0,44.16,2026-08-21T19:34:55Z,2026-08-21T20:25:09Z,USD
pay_4c96a02f1727437a8373,o_20260821_00007238,voided,apple_pay,73.49,5.98,9.88,7.23,0.0,96.58,2026-08-21T18:41:47Z,,USD
pay_53767f93300b467691fc,o_20260821_00007239,captured,paypal,24.44,1.28,3.51,1.94,0.0,31.17,2026-08-21T12:20:41Z,2026-08-21T12:56:18Z,USD
pay_78cd3e77c3e7490e8d5c,o_20260821_00007240,captured,card,80.53,1.61,8.09,5.64,0.0,95.87,2026-08-21T18:31:20Z,2026-08-21T19:12:54Z,USD
pay_96993955645544199dff,o_20260821_00007241,captured,wallet,75.24,6.92,7.61,4.76,3.76,90.77,2026-08-21T11:21:09Z,2026-08-21T11:40:44Z,USD
pay_ea37a70860f04c2abe76,o_20260821_00007242,captured,apple_pay,39.17,5.93,3.68,2.62,5.88,45.52,2026-08-21T18:46:06Z,2026-08-21T19:32:27Z,USD
pay_f5c1ece92fbe4212aa48,o_20260821_00007243,captured,apple_pay,62.58,4.93,5.93,5.47,6.26,72.65,2026-08-21T12:08:34Z,2026-08-21T12:56:07Z,USD
pay_61c55e29f9f847c680dd,o_20260821_00007244,captured,wallet,68.04,3.32,7.53,6.2,0.0,85.09,2026-08-21T20:27:23Z,2026-08-21T21:15:33Z,USD
pay_23212ac0d95c472fa3d1,o_20260821_00007245,captured,apple_pay,28.5,6.11,2.54,1.81,0.0,38.96,2026-08-21T12:28:15Z,2026-08-21T13:10:56Z,USD
pay_0527ec2d6c584dc89ea1,o_20260821_00007246,captured,wallet,123.39,2.53,10.53,11.63,6.17,141.91,2026-08-21T11:25:06Z,2026-08-21T12:22:26Z,USD
pay_0edd9daf24c243978457,o_20260821_00007247,captured,wallet,64.14,4.25,7.77,4.64,9.62,71.18,2026-08-21T11:46:58Z,2026-08-21T12:21:06Z,USD
pay_fbf081b61f3b4c66900f,o_20260821_00007248,captured,card,34.5,5.55,4.41,2.0,3.45,43.01,2026-08-21T19:08:48Z,2026-08-21T19:41:05Z,USD
pay_1d59be426af24c308c59,o_20260821_00007249,captured,paypal,130.64,3.34,19.73,8.5,6.53,155.68,2026-08-21T20:25:10Z,2026-08-21T21:04:30Z,USD
pay_cda04c22241e42eebbcc,o_20260821_00007250,captured,card,37.74,1.67,3.36,2.33,0.0,45.1,2026-08-21T11:48:14Z,2026-08-21T12:44:48Z,USD
pay_4deff28cafa94ee1bb69,o_20260821_00007251,captured,card,80.07,3.23,9.81,5.1,12.01,86.2,2026-08-21T18:30:32Z,2026-08-21T19:31:51Z,USD
pay_b3840219270a4885987b,o_20260821_00007252,captured,apple_pay,24.36,5.35,3.5,2.16,0.0,35.37,2026-08-21T20:59:38Z,2026-08-21T21:39:47Z,USD
pay_6ff7a8b7c4eb4fdd9e4f,o_20260821_00007253,captured,paypal,123.36,6.31,16.13,9.77,6.17,149.4,2026-08-21T12:41:15Z,2026-08-21T13:23:46Z,USD
pay_dd74ccb795f247729c40,o_20260821_00007254,captured,card,27.77,2.7,4.07,2.29,0.0,36.83,2026-08-21T11:51:42Z,2026-08-21T12:22:27Z,USD
pay_2c3f7fa7f72a48f4b79c,o_20260821_00007255,captured,wallet,141.78,2.53,16.79,9.56,14.18,156.48,2026-08-21T08:25:05Z,2026-08-21T09:19:55Z,USD
pay_16602926b84a48089a2c,o_20260821_00007256,captured,apple_pay,56.07,5.72,7.43,3.13,5.61,66.74,2026-08-21T20:05:09Z,2026-08-21T21:21:09Z,USD
pay_58e51258a87044dbadf7,o_20260821_00007257,captured,paypal,43.0,3.63,4.14,3.49,0.0,54.26,2026-08-21T11:16:58Z,2026-08-21T12:08:35Z,USD
pay_1f40f092b86c4c0ab44d,o_20260821_00007258,captured,card,35.5,1.94,4.08,2.72,0.0,44.24,2026-08-21T18:50:27Z,2026-08-21T19:24:18Z,USD
pay_9dfe922408e0451281c3,o_20260821_00007259,captured,apple_pay,104.69,5.72,10.32,6.96,15.7,111.99,2026-08-21T12:56:40Z,2026-08-21T13:51:40Z,USD
pay_10de4c304f5141c69bdb,o_20260821_00007260,captured,wallet,90.92,3.82,10.55,7.36,9.09,103.56,2026-08-21T19:35:19Z,2026-08-21T20:28:59Z,USD
pay_de48717d155e466fa480,o_20260821_00007261,voided,paypal,23.71,5.98,2.23,1.72,3.56,30.08,2026-08-21T12:30:23Z,,USD
pay_c20dd8ccc04249389dc6,o_20260821_00007262,captured,apple_pay,69.68,6.86,7.53,6.14,3.48,86.73,2026-08-21T13:55:03Z,2026-08-21T15:06:35Z,USD
pay_3e307825a1aa49998d00,o_20260821_00007263,captured,card,104.25,2.82,10.04,7.57,0.0,124.68,2026-08-21T18:36:59Z,2026-08-21T19:42:08Z,USD
pay_5f7a37b3d8e44278a937,o_20260821_00007264,captured,paypal,15.46,4.02,1.98,0.97,1.55,20.88,2026-08-21T18:51:01Z,2026-08-21T19:48:55Z,USD
pay_6c836a6ab9c341c5b2e7,o_20260821_00007265,captured,card,145.36,2.61,16.99,11.32,7.27,169.01,2026-08-21T18:17:52Z,2026-08-21T19:17:23Z,USD
pay_e4fa0e832c4f40818d9b,o_20260821_00007266,captured,apple_pay,67.15,1.16,8.88,3.79,10.07,70.91,2026-08-21T20:33:40Z,2026-08-21T21:14:22Z,USD
pay_bf07df8d2d5949aab43f,o_20260821_00007267,refunded,card,47.71,6.89,6.27,4.27,4.77,60.37,2026-08-21T08:15:07Z,,USD
pay_ec00cfa2a4984ae2ac6d,o_20260821_00007268,captured,paypal,108.91,1.86,9.24,8.03,0.0,128.04,2026-08-21T19:44:43Z,2026-08-21T20:01:52Z,USD
pay_5004a3ea074b45ccaddb,o_20260821_00007269,captured,apple_pay,37.58,5.87,4.33,2.22,3.76,46.24,2026-08-21T11:44:32Z,2026-08-21T12:51:21Z,USD
pay_3665a7a27bbf425f9697,o_20260821_00007270,captured,wallet,53.65,0.95,7.02,3.35,2.68,62.29,2026-08-21T11:03:07Z,2026-08-21T11:50:56Z,USD
pay_73753d245ca64972b92d,o_20260821_00007271,captured,paypal,117.96,4.04,13.69,7.81,0.0,143.5,2026-08-21T11:37:50Z,2026-08-21T12:22:23Z,USD
pay_8a300597c8294662924f,o_20260821_00007272,captured,wallet,53.46,6.6,6.84,5.05,0.0,71.95,2026-08-21T18:17:28Z,2026-08-21T19:20:08Z,USD
pay_9755a7360ac84af383a8,o_20260821_00007273,captured,apple_pay,40.91,6.52,6.34,3.9,0.0,57.67,2026-08-21T11:58:33Z,2026-08-21T12:45:21Z,USD
pay_6b30a6958058406f9f37,o_20260821_00007274,captured,apple_pay,76.62,2.56,10.52,4.82,0.0,94.52,2026-08-21T13:05:06Z,2026-08-21T13:45:45Z,USD
pay_60c3a610adfa4309b24c,o_20260821_00007275,captured,wallet,87.18,4.73,7.94,7.54,8.72,98.67,2026-08-21T11:21:51Z,2026-08-21T12:05:35Z,USD
pay_60eee11f496044c6bab2,o_20260821_00007276,voided,apple_pay,60.53,4.98,5.69,5.28,0.0,76.48,2026-08-21T11:16:50Z,,USD
pay_75a8510dbacd4b4cb815,o_20260821_00007277,captured,apple_pay,26.55,6.17,3.25,1.77,3.98,33.76,2026-08-21T18:28:09Z,2026-08-21T19:08:54Z,USD
pay_5924fc62fb364fb9bbc4,o_20260821_00007278,captured,wallet,126.06,4.12,11.94,7.31,12.61,136.82,2026-08-21T19:35:28Z,2026-08-21T20:21:16Z,USD
pay_02002d0931504ee394a0,o_20260821_00007279,captured,wallet,75.92,0.96,11.24,4.94,0.0,93.06,2026-08-21T20:28:17Z,2026-08-21T21:22:21Z,USD
pay_e69bf3bac7964b9f8f5e,o_20260821_00007280,captured,card,89.25,6.69,12.53,5.78,13.39,100.86,2026-08-21T11:03:24Z,2026-08-21T11:58:01Z,USD
pay_de78992a03444305a82a,o_20260821_00007281,captured,wallet,23.16,6.23,2.27,2.07,1.16,32.57,2026-08-21T20:34:33Z,2026-08-21T21:24:08Z,USD
pay_067028a6e24247f8b554,o_20260821_00007282,captured,paypal,71.25,1.97,10.0,5.35,10.69,77.88,2026-08-21T20:46:12Z,2026-08-21T21:32:48Z,USD
pay_4ccd9c61a85e40cc9945,o_20260821_00007283,captured,card,31.82,1.3,3.65,1.97,0.0,38.74,2026-08-21T08:53:13Z,2026-08-21T09:26:48Z,USD
pay_033cd73a411c47a887dc,o_20260821_00007284,captured,wallet,100.68,6.37,12.47,6.29,0.0,125.81,2026-08-21T12:49:19Z,2026-08-21T13:30:02Z,USD
pay_30f62f27bdc741d78c09,o_20260821_00007285,captured,paypal,86.0,4.25,9.89,4.78,12.9,92.02,2026-08-21T18:28:28Z,2026-08-21T19:10:20Z,USD
pay_cec53d0bb1cf4397b434,o_20260821_00007286,captured,wallet,15.46,1.68,2.14,1.04,0.77,19.55,2026-08-21T18:43:54Z,2026-08-21T19:12:05Z,USD
pay_43b0a56a189d433fb7aa,o_20260821_00007287,captured,apple_pay,55.62,3.66,4.81,5.48,0.0,69.57,2026-08-21T13:57:21Z,2026-08-21T14:21:55Z,USD
pay_8941959c3de548d9bebc,o_20260821_00007288,captured,card,17.68,5.49,2.49,1.39,2.65,24.4,2026-08-21T12:23:53Z,2026-08-21T13:21:40Z,USD
pay_d4c97c14243645429372,o_20260821_00007289,captured,paypal,130.14,4.55,19.38,8.69,0.0,162.76,2026-08-21T12:32:09Z,2026-08-21T13:18:06Z,USD
pay_0079bc6be9074d739c89,o_20260821_00007290,captured,apple_pay,73.23,1.31,8.58,6.2,10.98,78.34,2026-08-21T08:14:59Z,2026-08-21T09:09:40Z,USD
pay_3b5ebce6d93e4ee8a54d,o_20260821_00007291,refunded,paypal,68.5,0.57,8.91,6.18,6.85,77.31,2026-08-21T08:50:56Z,,USD
pay_656866cbe0bb446b8fc1,o_20260821_00007292,voided,apple_pay,81.69,1.57,7.96,5.19,4.08,92.33,2026-08-21T19:15:46Z,,USD
pay_513bb502ab5e407ea630,o_20260821_00007293,captured,wallet,94.49,6.13,14.69,8.4,0.0,123.71,2026-08-21T12:44:34Z,2026-08-21T13:54:08Z,USD
pay_9263d14188e245bb9987,o_20260821_00007294,captured,apple_pay,125.75,5.49,14.58,11.6,0.0,157.42,2026-08-21T18:12:36Z,2026-08-21T18:53:47Z,USD
pay_f653faa1c9a443269caa,o_20260821_00007295,captured,wallet,63.58,3.43,6.9,5.27,6.36,72.82,2026-08-21T13:54:11Z,2026-08-21T14:46:44Z,USD
pay_7640cdfeaa0049cfb6a4,o_20260821_00007296,captured,paypal,7.34,2.86,0.89,0.69,0.0,11.78,2026-08-21T18:54:29Z,2026-08-21T19:25:37Z,USD
pay_1240538b8fde4ac9a5e3,o_20260821_00007297,captured,card,78.2,2.65,10.85,6.43,3.91,94.22,2026-08-21T18:43:03Z,2026-08-21T19:23:36Z,USD
pay_4bc70b9dd90b41ecb051,o_20260821_00007298,captured,paypal,66.15,4.43,8.74,6.74,0.0,86.06,2026-08-21T11:33:10Z,2026-08-21T12:32:54Z,USD
pay_dfc93806ae2448279e0e,o_20260821_00007299,captured,apple_pay,55.52,2.3,4.67,3.67,0.0,66.16,2026-08-21T19:38:33Z,2026-08-21T20:15:17Z,USD
pay_00f65ae4445746258a4f,o_20260821_00007300,captured,paypal,21.2,1.7,3.19,1.69,0.0,27.78,2026-08-21T11:07:44Z,2026-08-21T11:56:35Z,USD
pay_3874afbcf45d4d949271,o_20260821_00007301,captured,apple_pay,19.83,2.5,2.19,1.44,0.99,24.97,2026-08-21T12:49:33Z,2026-08-21T13:47:02Z,USD
pay_95f3c83e89e0421ab738,o_20260821_00007302,captured,card,87.48,1.0,9.26,7.86,0.0,105.6,2026-08-21T13:46:29Z,2026-08-21T14:24:07Z,USD
pay_16a5d2c2a28f424b857b,o_20260821_00007303,captured,card,41.86,6.74,3.72,3.28,2.09,53.51,2026-08-21T18:45:53Z,2026-08-21T19:25:28Z,USD
pay_c4cb6c44a8f646cbb4ca,o_20260821_00007304,voided,wallet,67.14,0.71,8.2,5.27,3.36,77.96,2026-08-21T19:00:16Z,,USD
pay_61cb7642d62949838f43,o_20260821_00007305,captured,apple_pay,71.34,6.33,10.74,6.8,0.0,95.21,2026-08-21T20:28:12Z,2026-08-21T21:21:22Z,USD
pay_c6baab2ac25547f78606,o_20260821_00007306,captured,apple_pay,129.63,0.9,19.23,11.94,6.48,155.22,2026-08-21T19:42:44Z,2026-08-21T20:29:30Z,USD
pay_2ce7c45102ae438ca7d2,o_20260821_00007307,captured,card,76.13,4.41,7.97,6.23,0.0,94.74,2026-08-21T13:32:20Z,2026-08-21T14:02:54Z,USD
pay_ae06d8f7ac524c279518,o_20260821_00007308,captured,paypal,19.83,0.96,2.65,1.54,2.97,22.01,2026-08-21T13:18:57Z,2026-08-21T14:19:53Z,USD
pay_73f0300310ae4a299f3b,o_20260821_00007309,captured,apple_pay,32.86,5.65,3.94,2.36,4.93,39.88,2026-08-21T19:29:34Z,2026-08-21T20:26:05Z,USD
pay_f6559be903af4f6ab0bb,o_20260821_00007310,captured,paypal,21.73,2.23,2.97,1.63,3.26,25.3,2026-08-21T11:01:59Z,2026-08-21T11:53:59Z,USD
pay_6054b04498474b5287be,o_20260821_00007311,captured,wallet,71.52,1.82,10.62,5.64,7.15,82.45,2026-08-21T20:07:35Z,2026-08-21T20:39:03Z,USD
pay_af55924b523744ebb3e1,o_20260821_00007312,captured,paypal,70.37,3.16,7.1,4.64,0.0,85.27,2026-08-21T11:44:47Z,2026-08-21T13:01:38Z,USD
pay_1bee45a3d4574761b5b6,o_20260821_00007313,captured,card,90.93,0.49,11.78,9.1,0.0,112.3,2026-08-21T19:22:45Z,2026-08-21T19:58:14Z,USD
pay_883384d9265e409895b4,o_20260821_00007314,captured,paypal,77.77,3.44,11.13,5.72,7.78,90.28,2026-08-21T14:00:24Z,2026-08-21T14:41:55Z,USD
pay_fbbbb3851b75402c903b,o_20260821_00007315,captured,apple_pay,14.93,6.26,1.59,1.44,0.75,23.47,2026-08-21T12:47:15Z,2026-08-21T13:29:20Z,USD
pay_fed07199a9dd48279e0d,o_20260821_00007316,refunded,wallet,37.4,6.77,3.02,2.86,3.74,46.31,2026-08-21T18:45:48Z,,USD
pay_cdbed207c8b94bc49ca2,o_20260821_00007317,captured,card,88.22,3.61,12.58,5.78,4.41,105.78,2026-08-21T13:38:42Z,2026-08-21T14:19:16Z,USD
pay_24d954cdd40248ae94d9,o_20260821_00007318,captured,paypal,58.24,1.33,5.63,4.51,0.0,69.71,2026-08-21T13:00:08Z,2026-08-21T14:10:01Z,USD
pay_53bb3cb5bb414f53878f,o_20260821_00007319,captured,paypal,49.72,2.7,7.7,5.05,0.0,65.17,2026-08-21T19:44:39Z,2026-08-21T20:44:50Z,USD
pay_34a9c4d7633644be914e,o_20260821_00007320,captured,paypal,97.59,1.47,9.65,9.07,0.0,117.78,2026-08-21T18:14:01Z,2026-08-21T18:54:31Z,USD
pay_470c6a491a1247b89c09,o_20260821_00007321,captured,apple_pay,112.75,3.19,14.32,8.69,0.0,138.95,2026-08-21T18:39:54Z,2026-08-21T19:27:56Z,USD
pay_b315522e0ef94de49b1d,o_20260821_00007322,captured,wallet,103.02,6.34,8.29,7.1,0.0,124.75,2026-08-21T11:50:30Z,2026-08-21T12:39:39Z,USD
pay_962a1ae296564034a138,o_20260821_00007323,captured,wallet,57.24,5.45,7.78,4.56,8.59,66.44,2026-08-21T19:19:58Z,2026-08-21T20:20:12Z,USD
pay_e7e140326e3b4a9b9709,o_20260821_00007324,captured,paypal,45.36,5.33,4.85,3.87,6.8,52.61,2026-08-21T18:36:36Z,2026-08-21T19:42:28Z,USD
pay_f84252ef87a74b528817,o_20260821_00007325,captured,card,78.32,6.25,10.49,4.93,0.0,99.99,2026-08-21T12:42:14Z,2026-08-21T13:26:44Z,USD
pay_659d3825a0a9465e9df6,o_20260821_00007326,captured,card,101.27,4.81,13.03,9.66,0.0,128.77,2026-08-21T08:03:23Z,2026-08-21T08:54:56Z,USD
pay_5d56fdcb75824568b075,o_20260821_00007327,voided,wallet,123.92,4.63,15.87,12.51,0.0,156.93,2026-08-21T13:34:54Z,,USD
pay_a20f24412c6b4dc9ad38,o_20260821_00007328,captured,paypal,104.52,5.24,13.22,6.34,10.45,118.87,2026-08-21T18:52:52Z,2026-08-21T19:39:33Z,USD
pay_d63a1df8a0ba42efb71a,o_20260821_00007329,captured,apple_pay,102.36,5.16,14.68,10.36,0.0,132.56,2026-08-21T18:32:12Z,2026-08-21T19:21:41Z,USD
pay_fc84506fc7274d9da7e7,o_20260821_00007330,captured,paypal,59.11,3.17,7.86,4.92,8.87,66.19,2026-08-21T13:49:27Z,2026-08-21T14:38:51Z,USD
pay_2bb2518dfb4c4b1db9ae,o_20260821_00007331,captured,paypal,6.95,3.2,0.88,0.62,0.0,11.65,2026-08-21T11:44:45Z,2026-08-21T12:39:40Z,USD
pay_99ae2033455f4a9a83e8,o_20260821_00007332,voided,paypal,119.52,3.6,12.1,10.48,0.0,145.7,2026-08-21T13:23:19Z,,USD
pay_05a2f0e9342c4d9ca3d3,o_20260821_00007333,captured,apple_pay,64.64,3.06,6.53,5.22,6.46,72.99,2026-08-21T18:41:56Z,2026-08-21T19:15:52Z,USD
pay_caa7676e12c042269d1d,o_20260821_00007334,captured,paypal,136.38,2.01,15.46,9.75,0.0,163.6,2026-08-21T11:55:41Z,2026-08-21T12:48:24Z,USD
pay_6f6d504b2e734699be4f,o_20260821_00007335,captured,paypal,130.58,5.46,10.94,11.59,0.0,158.57,2026-08-21T11:46:10Z,2026-08-21T12:30:42Z,USD
pay_39dcc23ed47b446cb388,o_20260821_00007336,captured,wallet,36.86,4.7,5.44,2.42,1.84,47.58,2026-08-21T18:01:49Z,2026-08-21T18:38:57Z,USD
pay_fae03168fc2b4acbbec1,o_20260821_00007337,voided,wallet,113.95,6.53,17.47,8.27,0.0,146.22,2026-08-21T18:08:04Z,,USD
pay_6c41111b3658447ba313,o_20260821_00007338,captured,wallet,52.75,4.39,7.53,3.19,7.91,59.95,2026-08-21T18:40:42Z,2026-08-21T19:58:27Z,USD
pay_e82ab3a91a214902a4a0,o_20260821_00007339,captured,wallet,52.52,2.83,4.75,4.62,2.63,62.09,2026-08-21T21:00:54Z,2026-08-21T21:51:40Z,USD
pay_9d4847e8f16e45ebafcd,o_20260821_00007340,captured,wallet,17.84,5.66,2.6,1.2,2.68,24.62,2026-08-21T18:23:19Z,2026-08-21T18:48:29Z,USD
pay_e8f12254e9d2464e967a,o_20260821_00007341,captured,card,61.12,6.32,6.85,6.18,0.0,80.47,2026-08-21T20:03:42Z,2026-08-21T20:52:41Z,USD
pay_01b9b76fd0404ee3b965,o_20260821_00007342,captured,wallet,17.51,4.36,2.74,1.41,1.75,24.27,2026-08-21T12:40:16Z,2026-08-21T13:45:04Z,USD
pay_cfd9391581ca4a13bd65,o_20260821_00007343,captured,card,71.58,4.67,6.32,5.44,7.16,80.85,2026-08-21T12:26:38Z,2026-08-21T13:24:14Z,USD
pay_e05943693cfc45d0a084,o_20260821_00007344,captured,apple_pay,96.17,1.79,12.73,6.07,4.81,111.95,2026-08-21T19:16:21Z,2026-08-21T20:18:02Z,USD
pay_f03467f9561e4b57b798,o_20260821_00007345,captured,wallet,60.01,3.14,7.6,4.39,6.0,69.14,2026-08-21T12:01:16Z,2026-08-21T12:44:46Z,USD
pay_5611954caac74287b93f,o_20260821_00007346,captured,wallet,107.51,5.79,15.42,6.69,0.0,135.41,2026-08-21T19:01:24Z,2026-08-21T20:05:05Z,USD
pay_7340b8642da246afba16,o_20260821_00007347,captured,paypal,35.37,6.63,4.88,2.35,3.54,45.69,2026-08-21T18:25:45Z,2026-08-21T19:03:57Z,USD
pay_a482a3ce04634c5f84aa,o_20260821_00007348,captured,card,67.19,1.44,7.27,4.19,6.72,73.37,2026-08-21T19:57:11Z,2026-08-21T20:53:58Z,USD
pay_c7e7e0e8b2894230a7d5,o_20260821_00007349,voided,paypal,23.4,3.16,2.11,1.82,1.17,29.32,2026-08-21T18:36:32Z,,USD
pay_5d8f95bfc0c542e98ca3,o_20260821_00007350,refunded,card,76.9,4.27,9.01,6.81,0.0,96.99,2026-08-21T11:55:12Z,,USD
pay_a4726074ee7740688fad,o_20260821_00007351,captured,paypal,91.33,0.61,9.94,9.24,0.0,111.12,2026-08-21T12:11:22Z,2026-08-21T13:12:55Z,USD
pay_563500ec04dc41b6b0ff,o_20260821_00007352,captured,paypal,37.7,2.68,3.46,2.87,5.66,41.05,2026-08-21T19:16:09Z,2026-08-21T20:22:55Z,USD
pay_fb2f7b40fa7544ac9b17,o_20260821_00007353,captured,card,20.76,3.09,2.48,1.46,0.0,27.79,2026-08-21T11:25:52Z,2026-08-21T12:18:00Z,USD
pay_1ab82c8dc2df4f3d99d4,o_20260821_00007354,captured,card,66.09,1.24,5.94,5.63,9.91,68.99,2026-08-21T12:41:28Z,2026-08-21T13:05:59Z,USD
pay_b80143d3d8af4a8ebf61,o_20260821_00007355,captured,apple_pay,52.14,3.44,6.4,4.47,0.0,66.45,2026-08-21T11:10:03Z,2026-08-21T12:09:04Z,USD
pay_8bb6d3b5a4e4429690fa,o_20260821_00007356,captured,apple_pay,58.51,1.54,9.16,4.18,0.0,73.39,2026-08-21T11:47:49Z,2026-08-21T12:29:43Z,USD
pay_16b50b58bb834ae3a9d5,o_20260821_00007357,captured,wallet,102.54,6.74,10.83,9.54,0.0,129.65,2026-08-21T11:40:56Z,2026-08-21T12:16:43Z,USD
pay_1af8a4788f1f46238051,o_20260821_00007358,captured,card,82.22,6.83,7.93,6.08,0.0,103.06,2026-08-21T19:41:54Z,2026-08-21T20:28:43Z,USD
pay_8eea1be5e6294c1aa48d,o_20260821_00007359,captured,paypal,81.36,4.29,10.24,6.46,8.14,94.21,2026-08-21T12:12:20Z,2026-08-21T12:40:08Z,USD
pay_785dab0a071c470e8527,o_20260821_00007360,refunded,paypal,30.62,3.79,3.42,2.28,0.0,40.11,2026-08-21T18:40:36Z,,USD
pay_95d5c9cac07f41d680ba,o_20260821_00007361,voided,card,30.32,4.13,4.44,2.51,0.0,41.4,2026-08-21T20:26:27Z,,USD
pay_99dccb7042974be48b83,o_20260821_00007362,captured,wallet,37.74,6.26,5.78,3.26,0.0,53.04,2026-08-21T13:47:43Z,2026-08-21T14:12:51Z,USD
pay_dc7328d26d4f4b47b4a3,o_20260821_00007363,captured,apple_pay,90.42,5.07,9.78,5.28,9.04,101.51,2026-08-21T20:26:42Z,2026-08-21T21:22:31Z,USD
pay_4dd789ddf19a4bc2b735,o_20260821_00007364,captured,wallet,100.86,5.24,15.64,10.28,0.0,132.02,2026-08-21T20:08:08Z,2026-08-21T21:00:49Z,USD
pay_f8e2bb4b2cea41a08fb0,o_20260821_00007365,captured,wallet,54.48,6.49,5.81,5.37,0.0,72.15,2026-08-21T12:05:46Z,2026-08-21T12:27:33Z,USD
pay_300fac9b041947ca8bd7,o_20260821_00007366,captured,wallet,25.94,6.27,2.3,2.44,0.0,36.95,2026-08-21T20:05:51Z,2026-08-21T21:01:51Z,USD
pay_f5d9bcadf0d04c79bd4f,o_20260821_00007367,captured,paypal,54.34,2.96,8.07,3.76,8.15,60.98,2026-08-21T12:04:48Z,2026-08-21T12:19:46Z,USD
pay_ab67772fc7e54461968c,o_20260821_00007368,refunded,card,108.73,5.84,12.06,11.01,0.0,137.64,2026-08-21T08:49:04Z,,USD
pay_b918a51235874a43af75,o_20260821_00007369,captured,wallet,42.4,6.45,3.72,3.83,4.24,52.16,2026-08-21T11:34:52Z,2026-08-21T11:56:30Z,USD
pay_cc00286749384cbab41f,o_20260821_00007370,captured,paypal,132.02,1.19,12.51,7.2,13.2,139.72,2026-08-21T11:08:22Z,2026-08-21T11:45:50Z,USD
pay_976257ccf08844c895ed,o_20260821_00007371,captured,wallet,37.28,2.43,5.15,2.76,0.0,47.62,2026-08-21T20:26:00Z,2026-08-21T20:58:37Z,USD
pay_d63a664d58494a958adc,o_20260821_00007372,voided,apple_pay,17.86,1.42,2.85,1.21,2.68,20.66,2026-08-21T18:03:55Z,,USD
pay_c3cd8f413d7c4c0aadcb,o_20260821_00007373,captured,apple_pay,143.03,2.05,19.31,8.59,14.3,158.68,2026-08-21T20:06:26Z,2026-08-21T20:59:12Z,USD
pay_8afe134ab4d6405fbef6,o_20260821_00007374,refunded,apple_pay,23.71,5.31,2.35,1.29,3.56,29.1,2026-08-21T18:36:08Z,,USD
pay_10d2015d1e9a4e12869a,o_20260821_00007375,captured,apple_pay,54.56,5.11,4.72,3.57,8.18,59.78,2026-08-21T19:39:39Z,2026-08-21T20:41:14Z,USD
pay_6653f244a8ac4c3c89e6,o_20260821_00007376,captured,paypal,55.52,2.48,4.68,3.78,0.0,66.46,2026-08-21T19:35:20Z,2026-08-21T20:16:53Z,USD
pay_77e1c11d970d4961b987,o_20260821_00007377,captured,apple_pay,73.49,6.8,11.45,5.59,7.35,89.98,2026-08-21T13:25:13Z,2026-08-21T14:08:39Z,USD
pay_2382b91a764541afa76a,o_20260821_00007378,captured,card,131.75,5.68,19.85,11.35,0.0,168.63,2026-08-21T18:05:12Z,2026-08-21T18:52:47Z,USD
pay_563464a1a2ae44ca9514,o_20260821_00007379,captured,apple_pay,126.57,2.13,10.4,10.32,0.0,149.42,2026-08-21T12:05:48Z,2026-08-21T13:00:28Z,USD
pay_5698cd0a6a754f99b12f,o_20260821_00007380,captured,apple_pay,70.2,3.91,7.18,5.83,0.0,87.12,2026-08-21T12:19:20Z,2026-08-21T13:11:50Z,USD
pay_648c4cf988814038993c,o_20260821_00007381,refunded,card,33.46,4.24,4.99,2.04,3.35,41.38,2026-08-21T12:33:27Z,,USD
pay_ee0db1d06578435d977c,o_20260821_00007382,captured,wallet,41.55,4.25,3.61,3.44,4.16,48.69,2026-08-21T19:17:50Z,2026-08-21T19:56:52Z,USD
pay_4861b02c7d2645b69c7e,o_20260821_00007383,captured,card,70.82,6.15,6.29,5.98,0.0,89.24,2026-08-21T18:27:55Z,2026-08-21T19:12:14Z,USD
pay_bdddccd5767447469803,o_20260821_00007384,captured,wallet,77.07,3.15,11.96,4.78,3.85,93.11,2026-08-21T18:04:30Z,2026-08-21T19:03:54Z,USD
pay_01a8e7d99cd148eaafc5,o_20260821_00007385,captured,card,48.51,1.67,7.53,3.5,4.85,56.36,2026-08-21T18:37:23Z,2026-08-21T19:34:56Z,USD
pay_8ba6b0e9ab814161a42a,o_20260821_00007386,captured,paypal,85.03,5.27,10.87,6.69,4.25,103.61,2026-08-21T18:13:07Z,2026-08-21T18:57:20Z,USD
pay_f18e1909435346758823,o_20260821_00007387,captured,paypal,57.99,0.71,8.51,4.16,0.0,71.37,2026-08-21T12:58:57Z,2026-08-21T13:58:34Z,USD
pay_6c97d5862c914ef89641,o_20260821_00007388,captured,card,42.62,1.91,6.1,3.89,2.13,52.39,2026-08-21T18:22:45Z,2026-08-21T19:05:15Z,USD
pay_238750e321b246dda438,o_20260821_00007389,captured,paypal,34.08,6.53,5.42,2.5,3.41,45.12,2026-08-21T19:50:56Z,2026-08-21T20:41:40Z,USD
pay_4590652fe737470cae96,o_20260821_00007390,captured,apple_pay,28.84,4.63,3.25,2.14,0.0,38.86,2026-08-21T18:59:25Z,2026-08-21T19:30:06Z,USD
pay_da0f3acb055f46e9b3d3,o_20260821_00007391,captured,card,68.77,0.49,10.97,4.31,10.32,74.22,2026-08-21T12:25:26Z,2026-08-21T13:09:14Z,USD
pay_63804df909df472b89eb,o_20260821_00007392,captured,wallet,94.59,5.08,7.67,9.52,0.0,116.86,2026-08-21T19:42:56Z,2026-08-21T20:23:45Z,USD
pay_18e634680df14dfd8406,o_20260821_00007393,captured,apple_pay,29.16,0.9,3.43,1.89,1.46,33.92,2026-08-21T11:22:37Z,2026-08-21T12:27:09Z,USD
pay_d24268a5539f486593ed,o_20260821_00007394,captured,apple_pay,43.8,2.46,5.43,4.28,0.0,55.97,2026-08-21T18:30:40Z,2026-08-21T19:07:37Z,USD
pay_3b508f58e1994de39ec0,o_20260821_00007395,captured,card,10.01,4.94,0.85,0.85,0.0,16.65,2026-08-21T18:07:24Z,2026-08-21T18:45:20Z,USD
pay_6715a4f852f1498aa589,o_20260821_00007396,captured,card,12.05,2.26,1.69,0.91,1.21,15.7,2026-08-21T12:25:04Z,2026-08-21T13:22:59Z,USD
pay_955b7acc2268414f9866,o_20260821_00007397,captured,apple_pay,91.64,1.26,8.41,5.97,0.0,107.28,2026-08-21T20:48:15Z,2026-08-21T21:14:24Z,USD
pay_48e2b6464bb84f89ab4c,o_20260821_00007398,captured,apple_pay,58.68,6.49,6.64,3.76,5.87,69.7,2026-08-21T08:12:36Z,2026-08-21T09:02:24Z,USD
pay_a8b96fe7dbdd42c59270,o_20260821_00007399,captured,wallet,104.53,4.76,8.73,6.93,5.23,119.72,2026-08-21T13:47:50Z,2026-08-21T14:27:29Z,USD
pay_7ee65c22bfee47459516,o_20260821_00007400,refunded,apple_pay,85.47,6.81,12.37,7.57,0.0,112.22,2026-08-21T20:26:54Z,,USD
pay_e9e686ad8e75448b8049,o_20260821_00007401,captured,card,43.47,3.52,6.59,3.05,2.17,54.46,2026-08-21T13:37:22Z,2026-08-21T14:16:19Z,USD
pay_d248e62d4eb749d59c2a,o_20260821_00007402,captured,card,54.65,2.6,5.68,5.41,0.0,68.34,2026-08-21T13:06:11Z,2026-08-21T13:45:58Z,USD
pay_c7f07c6a3df8464883b2,o_20260821_00007403,captured,wallet,21.55,4.53,3.2,1.18,3.23,27.23,2026-08-21T11:59:43Z,2026-08-21T12:45:48Z,USD
pay_bc9c3a42e37d497a9e5a,o_20260821_00007404,captured,wallet,46.56,6.07,6.47,3.39,6.98,55.51,2026-08-21T11:51:40Z,2026-08-21T12:53:56Z,USD
pay_ecc528f5a8e54cc59acc,o_20260821_00007405,captured,card,44.21,3.97,6.76,3.45,0.0,58.39,2026-08-21T08:30:10Z,2026-08-21T09:15:15Z,USD
pay_60264a1c68984f0ca073,o_20260821_00007406,captured,apple_pay,110.18,3.44,9.02,9.58,11.02,121.2,2026-08-21T18:34:07Z,2026-08-21T19:23:19Z,USD
pay_fcffa3d659db4a74873c,o_20260821_00007407,captured,apple_pay,118.81,6.59,16.65,8.6,17.82,132.83,2026-08-21T19:48:20Z,2026-08-21T20:49:53Z,USD
pay_a446725a6d3e4082b4aa,o_20260821_00007408,captured,paypal,122.96,2.91,10.05,8.29,0.0,144.21,2026-08-21T19:53:36Z,2026-08-21T20:37:16Z,USD
pay_887d91b766b64332926e,o_20260821_00007409,captured,paypal,66.24,2.08,5.56,4.74,9.94,68.68,2026-08-21T18:57:29Z,2026-08-21T19:55:03Z,USD
pay_8c1a48dece714204ae77,o_20260821_00007410,captured,card,81.29,4.99,11.08,7.2,8.13,96.43,2026-08-21T13:55:55Z,2026-08-21T14:52:08Z,USD
pay_a3f45f8d9ffb4c85a6a9,o_20260821_00007411,captured,card,81.71,5.75,12.88,7.89,0.0,108.23,2026-08-21T12:53:21Z,2026-08-21T13:34:12Z,USD
pay_dd4dadf3a2a8488ca3db,o_20260821_00007412,captured,apple_pay,90.1,0.72,7.71,9.05,0.0,107.58,2026-08-21T11:45:09Z,2026-08-21T12:14:15Z,USD
pay_9a8b6b3a7cd94a15a540,o_20260821_00007413,captured,apple_pay,88.96,3.9,9.16,6.89,0.0,108.91,2026-08-21T20:55:48Z,2026-08-21T21:33:21Z,USD
pay_89aa99515eb34722a573,o_20260821_00007414,captured,paypal,57.76,6.92,7.44,5.58,0.0,77.7,2026-08-21T18:23:45Z,2026-08-21T19:33:36Z,USD
pay_163096fc1924455dae79,o_20260821_00007415,captured,wallet,147.8,0.85,20.61,11.53,0.0,180.79,2026-08-21T19:56:41Z,2026-08-21T20:33:08Z,USD
pay_2be973cc0365438ca3ec,o_20260821_00007416,captured,paypal,168.3,1.58,24.5,13.11,0.0,207.49,2026-08-21T11:09:14Z,2026-08-21T11:52:55Z,USD
pay_aa34743efde7452a9035,o_20260821_00007417,captured,apple_pay,102.42,3.0,11.9,6.22,5.12,118.42,2026-08-21T12:59:46Z,2026-08-21T13:31:37Z,USD
pay_bb3a37c4ab2543499c3c,o_20260821_00007418,captured,apple_pay,30.7,5.57,4.01,2.82,0.0,43.1,2026-08-21T12:10:28Z,2026-08-21T12:54:39Z,USD
pay_65fc363b31a740eb86bf,o_20260821_00007419,captured,wallet,33.46,3.34,3.38,2.35,0.0,42.53,2026-08-21T19:22:39Z,2026-08-21T20:08:33Z,USD
pay_08cc17cb2362488f9929,o_20260821_00007420,captured,paypal,63.38,2.81,8.65,5.87,0.0,80.71,2026-08-21T20:59:42Z,2026-08-21T22:07:08Z,USD
pay_eac7e26c99af491ca8c1,o_20260821_00007421,voided,paypal,72.62,2.53,10.94,6.76,3.63,89.22,2026-08-21T08:47:25Z,,USD
pay_8b61eb474dbb4494ad98,o_20260821_00007422,captured,paypal,87.09,5.64,11.13,7.82,0.0,111.68,2026-08-21T20:05:16Z,2026-08-21T20:33:47Z,USD
pay_849b9befbf7448899811,o_20260821_00007423,captured,card,86.04,0.51,7.23,7.13,0.0,100.91,2026-08-21T18:07:30Z,2026-08-21T19:00:25Z,USD
pay_3e9886980f5e47209674,o_20260821_00007424,captured,wallet,85.13,3.16,8.53,6.46,0.0,103.28,2026-08-21T12:54:56Z,2026-08-21T13:40:05Z,USD
pay_f1324a33fbb0406fb618,o_20260821_00007425,captured,wallet,31.85,3.57,4.0,1.95,1.59,39.78,2026-08-21T18:53:01Z,2026-08-21T19:41:04Z,USD
pay_5290e8bbd2f44367ba40,o_20260821_00007426,captured,wallet,28.41,0.75,2.28,2.36,1.42,32.38,2026-08-21T13:05:13Z,2026-08-21T14:01:22Z,USD
pay_264f8ba1b80a4bed8eb0,o_20260821_00007427,captured,wallet,101.97,0.56,15.7,8.01,0.0,126.24,2026-08-21T20:32:29Z,2026-08-21T21:21:03Z,USD
pay_210c5d63ff2f4c4fa5f6,o_20260821_00007428,captured,wallet,75.59,2.51,9.05,5.73,0.0,92.88,2026-08-21T11:17:11Z,2026-08-21T12:15:54Z,USD
pay_acb21cc93c384f458480,o_20260821_00007429,captured,paypal,40.86,6.38,6.11,3.76,0.0,57.11,2026-08-21T18:42:32Z,2026-08-21T19:35:45Z,USD
pay_1d6fdfd40fe24161a89a,o_20260821_00007430,voided,paypal,56.97,0.88,7.75,5.76,0.0,71.36,2026-08-21T13:16:56Z,,USD
pay_61f7752539ec44d89092,o_20260821_00007431,captured,card,82.62,2.55,11.65,5.51,8.26,94.07,2026-08-21T19:30:47Z,2026-08-21T20:02:31Z,USD
pay_7390d94aac3b46d8a48a,o_20260821_00007432,captured,card,41.07,3.26,5.5,3.93,0.0,53.76,2026-08-21T08:47:45Z,2026-08-21T09:51:17Z,USD
pay_44bf42327ff74561a66b,o_20260821_00007433,captured,apple_pay,104.07,6.45,9.48,9.97,5.2,124.77,2026-08-21T18:10:14Z,2026-08-21T18:24:22Z,USD
pay_cc4b70274eb24fd98bfd,o_20260821_00007434,captured,card,66.22,0.91,8.67,5.44,0.0,81.24,2026-08-21T20:11:08Z,2026-08-21T21:01:37Z,USD
pay_c23d6949f4c9422ca619,o_20260821_00007435,captured,paypal,10.4,5.83,0.89,0.64,1.04,16.72,2026-08-21T18:28:29Z,2026-08-21T19:24:51Z,USD
pay_1ba8c1e2a77e4bc78381,o_20260821_00007436,captured,apple_pay,34.32,5.97,5.14,2.56,0.0,47.99,2026-08-21T18:41:49Z,2026-08-21T19:25:53Z,USD
pay_ad021cfb54a946558e5a,o_20260821_00007437,captured,card,100.34,2.81,15.27,5.55,15.05,108.92,2026-08-21T11:57:38Z,2026-08-21T13:14:44Z,USD
pay_f20e03f02795462cbf28,o_20260821_00007438,captured,paypal,70.5,2.05,7.59,4.11,7.05,77.2,2026-08-21T11:16:30Z,2026-08-21T11:49:26Z,USD
pay_3b985555d324430c981c,o_20260821_00007439,captured,wallet,52.38,3.53,4.85,4.03,5.24,59.55,2026-08-21T19:18:01Z,2026-08-21T19:47:43Z,USD
pay_f5e90f88d5ac4c0faae3,o_20260821_00007440,captured,paypal,21.78,5.93,2.48,1.58,2.18,29.59,2026-08-21T20:23:40Z,2026-08-21T21:07:44Z,USD
pay_116bdaa4d6d8498c9d68,o_20260821_00007441,captured,paypal,127.53,2.65,18.05,11.61,0.0,159.84,2026-08-21T12:06:56Z,2026-08-21T12:46:48Z,USD
pay_32f32b87db0f45198cc9,o_20260821_00007442,captured,card,45.36,2.96,4.91,2.61,4.54,51.3,2026-08-21T12:19:20Z,2026-08-21T13:22:15Z,USD
pay_b40ad22c4229432ca45f,o_20260821_00007443,captured,paypal,16.92,4.75,2.51,0.93,2.54,22.57,2026-08-21T12:33:51Z,2026-08-21T13:39:17Z,USD
pay_8a99cf6b320840e290f5,o_20260821_00007444,captured,paypal,47.64,0.94,7.29,4.69,0.0,60.56,2026-08-21T13:29:49Z,2026-08-21T14:11:35Z,USD
pay_a356a09350bc4a2eae28,o_20260821_00007445,captured,card,68.13,5.08,9.0,5.46,6.81,80.86,2026-08-21T11:28:53Z,2026-08-21T12:28:56Z,USD
pay_1519010f69e2494b8c53,o_20260821_00007446,captured,apple_pay,83.58,2.55,10.28,5.93,0.0,102.34,2026-08-21T18:11:54Z,2026-08-21T18:51:25Z,USD
pay_2123b376a781469a82cb,o_20260821_00007447,captured,wallet,20.7,2.11,2.57,1.82,2.07,25.13,2026-08-21T18:04:08Z,2026-08-21T19:17:03Z,USD
pay_135ae22dff1141f49613,o_20260821_00007448,captured,apple_pay,75.27,2.51,7.47,6.78,3.76,88.27,2026-08-21T20:04:34Z,2026-08-21T20:38:10Z,USD
pay_78ff6bd872e3472b807e,o_20260821_00007449,captured,card,25.53,4.5,3.91,2.28,2.55,33.67,2026-08-21T08:37:59Z,2026-08-21T09:09:55Z,USD
pay_2445d7ab84854a05918a,o_20260821_00007450,captured,wallet,103.55,5.79,11.55,8.87,5.18,124.58,2026-08-21T19:33:51Z,2026-08-21T20:01:15Z,USD
pay_2b5d3078d3c04b049d1f,o_20260821_00007451,captured,paypal,39.63,0.72,5.59,2.39,3.96,44.37,2026-08-21T13:06:51Z,2026-08-21T14:08:23Z,USD
pay_833f0519b77c4ceb8ceb,o_20260821_00007452,captured,paypal,122.5,0.59,14.81,8.95,0.0,146.85,2026-08-21T19:22:22Z,2026-08-21T20:12:21Z,USD
pay_a88f478cd1d54a7e825a,o_20260821_00007453,captured,apple_pay,33.18,0.96,3.95,2.4,1.66,38.83,2026-08-21T19:17:56Z,2026-08-21T20:07:43Z,USD
pay_585a65a1d3be4aa186c9,o_20260821_00007454,captured,card,103.55,3.05,10.89,6.83,0.0,124.32,2026-08-21T12:32:01Z,2026-08-21T13:07:48Z,USD
pay_682f565565a446999b32,o_20260821_00007455,captured,card,60.84,6.01,6.7,3.17,9.13,67.59,2026-08-21T13:51:41Z,2026-08-21T14:45:53Z,USD
pay_502f5f8c81154f518b75,o_20260821_00007456,captured,apple_pay,45.24,1.35,6.36,2.99,0.0,55.94,2026-08-21T11:59:51Z,2026-08-21T12:42:31Z,USD
pay_7d15e356d8a6480789ec,o_20260821_00007457,captured,card,78.94,5.09,6.57,4.79,3.95,91.44,2026-08-21T11:34:01Z,2026-08-21T12:16:52Z,USD
pay_592ae610d4e74fde98a0,o_20260821_00007458,captured,wallet,46.32,6.58,5.39,3.17,0.0,61.46,2026-08-21T20:18:19Z,2026-08-21T21:11:01Z,USD
pay_ccb970b4f953405a8b2c,o_20260821_00007459,captured,paypal,11.7,3.63,1.4,1.03,0.0,17.76,2026-08-21T18:46:02Z,2026-08-21T19:44:56Z,USD
pay_01faf1c6fb2741d89452,o_20260821_00007460,captured,apple_pay,12.37,3.55,1.49,1.0,0.0,18.41,2026-08-21T08:33:20Z,2026-08-21T09:44:30Z,USD
pay_cae2eee816f14e4b9be3,o_20260821_00007461,captured,paypal,22.92,1.52,2.14,2.06,1.15,27.49,2026-08-21T08:30:38Z,2026-08-21T09:02:12Z,USD
pay_b8d6cc7b8f8741f99daa,o_20260821_00007462,captured,paypal,18.09,4.91,1.69,1.15,2.71,23.13,2026-08-21T12:24:15Z,2026-08-21T13:09:43Z,USD
pay_5a7a1182299c4743baa1,o_20260821_00007463,captured,wallet,14.2,5.33,1.94,1.22,0.0,22.69,2026-08-21T13:53:26Z,2026-08-21T14:28:07Z,USD
pay_205b4caff6ef485c93ad,o_20260821_00007464,captured,paypal,32.5,6.95,3.57,2.39,0.0,45.41,2026-08-21T13:34:38Z,2026-08-21T14:48:20Z,USD
pay_b6604590b2584570ab4e,o_20260821_00007465,captured,apple_pay,62.52,2.85,8.0,5.12,6.25,72.24,2026-08-21T19:05:17Z,2026-08-21T20:11:52Z,USD
pay_72dbd30132104fdd82f7,o_20260821_00007466,captured,paypal,42.54,0.73,4.82,2.4,6.38,44.11,2026-08-21T12:37:24Z,2026-08-21T13:07:19Z,USD
pay_48a9971fec504a20beea,o_20260821_00007467,captured,wallet,156.72,0.61,24.66,14.2,0.0,196.19,2026-08-21T19:52:47Z,2026-08-21T20:54:12Z,USD
pay_4381e36d657543fe9617,o_20260821_00007468,refunded,apple_pay,118.16,6.21,16.28,8.81,17.72,131.74,2026-08-21T12:17:08Z,,USD
pay_6ed79339f2034e249d4f,o_20260821_00007469,captured,card,46.0,5.02,4.75,4.15,0.0,59.92,2026-08-21T12:47:12Z,2026-08-21T13:28:46Z,USD
pay_ef3c9503a2f548dfbec0,o_20260821_00007470,captured,wallet,122.75,4.26,15.42,9.57,0.0,152.0,2026-08-21T08:23:59Z,2026-08-21T09:24:14Z,USD
pay_6d4737bb4510459da469,o_20260821_00007471,captured,card,111.26,2.0,12.47,5.96,16.69,115.0,2026-08-21T20:33:04Z,2026-08-21T21:19:18Z,USD
pay_dd832a2e838b47118910,o_20260821_00007472,refunded,card,125.57,2.34,10.27,11.26,0.0,149.44,2026-08-21T13:19:31Z,,USD
pay_be306d79f5a04bd499d6,o_20260821_00007473,captured,card,42.6,3.58,4.75,2.83,4.26,49.5,2026-08-21T19:58:21Z,2026-08-21T20:37:57Z,USD
pay_d0a3c95ede4c4c089697,o_20260821_00007474,captured,wallet,34.58,6.47,3.43,2.36,0.0,46.84,2026-08-21T18:12:44Z,2026-08-21T19:27:23Z,USD
pay_0b1c2b71793a46d39ef2,o_20260821_00007475,captured,apple_pay,16.43,2.43,2.57,1.41,2.46,20.38,2026-08-21T13:09:38Z,2026-08-21T13:52:15Z,USD
pay_e191b75f73a547e8bfc8,o_20260821_00007476,captured,wallet,14.93,3.13,2.13,1.41,0.0,21.6,2026-08-21T13:24:04Z,2026-08-21T14:12:55Z,USD
pay_53713a9b9bed46fb83e8,o_20260821_00007477,captured,wallet,56.76,5.56,6.24,4.14,8.51,64.19,2026-08-21T12:33:15Z,2026-08-21T13:02:07Z,USD
pay_28b05139603c488dbe89,o_20260821_00007478,captured,apple_pay,57.99,3.41,4.7,4.0,2.9,67.2,2026-08-21T12:35:11Z,2026-08-21T13:17:21Z,USD
pay_93b9d42e1f234550bdb0,o_20260821_00007479,captured,paypal,112.93,4.38,9.68,7.21,0.0,134.2,2026-08-21T19:25:04Z,2026-08-21T20:08:22Z,USD
pay_1317f485556c4771af86,o_20260821_00007480,captured,wallet,94.41,0.76,11.46,7.67,0.0,114.3,2026-08-21T18:16:01Z,2026-08-21T18:46:27Z,USD
pay_b3aaad247e094f64bea4,o_20260821_00007481,captured,wallet,80.66,2.11,8.84,5.06,0.0,96.67,2026-08-21T13:44:25Z,2026-08-21T14:19:29Z,USD
pay_5b36bed78d92447cb31e,o_20260821_00007482,captured,wallet,158.08,5.93,17.04,15.19,0.0,196.24,2026-08-21T08:32:27Z,2026-08-21T09:09:58Z,USD
pay_7e18d63545734c12adce,o_20260821_00007483,captured,wallet,63.98,3.23,9.31,5.08,3.2,78.4,2026-08-21T20:58:50Z,2026-08-21T21:30:43Z,USD
pay_c51c67e3cbf64ff5b8e6,o_20260821_00007484,captured,paypal,97.57,5.13,14.93,6.86,0.0,124.49,2026-08-21T19:37:55Z,2026-08-21T20:21:25Z,USD
pay_7fb96c64568a4215bec3,o_20260821_00007485,captured,paypal,52.89,2.81,5.3,3.93,0.0,64.93,2026-08-21T18:15:20Z,2026-08-21T19:19:56Z,USD
pay_89fa6f06612648289b3d,o_20260821_00007486,captured,apple_pay,88.74,4.16,7.11,6.82,13.31,93.52,2026-08-21T12:51:08Z,2026-08-21T13:26:22Z,USD
pay_40bc78e8a9634919a53f,o_20260821_00007487,captured,wallet,133.11,3.57,14.32,7.91,19.97,138.94,2026-08-21T12:14:18Z,2026-08-21T12:51:03Z,USD
pay_c3f3d38cd7b547c8ae36,o_20260821_00007488,captured,wallet,75.24,4.07,7.22,5.31,0.0,91.84,2026-08-21T18:33:38Z,2026-08-21T19:19:11Z,USD
pay_b88d1bd32ebf453ab94d,o_20260821_00007489,captured,card,48.63,4.12,5.84,4.67,0.0,63.26,2026-08-21T19:42:01Z,2026-08-21T20:15:37Z,USD
pay_bde87ac243eb4f44826f,o_20260821_00007490,captured,apple_pay,47.58,1.46,6.04,3.06,0.0,58.14,2026-08-21T19:46:48Z,2026-08-21T20:39:38Z,USD
pay_c54d2767e0a840779165,o_20260821_00007491,refunded,paypal,143.42,6.18,12.66,10.31,0.0,172.57,2026-08-21T19:00:47Z,,USD
pay_2260cc9578e7402d850c,o_20260821_00007492,refunded,wallet,72.82,3.58,9.62,7.06,0.0,93.08,2026-08-21T19:31:01Z,,USD
pay_0f3d297de04e4f939168,o_20260821_00007493,captured,apple_pay,84.84,6.06,8.47,5.88,0.0,105.25,2026-08-21T20:09:35Z,2026-08-21T21:20:11Z,USD
pay_111b55b54b5d4e28b715,o_20260821_00007494,captured,card,36.32,1.04,5.27,2.74,5.45,39.92,2026-08-21T12:32:50Z,2026-08-21T13:15:53Z,USD
pay_447ce4aec3c14ce8877f,o_20260821_00007495,refunded,wallet,47.25,5.76,4.99,3.05,0.0,61.05,2026-08-21T12:04:53Z,,USD
pay_4714538092bb4ae69bd7,o_20260821_00007496,captured,card,49.41,4.35,7.36,3.6,4.94,59.78,2026-08-21T13:58:54Z,2026-08-21T15:03:07Z,USD
pay_3e8391105fff47789885,o_20260821_00007497,captured,apple_pay,27.9,1.04,4.05,1.77,4.18,30.58,2026-08-21T19:10:07Z,2026-08-21T20:12:01Z,USD
pay_732f4a390e32423e9669,o_20260821_00007498,captured,wallet,33.09,5.96,3.25,2.82,1.65,43.47,2026-08-21T13:15:04Z,2026-08-21T14:20:57Z,USD
pay_19f0d42646f54f86a1c5,o_20260821_00007499,captured,paypal,83.16,5.3,7.3,8.0,0.0,103.76,2026-08-21T12:36:53Z,2026-08-21T13:26:32Z,USD
pay_8bfacbe993f042b8bc36,o_20260821_00007500,captured,apple_pay,45.36,4.56,7.25,2.94,4.54,55.57,2026-08-21T18:21:14Z,2026-08-21T19:22:02Z,USD
pay_a515d2f27fe14d1d9027,o_20260821_00007501,captured,card,91.32,3.16,8.6,8.66,0.0,111.74,2026-08-21T08:03:59Z,2026-08-21T08:42:57Z,USD
pay_257049bdc8f44f4fb9ce,o_20260821_00007502,refunded,paypal,65.79,4.06,5.35,6.19,0.0,81.39,2026-08-21T18:24:14Z,,USD
pay_ba651487216544219c10,o_20260821_00007503,captured,card,141.72,3.62,15.28,11.46,7.09,164.99,2026-08-21T08:32:25Z,2026-08-21T09:25:31Z,USD
pay_7e38d21f1de54a71b68b,o_20260821_00007504,captured,wallet,78.8,1.02,11.36,6.58,11.82,85.94,2026-08-21T12:54:24Z,2026-08-21T13:27:01Z,USD
pay_c6753b0c51344cd8ab87,o_20260821_00007505,captured,card,101.12,1.2,11.31,8.22,0.0,121.85,2026-08-21T20:29:20Z,2026-08-21T20:55:59Z,USD
pay_ec065f77d25c4ee69ec9,o_20260821_00007506,captured,card,73.08,0.97,10.16,4.8,0.0,89.01,2026-08-21T19:32:41Z,2026-08-21T20:10:23Z,USD
pay_8d5af58cdf964cf0a4a6,o_20260821_00007507,captured,paypal,80.79,4.6,10.51,7.4,0.0,103.3,2026-08-21T13:06:04Z,2026-08-21T13:50:39Z,USD
pay_7dad8d595f5746edbf95,o_20260821_00007508,captured,wallet,62.76,2.82,7.67,4.12,3.14,74.23,2026-08-21T13:15:02Z,2026-08-21T13:53:50Z,USD
pay_273a8973b21d4bfaa672,o_20260821_00007509,captured,paypal,43.01,3.45,4.37,4.06,0.0,54.89,2026-08-21T13:49:55Z,2026-08-21T14:29:34Z,USD
pay_db6c6892c7ce49f1acd4,o_20260821_00007510,captured,apple_pay,52.23,5.84,6.48,3.68,2.61,65.62,2026-08-21T13:36:38Z,2026-08-21T14:25:28Z,USD
pay_7cdafee4d25b4bc1bafb,o_20260821_00007511,captured,wallet,103.82,3.95,15.55,7.22,0.0,130.54,2026-08-21T19:17:14Z,2026-08-21T20:24:17Z,USD
pay_2be17157f9184f1c8839,o_20260821_00007512,captured,wallet,21.03,2.32,3.36,1.34,1.05,27.0,2026-08-21T19:33:13Z,2026-08-21T20:28:37Z,USD
pay_6f25515ea55a4b81899d,o_20260821_00007513,captured,wallet,101.8,5.02,14.9,8.64,5.09,125.27,2026-08-21T13:13:21Z,2026-08-21T13:58:59Z,USD
pay_c017542a6865499f9d86,o_20260821_00007514,captured,card,21.3,6.91,1.99,2.17,0.0,32.37,2026-08-21T13:39:32Z,2026-08-21T14:21:48Z,USD
pay_3750f39643b2485c8428,o_20260821_00007515,captured,paypal,74.89,4.3,7.21,6.61,3.74,89.27,2026-08-21T19:34:54Z,2026-08-21T20:13:06Z,USD
pay_597909fce12f48e28cfe,o_20260821_00007516,captured,card,59.25,2.54,7.3,5.31,2.96,71.44,2026-08-21T20:57:28Z,2026-08-21T21:45:59Z,USD
pay_f8632c0e64e943579824,o_20260821_00007517,refunded,apple_pay,45.31,3.26,5.66,4.43,0.0,58.66,2026-08-21T08:37:53Z,,USD
pay_aa4b75857a24419895ca,o_20260821_00007518,captured,wallet,87.24,4.77,7.38,7.6,0.0,106.99,2026-08-21T19:53:02Z,2026-08-21T20:36:51Z,USD
pay_85f2741245c84daebfee,o_20260821_00007519,captured,apple_pay,36.21,5.74,5.54,2.82,5.43,44.88,2026-08-21T12:26:53Z,2026-08-21T13:09:25Z,USD
pay_246c1245a3c645918500,o_20260821_00007520,captured,wallet,65.28,0.8,9.98,5.11,9.79,71.38,2026-08-21T12:19:21Z,2026-08-21T13:02:45Z,USD
pay_c1ed40465ffc4dc69455,o_20260821_00007521,captured,paypal,24.6,4.45,3.07,2.37,0.0,34.49,2026-08-21T12:51:17Z,2026-08-21T14:10:13Z,USD
pay_c97672b447b24823826f,o_20260821_00007522,captured,apple_pay,20.43,2.08,1.79,2.06,0.0,26.36,2026-08-21T12:08:09Z,2026-08-21T12:39:44Z,USD
pay_352d295fda41466585ce,o_20260821_00007523,captured,card,88.72,6.34,9.19,6.44,8.87,101.82,2026-08-21T13:21:20Z,2026-08-21T14:21:10Z,USD
pay_b5017aacb32d4dfdbd50,o_20260821_00007524,captured,card,60.0,4.46,7.76,5.89,0.0,78.11,2026-08-21T12:12:10Z,2026-08-21T12:57:52Z,USD
pay_bb7b7cefe4ab4d0eb08a,o_20260821_00007525,captured,wallet,134.98,6.55,20.31,13.26,0.0,175.1,2026-08-21T13:20:18Z,2026-08-21T14:24:02Z,USD
pay_4d3235a2e23348cf803c,o_20260821_00007526,captured,wallet,40.86,6.37,5.27,2.23,6.13,48.6,2026-08-21T13:28:03Z,2026-08-21T14:06:55Z,USD
pay_bb695429204c42ceb26c,o_20260821_00007527,captured,wallet,74.97,0.96,7.36,5.08,0.0,88.37,2026-08-21T20:06:53Z,2026-08-21T20:56:35Z,USD
pay_ad1de86edcc64c09b37d,o_20260821_00007528,captured,card,22.08,1.67,1.79,1.31,3.31,23.54,2026-08-21T12:59:42Z,2026-08-21T13:59:18Z,USD
pay_c0b2c0ab3ad341fcb3b5,o_20260821_00007529,captured,card,42.48,4.76,6.3,3.47,6.37,50.64,2026-08-21T18:34:31Z,2026-08-21T19:20:38Z,USD
pay_c3b4dcbee77d4b3aa010,o_20260821_00007530,captured,apple_pay,68.22,2.75,10.71,5.67,0.0,87.35,2026-08-21T08:16:47Z,2026-08-21T08:52:52Z,USD
pay_becfe0c779824be39fa3,o_20260821_00007531,captured,apple_pay,137.1,1.9,18.98,8.4,0.0,166.38,2026-08-21T11:10:09Z,2026-08-21T11:56:37Z,USD
pay_07af5001f23148f6ac04,o_20260821_00007532,refunded,wallet,45.11,5.61,6.33,2.48,4.51,55.02,2026-08-21T12:47:51Z,,USD
pay_bce434d557d44e9fa0e0,o_20260821_00007533,captured,wallet,78.78,2.13,9.25,7.01,0.0,97.17,2026-08-21T19:36:14Z,2026-08-21T20:14:50Z,USD
pay_1f5aec1a362a445abba3,o_20260821_00007534,captured,paypal,71.18,1.09,6.57,6.0,7.12,77.72,2026-08-21T18:12:53Z,2026-08-21T18:47:23Z,USD
pay_3c233a452423458ab6d1,o_20260821_00007535,captured,apple_pay,86.94,5.23,11.26,5.76,4.35,104.84,2026-08-21T08:04:27Z,2026-08-21T08:45:18Z,USD
pay_ffc9e67875284c219693,o_20260821_00007536,captured,paypal,70.2,4.45,10.5,5.67,0.0,90.82,2026-08-21T11:20:38Z,2026-08-21T12:10:13Z,USD
pay_3d8c5bae5ee84a708716,o_20260821_00007537,captured,paypal,15.28,6.17,2.24,1.23,0.76,24.16,2026-08-21T18:58:41Z,2026-08-21T19:45:33Z,USD
pay_069602f69044470c94ca,o_20260821_00007538,captured,card,50.22,4.24,5.05,4.56,0.0,64.07,2026-08-21T13:55:54Z,2026-08-21T14:41:04Z,USD
pay_d7b3a0e446824bb1b19f,o_20260821_00007539,captured,apple_pay,62.86,6.29,8.03,4.26,0.0,81.44,2026-08-21T11:37:06Z,2026-08-21T12:24:46Z,USD
pay_1999bd89d5b041a99a5d,o_20260821_00007540,captured,paypal,85.1,0.59,11.86,6.51,12.76,91.3,2026-08-21T13:44:42Z,2026-08-21T14:32:20Z,USD
pay_f9fe345d798944b6903b,o_20260821_00007541,captured,apple_pay,40.68,2.15,5.74,3.67,4.07,48.17,2026-08-21T11:37:12Z,2026-08-21T12:39:13Z,USD
pay_606b959be6c440c58dcc,o_20260821_00007542,captured,card,72.35,2.1,8.85,4.43,0.0,87.73,2026-08-21T12:05:40Z,2026-08-21T13:11:03Z,USD
pay_6d1d087271ab4311a7b8,o_20260821_00007543,captured,card,112.86,4.01,17.47,9.25,0.0,143.59,2026-08-21T08:35:42Z,2026-08-21T09:15:28Z,USD
pay_f472d7924da34d658094,o_20260821_00007544,captured,card,132.33,6.31,18.6,10.66,0.0,167.9,2026-08-21T12:17:44Z,2026-08-21T12:48:36Z,USD
pay_14455efc59044439975c,o_20260821_00007545,voided,card,100.34,3.36,9.2,7.31,10.03,110.18,2026-08-21T19:00:18Z,,USD
pay_666ef3e799e143b5be9f,o_20260821_00007546,captured,apple_pay,13.9,3.83,1.44,1.02,0.0,20.19,2026-08-21T12:32:31Z,2026-08-21T13:36:30Z,USD
pay_ea0eaf5b9a3e4402a1c5,o_20260821_00007547,captured,paypal,66.37,6.48,8.1,5.12,0.0,86.07,2026-08-21T12:01:44Z,2026-08-21T13:03:25Z,USD
pay_0f7e5a845d5e4879ab2a,o_20260821_00007548,captured,paypal,119.19,4.58,10.04,6.84,11.92,128.73,2026-08-21T11:47:30Z,2026-08-21T12:42:40Z,USD
pay_764db08de2ca451ea151,o_20260821_00007549,captured,apple_pay,14.42,0.81,1.53,1.35,0.0,18.11,2026-08-21T12:19:52Z,2026-08-21T13:02:47Z,USD
pay_b8934b615141495f9f1b,o_20260821_00007550,captured,card,20.06,3.04,2.66,1.39,0.0,27.15,2026-08-21T18:55:29Z,2026-08-21T19:39:11Z,USD
pay_725d3fd39c544122b5b8,o_20260821_00007551,captured,card,40.86,5.18,4.82,3.23,6.13,47.96,2026-08-21T20:26:29Z,2026-08-21T21:14:39Z,USD
pay_5c4fada5dbf643429fc7,o_20260821_00007552,captured,apple_pay,62.05,3.86,5.06,5.05,9.31,66.71,2026-08-21T08:52:00Z,2026-08-21T09:33:32Z,USD
pay_ef6cd6e6750247c988cb,o_20260821_00007553,captured,wallet,62.3,5.63,6.56,5.49,0.0,79.98,2026-08-21T20:15:31Z,2026-08-21T21:09:42Z,USD
pay_b5e1a5f1a67a41238d50,o_20260821_00007554,captured,apple_pay,41.47,3.48,3.92,4.05,0.0,52.92,2026-08-21T19:52:56Z,2026-08-21T20:50:42Z,USD
pay_344229b58e4449c3a340,o_20260821_00007555,captured,apple_pay,50.69,2.98,5.89,3.58,0.0,63.14,2026-08-21T12:55:12Z,2026-08-21T13:46:52Z,USD
pay_e6acddadeb6f4e88a346,o_20260821_00007556,captured,card,87.25,1.2,8.11,4.95,8.72,92.79,2026-08-21T08:55:49Z,2026-08-21T09:53:52Z,USD
pay_5649003939ed48359441,o_20260821_00007557,captured,paypal,80.01,1.41,10.96,7.79,0.0,100.17,2026-08-21T19:49:28Z,2026-08-21T20:36:00Z,USD
pay_25bc7bc3a07345488ac0,o_20260821_00007558,captured,wallet,66.54,3.68,8.8,5.57,0.0,84.59,2026-08-21T19:45:38Z,2026-08-21T20:47:25Z,USD
pay_6a6f797a1fdd4ac2b18b,o_20260821_00007559,captured,paypal,89.64,2.19,12.45,7.05,13.45,97.88,2026-08-21T19:03:10Z,2026-08-21T19:40:11Z,USD
pay_1804ee09b34c4e9589c6,o_20260821_00007560,captured,wallet,13.21,5.92,2.02,0.9,0.0,22.05,2026-08-21T08:30:29Z,2026-08-21T09:20:19Z,USD
pay_bb819cfce0004eb8903e,o_20260821_00007561,captured,card,90.97,3.43,13.57,7.68,0.0,115.65,2026-08-21T12:29:16Z,2026-08-21T13:29:21Z,USD
pay_30f889ca06864a24b1b3,o_20260821_00007562,captured,paypal,125.84,1.05,13.6,10.28,0.0,150.77,2026-08-21T19:11:53Z,2026-08-21T19:44:31Z,USD
pay_6881d16cf1354536a752,o_20260821_00007563,captured,paypal,66.91,6.6,10.36,6.44,3.35,86.96,2026-08-21T18:32:45Z,2026-08-21T19:21:34Z,USD
pay_c63c0d40fc2f40efa8e2,o_20260821_00007564,captured,apple_pay,41.63,3.85,4.25,3.13,0.0,52.86,2026-08-21T18:09:53Z,2026-08-21T19:15:25Z,USD
pay_32a571225390428782ac,o_20260821_00007565,captured,paypal,44.1,6.19,6.16,3.19,4.41,55.23,2026-08-21T20:26:24Z,2026-08-21T21:26:56Z,USD
pay_13f34b1e715f475d8770,o_20260821_00007566,captured,card,91.89,2.38,12.22,7.43,0.0,113.92,2026-08-21T11:56:37Z,2026-08-21T12:20:18Z,USD
pay_3206d4f9eb3b45d69d2f,o_20260821_00007567,captured,card,102.6,1.1,9.16,6.66,0.0,119.52,2026-08-21T12:54:39Z,2026-08-21T13:40:29Z,USD
pay_560fa43a80f449e0989e,o_20260821_00007568,captured,wallet,62.57,4.63,9.91,4.4,3.13,78.38,2026-08-21T18:34:43Z,2026-08-21T19:38:12Z,USD
pay_ac89099067984c6fb330,o_20260821_00007569,captured,apple_pay,78.48,6.49,10.61,7.12,7.85,94.85,2026-08-21T19:56:10Z,2026-08-21T20:54:10Z,USD
pay_9333f4dc19db44b3abf4,o_20260821_00007570,captured,card,78.4,1.02,8.81,5.89,11.76,82.36,2026-08-21T11:36:26Z,2026-08-21T12:05:22Z,USD
pay_64c079c55817436daeb7,o_20260821_00007571,captured,apple_pay,30.32,5.69,3.47,2.46,0.0,41.94,2026-08-21T12:00:50Z,2026-08-21T12:32:40Z,USD
pay_2dfb56662eb44fe3afaa,o_20260821_00007572,captured,paypal,41.34,2.02,3.81,4.21,0.0,51.38,2026-08-21T13:09:16Z,2026-08-21T13:47:51Z,USD
pay_f647b4a0bc9141e2a77c,o_20260821_00007573,captured,wallet,65.19,4.98,6.06,4.24,9.78,70.69,2026-08-21T19:47:59Z,2026-08-21T20:18:52Z,USD
pay_275bf086b38e4a398eac,o_20260821_00007574,captured,card,54.84,4.88,8.64,4.9,0.0,73.26,2026-08-21T20:07:42Z,2026-08-21T21:09:34Z,USD
pay_bd6f6b8e9e3a4a27a781,o_20260821_00007575,captured,card,83.21,4.1,9.33,6.47,0.0,103.11,2026-08-21T18:56:33Z,2026-08-21T19:51:06Z,USD
pay_06aed77ac32147ddb385,o_20260821_00007576,captured,wallet,41.1,1.04,5.28,2.69,0.0,50.11,2026-08-21T12:15:58Z,2026-08-21T13:28:57Z,USD
pay_e6d4c2db06af44189ef6,o_20260821_00007577,captured,apple_pay,36.82,3.27,4.39,2.52,5.52,41.48,2026-08-21T11:48:38Z,2026-08-21T12:33:32Z,USD
pay_1665ffecd67845b683a2,o_20260821_00007578,captured,paypal,29.1,3.69,3.5,2.32,0.0,38.61,2026-08-21T13:37:22Z,2026-08-21T14:20:25Z,USD
pay_3e19abddbe354d2da9a0,o_20260821_00007579,captured,apple_pay,20.02,1.0,2.74,1.47,2.0,23.23,2026-08-21T19:37:17Z,2026-08-21T20:20:03Z,USD
pay_a662e91e04684f13b6fd,o_20260821_00007580,captured,apple_pay,137.83,1.31,11.99,9.54,13.78,146.89,2026-08-21T11:30:26Z,2026-08-21T12:08:45Z,USD
pay_788560f78bcb49f28850,o_20260821_00007581,refunded,apple_pay,30.68,4.36,4.87,2.25,0.0,42.16,2026-08-21T19:45:29Z,,USD
pay_981ae595dab747fdace7,o_20260821_00007582,captured,wallet,109.16,2.85,14.94,7.91,0.0,134.86,2026-08-21T11:46:36Z,2026-08-21T12:19:56Z,USD
pay_3c773e33f2384186aca0,o_20260821_00007583,captured,card,30.25,0.81,3.99,2.19,1.51,35.73,2026-08-21T18:16:34Z,2026-08-21T18:47:29Z,USD
pay_6a5f86b7f2804f6685ad,o_20260821_00007584,captured,paypal,39.48,3.62,6.14,3.27,3.95,48.56,2026-08-21T20:45:23Z,2026-08-21T21:21:07Z,USD
pay_9e40075440a64ed2932f,o_20260821_00007585,captured,apple_pay,81.66,1.88,12.32,5.5,12.25,89.11,2026-08-21T18:37:09Z,2026-08-21T19:08:52Z,USD
pay_32b97715e67e42fe93ad,o_20260821_00007586,captured,card,76.74,3.26,12.19,7.21,0.0,99.4,2026-08-21T18:06:15Z,2026-08-21T18:48:00Z,USD
pay_36bc470ece9a4cd3a638,o_20260821_00007587,captured,card,52.75,0.9,8.26,5.03,0.0,66.94,2026-08-21T12:19:00Z,2026-08-21T13:06:02Z,USD
pay_46f1a0a2b7954cc0a5bd,o_20260821_00007588,captured,apple_pay,133.47,2.95,16.44,8.02,13.35,147.53,2026-08-21T11:15:09Z,2026-08-21T12:00:43Z,USD
pay_2c091b0cf64f4b9bb9da,o_20260821_00007589,refunded,card,73.96,1.23,9.3,4.3,11.09,77.7,2026-08-21T18:24:38Z,,USD
pay_468c83f1b8414a16ba3f,o_20260821_00007590,captured,wallet,52.53,5.41,8.32,4.08,0.0,70.34,2026-08-21T19:01:36Z,2026-08-21T19:53:25Z,USD
pay_5a9466b9b6c249588e72,o_20260821_00007591,captured,apple_pay,87.79,1.58,12.23,7.96,0.0,109.56,2026-08-21T19:48:15Z,2026-08-21T20:21:47Z,USD
pay_f6fc284fc1e44694bc93,o_20260821_00007592,captured,wallet,33.09,6.16,4.03,2.22,0.0,45.5,2026-08-21T08:34:37Z,2026-08-21T09:18:17Z,USD
pay_9a38069443bb45cd809d,o_20260821_00007593,captured,wallet,132.15,5.02,10.59,9.76,13.22,144.3,2026-08-21T18:17:52Z,2026-08-21T19:02:43Z,USD
pay_445de6054bf445e6a651,o_20260821_00007594,captured,apple_pay,18.16,1.24,2.54,1.66,0.0,23.6,2026-08-21T19:52:55Z,2026-08-21T20:53:48Z,USD
pay_976b27f2f0db42e58030,o_20260821_00007595,captured,wallet,87.28,2.52,12.65,4.53,13.09,93.89,2026-08-21T11:55:16Z,2026-08-21T12:31:03Z,USD
pay_41ea887dcfa34dd891c9,o_20260821_00007596,captured,wallet,91.64,2.17,11.63,6.33,0.0,111.77,2026-08-21T11:36:48Z,2026-08-21T12:05:45Z,USD
pay_fe042355eec4416ab2d4,o_20260821_00007597,captured,wallet,103.62,1.06,13.3,10.05,0.0,128.03,2026-08-21T18:08:55Z,2026-08-21T18:54:57Z,USD
pay_2b52366545314e52a38c,o_20260821_00007598,captured,paypal,67.86,3.7,6.21,6.01,0.0,83.78,2026-08-21T20:35:15Z,2026-08-21T21:12:04Z,USD
pay_09af9a54e94e4c46800b,o_20260821_00007599,captured,paypal,85.75,3.74,8.33,5.45,4.29,98.98,2026-08-21T19:13:13Z,2026-08-21T19:50:25Z,USD
pay_538fba394383425e9c2c,o_20260821_00007600,captured,paypal,97.9,5.39,14.0,8.31,0.0,125.6,2026-08-21T18:30:06Z,2026-08-21T19:24:05Z,USD
pay_53a7a90938244aa080d1,o_20260821_00007601,captured,apple_pay,78.65,5.48,8.96,6.6,0.0,99.69,2026-08-21T18:43:45Z,2026-08-21T19:42:22Z,USD
pay_1e0c400323704a12b999,o_20260821_00007602,captured,wallet,76.53,1.68,6.45,5.03,0.0,89.69,2026-08-21T19:41:03Z,2026-08-21T20:43:52Z,USD
pay_76d6108ac1df4bd4965d,o_20260821_00007603,captured,paypal,109.65,6.57,13.4,9.31,0.0,138.93,2026-08-21T18:51:30Z,2026-08-21T19:38:18Z,USD
pay_548da879627c471fa8b1,o_20260821_00007604,captured,wallet,18.6,2.91,1.55,1.12,0.93,23.25,2026-08-21T18:28:15Z,2026-08-21T19:08:29Z,USD
pay_87c8e0319d9444a58b13,o_20260821_00007605,captured,paypal,40.6,1.57,5.88,3.61,0.0,51.66,2026-08-21T19:58:26Z,2026-08-21T21:00:02Z,USD
pay_4e0ff65ad8514c2a9a9c,o_20260821_00007606,voided,wallet,39.82,2.78,3.55,2.91,3.98,45.08,2026-08-21T11:05:15Z,,USD
pay_5bba7b5c09b04f2d89ae,o_20260821_00007607,captured,paypal,32.94,3.11,3.72,2.35,3.29,38.83,2026-08-21T11:27:12Z,2026-08-21T12:32:41Z,USD
pay_1e22d63a613c41d6b03c,o_20260821_00007608,captured,wallet,20.92,2.94,2.96,2.06,0.0,28.88,2026-08-21T19:01:12Z,2026-08-21T19:51:56Z,USD
pay_8c1bbd614d8044a78829,o_20260821_00007609,captured,apple_pay,107.5,3.76,12.21,10.64,0.0,134.11,2026-08-21T18:57:18Z,2026-08-21T19:53:00Z,USD
pay_aeb4285b62b4462b8961,o_20260821_00007610,captured,paypal,62.13,3.57,8.8,4.17,9.32,69.35,2026-08-21T19:33:35Z,2026-08-21T20:47:41Z,USD
pay_7ec98d056a6c44a59740,o_20260821_00007611,captured,apple_pay,109.48,2.17,13.61,7.95,10.95,122.26,2026-08-21T08:37:52Z,2026-08-21T09:04:06Z,USD
pay_f112714a21cf45fbb14c,o_20260821_00007612,captured,paypal,49.2,3.11,4.06,4.58,0.0,60.95,2026-08-21T19:52:52Z,2026-08-21T20:35:09Z,USD
pay_fe55c5ab52944bfdb484,o_20260821_00007613,captured,wallet,54.32,1.36,6.89,3.75,0.0,66.32,2026-08-21T19:08:40Z,2026-08-21T19:47:04Z,USD
pay_f6dae548d71745de96a2,o_20260821_00007614,captured,apple_pay,147.8,4.94,13.12,10.27,0.0,176.13,2026-08-21T12:21:40Z,2026-08-21T13:09:22Z,USD
pay_3147fed4963e4c288b34,o_20260821_00007615,captured,card,60.64,5.33,6.77,3.91,3.03,73.62,2026-08-21T18:45:49Z,2026-08-21T19:28:47Z,USD
pay_62fe9584432a4ceaa738,o_20260821_00007616,captured,card,47.82,4.3,4.34,3.84,0.0,60.3,2026-08-21T12:08:14Z,2026-08-21T12:40:17Z,USD
pay_7671cf9cfe0a483abe71,o_20260821_00007617,captured,paypal,72.47,4.52,6.37,6.51,7.25,82.62,2026-08-21T08:57:32Z,2026-08-21T09:37:44Z,USD
pay_f8510f72324d483396e7,o_20260821_00007618,captured,paypal,52.97,6.21,6.61,3.73,0.0,69.52,2026-08-21T13:03:50Z,2026-08-21T14:02:39Z,USD
pay_3de9f85d73ba4b46997d,o_20260821_00007619,captured,paypal,7.05,0.49,0.64,0.57,0.0,8.75,2026-08-21T11:03:33Z,2026-08-21T12:01:03Z,USD
pay_b822ea8a3cbb4aa99da1,o_20260821_00007620,captured,apple_pay,40.3,1.0,5.81,3.07,0.0,50.18,2026-08-21T20:29:03Z,2026-08-21T21:28:48Z,USD
pay_c0354a09f31e41f0adc6,o_20260821_00007621,captured,card,11.79,6.92,1.82,0.82,1.77,19.58,2026-08-21T12:55:22Z,2026-08-21T13:39:03Z,USD
pay_d202f0a4305344dcb164,o_20260821_00007622,captured,wallet,38.98,1.64,3.83,3.37,1.95,45.87,2026-08-21T18:33:32Z,2026-08-21T19:23:19Z,USD
pay_cc8bd724d3214aa5948d,o_20260821_00007623,captured,card,41.7,0.88,4.66,3.26,4.17,46.33,2026-08-21T13:17:08Z,2026-08-21T14:06:34Z,USD
pay_bfc03db93f014a66b5f4,o_20260821_00007624,captured,card,39.9,4.9,3.92,3.28,2.0,50.0,2026-08-21T08:59:05Z,2026-08-21T09:55:38Z,USD
pay_081d2639383f4a83bb0c,o_20260821_00007625,captured,paypal,77.71,4.94,11.78,6.89,0.0,101.32,2026-08-21T19:53:12Z,2026-08-21T20:41:58Z,USD
pay_ea180874829b4791b136,o_20260821_00007626,voided,apple_pay,20.06,2.67,1.93,1.81,0.0,26.47,2026-08-21T19:08:04Z,,USD
pay_ee6d06a6d07b497ab580,o_20260821_00007627,voided,paypal,7.31,2.83,0.96,0.65,0.73,11.02,2026-08-21T18:20:55Z,,USD
pay_7f8f48d398b040a39279,o_20260821_00007628,captured,paypal,35.25,1.74,4.68,2.28,0.0,43.95,2026-08-21T08:02:37Z,2026-08-21T08:49:24Z,USD
pay_2f05bbfae1a042018d65,o_20260821_00007629,captured,wallet,66.83,0.71,8.06,4.15,6.68,73.07,2026-08-21T18:38:31Z,2026-08-21T19:08:53Z,USD
pay_1f0f156396f84075b88a,o_20260821_00007630,captured,apple_pay,67.26,6.89,8.35,4.89,0.0,87.39,2026-08-21T08:15:28Z,2026-08-21T09:15:59Z,USD
pay_d8ae4cf52e2740bab375,o_20260821_00007631,captured,card,100.86,4.51,10.01,6.36,0.0,121.74,2026-08-21T11:27:22Z,2026-08-21T12:37:07Z,USD
pay_eae42049aee143a9b862,o_20260821_00007632,captured,wallet,75.89,4.45,11.43,4.48,3.79,92.46,2026-08-21T20:31:01Z,2026-08-21T21:24:47Z,USD
pay_8541c8d7b02e44c3a52b,o_20260821_00007633,captured,wallet,112.0,6.14,16.13,10.03,11.2,133.1,2026-08-21T19:11:59Z,2026-08-21T19:57:20Z,USD
pay_2886f439c3984afc9471,o_20260821_00007634,captured,apple_pay,111.26,5.73,17.24,6.87,0.0,141.1,2026-08-21T12:23:41Z,2026-08-21T13:07:24Z,USD
pay_ac717f42da314d39b69a,o_20260821_00007635,captured,card,63.99,1.3,6.53,3.51,9.6,65.73,2026-08-21T11:15:36Z,2026-08-21T12:12:36Z,USD
pay_f02214c9e81148ee9857,o_20260821_00007636,captured,paypal,80.01,1.82,6.82,6.73,8.0,87.38,2026-08-21T19:47:12Z,2026-08-21T20:33:23Z,USD
pay_fc8b2dda9ec64e49a8ec,o_20260821_00007637,captured,wallet,28.41,6.22,2.4,2.12,0.0,39.15,2026-08-21T08:30:46Z,2026-08-21T09:17:30Z,USD
pay_e5235814099b4e39b992,o_20260821_00007638,captured,card,11.5,3.88,1.82,1.16,0.0,18.36,2026-08-21T08:37:45Z,2026-08-21T09:31:01Z,USD
pay_432f91bf3c4c4100aa98,o_20260821_00007639,captured,paypal,36.78,3.63,3.66,3.35,0.0,47.42,2026-08-21T08:17:02Z,2026-08-21T09:12:06Z,USD
pay_88c91463e26f4ef69577,o_20260821_00007640,captured,card,69.49,6.86,7.9,4.91,0.0,89.16,2026-08-21T19:55:18Z,2026-08-21T20:47:11Z,USD
pay_b7c45a2b7cd04a788ebe,o_20260821_00007641,captured,paypal,59.52,4.24,6.71,4.12,5.95,68.64,2026-08-21T12:15:55Z,2026-08-21T12:59:47Z,USD
pay_bc247cd186254c478918,o_20260821_00007642,captured,card,57.58,5.49,8.03,4.4,8.64,66.86,2026-08-21T19:22:31Z,2026-08-21T20:07:30Z,USD
pay_0a084b62c3284f888833,o_20260821_00007643,captured,wallet,105.5,3.7,15.79,9.13,0.0,134.12,2026-08-21T13:20:45Z,2026-08-21T14:05:28Z,USD
pay_bd3a1108c4dd4d64a359,o_20260821_00007644,captured,wallet,118.44,2.85,10.13,10.58,5.92,136.08,2026-08-21T11:51:17Z,2026-08-21T12:45:41Z,USD
pay_ffcfabc6624c459da7fd,o_20260821_00007645,captured,paypal,18.16,2.81,1.85,1.66,1.82,22.66,2026-08-21T20:27:40Z,2026-08-21T21:14:38Z,USD
pay_42fe358a775e4510b683,o_20260821_00007646,captured,paypal,71.18,2.51,10.11,5.5,10.68,78.62,2026-08-21T19:36:32Z,2026-08-21T20:55:08Z,USD
pay_8ba3ee358c16446d8313,o_20260821_00007647,captured,paypal,51.79,6.21,4.43,4.37,0.0,66.8,2026-08-21T18:12:34Z,2026-08-21T18:52:58Z,USD
pay_99d91bfb5bcd46ab9817,o_20260821_00007648,captured,card,18.64,4.37,2.2,1.75,0.93,26.03,2026-08-21T08:54:40Z,2026-08-21T09:50:19Z,USD
pay_2b25e01405504ac88c37,o_20260821_00007649,captured,wallet,91.04,6.72,10.35,7.92,0.0,116.03,2026-08-21T08:44:31Z,2026-08-21T09:21:10Z,USD
pay_d74d677a1aba4ae483fd,o_20260821_00007650,captured,wallet,8.43,5.39,1.12,0.53,1.26,14.21,2026-08-21T08:27:47Z,2026-08-21T09:31:59Z,USD
pay_c299a66744b749638d1b,o_20260821_00007651,captured,wallet,90.93,5.81,9.46,5.63,13.64,98.19,2026-08-21T18:42:42Z,2026-08-21T19:32:24Z,USD
pay_24819f52917546cba60e,o_20260821_00007652,captured,wallet,104.18,2.76,14.27,10.44,0.0,131.65,2026-08-21T20:59:46Z,2026-08-21T22:04:30Z,USD
pay_523d3e35372f4b728475,o_20260821_00007653,captured,card,55.56,2.93,8.87,5.29,0.0,72.65,2026-08-21T11:42:34Z,2026-08-21T12:11:23Z,USD
pay_7ef183f50c964cfd8aae,o_20260821_00007654,captured,wallet,99.01,2.89,9.56,5.8,4.95,112.31,2026-08-21T11:41:14Z,2026-08-21T12:45:33Z,USD
pay_d8ca6c763fe04aa9a21b,o_20260821_00007655,captured,paypal,9.51,6.8,1.28,0.79,0.95,17.43,2026-08-21T19:54:41Z,2026-08-21T20:34:26Z,USD
pay_28654bfb54584bb49c47,o_20260821_00007656,captured,wallet,96.34,4.55,11.8,6.94,4.82,114.81,2026-08-21T18:50:57Z,2026-08-21T19:26:27Z,USD
pay_27752b9cba814e7c8e54,o_20260821_00007657,captured,paypal,101.27,6.56,11.64,8.74,5.06,123.15,2026-08-21T19:35:20Z,2026-08-21T20:17:22Z,USD
pay_1504ffe5aee842dfa26e,o_20260821_00007658,captured,apple_pay,96.1,5.23,12.28,7.08,0.0,120.69,2026-08-21T11:44:03Z,2026-08-21T12:53:11Z,USD
pay_d157e9887c45451d8e98,o_20260821_00007659,captured,wallet,64.89,5.42,6.25,3.86,3.24,77.18,2026-08-21T18:11:52Z,2026-08-21T19:11:05Z,USD
pay_18c74cad1f1243f284b6,o_20260821_00007660,voided,card,62.94,4.52,5.88,3.63,6.29,70.68,2026-08-21T20:30:59Z,,USD
pay_64d48f2dedfc496da329,o_20260821_00007661,captured,apple_pay,71.43,0.82,9.36,4.44,7.14,78.91,2026-08-21T19:11:38Z,2026-08-21T20:09:09Z,USD
pay_bfcb9e57e1494f39ac7f,o_20260821_00007662,captured,apple_pay,33.12,3.83,2.9,2.98,3.31,39.52,2026-08-21T18:14:31Z,2026-08-21T18:45:26Z,USD
pay_a7414b5db45149308b91,o_20260821_00007663,refunded,apple_pay,6.61,6.06,1.06,0.46,0.0,14.19,2026-08-21T19:41:42Z,,USD
pay_7695e15d6f504331a54e,o_20260821_00007664,captured,apple_pay,21.75,6.66,2.39,2.17,0.0,32.97,2026-08-21T12:38:13Z,2026-08-21T13:21:46Z,USD
pay_2cd346a86a1347f1abf4,o_20260821_00007665,captured,wallet,64.5,6.47,9.79,5.33,0.0,86.09,2026-08-21T20:01:05Z,2026-08-21T20:47:48Z,USD
pay_51281c6bf81c418a8a90,o_20260821_00007666,captured,wallet,143.42,6.38,19.05,10.36,14.34,164.87,2026-08-21T13:55:29Z,2026-08-21T14:11:55Z,USD
pay_ca89d7e5900b4fd5a6ac,o_20260821_00007667,captured,wallet,130.62,5.69,15.25,9.12,13.06,147.62,2026-08-21T13:04:29Z,2026-08-21T13:45:56Z,USD
pay_2a6f1c2450eb4fd79fee,o_20260821_00007668,captured,card,42.99,5.39,5.97,2.48,2.15,54.68,2026-08-21T19:26:38Z,2026-08-21T20:19:24Z,USD
pay_c0f5d09e858541bfb9f1,o_20260821_00007669,captured,apple_pay,7.29,6.44,0.8,0.47,1.09,13.91,2026-08-21T12:04:32Z,2026-08-21T12:47:19Z,USD
pay_19dc2ba08d1b402caa1f,o_20260821_00007670,captured,paypal,28.32,1.26,3.84,2.39,0.0,35.81,2026-08-21T11:47:26Z,2026-08-21T12:29:21Z,USD
pay_5d3bad0b35994ce7b708,o_20260821_00007671,captured,wallet,49.04,4.81,7.29,4.43,0.0,65.57,2026-08-21T11:39:44Z,2026-08-21T12:01:20Z,USD
pay_f1db5fe843b743648d28,o_20260821_00007672,captured,paypal,36.95,5.16,3.91,3.48,1.85,47.65,2026-08-21T18:28:36Z,2026-08-21T19:12:58Z,USD
pay_27905e2cab904bae9b8b,o_20260821_00007673,captured,paypal,130.87,2.58,17.84,8.21,0.0,159.5,2026-08-21T12:29:29Z,2026-08-21T13:26:10Z,USD
pay_4ae66032063c4d9889bb,o_20260821_00007674,refunded,card,119.36,2.45,16.87,8.72,0.0,147.4,2026-08-21T20:49:21Z,,USD
pay_a3b7463d1ca4481d848e,o_20260821_00007675,captured,card,41.7,0.82,4.93,3.91,0.0,51.36,2026-08-21T12:48:01Z,2026-08-21T13:20:55Z,USD
pay_4f49918291a34e89998a,o_20260821_00007676,refunded,card,42.06,2.63,4.67,2.89,4.21,48.04,2026-08-21T12:58:06Z,,USD
pay_c5a89dc80a1a4357bf99,o_20260821_00007677,captured,apple_pay,68.04,3.42,9.19,4.66,10.21,75.1,2026-08-21T19:43:35Z,2026-08-21T20:44:32Z,USD
pay_e53e221df4e1461e8988,o_20260821_00007678,captured,paypal,96.51,4.26,12.55,8.48,0.0,121.8,2026-08-21T08:37:30Z,2026-08-21T09:21:04Z,USD
pay_32bda1e8655242d4b3f2,o_20260821_00007679,captured,card,75.38,5.66,7.34,5.63,0.0,94.01,2026-08-21T11:59:52Z,2026-08-21T13:03:03Z,USD
pay_e0cdcbd265a84c289606,o_20260821_00007680,refunded,wallet,62.54,5.17,9.75,3.77,0.0,81.23,2026-08-21T20:50:34Z,,USD
pay_ba75c6698708456eaaa5,o_20260821_00007681,captured,apple_pay,40.91,4.2,3.77,3.79,2.05,50.62,2026-08-21T11:42:30Z,2026-08-21T12:28:57Z,USD
pay_37ee4b9d3f55441790a6,o_20260821_00007682,captured,card,46.12,2.4,6.26,2.84,6.92,50.7,2026-08-21T19:20:42Z,2026-08-21T20:21:52Z,USD
pay_96bfb15f2e8a4728b9d1,o_20260821_00007683,captured,paypal,70.26,4.51,9.97,5.87,7.03,83.58,2026-08-21T12:47:21Z,2026-08-21T13:05:55Z,USD
pay_22fad56130664c049a16,o_20260821_00007684,captured,wallet,86.47,4.8,8.54,5.67,0.0,105.48,2026-08-21T12:58:55Z,2026-08-21T13:59:26Z,USD
pay_f61d5f47a1b84234a41f,o_20260821_00007685,captured,wallet,68.58,6.07,10.33,6.88,0.0,91.86,2026-08-21T19:20:58Z,2026-08-21T20:23:26Z,USD
pay_4cd3fee585374c3bb0ea,o_20260821_00007686,captured,apple_pay,30.88,3.81,2.62,1.74,4.63,34.42,2026-08-21T13:36:11Z,2026-08-21T14:17:14Z,USD
pay_a2f4565dfa994e00ab58,o_20260821_00007687,captured,paypal,85.07,2.75,7.09,8.15,0.0,103.06,2026-08-21T19:52:22Z,2026-08-21T20:43:56Z,USD
pay_4270ec73ad2f4ec58dae,o_20260821_00007688,captured,apple_pay,32.94,4.86,5.04,1.96,4.94,39.86,2026-08-21T20:41:59Z,2026-08-21T21:16:46Z,USD
pay_c27e21de2d814336b6ad,o_20260821_00007689,captured,apple_pay,93.76,4.3,11.67,6.18,14.06,101.85,2026-08-21T11:39:15Z,2026-08-21T12:30:14Z,USD
pay_ef98250ab08740d5a166,o_20260821_00007690,captured,paypal,111.42,3.4,15.6,10.15,11.14,129.43,2026-08-21T20:16:25Z,2026-08-21T20:42:56Z,USD
pay_fdd3c48a2f1e41ab82ac,o_20260821_00007691,captured,paypal,21.73,4.56,3.34,2.22,0.0,31.85,2026-08-21T08:34:08Z,2026-08-21T09:03:27Z,USD
pay_ab438664098b493ebf10,o_20260821_00007692,captured,wallet,79.33,4.86,10.14,7.32,7.93,93.72,2026-08-21T18:33:33Z,2026-08-21T18:57:33Z,USD
pay_f408822ae01348eebd35,o_20260821_00007693,captured,paypal,100.55,0.78,11.47,9.63,0.0,122.43,2026-08-21T11:57:49Z,2026-08-21T12:59:18Z,USD
pay_53633abe8c4646c4b546,o_20260821_00007694,captured,wallet,111.18,1.33,16.84,9.39,11.12,127.62,2026-08-21T11:03:51Z,2026-08-21T11:51:30Z,USD
pay_f104b670b99c4b01be60,o_20260821_00007695,captured,wallet,84.77,1.03,7.14,5.07,4.24,93.77,2026-08-21T18:01:43Z,2026-08-21T19:01:48Z,USD
pay_6aa3e3652ddf42ae95e3,o_20260821_00007696,captured,card,57.68,2.24,8.69,3.84,5.77,66.68,2026-08-21T13:34:37Z,2026-08-21T14:20:19Z,USD
pay_22374d6445ab40c5a447,o_20260821_00007697,captured,apple_pay,48.99,5.18,5.95,4.49,0.0,64.61,2026-08-21T18:11:22Z,2026-08-21T18:53:08Z,USD
pay_84ddef25910d4ede8cb7,o_20260821_00007698,captured,apple_pay,72.32,2.43,10.23,5.88,7.23,83.63,2026-08-21T18:08:48Z,2026-08-21T19:07:22Z,USD
pay_1fe0e9fa8e9a4f789ce1,o_20260821_00007699,captured,paypal,41.47,5.09,3.57,2.82,0.0,52.95,2026-08-21T08:53:02Z,2026-08-21T09:16:15Z,USD
pay_93a921e159184b5382f9,o_20260821_00007700,voided,card,26.88,4.24,4.06,2.15,1.34,35.99,2026-08-21T12:07:45Z,,USD
pay_8011f0872b38409fa3a9,o_20260821_00007701,captured,wallet,82.89,0.49,11.81,7.54,0.0,102.73,2026-08-21T19:46:06Z,2026-08-21T20:39:22Z,USD
pay_2678399e38344c48825d,o_20260821_00007702,captured,apple_pay,23.81,5.07,2.12,1.7,1.19,31.51,2026-08-21T12:24:02Z,2026-08-21T13:15:43Z,USD
pay_b57945162ca14a9f841a,o_20260821_00007703,captured,card,44.54,1.11,5.18,2.94,4.45,49.32,2026-08-21T12:56:36Z,2026-08-21T13:27:18Z,USD
pay_ff69e318a273475e8282,o_20260821_00007704,captured,card,12.35,6.09,1.56,0.71,1.85,18.86,2026-08-21T12:08:24Z,2026-08-21T13:05:44Z,USD
pay_3c6459f35c4746fe8438,o_20260821_00007705,captured,paypal,77.96,5.8,9.11,4.66,7.8,89.73,2026-08-21T20:40:49Z,2026-08-21T21:44:28Z,USD
pay_aea989fa5caa447fa4ff,o_20260821_00007706,captured,paypal,62.01,0.62,6.33,6.07,0.0,75.03,2026-08-21T11:27:51Z,2026-08-21T12:20:20Z,USD
pay_5cb227ebe7244d418a5c,o_20260821_00007707,captured,wallet,36.82,3.31,5.23,3.31,1.84,46.83,2026-08-21T20:01:45Z,2026-08-21T20:34:15Z,USD
pay_1a11f328023a4f3a8778,o_20260821_00007708,captured,wallet,71.25,4.44,7.08,6.8,0.0,89.57,2026-08-21T08:57:05Z,2026-08-21T09:41:10Z,USD
pay_169d8cad7ff844858d80,o_20260821_00007709,voided,card,47.62,3.17,7.05,4.0,0.0,61.84,2026-08-21T13:07:49Z,,USD
pay_612d0ad1e0364e548cf1,o_20260821_00007710,captured,apple_pay,149.28,6.44,20.24,12.1,7.46,180.6,2026-08-21T18:43:13Z,2026-08-21T19:23:11Z,USD
pay_76aa0966043a41f8a1fc,o_20260821_00007711,captured,card,59.13,0.58,6.51,3.74,2.96,67.0,2026-08-21T19:04:11Z,2026-08-21T20:03:57Z,USD
pay_ae1ccd76b7f44f30a932,o_20260821_00007712,refunded,paypal,102.21,4.27,9.62,8.69,10.22,114.57,2026-08-21T19:23:03Z,,USD
pay_2935f6cfaeb349448b6c,o_20260821_00007713,captured,paypal,79.7,3.06,10.49,7.89,0.0,101.14,2026-08-21T12:54:39Z,2026-08-21T13:57:15Z,USD
pay_3fe802ed96ce41a89c9c,o_20260821_00007714,captured,paypal,110.44,6.05,16.67,10.89,0.0,144.05,2026-08-21T12:51:00Z,2026-08-21T13:37:46Z,USD
pay_62f714b9c7e3471faf7a,o_20260821_00007715,captured,card,150.51,0.74,12.95,12.62,15.05,161.77,2026-08-21T11:06:46Z,2026-08-21T11:52:28Z,USD
pay_bed98699416d4114a40d,o_20260821_00007716,captured,wallet,66.08,0.76,8.72,6.59,0.0,82.15,2026-08-21T13:26:18Z,2026-08-21T14:20:31Z,USD
pay_43f89800ede347398535,o_20260821_00007717,captured,paypal,69.5,1.35,9.23,6.0,6.95,79.13,2026-08-21T11:10:45Z,2026-08-21T12:20:19Z,USD
pay_54043aae342a4d98a9a1,o_20260821_00007718,captured,wallet,27.87,6.82,3.05,1.71,4.18,35.27,2026-08-21T13:03:28Z,2026-08-21T13:38:59Z,USD
pay_863a7c78abd443039ebd,o_20260821_00007719,captured,paypal,105.27,1.0,12.09,8.22,0.0,126.58,2026-08-21T18:08:33Z,2026-08-21T18:29:17Z,USD
pay_7477a499769e409f8733,o_20260821_00007720,captured,wallet,110.34,3.9,16.52,7.02,16.55,121.23,2026-08-21T11:22:59Z,2026-08-21T11:56:40Z,USD
pay_c0770db7d6734d01b4e8,o_20260821_00007721,captured,card,19.4,2.58,2.38,1.59,0.97,24.98,2026-08-21T20:31:59Z,2026-08-21T21:08:40Z,USD
pay_f39b21097be34a5c800e,o_20260821_00007722,captured,apple_pay,102.26,5.41,8.49,7.49,0.0,123.65,2026-08-21T13:53:29Z,2026-08-21T14:30:17Z,USD
pay_9819a86bfc584ec68a51,o_20260821_00007723,captured,paypal,47.67,0.8,4.0,3.37,7.15,48.69,2026-08-21T20:35:38Z,2026-08-21T21:16:08Z,USD
pay_2280665def6d4f769b7e,o_20260821_00007724,captured,apple_pay,102.54,3.06,10.39,5.55,10.25,111.29,2026-08-21T08:59:07Z,2026-08-21T09:28:45Z,USD
pay_7566d141420a47c29259,o_20260821_00007725,captured,card,49.68,6.64,5.34,3.83,0.0,65.49,2026-08-21T20:41:58Z,2026-08-21T21:15:31Z,USD
pay_09db5a4dc22443bc87ce,o_20260821_00007726,captured,wallet,152.2,2.82,16.35,14.43,7.61,178.19,2026-08-21T20:57:22Z,2026-08-21T21:38:40Z,USD
pay_b92a1e19bf7c4efa9555,o_20260821_00007727,captured,paypal,18.41,5.34,2.85,1.23,2.76,25.07,2026-08-21T18:30:08Z,2026-08-21T18:57:13Z,USD
pay_e4d8359a2472461491af,o_20260821_00007728,captured,card,67.06,5.68,9.22,3.68,6.71,78.93,2026-08-21T19:23:28Z,2026-08-21T19:50:17Z,USD
pay_ea61811ca15746e7bc9d,o_20260821_00007729,captured,apple_pay,115.12,1.92,13.43,9.27,11.51,128.23,2026-08-21T12:32:58Z,2026-08-21T13:37:44Z,USD
pay_cad520d49e9141b68fb1,o_20260821_00007730,captured,paypal,101.69,4.6,13.84,6.31,0.0,126.44,2026-08-21T11:51:19Z,2026-08-21T12:45:08Z,USD
pay_2cde042dc9af448d884e,o_20260821_00007731,captured,apple_pay,47.88,5.47,6.35,3.2,4.79,58.11,2026-08-21T18:55:33Z,2026-08-21T20:17:25Z,USD
pay_3c94e840235e46cea838,o_20260821_00007732,voided,paypal,14.2,4.7,2.04,1.09,1.42,20.61,2026-08-21T19:47:54Z,,USD
pay_e5f3d74b6acd4c559950,o_20260821_00007733,captured,card,36.21,0.65,4.17,3.21,0.0,44.24,2026-08-21T20:45:41Z,2026-08-21T22:04:12Z,USD
pay_3882cf8d466d44ef95a6,o_20260821_00007734,voided,card,66.56,1.5,8.23,6.44,0.0,82.73,2026-08-21T12:37:27Z,,USD
pay_215724fa69fe43bf8f98,o_20260821_00007735,voided,apple_pay,36.78,3.8,4.94,2.45,3.68,44.29,2026-08-21T13:57:13Z,,USD
pay_27f0e4f082e2469dbd19,o_20260821_00007736,voided,wallet,53.72,0.49,4.82,4.99,2.69,61.33,2026-08-21T11:07:38Z,,USD
pay_a03a6885a1194391b77f,o_20260821_00007737,captured,paypal,49.41,4.05,7.01,3.11,7.41,56.17,2026-08-21T11:57:38Z,2026-08-21T12:32:33Z,USD
pay_dbc1badeb15047449c0b,o_20260821_00007738,captured,card,64.41,6.87,9.76,4.21,9.66,75.59,2026-08-21T18:15:31Z,2026-08-21T19:01:07Z,USD
pay_c01a009a463a4352a353,o_20260821_00007739,captured,card,126.5,6.38,12.19,8.92,0.0,153.99,2026-08-21T13:39:47Z,2026-08-21T14:22:20Z,USD
pay_6f5d321486334b8f9a7a,o_20260821_00007740,captured,apple_pay,58.48,6.09,8.43,5.54,2.92,75.62,2026-08-21T12:49:28Z,2026-08-21T13:41:26Z,USD
pay_7585dc02dc8f4f07bb72,o_20260821_00007741,captured,apple_pay,82.5,5.49,8.97,5.34,12.38,89.92,2026-08-21T19:04:44Z,2026-08-21T19:56:24Z,USD
pay_2d26994f3e3b46a4b217,o_20260821_00007742,captured,wallet,87.48,5.11,10.07,5.66,0.0,108.32,2026-08-21T12:27:35Z,2026-08-21T13:26:17Z,USD
pay_1b7d5b4f251945958284,o_20260821_00007743,captured,wallet,47.14,2.36,6.84,3.25,0.0,59.59,2026-08-21T08:23:15Z,2026-08-21T09:19:54Z,USD
pay_c0cb83d73e894567838a,o_20260821_00007744,captured,wallet,35.7,6.68,5.33,2.14,5.36,44.49,2026-08-21T18:48:22Z,2026-08-21T19:34:18Z,USD
pay_78c788842a0e4fcc9f39,o_20260821_00007745,captured,card,18.58,2.01,2.41,1.87,0.0,24.87,2026-08-21T08:25:21Z,2026-08-21T08:59:51Z,USD
pay_e6b5b38c12544d588217,o_20260821_00007746,captured,wallet,76.29,0.62,10.93,6.85,0.0,94.69,2026-08-21T19:41:39Z,2026-08-21T20:38:27Z,USD
pay_4654a81d10864344b217,o_20260821_00007747,captured,card,38.82,3.3,4.41,3.33,0.0,49.86,2026-08-21T12:02:59Z,2026-08-21T13:02:07Z,USD
pay_846566e3442e4287bd9f,o_20260821_00007748,captured,paypal,92.4,4.59,13.48,5.83,0.0,116.3,2026-08-21T12:11:06Z,2026-08-21T13:10:14Z,USD
pay_5d719cbb03f440db83d9,o_20260821_00007749,captured,apple_pay,78.63,0.98,6.43,5.88,7.86,84.06,2026-08-21T11:22:12Z,2026-08-21T12:08:18Z,USD
pay_63538c3cbe9745d3a58f,o_20260821_00007750,captured,card,75.33,5.76,8.49,5.41,7.53,87.46,2026-08-21T20:55:25Z,2026-08-21T21:12:40Z,USD
pay_f4cfca4cc2104179b85b,o_20260821_00007751,captured,apple_pay,60.24,2.13,6.25,4.32,0.0,72.94,2026-08-21T12:12:41Z,2026-08-21T12:58:53Z,USD
pay_7372deef539d4f5b9723,o_20260821_00007752,captured,card,10.85,2.61,1.72,0.67,0.0,15.85,2026-08-21T08:25:07Z,2026-08-21T09:31:40Z,USD
pay_7aeda43394dc4013bd3d,o_20260821_00007753,captured,apple_pay,20.45,3.21,2.4,1.81,0.0,27.87,2026-08-21T20:32:12Z,2026-08-21T21:15:50Z,USD
pay_d5914a52650b4285a785,o_20260821_00007754,captured,paypal,48.86,1.77,5.35,2.84,7.33,51.49,2026-08-21T20:47:35Z,2026-08-21T21:17:11Z,USD
pay_5a9bbce307c94f2ab0b5,o_20260821_00007755,captured,card,34.32,3.18,3.37,1.76,5.15,37.48,2026-08-21T12:22:12Z,2026-08-21T13:13:03Z,USD
pay_b05968d2369448b3b51b,o_20260821_00007756,captured,card,89.15,2.21,7.32,8.89,0.0,107.57,2026-08-21T12:37:58Z,2026-08-21T13:39:34Z,USD
pay_970f4d336cb84e978431,o_20260821_00007757,captured,card,83.31,5.93,13.32,7.07,0.0,109.63,2026-08-21T13:30:23Z,2026-08-21T14:25:08Z,USD
pay_e7d398e874fb4593bc6b,o_20260821_00007758,captured,wallet,33.46,3.14,4.47,2.17,0.0,43.24,2026-08-21T12:58:52Z,2026-08-21T13:24:28Z,USD
pay_3b5a9b35c63d46b3ad3b,o_20260821_00007759,captured,paypal,71.46,6.36,6.44,4.24,10.72,77.78,2026-08-21T18:55:27Z,2026-08-21T19:54:04Z,USD
pay_8bacc17ff2344739844f,o_20260821_00007760,captured,card,152.25,2.61,16.79,10.99,0.0,182.64,2026-08-21T13:07:17Z,2026-08-21T13:48:15Z,USD
pay_09d376751b85461c82f4,o_20260821_00007761,captured,paypal,101.28,6.39,11.89,7.91,10.13,117.34,2026-08-21T18:13:34Z,2026-08-21T18:54:26Z,USD
pay_73276da84eda4ae69b52,o_20260821_00007762,captured,apple_pay,14.16,1.82,1.18,0.97,0.0,18.13,2026-08-21T11:50:00Z,2026-08-21T12:35:28Z,USD
pay_183bb1821bfc4acbacf1,o_20260821_00007763,refunded,card,19.95,3.06,1.76,1.34,1.0,25.11,2026-08-21T08:20:26Z,,USD
pay_9337b19a6fc545d9bdf0,o_20260821_00007764,captured,wallet,87.75,5.68,13.93,7.65,4.39,110.62,2026-08-21T11:21:42Z,2026-08-21T12:13:13Z,USD
pay_d275b0b92a954ee4a797,o_20260821_00007765,captured,apple_pay,21.7,4.83,3.2,1.24,2.17,28.8,2026-08-21T12:25:37Z,2026-08-21T13:20:28Z,USD
pay_0d58083b594e4169ac8e,o_20260821_00007766,captured,apple_pay,7.34,5.21,1.0,0.62,0.73,13.44,2026-08-21T19:20:27Z,2026-08-21T20:24:55Z,USD
pay_e51cf858b36c4ca99f3b,o_20260821_00007767,captured,wallet,55.8,6.08,8.85,3.25,5.58,68.4,2026-08-21T13:07:33Z,2026-08-21T13:48:43Z,USD
pay_240e0037960248209618,o_20260821_00007768,captured,apple_pay,21.32,6.75,3.21,1.37,3.2,29.45,2026-08-21T11:33:31Z,2026-08-21T11:59:06Z,USD
pay_1210d21e75c840b9a389,o_20260821_00007769,captured,wallet,85.56,3.29,9.03,6.05,0.0,103.93,2026-08-21T12:09:11Z,2026-08-21T12:38:31Z,USD
pay_8c92f66e3f24481cbb5f,o_20260821_00007770,captured,wallet,32.8,5.62,3.68,2.46,0.0,44.56,2026-08-21T11:39:06Z,2026-08-21T12:38:08Z,USD
pay_08e84b7e0dd04ccaaf87,o_20260821_00007771,captured,wallet,106.46,4.78,13.06,6.1,5.32,125.08,2026-08-21T13:48:45Z,2026-08-21T15:00:46Z,USD
pay_d35cef65e5be432cb53c,o_20260821_00007772,captured,paypal,14.62,3.61,1.17,1.3,0.0,20.7,2026-08-21T18:59:07Z,2026-08-21T19:40:44Z,USD
pay_f5d98a89085740938be5,o_20260821_00007773,captured,wallet,42.4,3.31,6.71,3.72,2.12,54.02,2026-08-21T12:32:01Z,2026-08-21T13:04:36Z,USD
pay_a29a455dbda1418995dd,o_20260821_00007774,captured,paypal,17.84,2.92,2.34,1.55,2.68,21.97,2026-08-21T13:01:24Z,2026-08-21T13:31:05Z,USD
pay_9ec371cf31c248108b7d,o_20260821_00007775,captured,apple_pay,115.53,5.73,17.29,7.32,11.55,134.32,2026-08-21T12:54:42Z,2026-08-21T14:01:47Z,USD
pay_31fe6a1944d144c387ee,o_20260821_00007776,captured,wallet,109.9,5.72,10.48,9.06,16.48,118.68,2026-08-21T18:51:13Z,2026-08-21T19:33:42Z,USD
pay_f4ebaa6697824b938c37,o_20260821_00007777,captured,apple_pay,13.44,5.43,1.33,0.76,1.34,19.62,2026-08-21T11:54:49Z,2026-08-21T12:35:17Z,USD
pay_5c006b6d11d641f7b37d,o_20260821_00007778,captured,wallet,8.84,1.57,0.8,0.88,0.0,12.09,2026-08-21T18:49:32Z,2026-08-21T19:46:13Z,USD
pay_15fba1a498334659a094,o_20260821_00007779,captured,wallet,13.9,1.62,1.49,1.12,1.39,16.74,2026-08-21T13:02:22Z,2026-08-21T13:38:38Z,USD
pay_a6af5041d95b4749aa3a,o_20260821_00007780,captured,wallet,70.86,5.79,8.33,5.04,0.0,90.02,2026-08-21T12:08:43Z,2026-08-21T13:14:12Z,USD
pay_6ca386bae0734a4ebab5,o_20260821_00007781,captured,card,85.32,3.78,12.61,6.17,8.53,99.35,2026-08-21T18:11:00Z,2026-08-21T18:38:39Z,USD
pay_32586e6ce42841fa9ecc,o_20260821_00007782,captured,wallet,25.29,1.04,2.46,2.08,0.0,30.87,2026-08-21T19:46:49Z,2026-08-21T20:12:10Z,USD
pay_648d76ee119c457aa221,o_20260821_00007783,captured,card,71.13,1.49,8.48,6.28,3.56,83.82,2026-08-21T08:26:09Z,2026-08-21T09:30:20Z,USD
pay_235263d3d60144f288d5,o_20260821_00007784,captured,apple_pay,60.59,3.4,5.46,5.13,0.0,74.58,2026-08-21T11:45:36Z,2026-08-21T12:31:28Z,USD
pay_d2db4c8af8d541a184b0,o_20260821_00007785,captured,paypal,43.69,0.95,4.54,3.33,6.55,45.96,2026-08-21T12:20:44Z,2026-08-21T12:46:58Z,USD
pay_3d6044dc9acd4660962b,o_20260821_00007786,captured,apple_pay,23.9,3.54,2.74,2.21,0.0,32.39,2026-08-21T18:18:10Z,2026-08-21T18:40:45Z,USD
pay_321f6219845d48e29eb1,o_20260821_00007787,captured,wallet,9.29,1.34,1.11,0.68,1.39,11.03,2026-08-21T20:00:52Z,2026-08-21T20:56:00Z,USD
pay_47c46e0a7fa54ad19af4,o_20260821_00007788,captured,card,42.09,1.15,5.42,4.08,2.1,50.64,2026-08-21T18:09:22Z,2026-08-21T18:56:05Z,USD
pay_e290be1fb6b74c018685,o_20260821_00007789,captured,paypal,62.71,5.06,9.62,3.65,3.14,77.9,2026-08-21T19:24:57Z,2026-08-21T20:19:30Z,USD
pay_9584cabca24c403c98e6,o_20260821_00007790,captured,apple_pay,43.21,5.37,5.38,3.24,0.0,57.2,2026-08-21T11:47:17Z,2026-08-21T12:32:50Z,USD
pay_040953abb43f4d9db975,o_20260821_00007791,captured,wallet,100.9,5.95,14.27,8.07,10.09,119.1,2026-08-21T08:18:09Z,2026-08-21T09:09:01Z,USD
pay_63e83caacfc34dbd9ee3,o_20260821_00007792,captured,paypal,31.72,3.88,3.86,2.74,3.17,39.03,2026-08-21T13:13:02Z,2026-08-21T13:57:32Z,USD
pay_1c2f7d9c42e8438bb80c,o_20260821_00007793,captured,paypal,58.1,2.39,9.17,4.35,2.9,71.11,2026-08-21T13:56:36Z,2026-08-21T14:25:27Z,USD
pay_396607cdd63349da839e,o_20260821_00007794,captured,wallet,42.6,5.23,4.38,4.18,0.0,56.39,2026-08-21T18:49:46Z,2026-08-21T19:30:56Z,USD
pay_9ef8d050ffb2420b94f4,o_20260821_00007795,captured,card,85.57,2.35,10.36,5.48,12.84,90.92,2026-08-21T12:06:47Z,2026-08-21T12:26:13Z,USD
pay_bdc3d391eb924a338e3f,o_20260821_00007796,captured,card,59.65,1.03,5.68,5.45,2.98,68.83,2026-08-21T13:01:15Z,2026-08-21T13:24:59Z,USD
pay_e0ff7eb3f15b4bee8cde,o_20260821_00007797,captured,wallet,77.54,3.14,8.51,4.85,7.75,86.29,2026-08-21T12:42:18Z,2026-08-21T13:21:51Z,USD
pay_a249e0c7f62d45d9a056,o_20260821_00007798,refunded,card,51.58,2.21,7.75,3.9,0.0,65.44,2026-08-21T19:07:30Z,,USD
pay_3c50322e234f42f0a6d2,o_20260821_00007799,captured,paypal,43.87,5.96,6.75,3.61,2.19,58.0,2026-08-21T13:58:13Z,2026-08-21T14:52:07Z,USD
pay_17f7545168a14265a4ed,o_20260821_00007800,captured,wallet,37.05,5.71,3.58,2.36,1.85,46.85,2026-08-21T19:00:29Z,2026-08-21T19:38:04Z,USD
pay_c38e6192912b4c2aa32b,o_20260821_00007801,captured,paypal,38.81,6.02,3.18,3.07,0.0,51.08,2026-08-21T11:02:05Z,2026-08-21T11:46:04Z,USD
pay_48abe59fc3a142818d2b,o_20260821_00007802,captured,wallet,50.81,3.94,8.04,4.23,0.0,67.02,2026-08-21T19:59:50Z,2026-08-21T20:38:26Z,USD
pay_9c0cefb1ca8c44c0a356,o_20260821_00007803,captured,wallet,30.7,4.81,2.82,3.09,0.0,41.42,2026-08-21T13:17:27Z,2026-08-21T13:52:48Z,USD
pay_0cde1afd34ce494fbfdc,o_20260821_00007804,captured,paypal,36.78,2.89,5.81,2.06,5.52,42.02,2026-08-21T11:37:55Z,2026-08-21T12:00:53Z,USD
pay_34f7090cca234dcf856e,o_20260821_00007805,captured,apple_pay,71.23,3.51,10.81,4.67,7.12,83.1,2026-08-21T19:59:48Z,2026-08-21T20:48:39Z,USD
pay_a048c085277f43b8835c,o_20260821_00007806,captured,card,89.6,4.4,14.04,5.6,0.0,113.64,2026-08-21T13:54:57Z,2026-08-21T14:36:03Z,USD
pay_4acc8534304148738be0,o_20260821_00007807,captured,apple_pay,16.16,4.15,2.11,1.28,0.0,23.7,2026-08-21T08:44:40Z,2026-08-21T09:13:28Z,USD
pay_123d40299c974ffe89ab,o_20260821_00007808,refunded,paypal,31.5,2.59,3.97,2.74,1.58,39.22,2026-08-21T12:48:08Z,,USD
pay_ab69166ac9fc430eab1d,o_20260821_00007809,captured,wallet,41.7,6.72,5.95,3.61,2.09,55.89,2026-08-21T13:09:44Z,2026-08-21T13:40:52Z,USD
pay_491f55f94dbf4702bb64,o_20260821_00007810,captured,wallet,57.63,1.36,6.19,4.52,5.76,63.94,2026-08-21T12:46:30Z,2026-08-21T13:27:10Z,USD
pay_d78d518b8dc645b2b6ab,o_20260821_00007811,captured,card,32.8,2.7,4.07,2.52,4.92,37.17,2026-08-21T11:35:46Z,2026-08-21T12:18:34Z,USD
pay_da3a144ca82a42c58cbd,o_20260821_00007812,captured,card,119.59,1.54,19.08,8.28,0.0,148.49,2026-08-21T13:51:31Z,2026-08-21T14:50:28Z,USD
pay_10a7c147d21542e7a0a4,o_20260821_00007813,captured,apple_pay,193.53,0.67,25.91,19.4,0.0,239.51,2026-08-21T19:00:13Z,2026-08-21T19:57:47Z,USD
pay_af279571235c49dab366,o_20260821_00007814,captured,paypal,72.56,1.69,10.92,5.62,3.63,87.16,2026-08-21T12:49:45Z,2026-08-21T13:11:44Z,USD
pay_9c868ccc29c84f69ab41,o_20260821_00007815,captured,apple_pay,59.03,3.31,5.2,3.76,5.9,65.4,2026-08-21T19:42:18Z,2026-08-21T20:27:02Z,USD
pay_1a5cd42cc539481fa609,o_20260821_00007816,captured,card,34.66,6.54,5.41,3.04,1.73,47.92,2026-08-21T13:23:52Z,2026-08-21T14:16:10Z,USD
pay_f9d2f07a11514537a92b,o_20260821_00007817,captured,wallet,103.2,4.21,16.5,7.55,0.0,131.46,2026-08-21T11:09:08Z,2026-08-21T11:40:21Z,USD
pay_f0acd84f3c574570b935,o_20260821_00007818,captured,card,26.42,2.48,2.78,1.53,2.64,30.57,2026-08-21T12:36:18Z,2026-08-21T13:26:03Z,USD
pay_2a3b385f4ac74fa4a316,o_20260821_00007819,captured,wallet,70.82,2.36,7.3,5.75,0.0,86.23,2026-08-21T18:43:51Z,2026-08-21T19:21:26Z,USD
pay_993df8828c364c9f85ce,o_20260821_00007820,captured,paypal,111.54,5.57,10.2,8.7,0.0,136.01,2026-08-21T11:29:41Z,2026-08-21T12:05:45Z,USD
pay_3375af350a3f4ad2a5c1,o_20260821_00007821,captured,card,147.86,1.74,15.3,8.19,14.79,158.3,2026-08-21T19:30:06Z,2026-08-21T20:06:33Z,USD
pay_043400feca13427dafc8,o_20260821_00007822,captured,card,64.55,5.05,7.66,5.29,9.68,72.87,2026-08-21T11:43:41Z,2026-08-21T12:15:39Z,USD
pay_1ab1f8f879e44cd1a2d2,o_20260821_00007823,refunded,apple_pay,96.54,4.68,13.52,9.16,0.0,123.9,2026-08-21T08:13:18Z,,USD
pay_5060294b907f4166847f,o_20260821_00007824,captured,card,90.92,3.8,10.81,5.58,0.0,111.11,2026-08-21T19:52:54Z,2026-08-21T20:52:35Z,USD
pay_58927a6871a54a7ca532,o_20260821_00007825,captured,apple_pay,74.37,2.4,11.02,4.14,11.16,80.77,2026-08-21T08:53:54Z,2026-08-21T09:54:20Z,USD
pay_cabab25d5e144824b9c4,o_20260821_00007826,captured,card,43.21,0.89,6.73,3.24,6.48,47.59,2026-08-21T08:40:53Z,2026-08-21T09:42:09Z,USD
pay_82eb06eb74a14853b81c,o_20260821_00007827,captured,card,7.73,6.33,0.62,0.62,0.0,15.3,2026-08-21T19:41:33Z,2026-08-21T20:33:16Z,USD
pay_fe3f44f23dd348fa928e,o_20260821_00007828,captured,apple_pay,132.71,5.62,19.9,8.71,19.91,147.03,2026-08-21T18:19:49Z,2026-08-21T19:08:38Z,USD
pay_6817354ae07246729d9b,o_20260821_00007829,captured,card,14.93,0.83,1.32,1.32,0.75,17.65,2026-08-21T19:09:24Z,2026-08-21T19:36:44Z,USD
pay_c30d47ae10564172be40,o_20260821_00007830,captured,wallet,49.25,6.53,5.2,4.87,0.0,65.85,2026-08-21T19:30:15Z,2026-08-21T20:10:27Z,USD
pay_66ffeafbfb0748529911,o_20260821_00007831,captured,wallet,47.25,6.02,5.57,4.33,2.36,60.81,2026-08-21T18:23:40Z,2026-08-21T18:53:16Z,USD
pay_31c254ca69e44cd7b2d9,o_20260821_00007832,refunded,wallet,25.8,6.25,3.66,2.11,3.87,33.95,2026-08-21T12:50:09Z,,USD
pay_2a9748516ef74549a58a,o_20260821_00007833,captured,paypal,117.26,1.03,18.06,8.86,11.73,133.48,2026-08-21T08:05:46Z,2026-08-21T08:52:18Z,USD
pay_0c156651bcd54895a3fa,o_20260821_00007834,captured,paypal,56.58,1.2,6.41,4.42,5.66,62.95,2026-08-21T19:27:49Z,2026-08-21T19:58:06Z,USD
pay_c3230165a3ad40d28a1a,o_20260821_00007835,captured,card,54.32,6.35,4.65,4.92,0.0,70.24,2026-08-21T20:47:50Z,2026-08-21T21:30:41Z,USD
pay_686c1c714ee248bea008,o_20260821_00007836,captured,card,78.88,4.58,6.65,5.13,11.83,83.41,2026-08-21T12:55:35Z,2026-08-21T13:47:23Z,USD
pay_50ccc68bc2994d2bb00a,o_20260821_00007837,captured,wallet,66.25,2.58,6.75,4.14,0.0,79.72,2026-08-21T19:25:07Z,2026-08-21T20:06:34Z,USD
pay_4820dbccbfb64593bc8c,o_20260821_00007838,voided,paypal,70.5,2.68,6.5,6.08,7.05,78.71,2026-08-21T18:47:58Z,,USD
pay_de0ccae4f5b04e4fbd30,o_20260821_00007839,captured,wallet,116.94,1.94,17.97,7.17,17.54,126.48,2026-08-21T19:06:54Z,2026-08-21T19:58:41Z,USD
pay_bcb58bea2e2043f3b246,o_20260821_00007840,captured,paypal,56.37,5.19,7.22,4.73,5.64,67.87,2026-08-21T20:15:36Z,2026-08-21T21:10:07Z,USD
pay_da1ae05abff34b38bd5f,o_20260821_00007841,captured,card,44.21,6.89,4.45,2.77,2.21,56.11,2026-08-21T18:44:42Z,2026-08-21T19:11:31Z,USD
pay_89f636e63ec843248db2,o_20260821_00007842,captured,apple_pay,69.64,6.54,7.64,6.48,0.0,90.3,2026-08-21T20:57:40Z,2026-08-21T21:46:11Z,USD
pay_b069e00638eb45ac9515,o_20260821_00007843,captured,paypal,54.54,6.09,7.43,3.21,8.18,63.09,2026-08-21T12:45:02Z,2026-08-21T13:41:00Z,USD
pay_d9fbda1eec29485aab35,o_20260821_00007844,refunded,apple_pay,82.95,2.59,10.26,5.14,8.29,92.65,2026-08-21T18:59:58Z,,USD
pay_c7b8ea344078444bb2b3,o_20260821_00007845,captured,paypal,65.34,5.4,9.52,5.39,0.0,85.65,2026-08-21T18:23:50Z,2026-08-21T19:12:20Z,USD
pay_6c17334a842d4b4595a5,o_20260821_00007846,captured,paypal,21.16,6.69,1.93,1.28,2.12,28.94,2026-08-21T20:30:26Z,2026-08-21T21:19:04Z,USD
pay_7a63a572b582437fa74c,o_20260821_00007847,captured,apple_pay,120.35,4.27,10.08,7.23,0.0,141.93,2026-08-21T18:58:22Z,2026-08-21T19:50:29Z,USD
pay_ed5e4481dc664681940d,o_20260821_00007848,captured,paypal,87.25,5.96,7.09,7.95,4.36,103.89,2026-08-21T12:59:43Z,2026-08-21T13:54:26Z,USD
pay_c518c36608fd49ada68e,o_20260821_00007849,captured,card,22.41,5.56,2.54,2.24,0.0,32.75,2026-08-21T19:47:43Z,2026-08-21T20:21:08Z,USD
pay_342182babf724b228ec8,o_20260821_00007850,captured,apple_pay,20.43,5.01,2.56,1.82,2.04,27.78,2026-08-21T08:02:24Z,2026-08-21T08:44:12Z,USD
pay_19f9683a955f479cb99a,o_20260821_00007851,captured,wallet,7.25,1.11,1.14,0.46,0.73,9.23,2026-08-21T18:32:48Z,2026-08-21T19:20:23Z,USD
pay_41a662ae82734602ac28,o_20260821_00007852,captured,paypal,67.03,4.51,7.76,4.84,3.35,80.79,2026-08-21T18:11:30Z,2026-08-21T18:48:08Z,USD
pay_ae68d6b397c042e2b997,o_20260821_00007853,captured,wallet,26.31,4.85,2.61,1.76,0.0,35.53,2026-08-21T13:05:53Z,2026-08-21T13:43:41Z,USD
pay_4ac2b73b1d7a469197a2,o_20260821_00007854,captured,wallet,85.56,4.31,9.7,5.15,0.0,104.72,2026-08-21T13:52:05Z,2026-08-21T14:40:16Z,USD
pay_4c478a106d624c619384,o_20260821_00007855,captured,paypal,91.36,1.33,12.3,6.84,9.14,102.69,2026-08-21T19:19:45Z,2026-08-21T19:58:09Z,USD
pay_4c8298f952fd4fc08c96,o_20260821_00007856,captured,apple_pay,53.37,1.79,4.76,4.29,0.0,64.21,2026-08-21T11:14:55Z,2026-08-21T11:51:34Z,USD
pay_4808c711dbe54c869cf5,o_20260821_00007857,captured,card,26.64,5.15,3.54,2.14,1.33,36.14,2026-08-21T13:00:48Z,2026-08-21T13:29:29Z,USD
pay_eac6264a9cf64c7989c2,o_20260821_00007858,refunded,card,39.65,5.7,4.83,4.02,0.0,54.2,2026-08-21T11:21:15Z,,USD
pay_ae92ebbc2c4e4339b928,o_20260821_00007859,captured,paypal,76.97,2.7,9.9,5.32,0.0,94.89,2026-08-21T18:44:03Z,2026-08-21T19:30:42Z,USD
pay_8ea9ba09267243deafed,o_20260821_00007860,captured,wallet,78.27,4.42,8.3,6.37,7.83,89.53,2026-08-21T18:31:40Z,2026-08-21T19:14:59Z,USD
pay_fd188007af4948099a74,o_20260821_00007861,captured,paypal,66.96,4.44,8.45,3.92,3.35,80.42,2026-08-21T19:08:18Z,2026-08-21T20:11:56Z,USD
pay_3176a4690f59429abb85,o_20260821_00007862,captured,wallet,36.14,6.47,4.08,2.64,0.0,49.33,2026-08-21T08:13:57Z,2026-08-21T08:45:29Z,USD
pay_448f292522d64f51ab65,o_20260821_00007863,captured,wallet,47.57,2.33,5.46,2.91,2.38,55.89,2026-08-21T12:52:05Z,2026-08-21T13:26:57Z,USD
pay_588bf5bb742f48e9b34b,o_20260821_00007864,captured,card,41.22,1.78,3.42,2.63,0.0,49.05,2026-08-21T12:00:58Z,2026-08-21T12:33:45Z,USD
pay_b26cd6add8604c53b012,o_20260821_00007865,captured,apple_pay,11.94,1.33,1.85,1.05,0.0,16.17,2026-08-21T20:34:05Z,2026-08-21T21:06:45Z,USD
pay_ea92062ebbfa4327a623,o_20260821_00007866,captured,paypal,57.52,0.76,5.05,4.18,0.0,67.51,2026-08-21T13:09:11Z,2026-08-21T14:06:05Z,USD
pay_37cebc52883b4ae7be2b,o_20260821_00007867,captured,paypal,140.02,3.5,21.93,12.27,0.0,177.72,2026-08-21T19:42:02Z,2026-08-21T20:41:27Z,USD
pay_6d513b3b99b249e7867d,o_20260821_00007868,captured,apple_pay,105.0,2.39,11.61,10.5,0.0,129.5,2026-08-21T19:39:14Z,2026-08-21T20:48:44Z,USD
pay_622e135ea081489b9837,o_20260821_00007869,voided,apple_pay,102.36,5.22,13.27,6.95,5.12,122.68,2026-08-21T19:27:41Z,,USD
pay_fe35bc7701764e90976d,o_20260821_00007870,captured,apple_pay,30.62,3.92,4.5,1.68,4.59,36.13,2026-08-21T11:51:30Z,2026-08-21T12:41:02Z,USD
pay_5192d9db5b1745a2ba27,o_20260821_00007871,captured,apple_pay,21.63,1.47,2.26,1.62,0.0,26.98,2026-08-21T20:51:19Z,2026-08-21T21:37:18Z,USD
pay_f23bf9cef78744a098b4,o_20260821_00007872,captured,paypal,129.02,1.77,17.61,12.82,0.0,161.22,2026-08-21T11:39:28Z,2026-08-21T12:37:13Z,USD
pay_6c6c2dff5e124250bee5,o_20260821_00007873,captured,paypal,103.38,0.49,11.97,6.95,15.51,107.28,2026-08-21T13:18:42Z,2026-08-21T13:55:17Z,USD
pay_0e3f485bf950428f909b,o_20260821_00007874,captured,wallet,60.99,4.87,7.94,5.61,0.0,79.41,2026-08-21T12:42:04Z,2026-08-21T13:11:58Z,USD
pay_9e4677b0ed904323a9a0,o_20260821_00007875,voided,paypal,10.01,1.25,1.35,0.74,0.0,13.35,2026-08-21T20:33:45Z,,USD
pay_0f15fdf36bf94b45947f,o_20260821_00007876,captured,wallet,59.97,5.0,6.43,5.11,3.0,73.51,2026-08-21T18:49:04Z,2026-08-21T19:28:36Z,USD
pay_7cbf9af3029f4f499521,o_20260821_00007877,captured,wallet,96.24,2.41,15.26,6.6,0.0,120.51,2026-08-21T20:21:14Z,2026-08-21T20:50:32Z,USD
pay_0ec8f5a3642e47bc9fae,o_20260821_00007878,captured,paypal,18.99,6.33,1.94,1.27,0.0,28.53,2026-08-21T12:33:04Z,2026-08-21T13:19:53Z,USD
pay_c354ad5671964a7c8f01,o_20260821_00007879,captured,apple_pay,23.77,1.4,2.79,2.28,0.0,30.24,2026-08-21T12:13:52Z,2026-08-21T13:15:29Z,USD
pay_1709ee7ebe694395b734,o_20260821_00007880,voided,apple_pay,86.58,3.22,7.34,4.94,12.99,89.09,2026-08-21T12:56:17Z,,USD
pay_fa3906fc7a8f4942b56c,o_20260821_00007881,captured,card,107.04,3.05,8.93,7.34,0.0,126.36,2026-08-21T12:21:12Z,2026-08-21T13:07:40Z,USD
pay_0fc63455d1a04cc0bcd2,o_20260821_00007882,captured,paypal,16.17,2.94,2.13,1.32,0.0,22.56,2026-08-21T11:47:55Z,2026-08-21T12:42:18Z,USD
pay_65ce0d6d1814448c81c9,o_20260821_00007883,voided,paypal,55.71,6.98,5.56,3.66,8.36,63.55,2026-08-21T18:28:45Z,,USD
pay_b544374ce50240f89360,o_20260821_00007884,captured,paypal,70.54,5.75,5.68,5.33,3.53,83.77,2026-08-21T12:49:10Z,2026-08-21T13:33:05Z,USD
pay_c96a3ac87c104b1ca2b9,o_20260821_00007885,captured,paypal,14.93,3.42,1.31,0.99,0.0,20.65,2026-08-21T12:12:54Z,2026-08-21T12:56:30Z,USD
pay_47526f5524bf4c4f9f55,o_20260821_00007886,refunded,card,26.64,5.0,2.26,2.62,0.0,36.52,2026-08-21T19:47:12Z,,USD
pay_2e5d9815d59745ca9a50,o_20260821_00007887,voided,apple_pay,62.55,3.05,5.45,5.09,3.13,73.01,2026-08-21T08:22:04Z,,USD
pay_c9e0a29765e048b3817a,o_20260821_00007888,voided,wallet,52.53,1.91,5.81,2.85,5.25,57.85,2026-08-21T13:51:34Z,,USD
pay_22687e39429b46dcbf30,o_20260821_00007889,captured,paypal,82.29,1.23,9.79,7.4,0.0,100.71,2026-08-21T12:46:13Z,2026-08-21T13:39:18Z,USD
pay_438a2fb2649d4abba43c,o_20260821_00007890,captured,card,68.44,3.04,9.92,5.47,6.84,80.03,2026-08-21T12:47:38Z,2026-08-21T13:31:28Z,USD
pay_62adf431ed8f401a9292,o_20260821_00007891,captured,apple_pay,36.15,5.61,5.56,3.28,3.62,46.98,2026-08-21T12:51:06Z,2026-08-21T13:28:49Z,USD
pay_905dbd4dd3b349718d13,o_20260821_00007892,captured,wallet,18.39,5.58,1.64,1.14,0.0,26.75,2026-08-21T19:37:01Z,2026-08-21T20:20:50Z,USD
pay_158479bfcec74449b66e,o_20260821_00007893,voided,card,110.64,4.76,9.18,8.0,11.06,121.52,2026-08-21T18:03:59Z,,USD
pay_4b44f67368e84f74be7e,o_20260821_00007894,captured,wallet,45.6,2.98,5.12,3.69,6.84,50.55,2026-08-21T13:50:33Z,2026-08-21T14:34:45Z,USD
pay_d092204b145b46aeb8e5,o_20260821_00007895,captured,wallet,117.29,6.74,14.54,9.1,11.73,135.94,2026-08-21T13:36:10Z,2026-08-21T14:25:10Z,USD
pay_babc9f0c41f74d1eb829,o_20260821_00007896,captured,card,100.61,6.86,14.77,8.1,5.03,125.31,2026-08-21T18:13:44Z,2026-08-21T18:45:30Z,USD
pay_8daa3491abac4485afed,o_20260821_00007897,captured,apple_pay,146.73,5.7,13.26,12.97,0.0,178.66,2026-08-21T12:56:49Z,2026-08-21T13:55:04Z,USD
pay_ded69877e399480a9763,o_20260821_00007898,voided,paypal,47.49,1.88,6.12,3.97,0.0,59.46,2026-08-21T12:16:01Z,,USD
pay_84848597f9f3496db47b,o_20260821_00007899,captured,card,71.34,0.75,9.63,5.51,3.57,83.66,2026-08-21T13:22:29Z,2026-08-21T14:06:01Z,USD
pay_4034b12f40724b00a6c0,o_20260821_00007900,captured,wallet,69.88,2.35,6.46,5.62,0.0,84.31,2026-08-21T12:38:12Z,2026-08-21T13:47:25Z,USD
pay_ab9aeae7b31c4b87ab5e,o_20260821_00007901,captured,card,98.0,3.53,10.85,6.2,0.0,118.58,2026-08-21T11:51:58Z,2026-08-21T12:34:58Z,USD
pay_c48289c531724f39ad17,o_20260821_00007902,captured,card,68.5,2.31,7.06,6.79,0.0,84.66,2026-08-21T19:18:35Z,2026-08-21T19:43:17Z,USD
pay_0a611dbf6cb044a89df2,o_20260821_00007903,captured,card,53.0,1.16,4.72,4.43,2.65,60.66,2026-08-21T13:20:46Z,2026-08-21T14:06:22Z,USD
pay_7c99a140967d43f48c3f,o_20260821_00007904,captured,apple_pay,78.41,1.53,9.54,7.39,0.0,96.87,2026-08-21T20:34:50Z,2026-08-21T21:35:16Z,USD
pay_e0ea28629c0448758b65,o_20260821_00007905,captured,apple_pay,26.42,6.83,2.65,2.19,0.0,38.09,2026-08-21T18:59:26Z,2026-08-21T19:46:14Z,USD
pay_9bbe438928434ed88604,o_20260821_00007906,captured,wallet,11.7,4.75,1.3,0.74,0.0,18.49,2026-08-21T13:33:00Z,2026-08-21T14:19:51Z,USD
pay_2b2d1b50bbad491b9977,o_20260821_00007907,captured,paypal,111.26,5.61,16.2,7.79,0.0,140.86,2026-08-21T12:58:23Z,2026-08-21T13:48:57Z,USD
pay_88b2c13de0e34d00a917,o_20260821_00007908,captured,apple_pay,41.7,4.62,5.4,3.76,0.0,55.48,2026-08-21T13:29:00Z,2026-08-21T14:12:14Z,USD
pay_1a04421055d04647892d,o_20260821_00007909,captured,wallet,18.98,3.37,1.77,1.88,0.0,26.0,2026-08-21T20:29:16Z,2026-08-21T21:30:03Z,USD
pay_4534e501587948018300,o_20260821_00007910,captured,paypal,19.14,2.91,1.86,1.0,2.87,22.04,2026-08-21T08:41:55Z,2026-08-21T09:31:55Z,USD
pay_298bae11fae04547a146,o_20260821_00007911,captured,apple_pay,62.85,0.49,7.64,5.11,0.0,76.09,2026-08-21T08:44:15Z,2026-08-21T09:10:49Z,USD
pay_2601c7d4e40048f4bb1d,o_20260821_00007912,captured,card,32.55,6.23,3.88,2.32,0.0,44.98,2026-08-21T12:48:16Z,2026-08-21T13:48:30Z,USD
pay_d60c8497fd8d43f8b8c0,o_20260821_00007913,captured,card,24.64,1.81,2.83,2.2,0.0,31.48,2026-08-21T18:16:28Z,2026-08-21T18:55:00Z,USD
pay_f7dd44cf91674f96b68f,o_20260821_00007914,captured,apple_pay,78.42,4.26,9.69,5.44,3.92,93.89,2026-08-21T19:33:43Z,2026-08-21T20:39:21Z,USD
pay_7dc88df56c314bf3aa09,o_20260821_00007915,captured,wallet,42.85,1.6,6.73,3.84,2.14,52.88,2026-08-21T13:37:45Z,2026-08-21T13:56:21Z,USD
pay_63dea53520ee41b8822b,o_20260821_00007916,captured,wallet,52.53,3.2,4.56,4.71,2.63,62.37,2026-08-21T12:18:19Z,2026-08-21T13:41:53Z,USD
pay_6b656d46047a45a695fc,o_20260821_00007917,captured,wallet,40.3,3.46,6.06,3.44,2.02,51.24,2026-08-21T13:11:44Z,2026-08-21T14:01:14Z,USD
pay_13ef9305976d430fb0b1,o_20260821_00007918,captured,apple_pay,87.75,5.19,11.48,6.2,13.16,97.46,2026-08-21T13:56:33Z,2026-08-21T14:43:27Z,USD
pay_5aae1fcae9ee4a88b009,o_20260821_00007919,captured,card,7.25,4.97,0.64,0.63,0.73,12.76,2026-08-21T11:50:27Z,2026-08-21T12:26:02Z,USD
pay_23622af36ddc4353bd3d,o_20260821_00007920,captured,wallet,19.4,3.62,2.37,1.73,1.94,25.18,2026-08-21T12:27:22Z,2026-08-21T13:08:33Z,USD
pay_dc64409a1277400483f0,o_20260821_00007921,refunded,paypal,54.05,5.14,7.49,3.27,8.11,61.84,2026-08-21T12:55:51Z,,USD
pay_0fd1ef99911748d5a84b,o_20260821_00007922,captured,apple_pay,10.29,0.81,1.08,0.83,0.51,12.5,2026-08-21T19:39:40Z,2026-08-21T20:10:02Z,USD
pay_afe97d8349e94847b9f0,o_20260821_00007923,captured,card,146.91,2.14,13.9,9.89,0.0,172.84,2026-08-21T18:36:20Z,2026-08-21T19:29:14Z,USD
pay_b783528909bf4ce1b6a9,o_20260821_00007924,captured,card,117.6,2.45,12.39,11.06,0.0,143.5,2026-08-21T12:39:14Z,2026-08-21T13:40:24Z,USD
pay_a28b1e1eca8a4451859b,o_20260821_00007925,captured,wallet,58.24,1.93,5.98,4.34,8.74,61.75,2026-08-21T11:56:34Z,2026-08-21T12:40:41Z,USD
pay_56bfa808ec134bf1ab54,o_20260821_00007926,captured,wallet,84.84,2.71,7.65,7.89,4.24,98.85,2026-08-21T08:31:55Z,2026-08-21T09:30:39Z,USD
pay_e062d9b68f834ae1bae1,o_20260821_00007927,refunded,paypal,73.6,3.8,8.81,5.76,3.68,88.29,2026-08-21T11:23:04Z,,USD
pay_ea38c39c12c84626a2cf,o_20260821_00007928,captured,card,31.72,2.06,4.76,2.38,0.0,40.92,2026-08-21T13:32:53Z,2026-08-21T13:58:23Z,USD
pay_61a8c4a316d541efbb33,o_20260821_00007929,captured,apple_pay,21.03,5.28,1.83,1.65,2.1,27.69,2026-08-21T11:48:43Z,2026-08-21T12:29:49Z,USD
pay_9dd41cdf7cab401a8e4a,o_20260821_00007930,captured,card,53.34,3.5,6.24,4.32,8.0,59.4,2026-08-21T11:50:14Z,2026-08-21T12:30:00Z,USD
pay_144065caff644f5ea08c,o_20260821_00007931,captured,wallet,116.08,3.43,15.3,11.07,5.8,140.08,2026-08-21T19:33:28Z,2026-08-21T20:15:04Z,USD
pay_c095e2c9c04945d98507,o_20260821_00007932,captured,wallet,45.24,5.22,5.76,3.71,0.0,59.93,2026-08-21T13:02:39Z,2026-08-21T14:04:08Z,USD
pay_2f93dbb6d9074a10a261,o_20260821_00007933,captured,apple_pay,21.2,1.59,1.82,1.54,3.18,22.97,2026-08-21T12:29:58Z,2026-08-21T13:08:53Z,USD
pay_3e03c543993d46799761,o_20260821_00007934,captured,card,63.03,6.81,7.51,4.39,6.3,75.44,2026-08-21T19:38:53Z,2026-08-21T20:13:32Z,USD
pay_6eceb40d7d0642329394,o_20260821_00007935,captured,wallet,156.72,1.67,24.89,9.46,15.67,177.07,2026-08-21T19:57:10Z,2026-08-21T20:53:04Z,USD
pay_8680952c165e4b70be7e,o_20260821_00007936,captured,apple_pay,78.34,1.98,9.71,6.1,0.0,96.13,2026-08-21T18:53:00Z,2026-08-21T19:43:29Z,USD
pay_9c75e029383a43b3847d,o_20260821_00007937,captured,card,77.4,3.13,8.33,4.78,11.61,82.03,2026-08-21T18:10:33Z,2026-08-21T19:17:25Z,USD
pay_5dbc809369d544378980,o_20260821_00007938,captured,wallet,98.95,5.25,10.78,9.2,0.0,124.18,2026-08-21T20:28:13Z,2026-08-21T21:21:30Z,USD
pay_290773dc924643e29528,o_20260821_00007939,captured,apple_pay,123.48,6.88,19.48,8.78,0.0,158.62,2026-08-21T18:13:55Z,2026-08-21T19:15:32Z,USD
pay_cd79f115f46344b98b4e,o_20260821_00007940,captured,wallet,165.96,2.48,18.01,12.95,16.6,182.8,2026-08-21T19:26:58Z,2026-08-21T20:09:19Z,USD
pay_78fb3a66059940aea19a,o_20260821_00007941,captured,wallet,68.54,3.45,7.17,5.8,0.0,84.96,2026-08-21T08:59:03Z,2026-08-21T09:24:31Z,USD
pay_63018d9372ec4f1581c2,o_20260821_00007942,captured,apple_pay,125.83,1.49,20.0,8.26,0.0,155.58,2026-08-21T12:01:52Z,2026-08-21T13:05:27Z,USD
pay_f4f14846cc574334be58,o_20260821_00007943,captured,paypal,77.59,6.62,8.93,7.73,0.0,100.87,2026-08-21T20:40:43Z,2026-08-21T21:19:21Z,USD
pay_4ba77e5549204bc58357,o_20260821_00007944,captured,card,76.72,4.34,11.37,5.03,0.0,97.46,2026-08-21T18:36:24Z,2026-08-21T19:12:44Z,USD
pay_9740e7c4143340d889d9,o_20260821_00007945,captured,paypal,99.4,4.3,11.02,9.8,0.0,124.52,2026-08-21T13:23:03Z,2026-08-21T13:52:27Z,USD
pay_dedf7be99e1a40e9b2e6,o_20260821_00007946,captured,wallet,16.33,3.82,1.87,0.98,2.45,20.55,2026-08-21T19:16:59Z,2026-08-21T20:10:47Z,USD
pay_6a57a643a72942bfa25e,o_20260821_00007947,captured,paypal,55.4,4.36,4.71,5.34,0.0,69.81,2026-08-21T13:54:34Z,2026-08-21T14:43:59Z,USD
pay_f54d9c56b4714ef6aa88,o_20260821_00007948,captured,apple_pay,151.46,6.57,20.64,7.91,22.72,163.86,2026-08-21T13:12:13Z,2026-08-21T14:10:53Z,USD
pay_c54d36f4b4c6493db75f,o_20260821_00007949,captured,wallet,69.14,4.93,10.2,5.83,0.0,90.1,2026-08-21T12:33:51Z,2026-08-21T13:14:00Z,USD
pay_b57c0713f38943358baf,o_20260821_00007950,captured,card,81.54,0.94,12.08,5.74,8.15,92.15,2026-08-21T20:35:51Z,2026-08-21T21:04:37Z,USD
pay_01e92407ff1c4a80ae07,o_20260821_00007951,captured,wallet,18.68,1.01,1.71,1.81,0.0,23.21,2026-08-21T20:33:50Z,2026-08-21T21:29:22Z,USD
pay_0ea33411b8744a1c827e,o_20260821_00007952,captured,wallet,86.78,4.68,10.41,6.88,0.0,108.75,2026-08-21T18:53:35Z,2026-08-21T20:03:40Z,USD
pay_88af364a9d904b158534,o_20260821_00007953,captured,card,89.05,2.46,9.82,6.89,0.0,108.22,2026-08-21T19:55:39Z,2026-08-21T20:43:49Z,USD
pay_6570d89aba7e4553a9e9,o_20260821_00007954,captured,card,47.8,6.21,4.86,2.66,4.78,56.75,2026-08-21T13:03:22Z,2026-08-21T14:06:36Z,USD
pay_28ee7162f9184a5789b3,o_20260821_00007955,captured,wallet,106.36,3.88,10.64,9.41,5.32,124.97,2026-08-21T11:31:25Z,2026-08-21T12:31:40Z,USD
pay_b93316580c934da6b05d,o_20260821_00007956,captured,paypal,66.08,6.82,8.01,4.6,0.0,85.51,2026-08-21T19:14:44Z,2026-08-21T19:58:45Z,USD
pay_2b215a2aacf34f02b8bd,o_20260821_00007957,captured,paypal,113.47,5.59,11.33,10.98,5.67,135.7,2026-08-21T11:36:52Z,2026-08-21T12:05:38Z,USD
pay_d6b6e74f0a0e4d84b16d,o_20260821_00007958,captured,paypal,45.6,0.84,5.03,3.33,0.0,54.8,2026-08-21T20:34:03Z,2026-08-21T21:22:59Z,USD
pay_cf20d66ae20c4d5ca12e,o_20260821_00007959,captured,card,85.7,2.96,11.3,5.54,0.0,105.5,2026-08-21T18:48:21Z,2026-08-21T19:38:11Z,USD
pay_bd6a1c2b235f42c0888d,o_20260821_00007960,captured,paypal,20.13,3.17,3.03,1.15,3.02,24.46,2026-08-21T19:11:03Z,2026-08-21T20:21:51Z,USD
pay_2f64b8c2fada4dd3b8d1,o_20260821_00007961,captured,wallet,105.94,1.27,10.45,7.83,5.3,120.19,2026-08-21T20:23:26Z,2026-08-21T21:03:16Z,USD
pay_e1fde8d4f47e46b1ad28,o_20260821_00007962,refunded,apple_pay,14.9,5.93,1.63,1.12,0.0,23.58,2026-08-21T13:24:43Z,,USD
pay_6555198588e94173b5fb,o_20260821_00007963,captured,apple_pay,64.89,3.57,8.1,4.93,9.73,71.76,2026-08-21T13:38:18Z,2026-08-21T14:44:26Z,USD
pay_25685bf982e14e93b5bc,o_20260821_00007964,captured,card,24.88,6.43,3.36,2.0,2.49,34.18,2026-08-21T19:28:11Z,2026-08-21T19:59:16Z,USD
pay_3194f3d9466b4b9ea717,o_20260821_00007965,voided,card,36.14,2.28,2.94,1.97,3.61,39.72,2026-08-21T18:47:36Z,,USD
pay_dff20c287a324f9797e9,o_20260821_00007966,captured,apple_pay,80.53,3.34,10.85,5.28,0.0,100.0,2026-08-21T13:47:26Z,2026-08-21T14:20:14Z,USD
pay_e3fa71e0617e40638ae1,o_20260821_00007967,captured,wallet,16.86,3.98,1.63,1.27,0.0,23.74,2026-08-21T08:24:10Z,2026-08-21T09:10:59Z,USD
pay_30c9aee176344e57a5d6,o_20260821_00007968,captured,apple_pay,71.35,5.55,7.31,6.25,3.57,86.89,2026-08-21T12:28:45Z,2026-08-21T13:20:30Z,USD
pay_ac73c1fe90b0490cbf2d,o_20260821_00007969,captured,paypal,33.46,5.35,5.07,2.0,1.67,44.21,2026-08-21T18:53:06Z,2026-08-21T19:58:07Z,USD
pay_11704420fb2e4eafb432,o_20260821_00007970,captured,wallet,109.14,6.05,11.14,6.9,10.91,122.32,2026-08-21T19:47:35Z,2026-08-21T20:38:44Z,USD
pay_1073dfdbd2484b469068,o_20260821_00007971,captured,wallet,124.94,2.97,15.83,9.36,0.0,153.1,2026-08-21T19:42:02Z,2026-08-21T20:10:54Z,USD
pay_8449a960b3bf40538fe6,o_20260821_00007972,captured,card,70.86,2.53,8.86,4.87,10.63,76.49,2026-08-21T18:25:56Z,2026-08-21T19:11:12Z,USD
pay_a442af03511a42689cdd,o_20260821_00007973,captured,apple_pay,67.04,3.6,5.4,3.54,10.06,69.52,2026-08-21T18:00:11Z,2026-08-21T18:52:01Z,USD
pay_9947f35836b642bab60f,o_20260821_00007974,captured,card,26.67,0.82,3.27,2.28,1.33,31.71,2026-08-21T12:48:10Z,2026-08-21T13:24:06Z,USD
pay_ab5d60318e3b46e6b00f,o_20260821_00007975,captured,apple_pay,47.06,6.21,6.1,4.3,2.35,61.32,2026-08-21T18:49:35Z,2026-08-21T19:47:10Z,USD
pay_e153109f06e545938c0a,o_20260821_00007976,captured,apple_pay,44.46,5.75,4.69,3.87,6.67,52.1,2026-08-21T11:17:10Z,2026-08-21T12:01:21Z,USD
pay_c778bc918fd044b4ab9e,o_20260821_00007977,captured,card,100.68,6.94,8.48,7.41,15.1,108.41,2026-08-21T08:12:08Z,2026-08-21T08:53:37Z,USD
pay_23b2cb9c49b3421e84e0,o_20260821_00007978,captured,wallet,103.43,5.83,8.7,7.31,10.34,114.93,2026-08-21T11:16:09Z,2026-08-21T12:03:31Z,USD
pay_a6fc7b522919465d90f0,o_20260821_00007979,captured,wallet,36.97,4.93,4.8,2.65,3.7,45.65,2026-08-21T12:23:18Z,2026-08-21T12:54:50Z,USD
pay_4437bb186e8a40789e03,o_20260821_00007980,captured,apple_pay,54.69,3.15,7.62,3.63,8.2,60.89,2026-08-21T19:33:36Z,2026-08-21T20:08:22Z,USD
pay_34a4e7b6a11c49c58a67,o_20260821_00007981,captured,paypal,34.5,2.12,4.91,3.16,3.45,41.24,2026-08-21T19:05:55Z,2026-08-21T20:15:29Z,USD
pay_62081d8ed56b4a399a08,o_20260821_00007982,captured,wallet,14.93,4.25,1.34,0.95,0.0,21.47,2026-08-21T18:36:02Z,2026-08-21T18:59:57Z,USD
pay_2e9b11a3081f4224b09d,o_20260821_00007983,captured,card,17.7,4.28,2.16,1.52,0.89,24.77,2026-08-21T19:23:43Z,2026-08-21T20:22:36Z,USD
pay_318bd18617af469181b8,o_20260821_00007984,captured,card,58.67,5.04,6.38,4.29,0.0,74.38,2026-08-21T19:13:58Z,2026-08-21T20:06:42Z,USD
pay_ba5e799cc3f042e893e9,o_20260821_00007985,captured,wallet,73.94,5.93,6.5,6.03,7.39,85.01,2026-08-21T20:10:36Z,2026-08-21T20:52:09Z,USD
pay_23a09ddf5b5247e7bc40,o_20260821_00007986,captured,paypal,19.94,5.75,2.79,1.91,0.0,30.39,2026-08-21T11:47:24Z,2026-08-21T12:50:32Z,USD
pay_b9e52afcbb3c4d3982a0,o_20260821_00007987,refunded,apple_pay,44.3,4.82,3.94,4.28,0.0,57.34,2026-08-21T12:08:21Z,,USD
pay_b2e6444d5bf94a108124,o_20260821_00007988,captured,apple_pay,69.93,3.76,8.17,5.61,3.5,83.97,2026-08-21T13:33:38Z,2026-08-21T14:37:43Z,USD
pay_ae5fae239ea24b5096ea,o_20260821_00007989,captured,paypal,58.7,0.54,8.58,5.72,0.0,73.54,2026-08-21T19:52:21Z,2026-08-21T20:31:00Z,USD
pay_67ea75916ba84711af6d,o_20260821_00007990,captured,wallet,26.88,2.51,2.81,2.41,0.0,34.61,2026-08-21T19:21:14Z,2026-08-21T20:05:08Z,USD
pay_429c2fe9f0594b269df6,o_20260821_00007991,captured,card,77.7,2.01,7.32,6.79,0.0,93.82,2026-08-21T18:43:18Z,2026-08-21T19:25:14Z,USD
pay_e8f671bbada1427682fd,o_20260821_00007992,captured,wallet,112.86,2.17,10.2,6.29,11.29,120.23,2026-08-21T12:20:34Z,2026-08-21T13:23:37Z,USD
pay_4c1b0d1b5b7c457fa99c,o_20260821_00007993,captured,card,59.96,6.18,8.42,5.01,3.0,76.57,2026-08-21T13:56:51Z,2026-08-21T14:46:39Z,USD
pay_95362e8965004805b72d,o_20260821_00007994,captured,card,10.48,5.11,1.01,0.6,1.57,15.63,2026-08-21T13:24:58Z,2026-08-21T14:06:49Z,USD
pay_71131a7010cb42109f70,o_20260821_00007995,captured,paypal,104.65,2.56,16.72,8.76,15.7,116.99,2026-08-21T11:51:46Z,2026-08-21T12:35:46Z,USD
pay_16258ef440f44187acad,o_20260821_00007996,voided,paypal,131.07,2.1,20.75,7.72,13.11,148.53,2026-08-21T12:56:51Z,,USD
pay_ba5be9b3a3b048a8b304,o_20260821_00007997,captured,apple_pay,138.68,5.55,19.02,10.34,13.87,159.72,2026-08-21T12:29:48Z,2026-08-21T12:55:20Z,USD
pay_7aa952b8c3324995b6b3,o_20260821_00007998,captured,card,111.26,2.13,16.18,7.18,11.13,125.62,2026-08-21T12:18:57Z,2026-08-21T13:04:11Z,USD
pay_9c530721e1544844b80a,o_20260821_00007999,captured,card,14.58,0.53,1.97,0.79,2.19,15.68,2026-08-21T11:29:35Z,2026-08-21T12:32:10Z,USD
pay_a9b1e61e3b8448948e4a,o_20260821_00008000,captured,card,46.96,3.71,4.3,4.02,0.0,58.99,2026-08-21T11:26:30Z,2026-08-21T12:02:04Z,USD
pay_6f2539d61bc1480eb75a,o_20260821_00008001,captured,card,134.24,4.77,16.11,12.39,0.0,167.51,2026-08-21T12:35:46Z,2026-08-21T13:37:19Z,USD
pay_82296a8a13e74ae9b07a,o_20260821_00008002,captured,apple_pay,65.3,6.63,6.28,4.35,6.53,76.03,2026-08-21T11:38:30Z,2026-08-21T12:24:45Z,USD
pay_e64238607c9540769132,o_20260821_00008003,captured,card,35.74,2.55,3.56,3.14,3.57,41.42,2026-08-21T11:57:53Z,2026-08-21T12:43:42Z,USD
pay_bf40f730a6714655bce3,o_20260821_00008004,voided,paypal,94.12,1.58,14.25,5.41,9.41,105.95,2026-08-21T18:18:38Z,,USD
pay_3266f7e140174960b089,o_20260821_00008005,captured,card,86.66,5.46,9.85,7.84,0.0,109.81,2026-08-21T13:35:05Z,2026-08-21T14:27:43Z,USD
pay_9f65868dd0aa48b18b5b,o_20260821_00008006,captured,apple_pay,28.71,4.15,2.8,1.66,4.31,33.01,2026-08-21T11:24:45Z,2026-08-21T12:40:38Z,USD
pay_62d4d000333248a0a93c,o_20260821_00008007,captured,paypal,101.9,5.59,12.36,6.2,0.0,126.05,2026-08-21T18:40:41Z,2026-08-21T19:30:22Z,USD
pay_028e8ae7213a4b0ea9b2,o_20260821_00008008,captured,paypal,52.89,1.13,4.27,3.47,0.0,61.76,2026-08-21T18:44:56Z,2026-08-21T19:35:24Z,USD
pay_c73acb6320aa42ab8273,o_20260821_00008009,refunded,wallet,22.62,3.14,3.38,1.31,2.26,28.19,2026-08-21T11:46:28Z,,USD
pay_df220755b202454c873d,o_20260821_00008010,captured,apple_pay,49.2,4.27,4.02,4.32,0.0,61.81,2026-08-21T20:47:02Z,2026-08-21T21:45:48Z,USD
pay_4298520fca05462aa632,o_20260821_00008011,captured,paypal,12.35,4.27,1.41,1.08,0.62,18.49,2026-08-21T12:46:58Z,2026-08-21T13:37:17Z,USD
pay_5309dd33d1874f7a821d,o_20260821_00008012,captured,paypal,70.5,0.97,7.26,5.11,3.53,80.31,2026-08-21T20:06:04Z,2026-08-21T20:45:41Z,USD
pay_22b09c978afc48f2bd79,o_20260821_00008013,captured,card,87.75,6.52,13.62,5.83,8.78,104.94,2026-08-21T13:23:24Z,2026-08-21T14:32:16Z,USD
pay_a54669a17dae4fd98c86,o_20260821_00008014,captured,paypal,64.96,1.8,5.36,4.6,0.0,76.72,2026-08-21T13:59:09Z,2026-08-21T15:02:58Z,USD
pay_5fcbba0356254b77b6bc,o_20260821_00008015,captured,card,41.78,3.43,4.92,2.52,0.0,52.65,2026-08-21T19:44:00Z,2026-08-21T20:20:35Z,USD
pay_44841e0f50f54b548c0d,o_20260821_00008016,voided,paypal,27.24,3.23,4.12,2.27,1.36,35.5,2026-08-21T13:17:53Z,,USD
pay_37e80d1cdac9464d9d4a,o_20260821_00008017,captured,apple_pay,44.79,0.77,4.97,2.94,0.0,53.47,2026-08-21T20:03:04Z,2026-08-21T20:49:37Z,USD
pay_b4b97088ff2a43478e32,o_20260821_00008018,voided,paypal,106.12,5.84,13.42,8.56,10.61,123.33,2026-08-21T11:09:59Z,,USD
pay_a2d62f637bfc4a9ba33f,o_20260821_00008019,refunded,paypal,55.92,1.12,5.51,5.5,0.0,68.05,2026-08-21T12:03:49Z,,USD
pay_db2efcf09a6c4bbbb303,o_20260821_00008020,captured,apple_pay,100.9,6.77,8.56,6.47,15.13,107.57,2026-08-21T12:56:48Z,2026-08-21T13:35:34Z,USD
pay_a97223e7c3e846a8b437,o_20260821_00008021,captured,apple_pay,59.29,1.86,8.52,5.33,0.0,75.0,2026-08-21T12:39:34Z,2026-08-21T13:28:14Z,USD
pay_9290df6616ce44668441,o_20260821_00008022,captured,card,35.72,2.6,3.17,2.4,0.0,43.89,2026-08-21T13:32:07Z,2026-08-21T14:14:01Z,USD
pay_3dfa8906ed854c808b92,o_20260821_00008023,captured,card,61.16,2.1,9.05,6.01,0.0,78.32,2026-08-21T18:41:41Z,2026-08-21T19:25:24Z,USD
pay_c529c2d5212941fbb9bf,o_20260821_00008024,captured,card,17.5,2.63,1.73,1.11,1.75,21.22,2026-08-21T19:00:44Z,2026-08-21T19:39:35Z,USD
pay_2044fc4c021645898c8c,o_20260821_00008025,captured,apple_pay,29.16,0.58,4.64,2.69,0.0,37.07,2026-08-21T20:08:26Z,2026-08-21T20:53:56Z,USD
pay_020459eaa39d47079a82,o_20260821_00008026,captured,apple_pay,45.24,3.19,4.55,3.23,0.0,56.21,2026-08-21T12:20:56Z,2026-08-21T13:08:08Z,USD
pay_242ea10608e24ff0b665,o_20260821_00008027,captured,paypal,48.55,1.13,7.05,4.33,4.86,56.2,2026-08-21T19:23:37Z,2026-08-21T20:18:18Z,USD
pay_c585e79d10744b52bbd5,o_20260821_00008028,captured,apple_pay,10.86,5.26,1.67,1.07,0.0,18.86,2026-08-21T12:43:17Z,2026-08-21T13:26:57Z,USD
pay_a4f3adac855445f09dab,o_20260821_00008029,captured,paypal,23.58,1.82,2.3,1.88,0.0,29.58,2026-08-21T19:15:35Z,2026-08-21T20:08:53Z,USD
pay_a66921a4be384d1b96be,o_20260821_00008030,captured,card,97.22,4.51,14.05,7.68,4.86,118.6,2026-08-21T12:44:18Z,2026-08-21T13:31:44Z,USD
pay_1ae4c488923d45109145,o_20260821_00008031,captured,wallet,64.41,2.9,6.19,4.6,9.66,68.44,2026-08-21T12:50:22Z,2026-08-21T13:26:15Z,USD
pay_7e1dae2faa6b4741b909,o_20260821_00008032,captured,wallet,32.8,2.4,5.21,2.58,3.28,39.71,2026-08-21T18:28:19Z,2026-08-21T19:09:13Z,USD
pay_feb1668fd6874a959b56,o_20260821_00008033,captured,paypal,68.58,1.52,8.0,4.1,6.86,75.34,2026-08-21T18:55:00Z,2026-08-21T19:46:34Z,USD
pay_893fe4addccb4d08abaf,o_20260821_00008034,captured,card,47.49,6.5,4.14,3.27,2.37,59.03,2026-08-21T11:54:35Z,2026-08-21T12:43:05Z,USD
pay_9076e8bd1767448c9c13,o_20260821_00008035,captured,card,44.3,2.65,4.58,4.05,2.21,53.37,2026-08-21T12:30:51Z,2026-08-21T13:11:33Z,USD
pay_12c9e7bbc7354b739b5a,o_20260821_00008036,captured,wallet,21.63,3.86,2.69,1.31,3.24,26.25,2026-08-21T12:50:18Z,2026-08-21T13:51:48Z,USD
pay_7f86b774098c4219a2b9,o_20260821_00008037,captured,apple_pay,141.18,5.49,11.8,9.14,21.18,146.43,2026-08-21T13:41:03Z,2026-08-21T14:26:46Z,USD
pay_fc9cad8e1c14470dadd6,o_20260821_00008038,captured,card,122.0,2.28,13.89,8.5,0.0,146.67,2026-08-21T13:42:36Z,2026-08-21T14:44:09Z,USD
pay_d0cf49fa0d1b429584b6,o_20260821_00008039,captured,paypal,65.61,2.83,8.22,5.75,0.0,82.41,2026-08-21T12:07:34Z,2026-08-21T12:45:08Z,USD
pay_157d38e8027340f08723,o_20260821_00008040,captured,apple_pay,54.48,4.99,6.12,5.29,0.0,70.88,2026-08-21T19:27:42Z,2026-08-21T20:25:50Z,USD
pay_5d9c39966e054e5abe3c,o_20260821_00008041,captured,card,91.97,6.1,9.27,6.89,0.0,114.23,2026-08-21T20:29:30Z,2026-08-21T21:04:24Z,USD
pay_4af4308fe67a4794b0dd,o_20260821_00008042,captured,wallet,87.49,5.13,9.45,8.26,0.0,110.33,2026-08-21T12:56:08Z,2026-08-21T13:30:28Z,USD
pay_a4593365317841e5bc0a,o_20260821_00008043,captured,card,13.44,2.96,1.77,0.79,0.67,18.29,2026-08-21T20:31:03Z,2026-08-21T21:23:18Z,USD
pay_f3dcf42f4318412c8c22,o_20260821_00008044,captured,wallet,47.71,1.32,4.35,3.91,0.0,57.29,2026-08-21T12:29:40Z,2026-08-21T13:39:22Z,USD
pay_8c812d5884094ca48634,o_20260821_00008045,captured,wallet,42.96,5.25,5.44,3.73,2.15,55.23,2026-08-21T08:55:59Z,2026-08-21T09:53:30Z,USD
pay_c2fdd6011a5245d8afca,o_20260821_00008046,captured,paypal,80.73,1.43,12.0,5.53,12.11,87.58,2026-08-21T19:56:49Z,2026-08-21T20:40:36Z,USD
pay_6059bc60d6d9411f860d,o_20260821_00008047,captured,card,126.4,5.23,12.66,12.44,0.0,156.73,2026-08-21T20:21:23Z,2026-08-21T21:10:07Z,USD
pay_c08d2a28668e4f07a4ce,o_20260821_00008048,captured,apple_pay,40.56,3.14,6.3,2.29,6.08,46.21,2026-08-21T18:49:54Z,2026-08-21T19:20:49Z,USD
pay_81c8ae9389f44f21b156,o_20260821_00008049,captured,wallet,39.17,2.46,3.86,3.37,0.0,48.86,2026-08-21T11:40:33Z,2026-08-21T12:46:00Z,USD
pay_af0282dfe2c64efaad85,o_20260821_00008050,captured,paypal,22.62,4.23,3.51,1.77,0.0,32.13,2026-08-21T18:32:58Z,2026-08-21T19:12:30Z,USD
pay_dffc07367be34568a4d5,o_20260821_00008051,captured,apple_pay,94.49,2.51,12.67,5.47,4.72,110.42,2026-08-21T11:07:01Z,2026-08-21T11:50:09Z,USD
pay_e699df9293e1467abee7,o_20260821_00008052,captured,paypal,40.87,5.91,3.93,2.53,2.04,51.2,2026-08-21T19:40:57Z,2026-08-21T20:29:57Z,USD
pay_b78c0ac68d614f01aa16,o_20260821_00008053,captured,card,46.56,6.16,6.19,3.74,6.98,55.67,2026-08-21T08:41:53Z,2026-08-21T09:02:46Z,USD
pay_6c2cb718589b425aa4bf,o_20260821_00008054,captured,wallet,71.73,1.0,7.37,5.83,7.17,78.76,2026-08-21T08:33:25Z,2026-08-21T09:13:31Z,USD
pay_a67c1031bcee4dc0b213,o_20260821_00008055,captured,wallet,45.6,1.52,5.44,3.92,4.56,51.92,2026-08-21T08:48:20Z,2026-08-21T09:15:56Z,USD
pay_65248df8a842413f8f80,o_20260821_00008056,captured,wallet,60.0,3.81,8.65,5.28,0.0,77.74,2026-08-21T18:01:40Z,2026-08-21T18:58:29Z,USD
pay_7555f9f4bbac4ac49ae7,o_20260821_00008057,captured,apple_pay,37.05,3.39,3.92,2.85,0.0,47.21,2026-08-21T08:52:49Z,2026-08-21T09:35:14Z,USD
pay_edce12d334444bb684ff,o_20260821_00008058,captured,paypal,18.39,4.36,2.36,1.53,0.0,26.64,2026-08-21T18:58:47Z,2026-08-21T19:52:30Z,USD
pay_dc21b1072b2c4992a9d6,o_20260821_00008059,captured,card,42.96,2.04,5.95,3.13,6.44,47.64,2026-08-21T19:03:09Z,2026-08-21T20:02:45Z,USD
pay_5133e74ee4744dc0aded,o_20260821_00008060,captured,apple_pay,16.86,6.66,1.89,1.28,0.0,26.69,2026-08-21T20:10:09Z,2026-08-21T21:18:55Z,USD
pay_44fda0665a65492cb947,o_20260821_00008061,captured,card,39.46,3.08,6.11,2.66,0.0,51.31,2026-08-21T11:58:06Z,2026-08-21T12:20:58Z,USD
pay_ee56f50dcd4a45448a2d,o_20260821_00008062,captured,apple_pay,62.81,4.27,9.79,4.77,0.0,81.64,2026-08-21T18:23:01Z,2026-08-21T18:52:01Z,USD
pay_e2a1044bd594465aac61,o_20260821_00008063,captured,apple_pay,53.37,0.79,6.81,3.84,0.0,64.81,2026-08-21T13:56:05Z,2026-08-21T14:29:56Z,USD
pay_0aa29146240b4a19a008,o_20260821_00008064,captured,card,49.04,1.31,4.99,4.01,0.0,59.35,2026-08-21T19:04:31Z,2026-08-21T19:44:20Z,USD
pay_2a556efb009246999b91,o_20260821_00008065,refunded,card,30.68,2.94,4.33,2.25,4.6,35.6,2026-08-21T12:44:45Z,,USD
pay_4185ddb0f4004280befe,o_20260821_00008066,captured,apple_pay,66.54,3.13,6.08,6.09,6.65,75.19,2026-08-21T12:53:33Z,2026-08-21T13:35:28Z,USD
pay_1fb44bcbb0e64acaba7d,o_20260821_00008067,captured,card,53.9,4.04,6.16,5.31,0.0,69.41,2026-08-21T19:57:19Z,2026-08-21T20:24:51Z,USD
pay_03d495134d2b4ddaa9fd,o_20260821_00008068,captured,wallet,80.88,0.88,9.86,8.02,0.0,99.64,2026-08-21T11:14:13Z,2026-08-21T11:46:51Z,USD
pay_022198b4458145fba89f,o_20260821_00008069,voided,paypal,13.9,1.08,1.42,0.75,2.08,15.07,2026-08-21T12:14:39Z,,USD
pay_d48039f866374ab48e9b,o_20260821_00008070,captured,wallet,53.98,5.26,5.14,3.94,8.1,60.22,2026-08-21T13:55:20Z,2026-08-21T14:42:42Z,USD
pay_ccd33b0a4721485a894c,o_20260821_00008071,captured,wallet,20.67,2.77,3.11,1.27,2.07,25.75,2026-08-21T19:36:16Z,2026-08-21T20:13:10Z,USD
pay_800b570a193f4937b9db,o_20260821_00008072,captured,wallet,36.97,6.87,4.01,2.6,3.7,46.75,2026-08-21T18:19:00Z,2026-08-21T18:51:22Z,USD
pay_341d5187f67442519ff4,o_20260821_00008073,captured,paypal,13.21,5.6,1.52,1.11,0.0,21.44,2026-08-21T12:17:50Z,2026-08-21T13:07:26Z,USD
pay_54419182eead416c89c9,o_20260821_00008074,captured,paypal,19.74,2.37,1.79,1.25,0.0,25.15,2026-08-21T12:34:44Z,2026-08-21T13:17:21Z,USD
pay_07fc4ecd4e4e46ec880e,o_20260821_00008075,refunded,paypal,90.53,4.52,11.07,8.45,0.0,114.57,2026-08-21T13:03:04Z,,USD
pay_e4d26da83fc842fd9b53,o_20260821_00008076,captured,apple_pay,74.44,4.88,10.98,7.23,3.72,93.81,2026-08-21T18:24:02Z,2026-08-21T19:10:19Z,USD
pay_b33fa86e1d384a10baa3,o_20260821_00008077,captured,apple_pay,66.12,2.91,7.26,4.54,3.31,77.52,2026-08-21T18:54:53Z,2026-08-21T19:23:36Z,USD
pay_b76b06a5fb2b49e28d07,o_20260821_00008078,captured,card,20.13,2.2,1.78,1.76,1.01,24.86,2026-08-21T13:09:19Z,2026-08-21T13:51:54Z,USD
pay_0328efb8dbdf4a378832,o_20260821_00008079,captured,card,66.39,1.05,5.81,6.74,0.0,79.99,2026-08-21T18:57:39Z,2026-08-21T19:47:22Z,USD
pay_e609d4859a3144969c22,o_20260821_00008080,captured,apple_pay,91.11,3.54,11.67,6.59,0.0,112.91,2026-08-21T12:15:33Z,2026-08-21T12:55:37Z,USD
pay_95a198d488ea4607a416,o_20260821_00008081,captured,card,137.27,1.54,12.02,9.09,20.59,139.33,2026-08-21T18:17:56Z,2026-08-21T19:03:16Z,USD
pay_463eb8c39c9246b39602,o_20260821_00008082,refunded,paypal,65.48,2.26,9.21,5.63,6.55,76.03,2026-08-21T19:52:03Z,,USD
pay_79c3748dc1dc4d8796de,o_20260821_00008083,captured,apple_pay,85.34,2.15,11.17,6.94,4.27,101.33,2026-08-21T18:49:50Z,2026-08-21T19:09:50Z,USD
pay_18254a8df6e74401bc3f,o_20260821_00008084,captured,apple_pay,81.87,2.98,8.87,7.03,0.0,100.75,2026-08-21T12:04:29Z,2026-08-21T12:47:24Z,USD
pay_b80d18a25a52436ea398,o_20260821_00008085,captured,paypal,101.48,5.17,14.27,7.73,5.07,123.58,2026-08-21T13:07:14Z,2026-08-21T13:51:22Z,USD
pay_57c249df3bba4249919c,o_20260821_00008086,captured,wallet,89.48,2.51,8.74,5.93,0.0,106.66,2026-08-21T18:31:03Z,2026-08-21T18:59:06Z,USD
pay_749aa48f1db34f2fbf56,o_20260821_00008087,captured,wallet,36.66,3.54,4.26,2.72,5.5,41.68,2026-08-21T13:02:38Z,2026-08-21T13:29:02Z,USD
pay_53df1843e4bb43049403,o_20260821_00008088,captured,apple_pay,131.94,5.07,12.28,10.14,13.19,146.24,2026-08-21T12:20:26Z,2026-08-21T12:54:55Z,USD
pay_7db49d27868342c38be3,o_20260821_00008089,captured,paypal,41.34,2.03,4.88,2.89,4.13,47.01,2026-08-21T19:53:32Z,2026-08-21T20:16:12Z,USD
pay_2b7ea52e26204335ae25,o_20260821_00008090,captured,wallet,100.59,3.4,16.09,8.01,15.09,113.0,2026-08-21T12:39:47Z,2026-08-21T13:40:15Z,USD
pay_9a9f39903f62496b9490,o_20260821_00008091,captured,wallet,99.52,4.92,14.74,7.61,0.0,126.79,2026-08-21T19:07:07Z,2026-08-21T19:45:02Z,USD
pay_240c161a94d24c8f8985,o_20260821_00008092,captured,card,70.66,4.63,10.19,6.5,0.0,91.98,2026-08-21T12:19:58Z,2026-08-21T13:01:30Z,USD
pay_8501dbb02b8446739474,o_20260821_00008093,captured,apple_pay,17.76,5.1,2.25,1.48,0.0,26.59,2026-08-21T19:12:12Z,2026-08-21T19:40:52Z,USD
pay_1a8c1dfc9f57410b81bf,o_20260821_00008094,captured,card,76.64,2.29,9.31,6.18,0.0,94.42,2026-08-21T18:07:55Z,2026-08-21T18:38:22Z,USD
pay_a63cdc921c8e459c98ce,o_20260821_00008095,captured,paypal,91.27,5.48,13.6,5.48,0.0,115.83,2026-08-21T08:58:45Z,2026-08-21T09:57:16Z,USD
pay_3b3a97485a5e424084c3,o_20260821_00008096,captured,apple_pay,9.72,3.44,1.03,0.89,0.97,14.11,2026-08-21T08:19:13Z,2026-08-21T09:06:30Z,USD
pay_9ea80d60f5264785a57b,o_20260821_00008097,captured,paypal,116.22,3.05,14.53,9.3,5.81,137.29,2026-08-21T08:41:36Z,2026-08-21T09:49:23Z,USD
pay_84ddca32a421420da0da,o_20260821_00008098,captured,wallet,27.65,6.47,3.47,2.57,0.0,40.16,2026-08-21T12:32:33Z,2026-08-21T13:24:09Z,USD
pay_64f2648fca0146b8a6e9,o_20260821_00008099,captured,wallet,149.85,4.37,18.2,14.3,0.0,186.72,2026-08-21T12:05:30Z,2026-08-21T12:41:55Z,USD
pay_119849c5cce147fdb952,o_20260821_00008100,captured,apple_pay,87.64,3.62,7.2,6.51,0.0,104.97,2026-08-21T19:48:50Z,2026-08-21T20:42:16Z,USD
pay_8dfc974fefd6489586c9,o_20260821_00008101,captured,paypal,40.86,0.98,3.34,2.18,6.13,41.23,2026-08-21T20:04:47Z,2026-08-21T20:54:19Z,USD
pay_6b7d9335baae45dbb834,o_20260821_00008102,voided,card,75.78,2.54,8.4,6.24,0.0,92.96,2026-08-21T12:10:17Z,,USD
pay_c7778c6a6c1f40398dfc,o_20260821_00008103,captured,paypal,16.33,2.1,2.46,0.88,2.45,19.32,2026-08-21T18:33:04Z,2026-08-21T18:52:31Z,USD
pay_a18af55a3af4473d9feb,o_20260821_00008104,refunded,wallet,8.51,6.64,1.1,0.82,0.0,17.07,2026-08-21T08:07:35Z,,USD
pay_06f214ee992046b99fc5,o_20260821_00008105,refunded,card,81.66,0.99,7.87,6.37,0.0,96.89,2026-08-21T18:25:11Z,,USD
pay_81d18b4a83254814965e,o_20260821_00008106,captured,card,55.92,4.66,5.15,5.26,0.0,70.99,2026-08-21T18:49:16Z,2026-08-21T19:54:24Z,USD
pay_6fe80c3439b24dbba6b3,o_20260821_00008107,captured,card,130.14,3.97,17.2,8.13,0.0,159.44,2026-08-21T18:48:27Z,2026-08-21T19:38:08Z,USD
pay_6c936ede43a84751b0c2,o_20260821_00008108,captured,wallet,10.57,1.37,1.14,0.92,0.0,14.0,2026-08-21T11:43:07Z,2026-08-21T12:35:58Z,USD
pay_f8bbc6af6ec444a4af37,o_20260821_00008109,captured,paypal,49.35,1.88,4.08,4.21,7.4,52.12,2026-08-21T18:52:22Z,2026-08-21T19:33:59Z,USD
pay_54304e5f3c0b41f891e1,o_20260821_00008110,captured,card,7.46,5.41,0.97,0.72,0.0,14.56,2026-08-21T12:35:01Z,2026-08-21T13:22:54Z,USD
pay_6c857fe08e3d44b5b60c,o_20260821_00008111,voided,paypal,64.96,1.03,8.05,5.86,0.0,79.9,2026-08-21T20:30:50Z,,USD
pay_1d44d7974b8b4bfd8ff1,o_20260821_00008112,captured,card,156.72,0.97,22.98,15.82,0.0,196.49,2026-08-21T11:59:55Z,2026-08-21T13:05:04Z,USD
pay_9b1282099b0c4d10a100,o_20260821_00008113,captured,wallet,58.77,5.53,5.91,3.7,0.0,73.91,2026-08-21T13:24:48Z,2026-08-21T13:56:44Z,USD
pay_952e517c6e4445f8878f,o_20260821_00008114,captured,card,38.99,3.62,4.1,2.94,0.0,49.65,2026-08-21T12:39:21Z,2026-08-21T13:29:21Z,USD
pay_3ddd6137dd48431c8cad,o_20260821_00008115,voided,wallet,49.41,2.79,4.02,3.52,0.0,59.74,2026-08-21T13:26:38Z,,USD
pay_8fc06b94adcf4a5192f5,o_20260821_00008116,captured,paypal,67.69,5.56,8.13,5.35,0.0,86.73,2026-08-21T19:42:59Z,2026-08-21T20:23:36Z,USD
pay_9180123cbd754511816a,o_20260821_00008117,captured,apple_pay,21.44,3.08,2.48,1.52,0.0,28.52,2026-08-21T19:38:31Z,2026-08-21T20:36:42Z,USD
pay_bbe1ff64a2c6478ebeba,o_20260821_00008118,captured,card,55.3,3.21,5.7,4.6,0.0,68.81,2026-08-21T19:39:00Z,2026-08-21T20:09:41Z,USD
pay_d9e60afbe5564801b485,o_20260821_00008119,captured,paypal,55.8,0.86,8.16,4.32,2.79,66.35,2026-08-21T12:47:36Z,2026-08-21T13:27:37Z,USD
pay_04fe309d8db549328510,o_20260821_00008120,refunded,card,116.55,2.18,16.14,10.58,0.0,145.45,2026-08-21T18:20:23Z,,USD
pay_a6774bc01a1b4c1cadb3,o_20260821_00008121,captured,wallet,23.19,2.71,3.17,1.85,0.0,30.92,2026-08-21T08:40:29Z,2026-08-21T09:29:18Z,USD
pay_cd42a2a76d9d4d089d3e,o_20260821_00008122,captured,apple_pay,59.85,0.63,6.27,3.77,0.0,70.52,2026-08-21T13:48:43Z,2026-08-21T14:40:59Z,USD
pay_a65db58ffffc4dfc91ac,o_20260821_00008123,captured,wallet,111.0,6.18,14.95,10.05,0.0,142.18,2026-08-21T19:22:33Z,2026-08-21T20:26:28Z,USD
pay_76c0f470faa246e2b473,o_20260821_00008124,captured,apple_pay,72.12,1.53,7.32,5.85,0.0,86.82,2026-08-21T19:44:44Z,2026-08-21T20:25:08Z,USD
pay_5194be2ccbc4437a9c45,o_20260821_00008125,captured,paypal,69.08,1.45,8.31,4.28,6.91,76.21,2026-08-21T11:23:44Z,2026-08-21T11:56:17Z,USD
pay_5a5de2b40b99436e956c,o_20260821_00008126,refunded,card,106.54,6.26,9.36,7.3,0.0,129.46,2026-08-21T11:56:05Z,,USD
pay_18d08f86ef4e49689928,o_20260821_00008127,captured,paypal,110.44,6.8,14.19,9.3,5.52,135.21,2026-08-21T18:08:57Z,2026-08-21T18:44:50Z,USD
pay_59e4348891574ea3be76,o_20260821_00008128,captured,wallet,163.71,6.01,23.8,15.17,0.0,208.69,2026-08-21T11:30:03Z,2026-08-21T12:40:58Z,USD
pay_6284a2b9b4554193b659,o_20260821_00008129,captured,wallet,43.04,2.15,3.54,3.73,2.15,50.31,2026-08-21T12:46:17Z,2026-08-21T13:35:54Z,USD
pay_b4ca1b80f85f466090d5,o_20260821_00008130,captured,apple_pay,107.49,2.9,13.81,8.78,10.75,122.23,2026-08-21T08:45:01Z,2026-08-21T09:37:06Z,USD
pay_b0aa56d241fc4399a95c,o_20260821_00008131,captured,wallet,152.94,3.62,20.74,9.79,15.29,171.8,2026-08-21T19:41:13Z,2026-08-21T20:17:27Z,USD
pay_9fd4eda08c4540ccb3df,o_20260821_00008132,captured,apple_pay,65.46,6.47,5.71,5.34,6.55,76.43,2026-08-21T11:31:51Z,2026-08-21T12:27:43Z,USD
pay_70e9668320b44bb296a4,o_20260821_00008133,captured,wallet,52.73,1.73,6.33,3.62,0.0,64.41,2026-08-21T11:59:48Z,2026-08-21T12:50:06Z,USD
pay_5830ddd547cb47b6828b,o_20260821_00008134,captured,card,56.37,1.47,8.26,4.55,2.82,67.83,2026-08-21T11:27:07Z,2026-08-21T12:18:59Z,USD
pay_a723e58f8590483ba310,o_20260821_00008135,refunded,wallet,72.56,2.24,10.85,6.43,0.0,92.08,2026-08-21T08:25:27Z,,USD
pay_4d84d5b210c644638164,o_20260821_00008136,captured,card,61.44,1.78,5.05,4.15,0.0,72.42,2026-08-21T18:35:19Z,2026-08-21T19:29:39Z,USD
pay_68586972567140c1b1ca,o_20260821_00008137,captured,apple_pay,11.7,1.78,1.48,1.19,0.0,16.15,2026-08-21T13:50:39Z,2026-08-21T14:54:29Z,USD
pay_e4d239d087f740e5bdbd,o_20260821_00008138,captured,paypal,85.75,4.96,7.41,6.79,12.86,92.05,2026-08-21T11:31:05Z,2026-08-21T12:21:46Z,USD
pay_90dd79bf28314f978092,o_20260821_00008139,captured,wallet,16.36,1.0,1.7,1.18,0.82,19.42,2026-08-21T13:22:22Z,2026-08-21T14:14:07Z,USD
pay_830e1808ffc04827b30b,o_20260821_00008140,captured,paypal,62.69,3.1,9.85,6.13,0.0,81.77,2026-08-21T18:35:27Z,2026-08-21T19:26:04Z,USD
pay_be383efb2a3144f1a36b,o_20260821_00008141,captured,wallet,89.93,6.75,8.28,8.37,4.5,108.83,2026-08-21T12:31:37Z,2026-08-21T13:25:22Z,USD
pay_6a6bcdbb9ee1435d9cf5,o_20260821_00008142,refunded,wallet,65.79,5.74,7.65,5.01,3.29,80.9,2026-08-21T13:07:25Z,,USD
pay_c8c2b1db5b194f66be35,o_20260821_00008143,captured,card,9.72,6.85,0.84,0.64,0.49,17.56,2026-08-21T20:55:48Z,2026-08-21T21:38:51Z,USD
pay_430896c15b9546df95f6,o_20260821_00008144,captured,apple_pay,81.62,3.28,12.42,6.0,12.24,91.08,2026-08-21T18:01:51Z,2026-08-21T18:28:25Z,USD
pay_398737676aa94569a5e5,o_20260821_00008145,captured,card,60.62,5.53,6.52,5.67,3.03,75.31,2026-08-21T13:35:23Z,2026-08-21T14:03:25Z,USD
pay_a2cd77bd15594d658c97,o_20260821_00008146,captured,card,42.42,1.76,4.79,3.01,2.12,49.86,2026-08-21T18:04:09Z,2026-08-21T18:50:52Z,USD
pay_6155dc86537848849717,o_20260821_00008147,captured,apple_pay,24.36,0.82,3.44,1.65,3.65,26.62,2026-08-21T12:40:03Z,2026-08-21T13:17:38Z,USD
pay_1493c56373c0482996fe,o_20260821_00008148,captured,apple_pay,10.01,4.48,1.32,0.95,0.0,16.76,2026-08-21T20:20:51Z,2026-08-21T21:09:25Z,USD
pay_d4b407d190d24c2aa467,o_20260821_00008149,captured,wallet,113.2,4.96,18.02,11.17,0.0,147.35,2026-08-21T11:02:56Z,2026-08-21T11:57:51Z,USD
pay_05cc24b1e35742b1933f,o_20260821_00008150,captured,card,39.94,3.26,5.51,3.26,2.0,49.97,2026-08-21T19:43:05Z,2026-08-21T20:16:09Z,USD
pay_ee12d245d2e0422f8669,o_20260821_00008151,captured,card,110.98,2.37,9.25,8.43,0.0,131.03,2026-08-21T12:12:43Z,2026-08-21T12:57:19Z,USD
pay_6b585ef9616d4e129097,o_20260821_00008152,captured,wallet,79.14,1.79,9.39,6.41,0.0,96.73,2026-08-21T08:08:17Z,2026-08-21T09:09:39Z,USD
pay_74590e7ccdc84e07a016,o_20260821_00008153,captured,wallet,138.11,0.51,11.44,9.11,13.81,145.36,2026-08-21T19:59:35Z,2026-08-21T20:41:48Z,USD
pay_030a8951d9cc4efdb3c9,o_20260821_00008154,captured,apple_pay,54.96,3.23,7.71,4.24,5.5,64.64,2026-08-21T11:46:13Z,2026-08-21T12:34:19Z,USD
pay_e7eedffaf7d6400f9d37,o_20260821_00008155,captured,paypal,84.31,3.25,6.99,4.62,12.65,86.52,2026-08-21T18:34:54Z,2026-08-21T19:20:26Z,USD
pay_3d88fb2e6a434143bc83,o_20260821_00008156,captured,apple_pay,45.42,4.33,5.93,3.63,0.0,59.31,2026-08-21T19:08:45Z,2026-08-21T19:46:41Z,USD
pay_87a39cc4d38e48f78777,o_20260821_00008157,voided,wallet,31.81,2.92,3.62,3.17,0.0,41.52,2026-08-21T12:18:00Z,,USD
pay_b55abc074a9747c083d7,o_20260821_00008158,captured,card,60.24,1.61,5.52,4.08,6.02,65.43,2026-08-21T19:25:06Z,2026-08-21T20:10:40Z,USD
pay_4786eb434bd54dac9f38,o_20260821_00008159,captured,apple_pay,64.32,3.62,9.05,3.89,3.22,77.66,2026-08-21T20:37:41Z,2026-08-21T21:38:11Z,USD
pay_a690fd22de154accb09c,o_20260821_00008160,captured,apple_pay,16.56,3.24,1.68,1.31,0.83,21.96,2026-08-21T11:37:28Z,2026-08-21T12:18:21Z,USD
pay_17789817f91f40bb8271,o_20260821_00008161,captured,apple_pay,26.53,3.73,2.3,1.94,0.0,34.5,2026-08-21T11:59:49Z,2026-08-21T12:24:22Z,USD
pay_2774790897ea4c94b708,o_20260821_00008162,captured,card,103.75,4.23,12.6,7.03,0.0,127.61,2026-08-21T11:10:33Z,2026-08-21T12:19:09Z,USD
pay_ea02ba6b8ade4bd485bd,o_20260821_00008163,captured,paypal,99.18,2.67,9.96,8.51,0.0,120.32,2026-08-21T19:41:20Z,2026-08-21T20:24:10Z,USD
pay_ff374b517f404cbfa41a,o_20260821_00008164,captured,card,33.46,2.09,4.67,2.98,0.0,43.2,2026-08-21T12:44:17Z,2026-08-21T13:56:15Z,USD
pay_dae489479a804043937b,o_20260821_00008165,captured,wallet,78.87,2.77,6.49,7.52,0.0,95.65,2026-08-21T13:28:50Z,2026-08-21T14:15:16Z,USD
pay_4eddfa28b02c45c384ed,o_20260821_00008166,captured,apple_pay,7.46,5.17,1.07,0.41,1.12,12.99,2026-08-21T18:10:42Z,2026-08-21T18:47:02Z,USD
pay_5553a48fedd14e94b99e,o_20260821_00008167,captured,card,61.35,3.81,8.01,5.45,6.14,72.48,2026-08-21T18:49:52Z,2026-08-21T19:35:33Z,USD
pay_79c0403827774fab9f07,o_20260821_00008168,captured,paypal,18.64,6.13,2.4,1.37,2.8,25.74,2026-08-21T19:07:44Z,2026-08-21T19:32:33Z,USD
pay_384af1781b894890b6dc,o_20260821_00008169,captured,wallet,36.15,1.2,4.08,2.28,3.62,40.09,2026-08-21T19:27:49Z,2026-08-21T19:52:01Z,USD
pay_513b1fc3123a45f9965f,o_20260821_00008170,captured,card,87.0,3.5,10.01,5.26,4.35,101.42,2026-08-21T13:14:00Z,2026-08-21T14:31:17Z,USD
pay_3cbcac140e68483b9024,o_20260821_00008171,captured,card,90.52,0.98,9.54,6.52,0.0,107.56,2026-08-21T20:17:00Z,2026-08-21T20:48:43Z,USD
pay_ac4d26c936cb4d2ea189,o_20260821_00008172,captured,paypal,83.1,6.53,8.23,7.51,8.31,97.06,2026-08-21T20:18:20Z,2026-08-21T21:15:56Z,USD
pay_4130b913c59e4e359b8c,o_20260821_00008173,captured,wallet,48.99,5.54,5.93,3.97,0.0,64.43,2026-08-21T12:04:26Z,2026-08-21T12:50:14Z,USD
pay_3b9d2e005fc4478c962a,o_20260821_00008174,captured,apple_pay,35.53,3.77,3.6,2.45,0.0,45.35,2026-08-21T18:45:13Z,2026-08-21T19:27:14Z,USD
pay_5b1a0b1c767e472d9070,o_20260821_00008175,captured,card,21.87,4.64,2.75,1.4,2.19,28.47,2026-08-21T11:07:22Z,2026-08-21T11:48:38Z,USD
pay_0a772293d13a4e088dfe,o_20260821_00008176,captured,wallet,16.47,6.23,1.33,1.4,2.47,22.96,2026-08-21T18:33:12Z,2026-08-21T19:12:14Z,USD
pay_dafc61e154ec4000a6b5,o_20260821_00008177,captured,paypal,35.82,5.56,3.75,2.6,3.58,44.15,2026-08-21T08:24:50Z,2026-08-21T09:05:28Z,USD
pay_834c08b020da47d8bb97,o_20260821_00008178,captured,apple_pay,45.96,6.58,4.28,4.09,0.0,60.91,2026-08-21T20:36:00Z,2026-08-21T21:43:32Z,USD
pay_68a47b64383e421ab363,o_20260821_00008179,captured,card,94.49,6.59,13.67,6.65,9.45,111.95,2026-08-21T08:01:44Z,2026-08-21T08:29:50Z,USD
pay_460fb75ea9614c0f854a,o_20260821_00008180,captured,card,50.31,3.62,4.47,4.68,0.0,63.08,2026-08-21T19:13:53Z,2026-08-21T20:20:23Z,USD
pay_9491a8df4c5449e0b656,o_20260821_00008181,refunded,apple_pay,42.42,5.04,5.72,3.11,0.0,56.29,2026-08-21T19:43:54Z,,USD
pay_3f517a99322646669b0d,o_20260821_00008182,captured,paypal,109.48,4.84,15.82,7.09,0.0,137.23,2026-08-21T20:33:41Z,2026-08-21T21:05:14Z,USD
pay_72bda14d925e46f1adc4,o_20260821_00008183,captured,paypal,65.7,4.96,5.54,5.94,0.0,82.14,2026-08-21T19:54:00Z,2026-08-21T20:24:33Z,USD
pay_4e4e0c15f97e4a3f9510,o_20260821_00008184,captured,apple_pay,44.55,6.14,3.97,3.46,0.0,58.12,2026-08-21T18:24:58Z,2026-08-21T19:12:08Z,USD
pay_0ec28da50983440ab30d,o_20260821_00008185,captured,apple_pay,68.04,5.29,6.4,4.63,0.0,84.36,2026-08-21T18:15:56Z,2026-08-21T19:03:47Z,USD
pay_033f4fcdcb204f4ea2de,o_20260821_00008186,captured,wallet,54.4,5.83,6.97,4.79,0.0,71.99,2026-08-21T11:30:26Z,2026-08-21T12:00:12Z,USD
pay_e9897a17292d4aa0a2d1,o_20260821_00008187,captured,apple_pay,63.64,3.23,6.95,5.22,0.0,79.04,2026-08-21T11:47:21Z,2026-08-21T12:27:58Z,USD
pay_18ed742eb1f24ef8ad43,o_20260821_00008188,captured,card,82.48,5.43,8.85,6.1,0.0,102.86,2026-08-21T18:29:31Z,2026-08-21T19:29:11Z,USD
pay_373adcd4ee5f4fe1a2f0,o_20260821_00008189,refunded,apple_pay,35.53,1.31,3.7,2.25,1.78,41.01,2026-08-21T12:11:23Z,,USD
pay_14b6bbc4ba824180ba93,o_20260821_00008190,captured,paypal,43.87,1.97,4.24,3.35,0.0,53.43,2026-08-21T20:17:32Z,2026-08-21T21:05:13Z,USD
pay_dad0f980944c4c2792e3,o_20260821_00008191,captured,card,140.34,2.24,18.17,9.16,14.03,155.88,2026-08-21T12:38:52Z,2026-08-21T13:34:48Z,USD
pay_6dab296dad6841149d22,o_20260821_00008192,captured,apple_pay,72.66,2.65,11.61,5.22,0.0,92.14,2026-08-21T13:34:42Z,2026-08-21T14:17:03Z,USD
pay_0c2d5df2893243a8a2ec,o_20260821_00008193,captured,apple_pay,114.52,2.35,14.02,7.97,17.18,121.68,2026-08-21T18:35:36Z,2026-08-21T19:14:28Z,USD
pay_9624a03b28f641bb810d,o_20260821_00008194,captured,card,11.06,6.78,1.11,0.84,0.0,19.79,2026-08-21T18:41:50Z,2026-08-21T19:12:37Z,USD
pay_35caa77271ee4f9c9e4d,o_20260821_00008195,captured,paypal,105.0,6.79,13.83,8.18,15.75,118.05,2026-08-21T12:26:55Z,2026-08-21T13:21:41Z,USD
pay_3cacf24cfbbf4845b692,o_20260821_00008196,captured,wallet,112.88,5.61,13.46,9.04,11.29,129.7,2026-08-21T20:28:38Z,2026-08-21T21:23:21Z,USD
pay_b92d7a77b3dc43c19079,o_20260821_00008197,captured,card,100.83,5.84,14.72,9.78,0.0,131.17,2026-08-21T12:30:09Z,2026-08-21T12:59:45Z,USD
pay_ee635af9709f4aa1bdf1,o_20260821_00008198,captured,apple_pay,48.8,4.17,6.9,3.33,0.0,63.2,2026-08-21T13:54:18Z,2026-08-21T14:52:26Z,USD
pay_b840455120994ba0837e,o_20260821_00008199,captured,card,62.88,5.41,5.47,4.87,0.0,78.63,2026-08-21T20:35:18Z,2026-08-21T21:27:03Z,USD
pay_d0e01565789b4669a89d,o_20260821_00008200,captured,apple_pay,84.12,3.18,10.77,5.71,0.0,103.78,2026-08-21T11:22:20Z,2026-08-21T12:02:47Z,USD
pay_95d8354a919a4952b89a,o_20260821_00008201,captured,paypal,54.48,0.62,8.58,4.58,5.45,62.81,2026-08-21T19:16:07Z,2026-08-21T19:33:57Z,USD
pay_24fa6d06bcce472aa388,o_20260821_00008202,captured,paypal,88.23,4.09,11.59,8.95,0.0,112.86,2026-08-21T18:52:13Z,2026-08-21T19:32:47Z,USD
pay_0e5ae602e96e4b8b8007,o_20260821_00008203,captured,wallet,42.38,2.98,4.69,3.27,0.0,53.32,2026-08-21T18:20:02Z,2026-08-21T19:00:57Z,USD
pay_971f1a888fcd484fb11f,o_20260821_00008204,captured,card,62.41,6.87,7.32,4.32,6.24,74.68,2026-08-21T18:09:41Z,2026-08-21T18:57:40Z,USD
pay_9a6791deb9db4c8f83d0,o_20260821_00008205,captured,apple_pay,13.98,3.43,1.18,1.11,0.0,19.7,2026-08-21T20:01:58Z,2026-08-21T20:43:43Z,USD
pay_49f4b73f407447df89a5,o_20260821_00008206,captured,apple_pay,18.86,2.8,2.39,1.63,0.94,24.74,2026-08-21T08:26:02Z,2026-08-21T09:22:20Z,USD
pay_e18c23d80fbb4614901a,o_20260821_00008207,captured,apple_pay,9.29,1.98,0.77,0.76,0.0,12.8,2026-08-21T20:52:50Z,2026-08-21T21:18:36Z,USD
pay_066fc539dbcf485ba7b5,o_20260821_00008208,captured,card,42.62,6.72,6.8,3.31,6.39,53.06,2026-08-21T11:22:06Z,2026-08-21T12:15:57Z,USD
pay_c502b2c04d5f435faf6e,o_20260821_00008209,captured,paypal,18.64,1.15,2.95,1.17,0.93,22.98,2026-08-21T19:44:11Z,2026-08-21T20:34:53Z,USD
pay_10e7de6709a140d89291,o_20260821_00008210,captured,wallet,54.36,3.61,7.81,4.4,0.0,70.18,2026-08-21T12:24:37Z,2026-08-21T13:18:04Z,USD
pay_cf8dcfb458d74ba9b6a5,o_20260821_00008211,captured,card,152.98,4.68,22.86,9.76,0.0,190.28,2026-08-21T18:22:06Z,2026-08-21T19:13:38Z,USD
pay_f891dc56023147798bec,o_20260821_00008212,captured,wallet,47.73,5.39,7.13,3.82,4.77,59.3,2026-08-21T13:03:24Z,2026-08-21T13:59:07Z,USD
pay_f4150bda8d494e0ba577,o_20260821_00008213,captured,paypal,23.78,3.52,2.26,1.55,1.19,29.92,2026-08-21T11:59:02Z,2026-08-21T12:57:37Z,USD
pay_1e0799e90831453bae8a,o_20260821_00008214,captured,apple_pay,56.07,2.24,6.11,3.87,0.0,68.29,2026-08-21T18:54:33Z,2026-08-21T19:51:18Z,USD
pay_9e3801600404443d9534,o_20260821_00008215,captured,wallet,55.0,2.0,7.74,3.54,5.5,62.78,2026-08-21T12:48:25Z,2026-08-21T13:20:01Z,USD
pay_7a4e4d9e57844622a30b,o_20260821_00008216,refunded,wallet,45.16,5.24,5.9,3.1,0.0,59.4,2026-08-21T19:33:49Z,,USD
pay_d2b0dca0c60b4c438d67,o_20260821_00008217,refunded,wallet,14.49,6.33,2.08,1.19,0.0,24.09,2026-08-21T19:17:15Z,,USD
pay_af48966910ba404b9fd2,o_20260821_00008218,captured,wallet,155.46,4.13,15.3,10.44,7.77,177.56,2026-08-21T19:42:57Z,2026-08-21T20:09:45Z,USD
pay_6dbfb1b9366b40e0a207,o_20260821_00008219,captured,card,50.42,6.65,4.12,4.42,0.0,65.61,2026-08-21T18:27:12Z,2026-08-21T19:34:04Z,USD
pay_a62f3d7232594e42ab20,o_20260821_00008220,captured,card,78.92,4.29,8.99,6.25,7.89,90.56,2026-08-21T18:29:53Z,2026-08-21T19:22:33Z,USD
pay_8aa6871aeb39472d87e2,o_20260821_00008221,captured,apple_pay,40.55,4.19,6.43,4.14,0.0,55.31,2026-08-21T19:58:53Z,2026-08-21T20:30:57Z,USD
pay_70ea03df10b348988910,o_20260821_00008222,captured,paypal,22.78,1.48,2.66,1.68,3.42,25.18,2026-08-21T11:12:09Z,2026-08-21T12:01:16Z,USD
pay_7fc03e6931af4c3885e3,o_20260821_00008223,captured,paypal,16.7,4.05,2.37,1.16,0.0,24.28,2026-08-21T11:17:19Z,2026-08-21T11:39:19Z,USD
pay_8866e30eec0b447f9dac,o_20260821_00008224,captured,apple_pay,45.96,2.19,6.27,3.58,0.0,58.0,2026-08-21T18:26:09Z,2026-08-21T19:28:59Z,USD
pay_a4b19718f3b143159dd9,o_20260821_00008225,captured,paypal,123.33,5.67,17.71,12.23,0.0,158.94,2026-08-21T19:23:59Z,2026-08-21T20:13:22Z,USD
pay_cc06816cf3044e37b7b7,o_20260821_00008226,captured,apple_pay,79.78,1.57,11.99,6.78,3.99,96.13,2026-08-21T12:10:14Z,2026-08-21T13:01:11Z,USD
pay_7dda4c2088ff44cb9da2,o_20260821_00008227,captured,wallet,31.7,4.69,3.07,2.1,4.75,36.81,2026-08-21T20:42:54Z,2026-08-21T21:24:27Z,USD
pay_a7a3059141cd4f538e24,o_20260821_00008228,captured,wallet,61.35,2.17,7.74,4.44,0.0,75.7,2026-08-21T11:13:20Z,2026-08-21T11:57:34Z,USD
pay_c706b692cf7b464580e3,o_20260821_00008229,captured,wallet,100.24,6.27,10.08,6.63,10.02,113.2,2026-08-21T18:13:25Z,2026-08-21T18:33:34Z,USD
pay_91bcb79b589d482099ed,o_20260821_00008230,captured,paypal,82.98,5.71,6.95,5.08,0.0,100.72,2026-08-21T11:35:07Z,2026-08-21T11:58:40Z,USD
pay_9dde7dc3b93e478a8534,o_20260821_00008231,captured,wallet,90.33,1.17,8.2,5.56,0.0,105.26,2026-08-21T18:38:18Z,2026-08-21T19:48:50Z,USD
pay_e5ebb212ceb04938b78f,o_20260821_00008232,captured,apple_pay,43.8,2.89,6.41,3.91,2.19,54.82,2026-08-21T18:25:48Z,2026-08-21T18:59:23Z,USD
pay_aa4762b61700423d9c35,o_20260821_00008233,captured,apple_pay,27.66,3.63,3.83,2.4,0.0,37.52,2026-08-21T20:39:10Z,2026-08-21T21:22:59Z,USD
pay_9b71e2a01a094cafb9d0,o_20260821_00008234,captured,wallet,40.98,3.62,4.55,2.97,2.05,50.07,2026-08-21T11:52:13Z,2026-08-21T12:41:07Z,USD
pay_383d243fee0844e6a51c,o_20260821_00008235,captured,wallet,37.61,3.36,4.8,2.77,0.0,48.54,2026-08-21T19:30:23Z,2026-08-21T20:10:12Z,USD
pay_330ab3ee6efb4c3eb747,o_20260821_00008236,captured,wallet,40.68,5.2,4.69,3.8,2.03,52.34,2026-08-21T11:10:26Z,2026-08-21T11:51:50Z,USD
pay_85d20f487dfe47efae9e,o_20260821_00008237,captured,wallet,55.8,4.37,6.6,4.43,0.0,71.2,2026-08-21T19:00:19Z,2026-08-21T19:58:12Z,USD
pay_7273a6ab80e54ef18e06,o_20260821_00008238,refunded,paypal,104.75,2.95,8.99,9.23,10.48,115.44,2026-08-21T19:15:16Z,,USD
pay_eedf2435d52146a7ac05,o_20260821_00008239,captured,apple_pay,36.34,4.57,3.53,2.39,0.0,46.83,2026-08-21T11:10:45Z,2026-08-21T11:41:19Z,USD
pay_444cfc16608f4375bdbb,o_20260821_00008240,captured,card,115.88,2.01,12.04,8.85,5.79,132.99,2026-08-21T11:28:19Z,2026-08-21T11:59:40Z,USD
pay_113c196d81224e6d83af,o_20260821_00008241,captured,card,91.04,1.13,12.25,5.76,0.0,110.18,2026-08-21T18:49:43Z,2026-08-21T19:32:03Z,USD
pay_6179b3e8cb3c47569c9a,o_20260821_00008242,captured,wallet,44.79,6.12,3.8,3.48,6.72,51.47,2026-08-21T11:36:21Z,2026-08-21T12:42:17Z,USD
pay_6d068b632f9d4ad793ad,o_20260821_00008243,captured,card,68.13,0.92,6.08,4.22,3.41,75.94,2026-08-21T13:14:41Z,2026-08-21T13:45:47Z,USD
pay_b7f44cee56d34ce594d9,o_20260821_00008244,captured,paypal,52.75,2.3,4.77,3.74,5.28,58.28,2026-08-21T08:26:20Z,2026-08-21T09:01:25Z,USD
pay_0ed95d97f98841db901e,o_20260821_00008245,captured,paypal,50.19,0.68,6.48,4.76,0.0,62.11,2026-08-21T13:23:39Z,2026-08-21T13:52:44Z,USD
pay_0c69c13c3cf048afba40,o_20260821_00008246,captured,wallet,90.3,5.59,13.2,4.97,13.54,100.52,2026-08-21T11:19:38Z,2026-08-21T12:23:49Z,USD
pay_2de79ad59b054a7491ec,o_20260821_00008247,captured,apple_pay,83.58,0.85,8.33,6.91,12.54,87.13,2026-08-21T19:12:01Z,2026-08-21T20:16:16Z,USD
pay_73536e6e72314c59860f,o_20260821_00008248,captured,apple_pay,91.68,0.71,10.81,6.87,13.75,96.32,2026-08-21T18:06:30Z,2026-08-21T19:09:57Z,USD
pay_5ee1ba012ab74af0b0b1,o_20260821_00008249,captured,wallet,94.48,2.86,13.33,5.41,14.17,101.91,2026-08-21T18:19:54Z,2026-08-21T18:58:33Z,USD
pay_1dfe97472cca471f8cc1,o_20260821_00008250,captured,wallet,97.53,6.92,14.92,7.2,14.63,111.94,2026-08-21T12:00:41Z,2026-08-21T12:44:23Z,USD
pay_9ca12a219eb74b029b4a,o_20260821_00008251,captured,paypal,25.28,2.04,2.61,1.9,0.0,31.83,2026-08-21T12:06:39Z,2026-08-21T12:52:37Z,USD
pay_56cf9eb012a346e6ba88,o_20260821_00008252,captured,paypal,71.48,2.64,9.03,6.53,3.57,86.11,2026-08-21T12:20:34Z,2026-08-21T13:15:28Z,USD
pay_6012b7559f464e18b6e9,o_20260821_00008253,refunded,wallet,8.51,5.38,0.94,0.76,0.0,15.59,2026-08-21T11:39:52Z,,USD
pay_2500fdf595ae44549082,o_20260821_00008254,captured,wallet,69.48,4.8,6.02,4.69,0.0,84.99,2026-08-21T12:33:02Z,2026-08-21T13:17:55Z,USD
pay_12506beacecb432486b6,o_20260821_00008255,captured,wallet,70.64,0.7,8.85,6.25,0.0,86.44,2026-08-21T20:32:07Z,2026-08-21T21:12:11Z,USD
pay_13fb92e9e93e4b13baa7,o_20260821_00008256,captured,apple_pay,87.0,5.5,9.39,6.1,4.35,103.64,2026-08-21T12:09:07Z,2026-08-21T12:50:02Z,USD
pay_53368e8ca7104fd6bd75,o_20260821_00008257,captured,paypal,31.5,6.83,3.7,2.18,3.15,41.06,2026-08-21T19:58:13Z,2026-08-21T20:47:47Z,USD
pay_dc20732f159245beb745,o_20260821_00008258,captured,wallet,54.77,1.51,5.31,4.71,5.48,60.82,2026-08-21T19:58:54Z,2026-08-21T20:49:47Z,USD
pay_17fa8e5f74a74db980b3,o_20260821_00008259,captured,paypal,87.29,6.02,13.03,8.62,0.0,114.96,2026-08-21T12:00:15Z,2026-08-21T12:29:49Z,USD
pay_52399e0f173d4ff9b338,o_20260821_00008260,captured,wallet,40.36,1.54,6.13,3.16,0.0,51.19,2026-08-21T18:53:14Z,2026-08-21T19:44:25Z,USD
pay_26d8e726807547728c0e,o_20260821_00008261,captured,wallet,53.94,1.97,5.79,4.22,8.09,57.83,2026-08-21T11:58:26Z,2026-08-21T13:12:59Z,USD
pay_960332ce1c1c420d9e76,o_20260821_00008262,captured,card,160.36,2.65,24.92,15.74,0.0,203.67,2026-08-21T18:17:09Z,2026-08-21T18:49:06Z,USD
pay_db95ceef418f4f299ca8,o_20260821_00008263,captured,wallet,116.22,4.42,12.79,7.81,0.0,141.24,2026-08-21T19:40:24Z,2026-08-21T20:07:47Z,USD
pay_450f38eaa6ed437eac27,o_20260821_00008264,captured,paypal,151.29,4.08,21.4,14.83,0.0,191.6,2026-08-21T11:02:14Z,2026-08-21T12:04:51Z,USD
pay_e3c27be318af4b40b113,o_20260821_00008265,voided,apple_pay,37.61,2.78,5.46,3.33,0.0,49.18,2026-08-21T19:41:56Z,,USD
pay_5a597321a73a40a5a962,o_20260821_00008266,captured,wallet,94.32,5.62,14.43,6.35,9.43,111.29,2026-08-21T13:43:38Z,2026-08-21T14:38:38Z,USD
pay_0a192adfcfe349f9a005,o_20260821_00008267,captured,card,18.79,6.66,1.55,1.37,0.0,28.37,2026-08-21T20:06:08Z,2026-08-21T21:03:45Z,USD
pay_cf02345c089248abbbe5,o_20260821_00008268,refunded,paypal,14.93,1.22,1.68,1.35,1.49,17.69,2026-08-21T12:33:48Z,,USD
pay_3b1b414b90a843ea939b,o_20260821_00008269,captured,wallet,77.32,5.64,9.28,6.7,11.6,87.34,2026-08-21T12:33:16Z,2026-08-21T13:25:50Z,USD
pay_c3b4b7be657e4355b791,o_20260821_00008270,captured,paypal,34.4,5.23,3.94,3.06,3.44,43.19,2026-08-21T18:33:16Z,2026-08-21T18:59:30Z,USD
pay_abf01d0d3afe4a0a8736,o_20260821_00008271,captured,paypal,14.49,0.94,1.75,1.15,2.17,16.16,2026-08-21T19:32:21Z,2026-08-21T20:26:40Z,USD
pay_d6ea05d2eadf47b9b7b6,o_20260821_00008272,captured,card,37.98,3.97,5.62,3.24,0.0,50.81,2026-08-21T08:07:25Z,2026-08-21T09:00:30Z,USD
pay_e9c78d95e7c9458d8ad9,o_20260821_00008273,voided,card,70.31,4.99,9.45,4.96,0.0,89.71,2026-08-21T11:47:25Z,,USD
pay_abc9160400714a97b15c,o_20260821_00008274,captured,paypal,13.44,2.48,1.52,1.1,2.02,16.52,2026-08-21T11:23:26Z,2026-08-21T12:02:56Z,USD
pay_530f1fc549514c668016,o_20260821_00008275,captured,wallet,108.27,3.76,10.67,6.46,16.24,112.92,2026-08-21T12:38:48Z,2026-08-21T13:17:32Z,USD
pay_92dd24dff4c54f41ba5a,o_20260821_00008276,captured,card,23.58,1.91,3.49,1.63,3.54,27.07,2026-08-21T11:54:06Z,2026-08-21T12:32:46Z,USD
pay_1b2b9076568b45deb390,o_20260821_00008277,captured,wallet,19.4,6.55,2.99,1.11,1.94,28.11,2026-08-21T13:28:51Z,2026-08-21T14:41:32Z,USD
pay_8031f655d6f7406bb6f9,o_20260821_00008278,captured,apple_pay,32.67,5.86,3.29,2.39,0.0,44.21,2026-08-21T13:40:14Z,2026-08-21T14:40:09Z,USD
pay_1cbc37e1113e40baa6a5,o_20260821_00008279,captured,paypal,122.14,4.5,17.1,11.66,0.0,155.4,2026-08-21T12:42:32Z,2026-08-21T13:15:23Z,USD
pay_89c46259a2b344f9bcac,o_20260821_00008280,captured,paypal,101.19,4.06,12.59,10.13,0.0,127.97,2026-08-21T19:07:43Z,2026-08-21T19:44:42Z,USD
pay_e9a042c2bba547fea65d,o_20260821_00008281,captured,paypal,48.64,0.64,4.44,3.54,4.86,52.4,2026-08-21T12:46:21Z,2026-08-21T13:41:05Z,USD
pay_1501a877ee83403283b8,o_20260821_00008282,captured,apple_pay,57.04,4.49,8.84,5.75,0.0,76.12,2026-08-21T20:23:13Z,2026-08-21T21:04:38Z,USD
pay_545f8914105444abb287,o_20260821_00008283,captured,apple_pay,110.91,1.93,10.26,11.15,0.0,134.25,2026-08-21T12:57:27Z,2026-08-21T14:04:56Z,USD
pay_57717e804e0e4174a169,o_20260821_00008284,captured,paypal,80.08,3.59,9.6,5.11,0.0,98.38,2026-08-21T19:28:24Z,2026-08-21T20:19:41Z,USD
pay_5ecb25b892d9416383ed,o_20260821_00008285,captured,paypal,38.52,1.0,4.27,3.21,5.78,41.22,2026-08-21T11:49:28Z,2026-08-21T12:52:11Z,USD
pay_1a287539f0524a95aa16,o_20260821_00008286,refunded,wallet,20.43,1.77,1.64,1.85,0.0,25.69,2026-08-21T20:28:11Z,,USD
pay_277c611bacf04ba9b82b,o_20260821_00008287,captured,paypal,70.3,3.01,9.5,5.53,0.0,88.34,2026-08-21T19:07:54Z,2026-08-21T19:48:48Z,USD
pay_56d31ab2dfe440a987ce,o_20260821_00008288,voided,card,104.4,3.14,11.98,9.22,10.44,118.3,2026-08-21T20:34:14Z,,USD
pay_868403d6ee2a4d988185,o_20260821_00008289,captured,apple_pay,136.16,3.82,18.13,11.26,0.0,169.37,2026-08-21T12:36:06Z,2026-08-21T13:14:52Z,USD
pay_e169ed379b00482593bc,o_20260821_00008290,captured,wallet,101.91,5.18,15.39,6.82,10.19,119.11,2026-08-21T18:35:46Z,2026-08-21T19:22:32Z,USD
pay_79ac96c845b34390ba19,o_20260821_00008291,captured,apple_pay,7.46,4.21,0.96,0.48,1.12,11.99,2026-08-21T18:51:13Z,2026-08-21T20:03:54Z,USD
pay_227f325d420e4accad1c,o_20260821_00008292,captured,card,47.25,4.57,6.72,4.7,0.0,63.24,2026-08-21T11:14:28Z,2026-08-21T11:53:52Z,USD
pay_962c59efc808439f8251,o_20260821_00008293,captured,paypal,126.47,2.58,12.52,10.12,12.65,139.04,2026-08-21T14:00:19Z,2026-08-21T14:39:41Z,USD
pay_e289a6d95edd470dbda2,o_20260821_00008294,captured,wallet,11.7,4.03,1.08,1.0,0.0,17.81,2026-08-21T18:12:23Z,2026-08-21T19:20:22Z,USD
pay_9d7ab9f5301146ca9a7c,o_20260821_00008295,captured,paypal,38.91,0.7,6.16,2.28,5.84,42.21,2026-08-21T19:20:53Z,2026-08-21T20:10:25Z,USD
pay_4f2821f93ca848bf8871,o_20260821_00008296,captured,wallet,58.48,1.6,6.55,3.73,0.0,70.36,2026-08-21T12:53:33Z,2026-08-21T13:24:11Z,USD
pay_d0a26ced08d444749672,o_20260821_00008297,voided,card,42.78,4.59,5.76,3.52,4.28,52.37,2026-08-21T08:09:59Z,,USD
pay_75da80b7fd584dbf8df5,o_20260821_00008298,captured,wallet,39.63,6.26,4.47,2.93,5.94,47.35,2026-08-21T11:24:19Z,2026-08-21T12:10:37Z,USD
pay_44e9f421ffc5467fa246,o_20260821_00008299,voided,apple_pay,104.5,2.18,15.35,9.22,5.23,126.02,2026-08-21T12:20:47Z,,USD
pay_9c83eaa43b8c4262a0ea,o_20260821_00008300,captured,wallet,140.02,3.1,13.84,10.76,21.0,146.72,2026-08-21T12:23:57Z,2026-08-21T13:03:41Z,USD
pay_59e5bda720e7473e8ac8,o_20260821_00008301,captured,wallet,128.8,1.86,11.29,7.9,0.0,149.85,2026-08-21T18:37:13Z,2026-08-21T19:11:50Z,USD
pay_7f86afca3f81495eb9f4,o_20260821_00008302,captured,apple_pay,95.83,4.76,11.24,7.94,0.0,119.77,2026-08-21T18:45:14Z,2026-08-21T19:29:09Z,USD
pay_23d0af84c03541b99ce9,o_20260821_00008303,captured,card,119.34,3.58,15.37,6.9,5.97,139.22,2026-08-21T12:43:34Z,2026-08-21T13:33:09Z,USD
pay_e58e1b7ba2c8473691a5,o_20260821_00008304,refunded,card,53.05,0.87,6.67,3.64,0.0,64.23,2026-08-21T12:40:56Z,,USD
pay_118502b5649c47a1bb87,o_20260821_00008305,captured,paypal,69.74,2.81,7.24,3.82,6.97,76.64,2026-08-21T13:41:55Z,2026-08-21T13:55:22Z,USD
pay_d89455e1a0174a369c71,o_20260821_00008306,captured,wallet,93.61,4.79,8.03,6.01,9.36,103.08,2026-08-21T19:24:07Z,2026-08-21T20:09:46Z,USD
pay_0460eb2ed8dd49329921,o_20260821_00008307,captured,apple_pay,88.93,4.97,13.48,7.47,8.89,105.96,2026-08-21T19:08:48Z,2026-08-21T19:35:15Z,USD
pay_efe2c3c84b7b469e8b50,o_20260821_00008308,captured,paypal,90.93,3.05,8.54,5.84,4.55,103.81,2026-08-21T13:10:05Z,2026-08-21T13:50:23Z,USD
pay_f1baf428469f49daa712,o_20260821_00008309,captured,wallet,49.67,1.29,5.89,4.5,4.97,56.38,2026-08-21T13:39:02Z,2026-08-21T14:22:47Z,USD
pay_d16983f2094440a1aafb,o_20260821_00008310,captured,paypal,24.88,1.22,3.82,1.76,2.49,29.19,2026-08-21T12:15:49Z,2026-08-21T12:56:47Z,USD
pay_fd707f45e53742cfb884,o_20260821_00008311,refunded,wallet,62.95,2.0,6.03,4.44,0.0,75.42,2026-08-21T12:17:20Z,,USD
pay_88736ecf44794306bbca,o_20260821_00008312,refunded,paypal,69.71,2.19,8.13,6.02,0.0,86.05,2026-08-21T12:41:31Z,,USD
pay_8a36ad378e0a46968cb1,o_20260821_00008313,voided,wallet,23.31,0.96,2.09,1.52,0.0,27.88,2026-08-21T08:39:03Z,,USD
pay_90a538f7db7947b8ad68,o_20260821_00008314,captured,wallet,19.43,4.12,2.69,1.79,0.0,28.03,2026-08-21T13:05:12Z,2026-08-21T14:16:24Z,USD
pay_7ffbecf4c0b94126b7a4,o_20260821_00008315,voided,card,68.13,2.01,8.49,6.69,0.0,85.32,2026-08-21T11:28:06Z,,USD
pay_debd2ccc3a3044ffb4b6,o_20260821_00008316,captured,card,18.64,1.13,2.55,1.46,0.0,23.78,2026-08-21T18:43:17Z,2026-08-21T19:20:07Z,USD
pay_91b760635d8740b78ddf,o_20260821_00008317,captured,wallet,50.95,3.66,6.5,3.05,5.1,59.06,2026-08-21T19:55:11Z,2026-08-21T20:50:44Z,USD
pay_d6be742a42b84ddcbc30,o_20260821_00008318,captured,wallet,104.69,5.6,11.89,9.14,0.0,131.32,2026-08-21T12:25:35Z,2026-08-21T13:00:06Z,USD
pay_c9294180aecd49a8b97b,o_20260821_00008319,captured,apple_pay,56.94,6.08,8.24,4.4,2.85,72.81,2026-08-21T11:39:01Z,2026-08-21T12:24:13Z,USD
pay_b05ebb43b46245ea900b,o_20260821_00008320,captured,card,81.29,1.62,7.51,5.87,4.06,92.23,2026-08-21T19:01:54Z,2026-08-21T19:34:23Z,USD
pay_3c1002872a904af98e7c,o_20260821_00008321,captured,apple_pay,59.24,2.04,8.8,4.28,0.0,74.36,2026-08-21T12:36:22Z,2026-08-21T13:28:51Z,USD
pay_0fbeac5a241049ef88bc,o_20260821_00008322,captured,wallet,62.39,6.28,5.13,4.94,0.0,78.74,2026-08-21T19:40:12Z,2026-08-21T20:29:15Z,USD
pay_8723d1e54a374b9fa977,o_20260821_00008323,captured,paypal,90.16,6.33,9.61,8.2,4.51,109.79,2026-08-21T12:25:21Z,2026-08-21T13:26:27Z,USD
pay_2666092deca5427a9d2b,o_20260821_00008324,captured,paypal,58.2,5.49,6.04,5.63,2.91,72.45,2026-08-21T19:53:38Z,2026-08-21T20:31:01Z,USD
pay_3314556a430c4bb7a9ec,o_20260821_00008325,captured,apple_pay,61.13,2.83,6.73,4.83,0.0,75.52,2026-08-21T11:10:23Z,2026-08-21T12:04:21Z,USD
pay_3abe6bb6ab5e47e790cc,o_20260821_00008326,captured,wallet,42.94,6.19,4.29,3.4,0.0,56.82,2026-08-21T19:39:43Z,2026-08-21T20:14:28Z,USD
pay_4a062610d55446c98dcc,o_20260821_00008327,captured,apple_pay,63.9,2.68,5.46,5.67,3.2,74.51,2026-08-21T13:23:20Z,2026-08-21T14:00:06Z,USD
pay_68b6b3fccf764bd3850e,o_20260821_00008328,refunded,wallet,85.3,5.99,13.34,6.34,0.0,110.97,2026-08-21T20:29:21Z,,USD
pay_cde6a0a1479e4a879525,o_20260821_00008329,captured,wallet,86.78,0.7,11.45,6.91,4.34,101.5,2026-08-21T12:00:34Z,2026-08-21T12:42:21Z,USD
pay_7ecd797da6b344849870,o_20260821_00008330,captured,wallet,35.25,1.2,5.0,2.5,5.29,38.66,2026-08-21T08:56:13Z,2026-08-21T09:52:09Z,USD
pay_8522dd626e1d43b19690,o_20260821_00008331,captured,apple_pay,159.54,2.76,19.73,9.77,23.93,167.87,2026-08-21T18:34:41Z,2026-08-21T19:32:14Z,USD
pay_cbbc81255d6e44a58159,o_20260821_00008332,captured,wallet,14.75,4.54,1.22,1.18,0.0,21.69,2026-08-21T08:43:39Z,2026-08-21T09:32:25Z,USD
pay_4b484d5993384f7f8163,o_20260821_00008333,captured,wallet,85.7,5.58,11.37,5.22,4.29,103.58,2026-08-21T11:51:30Z,2026-08-21T12:35:18Z,USD
pay_2c2fc6139aa348889416,o_20260821_00008334,captured,wallet,10.48,0.72,1.33,0.79,1.05,12.27,2026-08-21T12:45:23Z,2026-08-21T13:24:23Z,USD
pay_eba362a621ac4927822d,o_20260821_00008335,refunded,paypal,55.84,0.95,6.88,3.64,5.58,61.73,2026-08-21T19:17:03Z,,USD
pay_6d98d1b3a47142aaacac,o_20260821_00008336,captured,wallet,25.29,3.33,3.47,2.15,0.0,34.24,2026-08-21T11:56:59Z,2026-08-21T12:20:42Z,USD
pay_3d41cd35424a43059d21,o_20260821_00008337,voided,apple_pay,92.84,0.93,10.63,7.73,13.93,98.2,2026-08-21T19:00:49Z,,USD
pay_8faa5cfe7897429fba3e,o_20260821_00008338,captured,card,14.8,2.14,2.13,1.16,2.22,18.01,2026-08-21T20:40:32Z,2026-08-21T21:45:56Z,USD
pay_42da3605f453465494a6,o_20260821_00008339,captured,apple_pay,75.58,6.89,10.37,4.25,11.34,85.75,2026-08-21T11:58:26Z,2026-08-21T12:49:32Z,USD
pay_2dd37cfba5154cafa273,o_20260821_00008340,captured,paypal,38.81,4.0,4.35,3.08,0.0,50.24,2026-08-21T12:37:52Z,2026-08-21T13:31:07Z,USD
pay_ccf1a4ddf8174c6a9995,o_20260821_00008341,captured,apple_pay,28.71,5.22,3.78,2.66,0.0,40.37,2026-08-21T18:58:11Z,2026-08-21T20:05:27Z,USD
pay_4fd0e870f20b4ef290ae,o_20260821_00008342,captured,paypal,59.47,6.28,5.27,6.07,0.0,77.09,2026-08-21T12:58:15Z,2026-08-21T14:02:35Z,USD
pay_b24c93b7d2a842d7ba2e,o_20260821_00008343,captured,paypal,39.89,1.7,3.51,3.17,0.0,48.27,2026-08-21T19:41:43Z,2026-08-21T20:14:37Z,USD
pay_3baaa231428c47a69a46,o_20260821_00008344,captured,apple_pay,19.44,3.04,2.16,1.62,2.92,23.34,2026-08-21T19:13:57Z,2026-08-21T20:07:19Z,USD
pay_a6814b25fb064e429719,o_20260821_00008345,captured,card,73.86,6.28,6.78,5.15,0.0,92.07,2026-08-21T12:25:31Z,2026-08-21T13:17:08Z,USD
pay_a2629755da5243b796fc,o_20260821_00008346,captured,card,57.98,0.5,7.51,5.94,0.0,71.93,2026-08-21T19:42:07Z,2026-08-21T20:30:47Z,USD
pay_cbc78ece3f0c4b2faf73,o_20260821_00008347,captured,wallet,71.94,4.92,10.44,7.14,0.0,94.44,2026-08-21T19:13:38Z,2026-08-21T19:55:16Z,USD
pay_d5cd442361ba489b9f90,o_20260821_00008348,captured,paypal,51.58,2.33,7.1,4.94,0.0,65.95,2026-08-21T20:57:00Z,2026-08-21T21:55:30Z,USD
pay_05880e1892e9451ead6e,o_20260821_00008349,captured,card,101.74,2.44,10.4,9.08,5.09,118.57,2026-08-21T12:38:59Z,2026-08-21T13:26:05Z,USD
pay_8eddd483974743c4acaa,o_20260821_00008350,captured,apple_pay,40.58,6.4,6.37,2.74,0.0,56.09,2026-08-21T13:23:07Z,2026-08-21T14:19:57Z,USD
pay_074ff8b307f4473ca1e7,o_20260821_00008351,captured,wallet,87.32,3.56,12.0,6.25,0.0,109.13,2026-08-21T18:12:34Z,2026-08-21T18:34:17Z,USD
pay_e358af776ca442d9b574,o_20260821_00008352,captured,paypal,14.5,0.5,1.24,1.39,0.73,16.9,2026-08-21T08:51:28Z,2026-08-21T09:49:51Z,USD
pay_fb2f5eea159c42818092,o_20260821_00008353,captured,apple_pay,86.45,1.88,11.17,8.05,4.32,103.23,2026-08-21T18:32:56Z,2026-08-21T19:25:40Z,USD
pay_8c5e25373f2042018312,o_20260821_00008354,captured,paypal,7.31,6.98,0.95,0.64,0.73,15.15,2026-08-21T13:28:15Z,2026-08-21T14:10:56Z,USD
pay_9d7c07f0777e4d7aba8e,o_20260821_00008355,captured,wallet,11.06,5.21,1.08,0.68,0.0,18.03,2026-08-21T12:26:06Z,2026-08-21T13:14:54Z,USD
pay_1b8e7ddab58c493faf5c,o_20260821_00008356,captured,wallet,87.7,5.52,7.73,6.02,0.0,106.97,2026-08-21T13:02:27Z,2026-08-21T14:00:46Z,USD
pay_5aa1ee5c96094bf78e66,o_20260821_00008357,captured,card,69.79,1.14,10.08,5.66,6.98,79.69,2026-08-21T11:02:31Z,2026-08-21T11:34:41Z,USD
pay_0b4556382cf34e608800,o_20260821_00008358,captured,paypal,14.9,1.63,2.05,1.01,2.23,17.36,2026-08-21T12:14:43Z,2026-08-21T12:50:20Z,USD
pay_c9e2b2dc753744e1b38f,o_20260821_00008359,captured,paypal,109.14,4.56,14.04,8.78,0.0,136.52,2026-08-21T08:01:39Z,2026-08-21T08:46:42Z,USD
pay_a8a4435fd3534fe9858d,o_20260821_00008360,captured,apple_pay,77.32,6.5,10.01,4.57,3.87,94.53,2026-08-21T12:54:36Z,2026-08-21T13:32:38Z,USD
pay_087721c7f92b42e9b613,o_20260821_00008361,captured,card,7.05,5.47,1.03,0.68,0.35,13.88,2026-08-21T20:49:11Z,2026-08-21T21:44:45Z,USD
pay_f6b97819c5e34caba036,o_20260821_00008362,captured,wallet,29.8,2.32,4.11,2.0,0.0,38.23,2026-08-21T18:20:03Z,2026-08-21T19:11:57Z,USD
pay_f08ddf05ae9d4435adbd,o_20260821_00008363,captured,card,32.86,3.6,3.08,2.36,4.93,36.97,2026-08-21T19:00:36Z,2026-08-21T20:03:18Z,USD
pay_9397e713bf8a4e62951c,o_20260821_00008364,captured,wallet,11.06,0.98,1.68,0.99,0.0,14.71,2026-08-21T18:51:29Z,2026-08-21T19:38:14Z,USD
pay_7cec9228e4094d6aacec,o_20260821_00008365,captured,wallet,145.61,5.18,19.04,11.39,14.56,166.66,2026-08-21T13:19:50Z,2026-08-21T14:01:42Z,USD
pay_54ea76c0c2d640bc81bd,o_20260821_00008366,captured,apple_pay,82.62,3.33,8.03,5.74,12.39,87.33,2026-08-21T12:10:30Z,2026-08-21T13:09:20Z,USD
pay_3b8e468e7e2248b983cb,o_20260821_00008367,captured,paypal,66.25,3.79,6.04,4.72,6.62,74.18,2026-08-21T08:26:38Z,2026-08-21T09:06:05Z,USD
pay_1ab83b6e0a214209a79f,o_20260821_00008368,captured,apple_pay,46.18,0.97,5.52,3.15,4.62,51.2,2026-08-21T11:21:22Z,2026-08-21T12:16:02Z,USD
pay_7bd41d8c36624381ab62,o_20260821_00008369,captured,wallet,40.98,4.05,4.71,3.09,0.0,52.83,2026-08-21T19:04:23Z,2026-08-21T19:52:00Z,USD
pay_bf209428637f4e0abee8,o_20260821_00008370,captured,wallet,43.08,3.76,5.44,3.8,0.0,56.08,2026-08-21T11:35:34Z,2026-08-21T12:30:04Z,USD
pay_0eeade24ad45460aadae,o_20260821_00008371,captured,paypal,73.5,1.12,10.27,5.79,0.0,90.68,2026-08-21T20:37:40Z,2026-08-21T21:25:25Z,USD
pay_e6376e867aa448ff8117,o_20260821_00008372,captured,apple_pay,64.5,5.34,7.38,5.93,0.0,83.15,2026-08-21T18:06:12Z,2026-08-21T18:59:39Z,USD
pay_0b9fb474b57b42b8b45b,o_20260821_00008373,captured,paypal,53.94,1.11,6.13,5.15,0.0,66.33,2026-08-21T19:23:32Z,2026-08-21T20:12:19Z,USD
pay_85227429bd994cc2bf23,o_20260821_00008374,captured,apple_pay,123.36,4.15,19.38,12.14,0.0,159.03,2026-08-21T18:40:29Z,2026-08-21T19:43:38Z,USD
pay_228237776cfe4e4f84ca,o_20260821_00008375,captured,wallet,74.04,3.27,11.31,5.88,0.0,94.5,2026-08-21T12:57:02Z,2026-08-21T13:46:50Z,USD
pay_15a7286443754b3b8259,o_20260821_00008376,captured,wallet,120.63,4.9,19.03,11.19,0.0,155.75,2026-08-21T12:47:47Z,2026-08-21T13:25:20Z,USD
pay_b38fc003c4b24cbf88c8,o_20260821_00008377,captured,wallet,39.77,6.31,3.84,3.76,1.99,51.69,2026-08-21T18:57:24Z,2026-08-21T19:26:37Z,USD
pay_4e871bc00946476b9cf7,o_20260821_00008378,captured,paypal,109.16,3.78,11.45,5.61,16.37,113.63,2026-08-21T08:04:47Z,2026-08-21T08:38:18Z,USD
pay_8f0d915494bf4ca084b1,o_20260821_00008379,captured,apple_pay,37.28,3.62,4.38,3.75,0.0,49.03,2026-08-21T18:57:10Z,2026-08-21T19:44:37Z,USD
pay_093e768316214f708298,o_20260821_00008380,captured,paypal,37.04,1.22,3.17,2.23,1.85,41.81,2026-08-21T11:54:26Z,2026-08-21T12:38:18Z,USD
pay_9e9d86180cd64824a52d,o_20260821_00008381,captured,wallet,96.51,4.43,11.24,7.38,9.65,109.91,2026-08-21T20:13:26Z,2026-08-21T20:45:17Z,USD
pay_2b1f493b7f5f4269a067,o_20260821_00008382,captured,paypal,105.25,3.21,12.46,10.0,0.0,130.92,2026-08-21T18:30:00Z,2026-08-21T19:10:33Z,USD
pay_4447137208454a87bbba,o_20260821_00008383,captured,card,21.9,0.89,2.05,1.75,1.09,25.5,2026-08-21T12:51:35Z,2026-08-21T13:50:44Z,USD
pay_0899017cda21434885eb,o_20260821_00008384,captured,wallet,126.12,2.4,16.21,10.79,12.61,142.91,2026-08-21T12:51:24Z,2026-08-21T13:39:18Z,USD
pay_f74f4b3bae2b4faba4b8,o_20260821_00008385,captured,wallet,9.64,6.24,1.45,0.56,0.96,16.93,2026-08-21T18:05:29Z,2026-08-21T18:54:05Z,USD
pay_90aada32f7a34994bcdf,o_20260821_00008386,captured,card,66.26,3.47,7.4,5.48,0.0,82.61,2026-08-21T12:58:55Z,2026-08-21T13:52:43Z,USD
pay_ec2e4ca835b742cfb435,o_20260821_00008387,captured,paypal,122.73,2.64,18.42,11.31,0.0,155.1,2026-08-21T20:04:32Z,2026-08-21T21:07:53Z,USD
pay_ff9cad2e6069429985e8,o_20260821_00008388,captured,wallet,70.5,1.92,9.73,5.38,7.05,80.48,2026-08-21T11:10:09Z,2026-08-21T12:18:05Z,USD
pay_6826e92306854d3286ea,o_20260821_00008389,voided,apple_pay,52.66,5.5,6.23,3.22,0.0,67.61,2026-08-21T11:12:05Z,,USD
pay_8df5d9d5c2c64429bded,o_20260821_00008390,captured,apple_pay,75.23,3.68,10.43,6.36,11.28,84.42,2026-08-21T18:30:05Z,2026-08-21T19:33:55Z,USD
pay_dff9fe2c0c2f4d10a0d7,o_20260821_00008391,captured,wallet,90.93,5.44,13.52,7.52,0.0,117.41,2026-08-21T11:03:29Z,2026-08-21T11:37:59Z,USD
pay_2f9ed0f5f2624fbdb1b3,o_20260821_00008392,captured,paypal,96.1,3.14,10.91,7.28,0.0,117.43,2026-08-21T19:02:35Z,2026-08-21T20:12:21Z,USD
pay_ea247f1145c849318709,o_20260821_00008393,captured,wallet,69.08,0.85,6.3,4.43,0.0,80.66,2026-08-21T11:23:42Z,2026-08-21T11:56:15Z,USD
pay_4c78cb3a0bc6418dbc69,o_20260821_00008394,captured,wallet,59.85,1.04,8.77,5.81,0.0,75.47,2026-08-21T18:40:08Z,2026-08-21T19:48:43Z,USD
pay_6e06555fe2944dd88b5e,o_20260821_00008395,captured,wallet,85.34,4.82,7.53,7.57,0.0,105.26,2026-08-21T18:54:31Z,2026-08-21T19:41:17Z,USD
pay_020096077daf4952ab06,o_20260821_00008396,captured,apple_pay,110.25,3.19,9.84,7.49,0.0,130.77,2026-08-21T20:42:51Z,2026-08-21T21:22:37Z,USD
pay_c92776493a5e435cb9b2,o_20260821_00008397,captured,apple_pay,86.92,1.82,12.2,6.62,8.69,98.87,2026-08-21T18:24:57Z,2026-08-21T18:54:44Z,USD
pay_ee569149d6354af3a234,o_20260821_00008398,captured,card,92.45,4.23,12.63,7.72,4.62,112.41,2026-08-21T18:59:04Z,2026-08-21T19:32:51Z,USD
pay_a340fe55d3bf42c79506,o_20260821_00008399,captured,wallet,71.82,5.54,5.93,5.24,0.0,88.53,2026-08-21T20:35:31Z,2026-08-21T21:42:20Z,USD
pay_8e7c088d978048f3a3c5,o_20260821_00008400,captured,wallet,47.21,1.3,4.78,3.03,7.08,49.24,2026-08-21T11:33:22Z,2026-08-21T12:13:00Z,USD
