payment_id,order_id,payment_status,payment_method,subtotal_amount,delivery_fee,service_fee,tax_amount,discount_amount,total_amount,authorized_at,captured_at,currency
pay_c207408bb7bb48f19fef,o_20260819_00004801,captured,card,60.72,0.76,7.94,4.06,0.0,73.48,2026-08-19T13:42:30Z,2026-08-19T14:35:04Z,USD
pay_c05f88be4a2d4cdd9e36,o_20260819_00004802,refunded,wallet,105.25,2.76,11.53,8.88,10.53,117.89,2026-08-19T11:59:56Z,,USD
pay_6a52779c65c647ad86d2,o_20260819_00004803,captured,paypal,35.19,3.54,4.36,2.56,1.76,43.89,2026-08-19T12:04:21Z,2026-08-19T12:43:03Z,USD
pay_4e567e0655014860b8fe,o_20260819_00004804,captured,card,96.72,4.39,8.55,6.86,4.84,111.68,2026-08-19T18:15:59Z,2026-08-19T19:12:24Z,USD
pay_895a8ba135234b56a381,o_20260819_00004805,voided,paypal,75.33,1.44,11.94,5.88,7.53,87.06,2026-08-19T18:31:08Z,,USD
pay_361db24775144823a943,o_20260819_00004806,captured,paypal,69.49,6.65,10.27,6.21,0.0,92.62,2026-08-19T08:07:12Z,2026-08-19T08:44:44Z,USD
pay_127ba2137e02449bbb49,o_20260819_00004807,captured,apple_pay,146.57,0.74,17.71,10.25,0.0,175.27,2026-08-19T12:29:52Z,2026-08-19T13:14:32Z,USD
pay_842e25667c3448039306,o_20260819_00004808,captured,wallet,107.5,6.24,13.8,7.55,10.75,124.34,2026-08-19T18:12:11Z,2026-08-19T19:10:48Z,USD
pay_807612c7bbb54a499090,o_20260819_00004809,captured,paypal,15.9,2.65,1.88,1.25,0.0,21.68,2026-08-19T13:13:57Z,2026-08-19T13:54:41Z,USD
pay_99c0a45b0b204354a883,o_20260819_00004810,captured,card,113.24,5.2,15.05,7.31,0.0,140.8,2026-08-19T18:28:12Z,2026-08-19T19:34:03Z,USD
pay_50332795b7be45f68a3b,o_20260819_00004811,captured,wallet,52.66,3.9,7.93,4.53,7.9,61.12,2026-08-19T19:47:06Z,2026-08-19T20:33:43Z,USD
pay_c7c9133039594a5b8d36,o_20260819_00004812,refunded,card,18.98,0.76,1.89,1.2,1.9,20.93,2026-08-19T18:34:13Z,,USD
pay_3d5959b7d71843e9b99a,o_20260819_00004813,captured,wallet,9.72,4.65,1.15,0.93,0.0,16.45,2026-08-19T08:34:27Z,2026-08-19T09:25:09Z,USD
pay_ecfb09d720614312b1ed,o_20260819_00004814,captured,card,29.16,2.08,2.9,2.74,0.0,36.88,2026-08-19T18:20:57Z,2026-08-19T19:12:08Z,USD
pay_55a4f4c7554b4967a1e0,o_20260819_00004815,voided,paypal,109.83,5.9,13.46,7.21,16.47,119.93,2026-08-19T13:44:41Z,,USD
pay_7e24057517034c549404,o_20260819_00004816,captured,paypal,89.21,6.18,10.03,4.58,13.38,96.62,2026-08-19T11:21:48Z,2026-08-19T12:09:15Z,USD
pay_b158952224404f38b7ef,o_20260819_00004817,captured,paypal,20.33,2.43,1.78,1.49,2.03,24.0,2026-08-19T11:13:00Z,2026-08-19T12:05:37Z,USD
pay_7214e8d876db4bc39efe,o_20260819_00004818,captured,card,42.6,6.66,4.16,2.67,0.0,56.09,2026-08-19T13:00:03Z,2026-08-19T13:31:02Z,USD
pay_45576ea553af4e94a052,o_20260819_00004819,captured,card,66.46,4.76,7.96,6.4,3.32,82.26,2026-08-19T19:06:34Z,2026-08-19T20:18:48Z,USD
pay_5201af4e23854bc7a5d7,o_20260819_00004820,captured,apple_pay,57.4,5.95,8.65,3.56,5.74,69.82,2026-08-19T08:10:48Z,2026-08-19T09:04:58Z,USD
pay_04166c572203488e8b90,o_20260819_00004821,captured,apple_pay,113.59,0.71,15.07,10.68,0.0,140.05,2026-08-19T12:10:49Z,2026-08-19T12:52:44Z,USD
pay_efed765aa9284e71af2a,o_20260819_00004822,voided,wallet,112.27,6.32,11.96,9.32,11.23,128.64,2026-08-19T11:19:23Z,,USD
pay_0b490eeb8bed4d248d71,o_20260819_00004823,captured,apple_pay,117.1,4.49,18.57,7.42,0.0,147.58,2026-08-19T11:55:28Z,2026-08-19T12:31:12Z,USD
pay_91c7fa130376401281a6,o_20260819_00004824,captured,apple_pay,65.69,4.35,6.84,5.47,6.57,75.78,2026-08-19T11:49:57Z,2026-08-19T12:44:31Z,USD
pay_22fc6cb89aa74ef3929c,o_20260819_00004825,captured,paypal,14.58,5.48,1.87,0.95,1.46,21.42,2026-08-19T12:45:06Z,2026-08-19T13:41:00Z,USD
pay_a6b2f3aaa27145fcbce3,o_20260819_00004826,captured,apple_pay,25.53,1.84,2.92,2.16,1.28,31.17,2026-08-19T11:02:00Z,2026-08-19T11:44:35Z,USD
pay_44d085f0264242eb8b8f,o_20260819_00004827,refunded,wallet,59.65,4.64,8.03,5.41,5.96,71.77,2026-08-19T11:45:40Z,,USD
pay_1c0b6afeec0448a58c1c,o_20260819_00004828,captured,paypal,19.59,3.32,2.25,1.43,0.0,26.59,2026-08-19T13:19:25Z,2026-08-19T14:03:17Z,USD
pay_8e02faea428948f78fdb,o_20260819_00004829,captured,card,87.0,2.01,9.79,8.52,0.0,107.32,2026-08-19T11:08:45Z,2026-08-19T11:53:22Z,USD
pay_1a5b971bdf734c739cd1,o_20260819_00004830,captured,wallet,37.24,3.67,4.92,2.41,0.0,48.24,2026-08-19T12:59:25Z,2026-08-19T13:38:39Z,USD
pay_796e6fb618a24441b5bc,o_20260819_00004831,captured,paypal,22.71,6.48,2.16,1.52,3.41,29.46,2026-08-19T13:29:29Z,2026-08-19T14:08:55Z,USD
pay_c2bec84120f04930bf7a,o_20260819_00004832,captured,paypal,43.15,4.78,3.81,2.78,0.0,54.52,2026-08-19T12:13:41Z,2026-08-19T13:05:26Z,USD
pay_1dea5655cd874ed0a945,o_20260819_00004833,captured,wallet,47.8,1.55,5.34,2.8,2.39,55.1,2026-08-19T19:34:39Z,2026-08-19T20:24:11Z,USD
pay_3c586e98b9ca4f0994d0,o_20260819_00004834,captured,card,100.58,4.06,10.89,8.09,0.0,123.62,2026-08-19T20:40:02Z,2026-08-19T21:35:39Z,USD
pay_b1bd839590824e85b89b,o_20260819_00004835,refunded,apple_pay,30.26,3.05,3.19,1.99,0.0,38.49,2026-08-19T18:07:36Z,,USD
pay_d4203cb55b404e50a9c1,o_20260819_00004836,captured,apple_pay,36.16,4.24,4.02,3.44,0.0,47.86,2026-08-19T08:40:55Z,2026-08-19T09:27:30Z,USD
pay_d0ddf8e2565042de9c92,o_20260819_00004837,captured,card,81.12,0.63,9.55,6.48,12.17,85.61,2026-08-19T20:45:03Z,2026-08-19T21:36:57Z,USD
pay_fcbb5d84fe82429e86bf,o_20260819_00004838,captured,card,51.93,1.27,7.23,3.06,5.19,58.3,2026-08-19T13:27:08Z,2026-08-19T14:03:59Z,USD
pay_4fd36b47d6594f3391cc,o_20260819_00004839,voided,wallet,28.71,3.89,4.25,2.62,0.0,39.47,2026-08-19T12:22:52Z,,USD
pay_80e18956a0b54698a5c7,o_20260819_00004840,captured,apple_pay,69.75,1.49,8.36,6.15,3.49,82.26,2026-08-19T13:13:01Z,2026-08-19T13:57:49Z,USD
pay_2f285b1789354d33a8e9,o_20260819_00004841,captured,paypal,106.43,4.61,16.99,7.17,0.0,135.2,2026-08-19T11:42:49Z,2026-08-19T12:42:14Z,USD
pay_dcd5287ebb1847989ee2,o_20260819_00004842,captured,apple_pay,22.23,0.81,2.33,1.81,0.0,27.18,2026-08-19T18:42:59Z,2026-08-19T19:33:29Z,USD
pay_1c8fdf533f2c408cb845,o_20260819_00004843,voided,card,37.05,5.7,3.77,3.29,3.71,46.1,2026-08-19T13:01:01Z,,USD
pay_ba48e8f7eea141099a13,o_20260819_00004844,captured,apple_pay,72.36,5.18,10.68,7.25,0.0,95.47,2026-08-19T12:41:42Z,2026-08-19T13:34:46Z,USD
pay_2f593d70efc14634a2f5,o_20260819_00004845,captured,card,14.8,2.17,2.1,0.83,2.22,17.68,2026-08-19T19:20:05Z,2026-08-19T20:13:38Z,USD
pay_4db3c73d427e49eea203,o_20260819_00004846,captured,paypal,71.34,4.23,10.6,5.6,3.57,88.2,2026-08-19T19:06:50Z,2026-08-19T20:03:59Z,USD
pay_1732eb54a36647b9a23d,o_20260819_00004847,captured,wallet,100.44,5.86,12.6,8.29,0.0,127.19,2026-08-19T08:18:23Z,2026-08-19T09:02:56Z,USD
pay_9c838327fa244778b112,o_20260819_00004848,captured,apple_pay,92.55,6.46,14.18,6.55,0.0,119.74,2026-08-19T11:25:59Z,2026-08-19T12:19:34Z,USD
pay_57cdfe4cbfde4f588c7a,o_20260819_00004849,refunded,apple_pay,19.05,1.7,1.62,1.5,1.91,21.96,2026-08-19T18:26:58Z,,USD
pay_a1718724fec4400c895d,o_20260819_00004850,captured,card,20.24,5.19,2.35,2.06,0.0,29.84,2026-08-19T20:12:00Z,2026-08-19T20:53:01Z,USD
pay_7707df184a3a44a8b0ae,o_20260819_00004851,captured,wallet,19.44,2.37,2.79,1.83,0.97,25.46,2026-08-19T12:57:47Z,2026-08-19T13:53:44Z,USD
pay_3e47d0a8c3eb4163ab2a,o_20260819_00004852,captured,apple_pay,60.91,4.94,5.42,3.73,0.0,75.0,2026-08-19T20:09:32Z,2026-08-19T21:06:18Z,USD
pay_78616178525b411fb85b,o_20260819_00004853,captured,apple_pay,41.52,2.83,5.32,3.1,0.0,52.77,2026-08-19T11:43:03Z,2026-08-19T12:21:02Z,USD
pay_cde3d78d5e484924a64c,o_20260819_00004854,captured,card,56.1,3.66,8.69,4.51,0.0,72.96,2026-08-19T13:29:56Z,2026-08-19T14:10:09Z,USD
pay_8e51b64ef07f4ae389a2,o_20260819_00004855,refunded,wallet,146.8,4.53,23.04,8.19,22.02,160.54,2026-08-19T19:02:54Z,,USD
pay_9dd47a600b5343378faf,o_20260819_00004856,captured,card,7.64,1.24,0.63,0.76,0.0,10.27,2026-08-19T18:55:01Z,2026-08-19T19:27:51Z,USD
pay_ee6b58b150c14adebe6f,o_20260819_00004857,captured,wallet,101.67,6.31,10.4,8.95,0.0,127.33,2026-08-19T20:39:39Z,2026-08-19T21:18:56Z,USD
pay_652ddf0509a54e7e9d50,o_20260819_00004858,refunded,apple_pay,55.8,5.34,8.38,5.2,0.0,74.72,2026-08-19T12:30:57Z,,USD
pay_e8ad204321d842a5aec1,o_20260819_00004859,captured,card,70.34,1.94,6.05,6.21,0.0,84.54,2026-08-19T18:28:25Z,2026-08-19T19:05:56Z,USD
pay_1238e10362c94cefae54,o_20260819_00004860,captured,paypal,74.97,6.03,11.42,5.07,7.5,89.99,2026-08-19T19:15:49Z,2026-08-19T20:15:35Z,USD
pay_36d273ebd1834ab1962a,o_20260819_00004861,captured,wallet,48.48,2.24,5.74,3.43,2.42,57.47,2026-08-19T18:43:49Z,2026-08-19T19:15:25Z,USD
pay_03a491f5e9894783a56c,o_20260819_00004862,captured,card,68.05,5.16,7.31,6.19,6.81,79.9,2026-08-19T12:32:33Z,2026-08-19T13:22:35Z,USD
pay_ac9d86639d4a4bac8c22,o_20260819_00004863,captured,card,56.66,6.66,9.0,3.58,8.5,67.4,2026-08-19T20:51:47Z,2026-08-19T21:41:47Z,USD
pay_4ac41f63b16e4986b662,o_20260819_00004864,captured,apple_pay,47.92,3.39,5.28,3.08,2.4,57.27,2026-08-19T19:13:30Z,2026-08-19T20:11:26Z,USD
pay_01fa7ce1f30e4a078f39,o_20260819_00004865,captured,card,82.5,0.76,8.36,6.93,12.38,86.17,2026-08-19T13:16:02Z,2026-08-19T14:13:26Z,USD
pay_390e5d251be14c9ba5c4,o_20260819_00004866,captured,wallet,59.85,4.03,7.03,4.6,5.99,69.52,2026-08-19T08:58:03Z,2026-08-19T09:46:41Z,USD
pay_a21f68cf3d9d42f49a30,o_20260819_00004867,captured,wallet,65.34,2.1,8.57,5.98,0.0,81.99,2026-08-19T11:52:51Z,2026-08-19T12:57:09Z,USD
pay_c5c9d23690b6443a9d44,o_20260819_00004868,captured,apple_pay,71.76,6.17,5.98,5.28,0.0,89.19,2026-08-19T12:20:22Z,2026-08-19T12:58:53Z,USD
pay_cdf26032fa6848739de7,o_20260819_00004869,captured,apple_pay,50.76,3.94,7.43,3.92,2.54,63.51,2026-08-19T18:48:32Z,2026-08-19T19:55:21Z,USD
pay_cd1236c92300436d8722,o_20260819_00004870,refunded,apple_pay,97.92,1.44,13.94,8.08,14.69,106.69,2026-08-19T11:21:57Z,,USD
pay_b0dd9d9ef6e94fd08c53,o_20260819_00004871,captured,paypal,145.61,3.4,21.76,7.87,21.84,156.8,2026-08-19T18:20:38Z,2026-08-19T19:07:22Z,USD
pay_70aae0a9f8f04171a3a3,o_20260819_00004872,captured,wallet,133.83,6.77,12.43,12.03,0.0,165.06,2026-08-19T12:31:16Z,2026-08-19T12:49:24Z,USD
pay_51ccc92332254d6f9b25,o_20260819_00004873,captured,card,11.06,4.1,0.91,0.72,1.66,15.13,2026-08-19T08:16:15Z,2026-08-19T09:05:23Z,USD
pay_1da163034dba46c8be09,o_20260819_00004874,captured,card,37.58,6.82,4.3,2.55,0.0,51.25,2026-08-19T18:40:27Z,2026-08-19T19:24:23Z,USD
pay_98a51dbeb9bf447a97d4,o_20260819_00004875,captured,apple_pay,110.44,1.7,17.04,9.07,16.57,121.68,2026-08-19T20:36:42Z,2026-08-19T21:30:30Z,USD
pay_5aee311e631f4699abfb,o_20260819_00004876,captured,wallet,63.93,2.87,9.07,5.17,0.0,81.04,2026-08-19T11:01:58Z,2026-08-19T11:38:28Z,USD
pay_7092a8ff658a458c9de5,o_20260819_00004877,refunded,paypal,61.44,0.99,8.42,6.02,0.0,76.87,2026-08-19T19:35:52Z,,USD
pay_aef5cb0f59bd4409ba47,o_20260819_00004878,captured,apple_pay,118.06,5.92,9.57,9.09,0.0,142.64,2026-08-19T13:58:53Z,2026-08-19T14:45:22Z,USD
pay_451cfd038a9c467bafac,o_20260819_00004879,captured,card,65.92,2.25,5.38,5.74,9.89,69.4,2026-08-19T18:28:44Z,2026-08-19T19:11:52Z,USD
pay_052be285c025457b9eaf,o_20260819_00004880,captured,paypal,22.68,5.13,2.89,1.29,3.4,28.59,2026-08-19T11:05:09Z,2026-08-19T12:02:04Z,USD
pay_11352348aca34273bcf5,o_20260819_00004881,captured,wallet,95.69,3.47,9.45,6.61,9.57,105.65,2026-08-19T11:38:23Z,2026-08-19T12:16:00Z,USD
pay_53b4bda01912420088dd,o_20260819_00004882,captured,apple_pay,11.94,5.25,1.88,1.05,0.0,20.12,2026-08-19T12:21:59Z,2026-08-19T13:06:53Z,USD
pay_02044c28d2144ab88ec3,o_20260819_00004883,refunded,wallet,101.52,4.45,10.16,9.31,0.0,125.44,2026-08-19T12:52:11Z,,USD
pay_d3f3ea550ce749be9b61,o_20260819_00004884,captured,apple_pay,78.41,4.66,12.05,6.47,0.0,101.59,2026-08-19T12:55:04Z,2026-08-19T13:36:38Z,USD
pay_602bd9960f4f4779af0e,o_20260819_00004885,captured,wallet,20.76,4.33,1.75,1.68,0.0,28.52,2026-08-19T20:30:46Z,2026-08-19T21:20:47Z,USD
pay_af29f4cfb6bd49b2952c,o_20260819_00004886,captured,paypal,27.8,5.89,2.56,2.53,0.0,38.78,2026-08-19T19:55:59Z,2026-08-19T20:28:39Z,USD
pay_4a2d46eb46fc464d8a80,o_20260819_00004887,captured,wallet,40.86,5.98,3.64,2.48,0.0,52.96,2026-08-19T20:39:19Z,2026-08-19T21:17:52Z,USD
pay_36396b3a3cdc47689ee2,o_20260819_00004888,captured,card,90.16,5.69,7.39,8.25,9.02,102.47,2026-08-19T20:35:35Z,2026-08-19T21:52:07Z,USD
pay_91997a1bcd6f420d9381,o_20260819_00004889,captured,paypal,83.41,1.48,11.05,7.1,0.0,103.04,2026-08-19T19:10:42Z,2026-08-19T19:59:20Z,USD
pay_cc3fc98e03914aec8e4a,o_20260819_00004890,captured,wallet,46.31,5.5,5.1,3.33,0.0,60.24,2026-08-19T12:42:32Z,2026-08-19T13:27:20Z,USD
pay_c3695b85c4b841689cf0,o_20260819_00004891,captured,paypal,9.7,3.28,0.84,0.9,0.48,14.24,2026-08-19T20:58:13Z,2026-08-19T22:11:47Z,USD
pay_6769627c920e4aa694a6,o_20260819_00004892,voided,wallet,74.97,2.99,8.98,6.41,11.25,82.1,2026-08-19T18:06:17Z,,USD
pay_8eee8310a1354c38871e,o_20260819_00004893,captured,paypal,64.51,5.54,9.15,5.7,3.23,81.67,2026-08-19T18:43:07Z,2026-08-19T19:42:11Z,USD
pay_aa0c57892cdf44a88c0d,o_20260819_00004894,captured,apple_pay,60.53,4.25,5.95,3.41,9.08,65.06,2026-08-19T11:43:26Z,2026-08-19T12:25:02Z,USD
pay_a6abadf1fd3245d3aa88,o_20260819_00004895,captured,wallet,52.81,3.17,4.5,3.51,7.92,56.07,2026-08-19T11:49:36Z,2026-08-19T12:35:10Z,USD
pay_0532b2bb85b441f2a883,o_20260819_00004896,voided,apple_pay,98.02,4.87,12.92,7.64,0.0,123.45,2026-08-19T12:28:01Z,,USD
pay_8b68bdef353240d5954c,o_20260819_00004897,captured,wallet,70.76,6.24,8.71,6.36,0.0,92.07,2026-08-19T19:52:37Z,2026-08-19T20:23:11Z,USD
pay_f5f3b36ecad443a58e62,o_20260819_00004898,captured,paypal,112.75,5.56,10.0,8.25,11.28,125.28,2026-08-19T19:09:06Z,2026-08-19T19:46:43Z,USD
pay_d56fa9b83e2c4652a785,o_20260819_00004899,captured,wallet,36.32,2.46,4.35,3.38,0.0,46.51,2026-08-19T18:09:50Z,2026-08-19T18:50:25Z,USD
pay_227c65cb50314b14a603,o_20260819_00004900,captured,paypal,111.18,5.7,16.57,8.19,16.68,124.96,2026-08-19T11:48:49Z,2026-08-19T12:40:23Z,USD
pay_d8b91d885bb14b7ba282,o_20260819_00004901,captured,card,80.53,4.5,8.68,6.32,4.03,96.0,2026-08-19T11:29:52Z,2026-08-19T12:25:22Z,USD
pay_ac0d3c5a02cd4d909ec8,o_20260819_00004902,captured,card,15.86,4.7,2.43,1.4,1.59,22.8,2026-08-19T12:46:22Z,2026-08-19T13:28:43Z,USD
pay_7a8cefdc04ca4434b409,o_20260819_00004903,captured,wallet,37.69,6.47,5.52,3.09,0.0,52.77,2026-08-19T18:55:34Z,2026-08-19T19:58:56Z,USD
pay_0d50e1d45a25473ea858,o_20260819_00004904,captured,paypal,127.85,2.3,12.97,10.97,6.39,147.7,2026-08-19T11:46:27Z,2026-08-19T12:39:07Z,USD
pay_d97604c0068a44dd965d,o_20260819_00004905,captured,card,155.43,1.1,13.3,10.82,23.31,157.34,2026-08-19T18:59:19Z,2026-08-19T20:05:02Z,USD
pay_4ae777ad07b44f9a9bc2,o_20260819_00004906,refunded,paypal,103.69,3.42,12.82,9.94,0.0,129.87,2026-08-19T18:16:44Z,,USD
pay_82f5fc2669dd4d6faeb2,o_20260819_00004907,captured,apple_pay,24.68,5.17,2.68,2.48,0.0,35.01,2026-08-19T11:29:24Z,2026-08-19T11:58:57Z,USD
pay_cc106127409e42e8877f,o_20260819_00004908,captured,paypal,12.32,5.09,1.39,1.13,0.0,19.93,2026-08-19T18:42:11Z,2026-08-19T19:49:49Z,USD
pay_26abc7eb8a184f78a84b,o_20260819_00004909,refunded,card,18.52,0.77,1.58,1.25,2.78,19.34,2026-08-19T20:24:05Z,,USD
pay_09b0644c20c04e608ec9,o_20260819_00004910,voided,card,78.03,5.14,7.83,6.23,0.0,97.23,2026-08-19T20:04:18Z,,USD
pay_e8cf1660ad4548f3bbb8,o_20260819_00004911,captured,paypal,59.2,5.17,7.17,3.7,0.0,75.24,2026-08-19T12:56:43Z,2026-08-19T13:32:25Z,USD
pay_9068079ad6fe4167a2d3,o_20260819_00004912,captured,wallet,37.06,6.73,5.13,2.57,5.56,45.93,2026-08-19T13:43:28Z,2026-08-19T14:34:16Z,USD
pay_1f7ebaa53b424ab9862f,o_20260819_00004913,captured,paypal,125.0,3.91,16.83,8.07,6.25,147.56,2026-08-19T20:26:06Z,2026-08-19T21:19:28Z,USD
pay_c7b29706478b41c3badb,o_20260819_00004914,captured,wallet,34.5,3.36,4.42,2.86,5.17,39.97,2026-08-19T12:55:02Z,2026-08-19T13:58:02Z,USD
pay_0163e4e6f4ed4e78a75a,o_20260819_00004915,captured,card,75.64,0.51,11.08,6.44,3.78,89.89,2026-08-19T11:16:34Z,2026-08-19T12:19:14Z,USD
pay_ada4cbf0cdec4adc8f5a,o_20260819_00004916,captured,wallet,74.48,6.56,7.54,5.67,0.0,94.25,2026-08-19T18:03:07Z,2026-08-19T18:46:00Z,USD
pay_38e10047cdd24698b81b,o_20260819_00004917,captured,paypal,28.12,1.39,4.4,2.07,4.22,31.76,2026-08-19T12:56:37Z,2026-08-19T13:54:09Z,USD
pay_88972858c4e84f65864a,o_20260819_00004918,captured,apple_pay,18.41,4.93,2.68,1.88,0.0,27.9,2026-08-19T19:34:54Z,2026-08-19T20:17:30Z,USD
pay_04e1d77d01684be193b1,o_20260819_00004919,captured,apple_pay,9.47,6.51,1.02,0.84,0.95,16.89,2026-08-19T18:30:19Z,2026-08-19T19:06:51Z,USD
pay_ecab2f24baf04956949b,o_20260819_00004920,captured,card,7.46,5.7,1.08,0.64,0.37,14.51,2026-08-19T11:41:42Z,2026-08-19T12:29:05Z,USD
pay_3eebaf0db5564f89b8d7,o_20260819_00004921,captured,paypal,10.01,2.19,1.14,0.66,1.0,13.0,2026-08-19T11:40:01Z,2026-08-19T12:07:33Z,USD
pay_1a9a0ca645254a16a2d2,o_20260819_00004922,refunded,wallet,11.39,3.58,1.82,0.86,0.57,17.08,2026-08-19T13:32:20Z,,USD
pay_af60d3b43542418b8818,o_20260819_00004923,captured,card,116.94,2.14,13.15,8.89,0.0,141.12,2026-08-19T12:51:25Z,2026-08-19T13:14:54Z,USD
pay_00284e13bfca4a1dbaff,o_20260819_00004924,refunded,paypal,67.86,1.51,7.58,5.74,0.0,82.69,2026-08-19T08:05:34Z,,USD
pay_17364678fecc4f3bb514,o_20260819_00004925,captured,paypal,152.2,5.73,19.23,11.36,22.83,165.69,2026-08-19T18:39:16Z,2026-08-19T19:14:29Z,USD
pay_f7f4f4b75f894e22ae88,o_20260819_00004926,captured,apple_pay,62.76,1.66,9.6,5.78,6.28,73.52,2026-08-19T12:46:56Z,2026-08-19T13:34:40Z,USD
pay_c7d10ce9e0f845e19fd5,o_20260819_00004927,captured,card,11.39,4.19,1.45,1.01,0.0,18.04,2026-08-19T18:58:03Z,2026-08-19T19:47:12Z,USD
pay_e16333302a85434c955d,o_20260819_00004928,captured,card,54.27,4.07,8.36,3.67,0.0,70.37,2026-08-19T12:05:02Z,2026-08-19T12:48:37Z,USD
pay_e7c3c4d7bd4e485f86f0,o_20260819_00004929,captured,wallet,21.2,4.28,3.09,1.39,0.0,29.96,2026-08-19T12:30:35Z,2026-08-19T13:32:30Z,USD
pay_0adef523f4ba4cb48539,o_20260819_00004930,captured,card,93.24,2.62,10.22,6.55,0.0,112.63,2026-08-19T11:25:06Z,2026-08-19T12:09:55Z,USD
pay_a9518a63eea24d0e86b2,o_20260819_00004931,captured,card,26.64,5.81,2.58,1.5,4.0,32.53,2026-08-19T12:55:27Z,2026-08-19T13:58:32Z,USD
pay_46c12afb436d4a62b943,o_20260819_00004932,captured,apple_pay,10.89,3.28,1.73,0.56,1.63,14.83,2026-08-19T19:11:01Z,2026-08-19T20:03:27Z,USD
pay_6bbee4761d3844f297b2,o_20260819_00004933,captured,apple_pay,42.06,2.65,3.4,3.41,0.0,51.52,2026-08-19T08:29:14Z,2026-08-19T09:32:21Z,USD
pay_1deee7d6168d420098d6,o_20260819_00004934,captured,paypal,32.55,4.83,3.39,3.07,0.0,43.84,2026-08-19T20:59:49Z,2026-08-19T21:53:22Z,USD
pay_e280b7c126a8438e9d37,o_20260819_00004935,captured,paypal,6.71,0.52,0.86,0.66,0.0,8.75,2026-08-19T18:04:57Z,2026-08-19T18:52:07Z,USD
pay_3db594b9e68a4bc2b251,o_20260819_00004936,captured,paypal,28.15,5.58,2.89,1.84,0.0,38.46,2026-08-19T13:55:11Z,2026-08-19T14:38:48Z,USD
pay_aad915b4231d4c799397,o_20260819_00004937,captured,wallet,19.94,3.5,1.95,1.65,0.0,27.04,2026-08-19T18:06:36Z,2026-08-19T18:50:15Z,USD
pay_300eee8ad5f245e5baaa,o_20260819_00004938,refunded,card,46.32,0.56,4.31,4.06,0.0,55.25,2026-08-19T08:08:01Z,,USD
pay_5754880faac24075af67,o_20260819_00004939,captured,card,79.34,2.19,6.6,5.9,0.0,94.03,2026-08-19T12:59:07Z,2026-08-19T13:31:02Z,USD
pay_c2c28e1a30f34a238830,o_20260819_00004940,captured,card,44.55,2.09,5.33,3.36,4.46,50.87,2026-08-19T18:15:02Z,2026-08-19T18:54:34Z,USD
pay_eaabcea363f84d489cbc,o_20260819_00004941,captured,card,51.79,4.3,4.54,4.09,0.0,64.72,2026-08-19T11:25:19Z,2026-08-19T11:50:20Z,USD
pay_c82021649865415bb023,o_20260819_00004942,captured,card,147.35,5.66,14.83,12.19,0.0,180.03,2026-08-19T18:30:56Z,2026-08-19T19:11:06Z,USD
pay_1a0a31010865425cb22c,o_20260819_00004943,captured,wallet,69.27,5.89,8.84,5.45,3.46,85.99,2026-08-19T11:43:03Z,2026-08-19T12:21:01Z,USD
pay_76780dabc2e54844b3a1,o_20260819_00004944,captured,card,39.48,1.56,5.96,3.88,0.0,50.88,2026-08-19T13:19:18Z,2026-08-19T14:03:08Z,USD
pay_52e8d35bb7934028bedc,o_20260819_00004945,captured,paypal,131.91,6.99,11.51,9.75,13.19,146.97,2026-08-19T08:32:37Z,2026-08-19T09:29:18Z,USD
pay_174989469413486ebd0d,o_20260819_00004946,captured,card,66.97,1.73,9.52,5.03,0.0,83.25,2026-08-19T12:13:07Z,2026-08-19T12:45:57Z,USD
pay_5f56a9bb07174bcb855c,o_20260819_00004947,captured,paypal,64.82,1.65,8.8,5.54,3.24,77.57,2026-08-19T13:21:55Z,2026-08-19T13:56:31Z,USD
pay_f23fbcf5abdc4400b8e5,o_20260819_00004948,captured,apple_pay,39.94,2.62,4.7,2.43,0.0,49.69,2026-08-19T13:24:01Z,2026-08-19T13:56:28Z,USD
pay_9a42a110aa124f88b52c,o_20260819_00004949,captured,paypal,50.73,3.54,5.53,3.34,0.0,63.14,2026-08-19T20:26:49Z,2026-08-19T20:57:43Z,USD
pay_85369c76543048cb8c9f,o_20260819_00004950,captured,apple_pay,74.8,4.92,8.58,7.59,0.0,95.89,2026-08-19T12:13:12Z,2026-08-19T12:45:56Z,USD
pay_3c086f616f0f4929b34f,o_20260819_00004951,captured,apple_pay,45.21,1.46,6.96,3.9,0.0,57.53,2026-08-19T08:33:10Z,2026-08-19T09:22:47Z,USD
pay_5cdb80ee49424da68938,o_20260819_00004952,captured,apple_pay,30.45,5.03,4.38,2.34,0.0,42.2,2026-08-19T12:22:08Z,2026-08-19T13:01:16Z,USD
pay_2e6504bb6e3a4aedacea,o_20260819_00004953,captured,apple_pay,134.86,0.9,15.97,9.49,6.74,154.48,2026-08-19T18:44:11Z,2026-08-19T19:22:04Z,USD
pay_f76992570acf4d37af02,o_20260819_00004954,refunded,apple_pay,18.07,2.87,2.13,1.4,0.0,24.47,2026-08-19T18:01:31Z,,USD
pay_c853279357474a9bb318,o_20260819_00004955,captured,card,11.79,5.49,1.03,0.88,0.0,19.19,2026-08-19T11:30:42Z,2026-08-19T12:26:18Z,USD
pay_d26e8c3edee148b68f57,o_20260819_00004956,captured,paypal,84.79,6.48,6.86,4.89,8.48,94.54,2026-08-19T20:31:52Z,2026-08-19T21:10:12Z,USD
pay_84e3785f23f8462b9bc1,o_20260819_00004957,captured,paypal,78.92,1.01,12.59,6.89,7.89,91.52,2026-08-19T19:23:27Z,2026-08-19T20:13:29Z,USD
pay_ff6c2585a79e45ae8734,o_20260819_00004958,captured,paypal,8.85,3.54,1.25,0.64,0.44,13.84,2026-08-19T20:27:57Z,2026-08-19T21:12:45Z,USD
pay_8c0f37fde828489ba4f1,o_20260819_00004959,captured,paypal,106.02,2.82,8.58,8.3,5.3,120.42,2026-08-19T18:42:59Z,2026-08-19T19:20:39Z,USD
pay_4055d26f50014533a50d,o_20260819_00004960,captured,apple_pay,28.53,4.14,2.69,2.23,2.85,34.74,2026-08-19T12:59:47Z,2026-08-19T13:55:55Z,USD
pay_dafe6383c18d45c98008,o_20260819_00004961,captured,apple_pay,39.63,3.73,5.53,2.8,1.98,49.71,2026-08-19T11:10:03Z,2026-08-19T12:09:42Z,USD
pay_61ea8b7ce4cd400c8aaf,o_20260819_00004962,captured,wallet,82.86,6.45,12.4,8.03,0.0,109.74,2026-08-19T11:43:34Z,2026-08-19T12:16:25Z,USD
pay_b497c40e77774bf8a845,o_20260819_00004963,captured,wallet,46.76,4.78,5.28,3.27,4.68,55.41,2026-08-19T12:55:52Z,2026-08-19T13:46:33Z,USD
pay_9ff0de609a624102b5ff,o_20260819_00004964,captured,paypal,20.33,4.12,2.58,1.54,3.05,25.52,2026-08-19T13:13:30Z,2026-08-19T14:01:02Z,USD
pay_1fb5e5e948eb4b1db22c,o_20260819_00004965,captured,apple_pay,68.96,2.18,7.99,4.17,0.0,83.3,2026-08-19T11:19:36Z,2026-08-19T12:05:12Z,USD
pay_4790c2c0e33d46b0b8a7,o_20260819_00004966,captured,apple_pay,110.2,2.49,11.83,8.28,5.51,127.29,2026-08-19T12:40:47Z,2026-08-19T13:26:13Z,USD
pay_0f6a749b8db24e1bb4be,o_20260819_00004967,captured,apple_pay,79.57,3.65,6.8,4.55,11.94,82.63,2026-08-19T13:15:41Z,2026-08-19T14:21:02Z,USD
pay_4db45c4f002c431bbf3e,o_20260819_00004968,captured,paypal,52.04,2.08,6.29,3.87,2.6,61.68,2026-08-19T12:00:05Z,2026-08-19T12:39:49Z,USD
pay_2b4feb4eee844d1e9f29,o_20260819_00004969,captured,paypal,44.7,5.7,5.11,3.39,0.0,58.9,2026-08-19T19:58:09Z,2026-08-19T20:41:06Z,USD
pay_f6318fc5bf63453fa499,o_20260819_00004970,captured,apple_pay,87.04,1.57,7.17,5.6,8.7,92.68,2026-08-19T12:22:38Z,2026-08-19T13:33:06Z,USD
pay_eaab96e5d6864404a39b,o_20260819_00004971,captured,apple_pay,66.39,1.68,5.97,4.02,0.0,78.06,2026-08-19T11:46:52Z,2026-08-19T12:44:12Z,USD
pay_fd9d082bd7a8444dbac4,o_20260819_00004972,captured,wallet,33.18,2.51,4.89,2.57,4.98,38.17,2026-08-19T11:04:09Z,2026-08-19T11:36:03Z,USD
pay_a8bbb457f2a8483591a2,o_20260819_00004973,captured,apple_pay,58.37,3.86,6.49,4.59,0.0,73.31,2026-08-19T18:09:27Z,2026-08-19T19:10:00Z,USD
pay_73fe6c35174f404d836b,o_20260819_00004974,captured,apple_pay,68.98,3.22,7.83,5.59,0.0,85.62,2026-08-19T18:21:38Z,2026-08-19T19:03:44Z,USD
pay_f5277ee15def4df09c52,o_20260819_00004975,captured,paypal,16.86,4.57,1.55,0.92,1.69,22.21,2026-08-19T19:16:28Z,2026-08-19T20:00:37Z,USD
pay_5ef07c0df814412cb7ac,o_20260819_00004976,captured,paypal,78.24,5.27,11.52,4.13,11.74,87.42,2026-08-19T19:46:42Z,2026-08-19T20:48:49Z,USD
pay_34460765bbb942d49718,o_20260819_00004977,captured,apple_pay,14.92,5.54,1.92,1.2,0.0,23.58,2026-08-19T12:41:33Z,2026-08-19T13:16:35Z,USD
pay_b8b7ef80d7a844b6a529,o_20260819_00004978,captured,card,18.87,5.15,2.79,1.64,1.89,26.56,2026-08-19T13:15:03Z,2026-08-19T13:51:17Z,USD
pay_48b9e0ce98bc4db582d5,o_20260819_00004979,captured,card,44.7,2.0,3.63,3.01,0.0,53.34,2026-08-19T20:52:06Z,2026-08-19T21:48:25Z,USD
pay_b0a019eee52e4a43a4fe,o_20260819_00004980,captured,card,73.96,4.75,7.04,6.33,3.7,88.38,2026-08-19T18:24:51Z,2026-08-19T19:17:35Z,USD
pay_64bf0dd586304bfca1d0,o_20260819_00004981,captured,apple_pay,85.67,2.28,13.71,7.59,0.0,109.25,2026-08-19T20:35:12Z,2026-08-19T21:16:43Z,USD
pay_d3d90c7201244ac7b38f,o_20260819_00004982,captured,apple_pay,61.07,1.99,7.79,4.45,3.05,72.25,2026-08-19T21:01:06Z,2026-08-19T21:58:36Z,USD
pay_a35c0ad11ed142d8802e,o_20260819_00004983,captured,paypal,62.85,3.69,7.25,4.45,0.0,78.24,2026-08-19T08:01:35Z,2026-08-19T08:33:36Z,USD
pay_d2a2a24cd99c4efeafa6,o_20260819_00004984,captured,apple_pay,119.33,6.47,15.88,8.09,0.0,149.77,2026-08-19T12:08:18Z,2026-08-19T13:08:59Z,USD
pay_2cc572c77f574986be15,o_20260819_00004985,captured,apple_pay,69.62,3.24,10.92,4.17,10.44,77.51,2026-08-19T13:29:44Z,2026-08-19T14:06:10Z,USD
pay_59dbd7a81f1946ad9e09,o_20260819_00004986,refunded,card,62.27,5.89,6.64,3.93,6.23,72.5,2026-08-19T13:24:30Z,,USD
pay_2126d3c700af488099f2,o_20260819_00004987,captured,card,120.52,5.88,16.55,9.16,0.0,152.11,2026-08-19T08:44:59Z,2026-08-19T09:11:00Z,USD
pay_072b58f1fb4c41199165,o_20260819_00004988,refunded,card,118.12,4.56,16.35,7.75,0.0,146.78,2026-08-19T12:51:13Z,,USD
pay_6c9a0fd7815f44d8946d,o_20260819_00004989,voided,wallet,55.76,3.25,6.34,4.07,2.79,66.63,2026-08-19T20:39:00Z,,USD
pay_801ca41ad64a41d9ae9b,o_20260819_00004990,captured,paypal,47.09,2.2,7.04,3.21,0.0,59.54,2026-08-19T12:23:13Z,2026-08-19T13:02:24Z,USD
pay_49645e61474c41bb982a,o_20260819_00004991,captured,wallet,93.24,6.5,13.91,5.66,0.0,119.31,2026-08-19T18:32:12Z,2026-08-19T19:38:46Z,USD
pay_538762bc72844e0d9106,o_20260819_00004992,captured,wallet,84.67,1.04,7.38,6.73,0.0,99.82,2026-08-19T20:11:50Z,2026-08-19T20:53:38Z,USD
pay_2535b82299e9476e9899,o_20260819_00004993,captured,paypal,75.84,2.56,9.05,5.89,0.0,93.34,2026-08-19T11:00:48Z,2026-08-19T11:44:42Z,USD
pay_ef06d30743ce4609b61f,o_20260819_00004994,captured,card,118.02,6.58,10.47,6.78,5.9,135.95,2026-08-19T12:26:21Z,2026-08-19T12:59:14Z,USD
pay_25bfbbadf8764e43b965,o_20260819_00004995,refunded,paypal,27.96,1.57,3.08,2.31,4.19,30.73,2026-08-19T13:24:52Z,,USD
pay_302979cd29854816b0e5,o_20260819_00004996,captured,card,75.1,6.26,10.89,6.29,11.26,87.28,2026-08-19T20:53:00Z,2026-08-19T21:53:11Z,USD
pay_0fb293d9db9e4239b196,o_20260819_00004997,captured,card,59.66,2.43,5.84,3.5,8.95,62.48,2026-08-19T11:41:04Z,2026-08-19T12:34:37Z,USD
pay_553271235b8e405d8bb2,o_20260819_00004998,captured,card,114.88,2.9,14.67,9.51,0.0,141.96,2026-08-19T11:48:44Z,2026-08-19T12:40:22Z,USD
pay_b6e8a3ee43094f4caec5,o_20260819_00004999,captured,card,96.61,1.03,10.91,5.68,9.66,104.57,2026-08-19T18:49:50Z,2026-08-19T19:29:57Z,USD
pay_ee2f11b5c09c4feab19b,o_20260819_00005000,captured,apple_pay,70.08,3.04,7.53,4.76,0.0,85.41,2026-08-19T12:28:39Z,2026-08-19T13:39:33Z,USD
pay_53bf1eb561534542b4f4,o_20260819_00005001,captured,wallet,76.47,5.96,9.4,5.79,7.65,89.97,2026-08-19T11:24:10Z,2026-08-19T11:54:56Z,USD
pay_9218f60df95f4a55a4bf,o_20260819_00005002,captured,wallet,73.83,4.35,8.9,5.72,0.0,92.8,2026-08-19T13:31:21Z,2026-08-19T14:32:15Z,USD
pay_c455c30fc42d4d5c849d,o_20260819_00005003,captured,wallet,20.8,5.07,2.93,2.01,0.0,30.81,2026-08-19T11:32:48Z,2026-08-19T12:08:18Z,USD
pay_dd04f14bb38e44f48662,o_20260819_00005004,refunded,paypal,100.53,3.62,15.54,9.29,0.0,128.98,2026-08-19T11:59:16Z,,USD
pay_dc4c4e4f11bc4a639c7e,o_20260819_00005005,captured,apple_pay,69.69,6.48,9.06,4.67,6.97,82.93,2026-08-19T12:20:28Z,2026-08-19T13:06:09Z,USD
pay_6574a4aaddcf42108296,o_20260819_00005006,captured,wallet,37.01,0.57,3.49,3.6,0.0,44.67,2026-08-19T13:02:18Z,2026-08-19T13:48:35Z,USD
pay_d0b04c45829c4c96b480,o_20260819_00005007,captured,apple_pay,33.12,6.24,3.2,1.99,4.97,39.58,2026-08-19T12:51:38Z,2026-08-19T13:17:14Z,USD
pay_5e85bc063e2e47d7b300,o_20260819_00005008,captured,apple_pay,54.87,2.08,4.78,5.33,0.0,67.06,2026-08-19T19:03:39Z,2026-08-19T20:03:42Z,USD
pay_25fd78016df04ec9867f,o_20260819_00005009,captured,apple_pay,100.74,3.37,11.79,8.07,15.11,108.86,2026-08-19T18:58:31Z,2026-08-19T19:37:10Z,USD
pay_d8f21743cad54d18841e,o_20260819_00005010,captured,card,61.29,6.31,8.89,4.84,0.0,81.33,2026-08-19T18:29:12Z,2026-08-19T19:27:06Z,USD
pay_13bd66865de748588517,o_20260819_00005011,captured,paypal,45.05,1.73,3.71,3.55,0.0,54.04,2026-08-19T19:19:29Z,2026-08-19T20:23:32Z,USD
pay_75327de37be24a9eaadd,o_20260819_00005012,captured,paypal,51.18,2.9,5.04,4.07,2.56,60.63,2026-08-19T18:10:04Z,2026-08-19T19:10:02Z,USD
pay_3e713c501f0f4bfbb6c9,o_20260819_00005013,captured,wallet,101.7,2.42,15.25,8.46,0.0,127.83,2026-08-19T12:03:40Z,2026-08-19T13:04:04Z,USD
pay_2c2d87299d864e7fbd28,o_20260819_00005014,captured,card,21.78,5.73,2.87,1.76,0.0,32.14,2026-08-19T08:40:06Z,2026-08-19T09:43:42Z,USD
pay_2639423cd6d541ab8c25,o_20260819_00005015,refunded,apple_pay,112.42,6.97,10.92,10.94,0.0,141.25,2026-08-19T19:58:29Z,,USD
pay_c266d2e3d4ee47659778,o_20260819_00005016,captured,card,109.83,1.13,14.16,7.71,0.0,132.83,2026-08-19T11:44:10Z,2026-08-19T12:41:41Z,USD
pay_f11fdae5217749d2bd28,o_20260819_00005017,captured,paypal,28.09,5.75,2.63,2.47,2.81,36.13,2026-08-19T19:07:25Z,2026-08-19T20:04:35Z,USD
pay_1aa462d9b84847c0bfd0,o_20260819_00005018,captured,apple_pay,61.35,3.16,7.48,3.14,9.2,65.93,2026-08-19T19:55:13Z,2026-08-19T20:54:00Z,USD
pay_ba58c115c6e64658a3b9,o_20260819_00005019,captured,card,61.13,1.14,7.02,3.7,0.0,72.99,2026-08-19T20:23:21Z,2026-08-19T21:09:58Z,USD
pay_45426391e9274af7906b,o_20260819_00005020,captured,card,74.04,0.77,8.34,4.76,7.4,80.51,2026-08-19T12:42:06Z,2026-08-19T13:31:26Z,USD
pay_e482617ae934470bbb7a,o_20260819_00005021,captured,card,108.91,6.52,13.86,5.9,16.34,118.85,2026-08-19T13:52:56Z,2026-08-19T14:40:10Z,USD
pay_e4401eb2f2a149a9860b,o_20260819_00005022,captured,card,44.79,2.63,5.38,3.86,0.0,56.66,2026-08-19T19:01:11Z,2026-08-19T19:49:25Z,USD
pay_7222eebba70a4ddaa7c0,o_20260819_00005023,captured,wallet,21.25,1.99,3.01,1.71,0.0,27.96,2026-08-19T11:26:08Z,2026-08-19T12:25:03Z,USD
pay_b04ba3d0f4724642a10d,o_20260819_00005024,captured,card,35.78,6.08,5.04,2.3,3.58,45.62,2026-08-19T18:47:48Z,2026-08-19T19:19:30Z,USD
pay_5737f540b4344b17acbd,o_20260819_00005025,captured,paypal,95.3,6.43,9.48,5.78,0.0,116.99,2026-08-19T08:24:12Z,2026-08-19T08:58:48Z,USD
pay_e6298f2df1134511a634,o_20260819_00005026,captured,wallet,48.03,2.39,4.22,4.43,0.0,59.07,2026-08-19T19:11:08Z,2026-08-19T19:43:29Z,USD
pay_2f2f1d23fdc4460497f8,o_20260819_00005027,captured,card,41.9,6.58,3.79,3.93,2.1,54.1,2026-08-19T20:29:31Z,2026-08-19T21:07:10Z,USD
pay_365e61810d8a460a9e3e,o_20260819_00005028,voided,apple_pay,44.23,5.82,6.95,2.8,0.0,59.8,2026-08-19T12:02:19Z,,USD
pay_7afa866f1d2c4f79b0da,o_20260819_00005029,captured,card,131.48,6.56,12.34,10.65,6.57,154.46,2026-08-19T12:45:10Z,2026-08-19T13:36:18Z,USD
pay_9a85c04b4f9a46dbb8f1,o_20260819_00005030,voided,wallet,59.06,5.88,7.91,4.0,0.0,76.85,2026-08-19T18:59:43Z,,USD
pay_ebb2401c04df4cd68e38,o_20260819_00005031,voided,wallet,92.4,1.77,12.86,6.5,13.86,99.67,2026-08-19T12:48:30Z,,USD
pay_7925f87255a7460e839a,o_20260819_00005032,captured,wallet,21.25,1.85,2.28,1.62,0.0,27.0,2026-08-19T20:28:28Z,2026-08-19T21:18:15Z,USD
pay_63408b981b334883b961,o_20260819_00005033,captured,apple_pay,21.25,4.01,1.75,1.95,0.0,28.96,2026-08-19T13:39:48Z,2026-08-19T14:36:35Z,USD
pay_0fbf8cd08d814dc0a899,o_20260819_00005034,captured,wallet,40.36,4.42,3.93,2.73,6.05,45.39,2026-08-19T13:58:14Z,2026-08-19T14:34:49Z,USD
pay_7c48934678e64670882d,o_20260819_00005035,captured,wallet,26.52,3.76,2.96,1.73,0.0,34.97,2026-08-19T19:08:30Z,2026-08-19T20:25:09Z,USD
pay_920017d14eab49bca0b4,o_20260819_00005036,refunded,apple_pay,94.74,6.67,12.03,6.07,14.21,105.3,2026-08-19T08:52:13Z,,USD
pay_4bc92ee0cc5148f2b5d7,o_20260819_00005037,captured,card,126.12,4.53,13.74,9.21,6.31,147.29,2026-08-19T11:24:55Z,2026-08-19T12:19:45Z,USD
pay_46c3b7ed486b4316bf2c,o_20260819_00005038,captured,apple_pay,91.64,6.79,7.96,7.6,13.75,100.24,2026-08-19T11:11:10Z,2026-08-19T11:52:02Z,USD
pay_08a2ab005a7c408eaa1f,o_20260819_00005039,captured,paypal,23.0,4.54,3.55,1.79,1.15,31.73,2026-08-19T19:19:27Z,2026-08-19T20:11:22Z,USD
pay_67f19c0728b5424f9d21,o_20260819_00005040,captured,paypal,89.59,0.59,9.85,7.95,0.0,107.98,2026-08-19T13:14:04Z,2026-08-19T13:57:01Z,USD
pay_49bc31c8cd7b435db3d4,o_20260819_00005041,captured,card,37.05,1.53,3.76,3.31,0.0,45.65,2026-08-19T20:43:39Z,2026-08-19T21:42:07Z,USD
pay_6164857227914598883b,o_20260819_00005042,captured,card,66.04,2.47,9.7,4.9,0.0,83.11,2026-08-19T18:47:45Z,2026-08-19T19:29:55Z,USD
pay_136f655ccd604578a134,o_20260819_00005043,captured,paypal,25.53,6.1,3.91,1.97,1.28,36.23,2026-08-19T18:15:24Z,2026-08-19T18:43:04Z,USD
pay_e0e5c080b47446209258,o_20260819_00005044,captured,card,19.59,3.92,1.89,1.89,0.0,27.29,2026-08-19T18:39:11Z,2026-08-19T19:15:00Z,USD
pay_c8be8b6219ca4e4bb994,o_20260819_00005045,captured,wallet,103.49,0.8,10.4,6.91,0.0,121.6,2026-08-19T18:28:58Z,2026-08-19T19:19:50Z,USD
pay_fa55d7fe654f4c58916b,o_20260819_00005046,refunded,paypal,42.72,6.04,4.66,2.59,6.41,49.6,2026-08-19T20:21:56Z,,USD
pay_991fdaedfc57452aaff0,o_20260819_00005047,captured,apple_pay,68.5,5.12,5.52,5.78,6.85,78.07,2026-08-19T19:54:04Z,2026-08-19T20:38:46Z,USD
pay_493d334e1a034c659a10,o_20260819_00005048,captured,paypal,47.97,2.18,5.23,3.05,0.0,58.43,2026-08-19T18:25:05Z,2026-08-19T19:07:39Z,USD
pay_51552bdff0524bd88543,o_20260819_00005049,captured,wallet,78.78,2.17,11.66,7.25,0.0,99.86,2026-08-19T19:38:56Z,2026-08-19T20:35:26Z,USD
pay_82df46b0387847f3843d,o_20260819_00005050,captured,apple_pay,132.02,5.46,18.18,11.0,19.8,146.86,2026-08-19T20:08:32Z,2026-08-19T20:44:02Z,USD
pay_985b8dc5965d4bba82a8,o_20260819_00005051,captured,wallet,51.4,1.46,7.84,3.54,2.57,61.67,2026-08-19T20:44:41Z,2026-08-19T21:39:26Z,USD
pay_7a906fcb7afa4764a9e5,o_20260819_00005052,captured,paypal,18.98,3.5,1.66,1.38,2.85,22.67,2026-08-19T18:44:41Z,2026-08-19T19:13:31Z,USD
pay_1bddcce727704e08abd9,o_20260819_00005053,captured,card,35.78,5.89,5.1,2.66,0.0,49.43,2026-08-19T11:40:46Z,2026-08-19T12:30:41Z,USD
pay_4310dd1edf794ecebffe,o_20260819_00005054,captured,apple_pay,18.96,2.53,1.84,1.21,2.84,21.7,2026-08-19T20:57:33Z,2026-08-19T21:30:11Z,USD
pay_f6e5e565f38a477ba2b4,o_20260819_00005055,captured,card,122.3,2.66,12.8,7.56,0.0,145.32,2026-08-19T19:04:04Z,2026-08-19T19:55:51Z,USD
pay_23752ed1cb4b4e979abd,o_20260819_00005056,captured,paypal,49.93,5.63,7.84,3.1,0.0,66.5,2026-08-19T18:45:10Z,2026-08-19T19:28:01Z,USD
pay_b04514fba7954812ac5a,o_20260819_00005057,captured,paypal,20.43,4.43,2.44,2.08,0.0,29.38,2026-08-19T18:45:38Z,2026-08-19T19:45:33Z,USD
pay_c97b608efb13406980f5,o_20260819_00005058,voided,apple_pay,47.56,3.23,4.75,4.03,0.0,59.57,2026-08-19T08:43:45Z,,USD
pay_dbb974fb324f479581fb,o_20260819_00005059,captured,wallet,52.41,4.78,4.4,5.22,0.0,66.81,2026-08-19T08:38:18Z,2026-08-19T09:29:53Z,USD
pay_dda13c953f6f46a799cc,o_20260819_00005060,refunded,paypal,122.3,5.07,11.34,7.73,18.34,128.1,2026-08-19T19:44:16Z,,USD
pay_cbaa309064df4b148a9e,o_20260819_00005061,captured,paypal,69.69,5.24,7.7,6.48,0.0,89.11,2026-08-19T12:35:56Z,2026-08-19T13:34:27Z,USD
pay_af8dc8fe2299407d98e4,o_20260819_00005062,captured,paypal,10.89,3.31,1.67,0.85,0.0,16.72,2026-08-19T13:41:21Z,2026-08-19T14:50:00Z,USD
pay_b65f20f2795a47bf8217,o_20260819_00005063,captured,apple_pay,53.1,1.71,5.3,4.28,5.31,59.08,2026-08-19T18:20:48Z,2026-08-19T18:44:34Z,USD
pay_9a41e2e3ec9849db87f4,o_20260819_00005064,captured,apple_pay,71.02,6.24,11.28,7.1,0.0,95.64,2026-08-19T13:05:45Z,2026-08-19T13:53:51Z,USD
pay_0dff2daaa09e425a8858,o_20260819_00005065,captured,apple_pay,40.86,4.45,4.91,3.31,0.0,53.53,2026-08-19T12:51:56Z,2026-08-19T13:53:17Z,USD
pay_39edd6c664de40b3852b,o_20260819_00005066,voided,card,18.64,4.56,1.85,1.08,0.93,25.2,2026-08-19T11:46:40Z,,USD
pay_ad6233b00206476faa68,o_20260819_00005067,captured,card,44.68,1.7,5.87,4.29,0.0,56.54,2026-08-19T13:51:21Z,2026-08-19T14:20:48Z,USD
pay_0b22d1843840446788aa,o_20260819_00005068,captured,card,82.58,5.28,7.22,5.23,8.26,92.05,2026-08-19T20:22:28Z,2026-08-19T21:22:57Z,USD
pay_78e75e1b95534f6db575,o_20260819_00005069,refunded,wallet,135.68,4.08,11.81,11.3,0.0,162.87,2026-08-19T13:08:29Z,,USD
pay_10a8e780a4154f9aa0bd,o_20260819_00005070,voided,paypal,67.86,5.56,5.47,5.75,0.0,84.64,2026-08-19T12:39:30Z,,USD
pay_953d28aec43340cda752,o_20260819_00005071,captured,paypal,126.06,1.09,16.58,7.92,18.91,132.74,2026-08-19T12:36:57Z,2026-08-19T13:28:40Z,USD
pay_b8f2ee4b6cb54b07ac10,o_20260819_00005072,captured,paypal,62.98,2.44,10.05,3.56,6.3,72.73,2026-08-19T12:26:57Z,2026-08-19T13:09:50Z,USD
pay_e2704fd90e0345778fc0,o_20260819_00005073,captured,apple_pay,83.17,5.62,9.36,7.76,0.0,105.91,2026-08-19T18:41:49Z,2026-08-19T19:21:43Z,USD
pay_664978e92e384355a6d8,o_20260819_00005074,captured,wallet,48.91,5.68,5.94,3.0,0.0,63.53,2026-08-19T19:58:33Z,2026-08-19T20:45:56Z,USD
pay_08dcba59265f4fb193fe,o_20260819_00005075,captured,apple_pay,19.14,4.88,2.22,1.07,2.87,24.44,2026-08-19T19:00:46Z,2026-08-19T19:55:28Z,USD
pay_36d5dd21284840f2a6dd,o_20260819_00005076,captured,paypal,30.74,3.63,3.3,3.04,0.0,40.71,2026-08-19T12:04:37Z,2026-08-19T12:56:08Z,USD
pay_94faf51b0bd54ee6b8ee,o_20260819_00005077,captured,card,50.19,4.71,4.37,3.82,2.51,60.58,2026-08-19T18:24:58Z,2026-08-19T18:58:17Z,USD
pay_04b99f8e367448d49a1c,o_20260819_00005078,voided,card,23.9,5.39,2.83,2.31,0.0,34.43,2026-08-19T12:26:01Z,,USD
pay_fc070d297faf4b08a5e9,o_20260819_00005079,captured,wallet,65.2,4.09,6.68,4.71,0.0,80.68,2026-08-19T11:11:50Z,2026-08-19T11:38:21Z,USD
pay_6e89cffd028c4e7389bd,o_20260819_00005080,captured,card,71.94,6.8,7.68,4.78,10.79,80.41,2026-08-19T12:54:26Z,2026-08-19T13:49:15Z,USD
pay_7a7d8a686bcf4cea9b76,o_20260819_00005081,captured,apple_pay,137.27,4.75,14.25,12.34,0.0,168.61,2026-08-19T19:45:46Z,2026-08-19T20:11:21Z,USD
pay_2a3002146fd546bf982d,o_20260819_00005082,captured,wallet,13.16,1.18,1.2,1.11,0.0,16.65,2026-08-19T18:34:41Z,2026-08-19T19:35:38Z,USD
pay_33bfdc63379c4d20ab52,o_20260819_00005083,captured,paypal,50.17,2.44,6.08,4.5,0.0,63.19,2026-08-19T12:17:24Z,2026-08-19T13:01:25Z,USD
pay_c78ee986c2ad416c9cce,o_20260819_00005084,captured,paypal,19.28,4.24,2.96,1.15,2.89,24.74,2026-08-19T13:51:34Z,2026-08-19T14:39:05Z,USD
pay_a17816c378054a14991e,o_20260819_00005085,captured,card,97.23,3.55,15.42,5.91,4.86,117.25,2026-08-19T19:32:37Z,2026-08-19T20:12:06Z,USD
pay_db6ee22ab80f4afbad83,o_20260819_00005086,captured,wallet,34.02,4.71,4.36,2.91,0.0,46.0,2026-08-19T12:29:31Z,2026-08-19T13:04:54Z,USD
pay_742b743d6b7a4876a08a,o_20260819_00005087,captured,wallet,29.16,4.85,4.38,2.21,0.0,40.6,2026-08-19T11:33:37Z,2026-08-19T12:36:32Z,USD
pay_d782ba3589f94fceb36b,o_20260819_00005088,captured,card,64.51,0.76,8.48,5.64,0.0,79.39,2026-08-19T19:00:37Z,2026-08-19T20:03:45Z,USD
pay_3afbf92f25764897b418,o_20260819_00005089,captured,apple_pay,59.32,4.46,9.46,4.39,8.9,68.73,2026-08-19T11:42:32Z,2026-08-19T12:46:13Z,USD
pay_617b81cd8cd946bf9188,o_20260819_00005090,captured,card,115.7,0.84,17.72,7.91,11.57,130.6,2026-08-19T08:36:11Z,2026-08-19T09:15:16Z,USD
pay_b6f2dba6781c4c599796,o_20260819_00005091,captured,paypal,46.3,2.99,7.27,3.9,6.94,53.52,2026-08-19T19:30:10Z,2026-08-19T20:34:48Z,USD
pay_d57b62c419b14fbb98c8,o_20260819_00005092,captured,card,8.51,4.85,1.24,0.69,0.0,15.29,2026-08-19T18:13:05Z,2026-08-19T18:56:51Z,USD
pay_8742c974c2eb4df49721,o_20260819_00005093,captured,apple_pay,53.83,1.85,4.36,4.77,0.0,64.81,2026-08-19T12:34:36Z,2026-08-19T13:39:07Z,USD
pay_b8c230e03f3742a0a10f,o_20260819_00005094,captured,apple_pay,64.89,0.58,9.62,5.99,3.24,77.84,2026-08-19T18:04:30Z,2026-08-19T18:33:40Z,USD
pay_2d3925b4d3da484283ce,o_20260819_00005095,captured,card,55.92,4.2,5.39,3.62,5.59,63.54,2026-08-19T08:14:27Z,2026-08-19T08:51:41Z,USD
pay_71fd4b2e95fb400384b7,o_20260819_00005096,captured,wallet,30.14,5.41,3.53,1.98,1.51,39.55,2026-08-19T18:28:42Z,2026-08-19T19:10:09Z,USD
pay_103aff7c66554b8796c1,o_20260819_00005097,captured,wallet,80.07,6.01,10.78,5.9,12.01,90.75,2026-08-19T12:54:36Z,2026-08-19T13:14:21Z,USD
pay_387a40cfeaa94ab2bc0d,o_20260819_00005098,captured,card,56.2,4.52,6.69,4.79,8.43,63.77,2026-08-19T11:06:17Z,2026-08-19T11:55:18Z,USD
pay_83aa9e7099dc401282d7,o_20260819_00005099,refunded,apple_pay,65.34,6.55,7.04,5.93,0.0,84.86,2026-08-19T19:32:12Z,,USD
pay_00edd72612f44d1bb7e1,o_20260819_00005100,captured,wallet,32.72,2.4,4.0,2.27,0.0,41.39,2026-08-19T13:16:55Z,2026-08-19T13:52:34Z,USD
pay_4d9f6b4e0c3c4380a03a,o_20260819_00005101,captured,paypal,119.02,0.61,16.01,9.63,17.85,127.42,2026-08-19T13:52:22Z,2026-08-19T14:30:26Z,USD
pay_58e8156f44f147d39712,o_20260819_00005102,captured,card,52.41,6.63,6.39,5.02,0.0,70.45,2026-08-19T08:40:36Z,2026-08-19T09:12:49Z,USD
pay_990f2be9b98a4721820c,o_20260819_00005103,captured,card,7.46,2.34,0.85,0.62,0.75,10.52,2026-08-19T12:25:49Z,2026-08-19T13:31:42Z,USD
pay_9704d5b8809f4380b875,o_20260819_00005104,captured,card,91.68,6.2,12.08,6.44,0.0,116.4,2026-08-19T18:42:51Z,2026-08-19T19:39:31Z,USD
pay_6a77be577cf7407294cd,o_20260819_00005105,captured,apple_pay,86.0,1.11,8.15,6.41,0.0,101.67,2026-08-19T18:35:53Z,2026-08-19T19:28:28Z,USD
pay_ad70155dc5ae46dc9c27,o_20260819_00005106,captured,paypal,130.64,0.95,15.64,10.73,13.06,144.9,2026-08-19T11:02:35Z,2026-08-19T11:49:27Z,USD
pay_8dab49e6aa1f42b1a139,o_20260819_00005107,captured,paypal,36.5,2.26,3.51,2.66,0.0,44.93,2026-08-19T13:24:50Z,2026-08-19T14:02:09Z,USD
pay_e122eef807f1494dbaa3,o_20260819_00005108,captured,paypal,36.48,1.2,3.35,2.32,3.65,39.7,2026-08-19T11:52:05Z,2026-08-19T12:52:38Z,USD
pay_4df8f097e9244f6da9e6,o_20260819_00005109,captured,paypal,67.26,1.06,8.92,5.38,0.0,82.62,2026-08-19T19:23:08Z,2026-08-19T20:19:14Z,USD
pay_e43130482d0d44908eba,o_20260819_00005110,captured,wallet,30.88,1.45,4.72,2.56,3.09,36.52,2026-08-19T18:16:41Z,2026-08-19T18:57:10Z,USD
pay_7d665a64f4a246dca200,o_20260819_00005111,captured,wallet,110.94,4.37,11.69,5.89,16.64,116.25,2026-08-19T19:02:16Z,2026-08-19T19:45:57Z,USD
pay_34aa95a08db14017803d,o_20260819_00005112,captured,card,12.35,1.44,1.2,1.11,1.24,14.86,2026-08-19T12:02:30Z,2026-08-19T12:59:53Z,USD
pay_5fda85d899264ae1a73c,o_20260819_00005113,captured,apple_pay,38.91,3.13,4.5,2.46,3.89,45.11,2026-08-19T12:48:59Z,2026-08-19T13:42:56Z,USD
pay_74509e2cfcb94440b7c0,o_20260819_00005114,refunded,paypal,68.13,4.67,7.38,4.27,0.0,84.45,2026-08-19T13:56:12Z,,USD
pay_f090043643674276ab66,o_20260819_00005115,captured,wallet,17.7,5.5,1.91,1.44,0.89,25.66,2026-08-19T18:40:18Z,2026-08-19T19:33:37Z,USD
pay_b6107cb6be5845ff8a60,o_20260819_00005116,captured,paypal,58.1,0.89,6.0,4.73,0.0,69.72,2026-08-19T20:00:24Z,2026-08-19T20:31:11Z,USD
pay_c00f32f9bc624ce8b07f,o_20260819_00005117,captured,apple_pay,58.12,2.48,8.98,4.16,2.91,70.83,2026-08-19T20:35:25Z,2026-08-19T21:51:14Z,USD
pay_c28958f274234aa19509,o_20260819_00005118,captured,apple_pay,100.34,1.73,11.07,5.8,15.05,103.89,2026-08-19T18:02:15Z,2026-08-19T19:04:27Z,USD
pay_3267580f504d49ef837f,o_20260819_00005119,captured,apple_pay,92.4,3.87,7.69,6.91,9.24,101.63,2026-08-19T20:14:39Z,2026-08-19T20:55:08Z,USD
pay_3eacae9b199d4654af02,o_20260819_00005120,captured,wallet,61.16,3.2,6.33,4.54,3.06,72.17,2026-08-19T20:57:12Z,2026-08-19T22:07:11Z,USD
pay_0138a0fbdd9e49e0b8ef,o_20260819_00005121,captured,apple_pay,94.14,6.36,10.13,8.33,4.71,114.25,2026-08-19T13:24:04Z,2026-08-19T14:13:09Z,USD
pay_26e7fab91ac14e42ac9b,o_20260819_00005122,captured,wallet,87.85,6.53,13.37,5.96,0.0,113.71,2026-08-19T11:31:50Z,2026-08-19T12:12:31Z,USD
pay_878aadf7c92c49569b45,o_20260819_00005123,captured,card,123.39,1.94,15.71,8.17,12.34,136.87,2026-08-19T19:27:29Z,2026-08-19T20:31:56Z,USD
pay_1a7b8fcf3fde489cb6ee,o_20260819_00005124,captured,wallet,108.56,4.07,10.31,8.44,16.28,115.1,2026-08-19T18:17:34Z,2026-08-19T19:04:29Z,USD
pay_8848284546da4fd091f5,o_20260819_00005125,voided,wallet,21.5,6.67,2.16,1.35,0.0,31.68,2026-08-19T08:07:59Z,,USD
pay_3af3c096ce8c4badbaf1,o_20260819_00005126,refunded,apple_pay,45.42,5.04,5.4,4.08,0.0,59.94,2026-08-19T13:27:31Z,,USD
pay_87ee718b51bf42cab009,o_20260819_00005127,captured,paypal,52.04,3.86,5.22,4.61,0.0,65.73,2026-08-19T19:41:59Z,2026-08-19T20:38:29Z,USD
pay_9f1fa9d2d2a94152a6e8,o_20260819_00005128,captured,paypal,58.07,4.71,7.69,4.11,0.0,74.58,2026-08-19T11:36:48Z,2026-08-19T12:12:23Z,USD
pay_35ca362d79e540638447,o_20260819_00005129,captured,paypal,16.73,6.44,1.38,1.26,0.0,25.81,2026-08-19T19:03:46Z,2026-08-19T19:39:32Z,USD
pay_66678e6fdb0c4e1fa142,o_20260819_00005130,captured,apple_pay,32.8,3.14,4.12,2.76,0.0,42.82,2026-08-19T19:58:47Z,2026-08-19T20:42:32Z,USD
pay_9a8ef47369f8466ebc93,o_20260819_00005131,captured,apple_pay,10.89,3.07,1.62,0.88,1.09,15.37,2026-08-19T20:33:27Z,2026-08-19T21:25:39Z,USD
pay_3dc4afc143d14e649263,o_20260819_00005132,captured,paypal,55.99,0.96,4.94,3.9,0.0,65.79,2026-08-19T13:30:23Z,2026-08-19T14:19:53Z,USD
pay_c0417b17ea174fd295ec,o_20260819_00005133,captured,card,143.11,5.53,14.24,11.27,0.0,174.15,2026-08-19T08:31:54Z,2026-08-19T09:01:26Z,USD
pay_c17d86888615415eb171,o_20260819_00005134,captured,card,61.12,3.78,5.13,3.89,0.0,73.92,2026-08-19T20:23:56Z,2026-08-19T20:56:20Z,USD
pay_04c72985fe1f43a58fbd,o_20260819_00005135,voided,paypal,31.38,2.24,5.0,2.73,0.0,41.35,2026-08-19T11:13:48Z,,USD
pay_fb7bea9af7d54d01b60b,o_20260819_00005136,captured,wallet,54.24,6.43,6.76,5.44,0.0,72.87,2026-08-19T19:33:07Z,2026-08-19T20:11:24Z,USD
pay_f244bab029334d66b71e,o_20260819_00005137,captured,paypal,91.04,1.59,8.42,7.0,13.66,94.39,2026-08-19T19:55:08Z,2026-08-19T20:19:15Z,USD
pay_3aa9bcdace614704b3a5,o_20260819_00005138,captured,card,82.42,2.84,10.61,5.36,4.12,97.11,2026-08-19T13:52:47Z,2026-08-19T14:30:19Z,USD
pay_dd91ae9fa304427d9b59,o_20260819_00005139,captured,apple_pay,62.22,0.62,9.23,6.11,0.0,78.18,2026-08-19T19:51:57Z,2026-08-19T20:41:32Z,USD
pay_629ec552cd944ed2af5a,o_20260819_00005140,captured,card,56.66,4.92,8.99,5.47,0.0,76.04,2026-08-19T20:49:04Z,2026-08-19T21:44:43Z,USD
pay_2d4428640fe0484c82ef,o_20260819_00005141,captured,paypal,29.86,2.26,3.32,2.58,0.0,38.02,2026-08-19T12:45:24Z,2026-08-19T13:28:48Z,USD
pay_6fde4377899846d087a8,o_20260819_00005142,captured,wallet,109.83,2.3,11.06,10.81,0.0,134.0,2026-08-19T11:59:37Z,2026-08-19T13:05:24Z,USD
pay_b77a6a14674f46ca97ce,o_20260819_00005143,captured,wallet,89.12,5.94,7.89,6.08,13.37,95.66,2026-08-19T19:13:52Z,2026-08-19T20:06:15Z,USD
pay_f3a77bf32c6845468bd7,o_20260819_00005144,captured,card,99.85,5.42,12.95,7.45,14.98,110.69,2026-08-19T12:22:11Z,2026-08-19T13:15:12Z,USD
pay_bceee0410e3045a7b8ab,o_20260819_00005145,captured,apple_pay,111.48,2.56,10.57,7.71,0.0,132.32,2026-08-19T12:45:52Z,2026-08-19T13:39:10Z,USD
pay_3fc6566d52bb4e7a9868,o_20260819_00005146,refunded,paypal,90.62,4.51,10.27,7.41,9.06,103.75,2026-08-19T11:52:01Z,,USD
pay_158c639401674d25bb18,o_20260819_00005147,captured,paypal,47.59,6.4,4.71,2.75,7.14,54.31,2026-08-19T12:59:40Z,2026-08-19T13:45:19Z,USD
pay_49a02ef65a594f429dd9,o_20260819_00005148,captured,wallet,34.32,0.94,3.37,2.92,5.15,36.4,2026-08-19T11:39:05Z,2026-08-19T12:42:11Z,USD
pay_cd23c9bb3d6249bcb664,o_20260819_00005149,captured,paypal,41.11,0.71,5.19,3.4,4.11,46.3,2026-08-19T18:25:01Z,2026-08-19T19:38:19Z,USD
pay_2822094984754c14a2b4,o_20260819_00005150,captured,card,25.82,6.38,3.88,1.77,1.29,36.56,2026-08-19T11:48:30Z,2026-08-19T12:32:12Z,USD
pay_dc2f5c00c9fb47618b94,o_20260819_00005151,captured,wallet,9.7,5.79,1.04,0.93,0.0,17.46,2026-08-19T12:24:03Z,2026-08-19T13:13:23Z,USD
pay_999d77efdb4b47939562,o_20260819_00005152,captured,wallet,128.8,6.11,15.32,8.26,12.88,145.61,2026-08-19T20:13:03Z,2026-08-19T20:35:45Z,USD
pay_5413d8d68bce44e8a1fc,o_20260819_00005153,captured,apple_pay,79.5,5.91,9.11,7.46,0.0,101.98,2026-08-19T11:25:31Z,2026-08-19T12:08:24Z,USD
pay_f371d6f3a5e0428186d7,o_20260819_00005154,refunded,apple_pay,118.82,2.89,12.5,9.06,5.94,137.33,2026-08-19T18:03:50Z,,USD
pay_fdaf4e5f0b184e56b558,o_20260819_00005155,captured,card,150.39,2.23,17.22,10.98,22.56,158.26,2026-08-19T18:24:42Z,2026-08-19T19:14:37Z,USD
pay_1cc8c63928bf4232b41d,o_20260819_00005156,captured,apple_pay,127.69,0.59,18.96,8.67,12.77,143.14,2026-08-19T18:06:12Z,2026-08-19T18:51:50Z,USD
pay_1984d97f636441139117,o_20260819_00005157,captured,wallet,14.16,0.82,1.15,1.16,0.0,17.29,2026-08-19T12:32:30Z,2026-08-19T13:20:14Z,USD
pay_3c4f4ee08e5a4890b822,o_20260819_00005158,captured,paypal,15.13,3.75,2.03,1.19,0.76,21.34,2026-08-19T19:56:12Z,2026-08-19T20:49:47Z,USD
pay_8dc6acacdb344a2e814c,o_20260819_00005159,captured,paypal,23.88,2.08,2.62,2.25,0.0,30.83,2026-08-19T19:11:04Z,2026-08-19T20:08:43Z,USD
pay_8b89beb9a647449bb1cb,o_20260819_00005160,refunded,wallet,55.23,2.03,8.69,4.36,0.0,70.31,2026-08-19T08:34:43Z,,USD
pay_51b96d3c0e69462d8556,o_20260819_00005161,captured,paypal,62.29,0.64,9.3,4.16,6.23,70.16,2026-08-19T19:30:16Z,2026-08-19T20:32:54Z,USD
pay_56f40c86b4ae46a6b1c6,o_20260819_00005162,captured,wallet,53.46,5.6,5.54,3.68,2.67,65.61,2026-08-19T20:52:00Z,2026-08-19T21:43:37Z,USD
pay_ccde1985d635424c9e09,o_20260819_00005163,captured,wallet,34.74,6.92,4.54,3.37,0.0,49.57,2026-08-19T18:09:07Z,2026-08-19T18:27:56Z,USD
pay_d05f78fadabb4bb7900e,o_20260819_00005164,captured,apple_pay,24.7,5.71,2.91,2.24,2.47,33.09,2026-08-19T11:37:27Z,2026-08-19T12:09:16Z,USD
pay_d2f918093ce84a03b577,o_20260819_00005165,captured,card,68.13,4.4,10.14,5.79,0.0,88.46,2026-08-19T12:28:36Z,2026-08-19T13:10:17Z,USD
pay_8fca83911517476fa381,o_20260819_00005166,captured,apple_pay,41.83,0.5,5.55,2.88,6.27,44.49,2026-08-19T18:50:52Z,2026-08-19T19:43:16Z,USD
pay_4e783f176ef6494388cb,o_20260819_00005167,captured,card,12.98,4.74,1.38,0.95,0.0,20.05,2026-08-19T13:42:05Z,2026-08-19T14:31:46Z,USD
pay_31e303d879ba406e8da0,o_20260819_00005168,captured,apple_pay,66.12,4.98,8.09,4.11,3.31,79.99,2026-08-19T13:31:06Z,2026-08-19T14:09:41Z,USD
pay_e0ee9e479e704b89bca3,o_20260819_00005169,captured,wallet,139.02,2.65,11.34,13.86,0.0,166.87,2026-08-19T11:38:33Z,2026-08-19T12:23:17Z,USD
pay_ff8c1433827c4ab6a605,o_20260819_00005170,refunded,wallet,64.63,3.49,8.63,6.44,0.0,83.19,2026-08-19T12:56:27Z,,USD
pay_8795cff598434be1a689,o_20260819_00005171,refunded,paypal,8.88,3.91,1.28,0.88,0.0,14.95,2026-08-19T18:35:59Z,,USD
pay_2f64a379e4404f6395a9,o_20260819_00005172,captured,wallet,47.16,2.37,6.83,3.82,4.72,55.46,2026-08-19T18:23:45Z,2026-08-19T19:32:35Z,USD
pay_61e3164eea6b4e768b3b,o_20260819_00005173,captured,apple_pay,14.62,1.78,2.02,1.14,1.46,18.1,2026-08-19T13:36:53Z,2026-08-19T14:15:21Z,USD
pay_84d15e1b3cfb495f81b3,o_20260819_00005174,captured,paypal,43.01,2.95,5.71,4.31,0.0,55.98,2026-08-19T12:56:27Z,2026-08-19T13:58:03Z,USD
pay_b199a682f0cf42819842,o_20260819_00005175,voided,apple_pay,150.51,5.78,17.51,10.89,22.58,162.11,2026-08-19T18:28:11Z,,USD
pay_e18987ee0c8f4f25ae1c,o_20260819_00005176,captured,apple_pay,40.51,3.15,5.41,2.46,2.03,49.5,2026-08-19T18:01:47Z,2026-08-19T18:58:05Z,USD
pay_f5cd88ffb53942c583d3,o_20260819_00005177,captured,wallet,47.8,5.86,7.26,4.33,0.0,65.25,2026-08-19T12:47:47Z,2026-08-19T13:36:29Z,USD
pay_e1c3eec2a55b4266922b,o_20260819_00005178,captured,card,46.56,6.21,7.24,3.12,0.0,63.13,2026-08-19T18:26:19Z,2026-08-19T19:10:41Z,USD
pay_3f9681d0ba5d495cbcf3,o_20260819_00005179,captured,card,20.92,1.31,2.66,1.92,2.09,24.72,2026-08-19T11:25:01Z,2026-08-19T12:07:24Z,USD
pay_d44eaebad23446b88ad5,o_20260819_00005180,captured,paypal,110.94,2.68,15.66,6.48,5.55,130.21,2026-08-19T19:57:03Z,2026-08-19T20:29:52Z,USD
pay_a452b43b4e4d4e0f89ec,o_20260819_00005181,captured,paypal,11.7,0.69,1.79,0.81,0.0,14.99,2026-08-19T18:49:55Z,2026-08-19T19:38:41Z,USD
pay_fa0842fcf22947d389f7,o_20260819_00005182,captured,apple_pay,123.4,6.49,11.4,10.81,0.0,152.1,2026-08-19T18:47:54Z,2026-08-19T19:42:33Z,USD
pay_2ac2a6afd9454b21b745,o_20260819_00005183,captured,wallet,65.19,6.18,8.08,4.56,3.26,80.75,2026-08-19T19:07:34Z,2026-08-19T19:59:07Z,USD
pay_e907bddb23f24647b52b,o_20260819_00005184,captured,wallet,95.25,4.01,13.71,9.72,0.0,122.69,2026-08-19T18:47:46Z,2026-08-19T19:30:31Z,USD
pay_5318706cef87466ead2c,o_20260819_00005185,captured,wallet,36.32,3.88,4.89,2.34,0.0,47.43,2026-08-19T18:48:30Z,2026-08-19T19:25:41Z,USD
pay_629542afd3cd4347b181,o_20260819_00005186,captured,apple_pay,14.62,2.52,2.33,1.36,0.0,20.83,2026-08-19T12:07:03Z,2026-08-19T13:00:20Z,USD
pay_80c9bfa369fc41458a41,o_20260819_00005187,captured,paypal,78.68,4.23,12.47,8.01,0.0,103.39,2026-08-19T18:46:23Z,2026-08-19T19:23:23Z,USD
pay_403b030dd0de4fea83db,o_20260819_00005188,captured,paypal,73.73,5.32,11.4,6.39,11.06,85.78,2026-08-19T13:31:35Z,2026-08-19T14:56:11Z,USD
pay_8bf5c912847345088e2e,o_20260819_00005189,captured,card,34.25,4.71,3.46,3.07,0.0,45.49,2026-08-19T19:23:49Z,2026-08-19T20:05:26Z,USD
pay_a5eba3a9c9b7415d9405,o_20260819_00005190,captured,paypal,63.9,2.69,8.31,5.14,6.39,73.65,2026-08-19T20:37:36Z,2026-08-19T21:30:25Z,USD
pay_872b9ad6930645e98927,o_20260819_00005191,captured,apple_pay,69.93,6.5,6.4,5.8,0.0,88.63,2026-08-19T12:38:48Z,2026-08-19T13:33:35Z,USD
pay_1bb8f142e5bc4d569a82,o_20260819_00005192,refunded,wallet,42.04,1.89,6.23,2.59,0.0,52.75,2026-08-19T13:24:33Z,,USD
pay_09cfdaf6fdbd45bf9a9f,o_20260819_00005193,voided,card,46.43,1.69,6.59,4.52,0.0,59.23,2026-08-19T18:51:20Z,,USD
pay_30584e782cb742afb880,o_20260819_00005194,refunded,wallet,19.91,2.34,2.7,1.95,0.0,26.9,2026-08-19T18:16:33Z,,USD
pay_7bf9d14c6a634c8fbe42,o_20260819_00005195,captured,card,103.75,0.52,15.33,9.2,0.0,128.8,2026-08-19T11:59:27Z,2026-08-19T13:11:43Z,USD
pay_9b394017a266416b808d,o_20260819_00005196,captured,wallet,100.62,1.93,11.12,6.37,0.0,120.04,2026-08-19T19:00:31Z,2026-08-19T20:07:00Z,USD
pay_44f76f8c189244ad9ca8,o_20260819_00005197,captured,card,95.55,6.18,10.55,6.53,0.0,118.81,2026-08-19T20:37:53Z,2026-08-19T21:39:00Z,USD
pay_5d6d9ca4f75744a8a9d6,o_20260819_00005198,captured,card,46.96,0.76,6.97,3.21,0.0,57.9,2026-08-19T18:52:16Z,2026-08-19T19:25:04Z,USD
pay_540a5ad05ddf47668f99,o_20260819_00005199,captured,wallet,23.5,6.97,3.37,2.18,0.0,36.02,2026-08-19T18:07:54Z,2026-08-19T18:37:42Z,USD
pay_103331684fcf46509f45,o_20260819_00005200,captured,card,44.18,1.49,4.61,2.77,6.63,46.42,2026-08-19T13:39:34Z,2026-08-19T14:41:25Z,USD
pay_72ee46ae9387487793c8,o_20260819_00005201,captured,wallet,58.1,5.98,8.27,4.48,0.0,76.83,2026-08-19T19:44:07Z,2026-08-19T20:18:43Z,USD
pay_b2eb0624a673443daa60,o_20260819_00005202,captured,card,63.6,6.13,5.78,3.57,9.54,69.54,2026-08-19T12:17:25Z,2026-08-19T12:58:24Z,USD
pay_735c31d898584f9f9840,o_20260819_00005203,captured,card,53.57,1.54,5.02,3.48,0.0,63.61,2026-08-19T18:47:02Z,2026-08-19T19:48:40Z,USD
pay_c7c5fb5dd3bd4375b6a2,o_20260819_00005204,captured,apple_pay,66.15,3.18,8.7,5.62,0.0,83.65,2026-08-19T19:29:25Z,2026-08-19T20:28:04Z,USD
pay_7246e1e5b7764f2b9642,o_20260819_00005205,captured,card,34.32,0.8,4.0,2.51,3.43,38.2,2026-08-19T20:32:33Z,2026-08-19T21:24:34Z,USD
pay_2c308ae6c2e74701be11,o_20260819_00005206,refunded,paypal,40.55,4.17,4.89,2.23,4.05,47.79,2026-08-19T20:29:13Z,,USD
pay_4e7b6811680f46d5a0ba,o_20260819_00005207,captured,wallet,39.17,5.96,4.34,2.69,0.0,52.16,2026-08-19T11:48:52Z,2026-08-19T12:42:28Z,USD
pay_da55e947286e4a45b166,o_20260819_00005208,captured,apple_pay,16.4,2.13,2.48,1.09,2.46,19.64,2026-08-19T20:49:41Z,2026-08-19T21:29:14Z,USD
pay_e21c895fe86f4babbeb9,o_20260819_00005209,captured,paypal,81.44,2.41,10.9,5.84,0.0,100.59,2026-08-19T11:03:25Z,2026-08-19T11:23:16Z,USD
pay_53d1d30ad362476b813c,o_20260819_00005210,captured,apple_pay,77.17,3.82,11.24,7.3,0.0,99.53,2026-08-19T19:54:56Z,2026-08-19T20:30:56Z,USD
pay_f5ecd34c0c3147ddae0c,o_20260819_00005211,captured,card,28.66,6.8,4.07,2.58,0.0,42.11,2026-08-19T19:21:39Z,2026-08-19T20:01:34Z,USD
pay_07498ea50dfc4800bc81,o_20260819_00005212,captured,apple_pay,59.82,2.47,7.24,5.16,2.99,71.7,2026-08-19T18:35:48Z,2026-08-19T19:09:44Z,USD
pay_14327b9a6d6748a9b443,o_20260819_00005213,captured,wallet,79.76,2.37,10.99,5.8,3.99,94.93,2026-08-19T13:12:05Z,2026-08-19T13:52:42Z,USD
pay_c309f4f5d7db43ea8ba6,o_20260819_00005214,captured,apple_pay,84.26,1.44,7.07,7.99,0.0,100.76,2026-08-19T12:53:03Z,2026-08-19T13:57:36Z,USD
pay_20bbaf9d3bd64394ae77,o_20260819_00005215,captured,card,63.68,2.93,9.75,4.97,3.18,78.15,2026-08-19T20:24:24Z,2026-08-19T20:57:36Z,USD
pay_67abc762ed4c468e89d3,o_20260819_00005216,captured,wallet,33.57,0.52,2.71,2.41,3.36,35.85,2026-08-19T18:18:04Z,2026-08-19T18:52:14Z,USD
pay_07ac55c1a11c414f88ec,o_20260819_00005217,captured,card,7.3,1.54,0.84,0.63,0.36,9.95,2026-08-19T20:37:40Z,2026-08-19T21:27:10Z,USD
pay_6b09cc6c383c4eddb9cf,o_20260819_00005218,captured,wallet,91.35,4.77,10.5,7.74,13.7,100.66,2026-08-19T12:54:46Z,2026-08-19T13:19:04Z,USD
pay_e2b6f5cd5e9f4b1f9ae6,o_20260819_00005219,captured,card,81.36,5.91,11.51,5.41,0.0,104.19,2026-08-19T19:38:34Z,2026-08-19T20:21:33Z,USD
pay_398fb8a6bba5447fbf56,o_20260819_00005220,captured,apple_pay,19.95,2.71,1.71,1.39,2.0,23.76,2026-08-19T13:15:23Z,2026-08-19T14:09:56Z,USD
pay_a9fcbedc7c4445b091eb,o_20260819_00005221,captured,wallet,39.81,5.45,4.59,3.87,0.0,53.72,2026-08-19T19:25:32Z,2026-08-19T20:07:42Z,USD
pay_f69858e8bbfe478c8efd,o_20260819_00005222,captured,apple_pay,49.31,2.78,4.98,4.53,0.0,61.6,2026-08-19T19:59:39Z,2026-08-19T20:45:18Z,USD
pay_6c6fe547be0346e9bac6,o_20260819_00005223,captured,paypal,128.15,4.4,11.91,10.96,6.41,149.01,2026-08-19T18:25:36Z,2026-08-19T18:50:18Z,USD
pay_7c2c5d19e87d44449ef0,o_20260819_00005224,captured,paypal,53.14,3.99,7.01,4.09,2.66,65.57,2026-08-19T20:56:35Z,2026-08-19T21:37:56Z,USD
pay_45f2edf397fa4b848c4d,o_20260819_00005225,captured,paypal,35.5,1.27,4.46,3.22,1.78,42.67,2026-08-19T11:37:57Z,2026-08-19T12:15:17Z,USD
pay_fc479d19b60544bfaf2b,o_20260819_00005226,captured,wallet,6.95,2.81,1.09,0.63,0.0,11.48,2026-08-19T08:23:21Z,2026-08-19T09:35:11Z,USD
pay_29c196f54b0d46669c13,o_20260819_00005227,captured,card,71.71,0.89,9.96,5.56,0.0,88.12,2026-08-19T18:25:27Z,2026-08-19T19:11:49Z,USD
pay_86ccf6950b4346068ac0,o_20260819_00005228,captured,apple_pay,119.87,5.97,11.48,6.36,17.98,125.7,2026-08-19T11:31:45Z,2026-08-19T12:04:30Z,USD
pay_f7b96d98bcb74baeb411,o_20260819_00005229,captured,apple_pay,110.03,2.2,16.31,7.34,16.5,119.38,2026-08-19T11:18:34Z,2026-08-19T12:07:17Z,USD
pay_4ca086973328470ca2c8,o_20260819_00005230,captured,card,57.81,0.89,4.84,5.59,0.0,69.13,2026-08-19T11:23:06Z,2026-08-19T12:15:41Z,USD
pay_3acb403bf5dc4d95a85f,o_20260819_00005231,captured,apple_pay,129.96,1.97,20.63,10.63,6.5,156.69,2026-08-19T13:05:29Z,2026-08-19T13:53:03Z,USD
pay_b8f403d9fcc94b9bae50,o_20260819_00005232,captured,card,52.95,1.83,7.29,4.78,2.65,64.2,2026-08-19T08:28:44Z,2026-08-19T09:16:22Z,USD
pay_918535d584bb444ca759,o_20260819_00005233,captured,wallet,66.54,6.38,9.8,4.19,0.0,86.91,2026-08-19T19:56:27Z,2026-08-19T20:41:11Z,USD
pay_2bc88d4330c74e36b04c,o_20260819_00005234,captured,card,54.78,4.6,4.66,3.96,0.0,68.0,2026-08-19T08:41:41Z,2026-08-19T09:20:33Z,USD
pay_c53715dc761249ba9fde,o_20260819_00005235,captured,card,55.36,4.72,6.49,3.67,5.54,64.7,2026-08-19T19:43:08Z,2026-08-19T20:26:02Z,USD
pay_a87f5175c1f64b3fa27d,o_20260819_00005236,captured,wallet,14.5,0.75,1.62,0.78,2.17,15.48,2026-08-19T12:23:24Z,2026-08-19T13:29:07Z,USD
pay_142c665e43ab448f87a7,o_20260819_00005237,captured,paypal,70.0,3.38,8.6,5.9,0.0,87.88,2026-08-19T12:16:23Z,2026-08-19T12:58:41Z,USD
pay_edd7d16ae21745c1af63,o_20260819_00005238,refunded,paypal,23.96,5.36,2.21,1.63,1.2,31.96,2026-08-19T18:17:22Z,,USD
pay_0ebee41eabf042fd8320,o_20260819_00005239,captured,card,46.56,6.95,5.33,4.2,4.66,58.38,2026-08-19T11:40:45Z,2026-08-19T12:16:29Z,USD
pay_3aff629fce724f498378,o_20260819_00005240,captured,apple_pay,93.79,5.31,8.71,7.94,0.0,115.75,2026-08-19T19:16:56Z,2026-08-19T19:49:16Z,USD
pay_2bf146be854641e8b73e,o_20260819_00005241,captured,paypal,21.9,4.72,3.35,1.31,3.28,28.0,2026-08-19T19:29:50Z,2026-08-19T20:12:56Z,USD
pay_5e27f617a6764352af16,o_20260819_00005242,captured,wallet,65.4,2.07,5.72,4.91,0.0,78.1,2026-08-19T19:32:16Z,2026-08-19T20:25:18Z,USD
pay_30ab998d60124909a42b,o_20260819_00005243,captured,paypal,102.63,2.07,14.29,7.05,5.13,120.91,2026-08-19T20:35:31Z,2026-08-19T21:13:32Z,USD
pay_33fc14348d6c49f18b60,o_20260819_00005244,captured,apple_pay,52.9,1.06,4.8,3.59,2.65,59.7,2026-08-19T19:32:00Z,2026-08-19T20:08:50Z,USD
pay_c146330ff9f443929e97,o_20260819_00005245,captured,card,76.6,3.64,9.8,5.05,11.49,83.6,2026-08-19T20:55:36Z,2026-08-19T21:45:54Z,USD
pay_d4c3e29f83304795b099,o_20260819_00005246,captured,paypal,109.64,4.78,11.39,7.32,0.0,133.13,2026-08-19T20:23:40Z,2026-08-19T21:01:21Z,USD
pay_9ae330ed5e3246529b78,o_20260819_00005247,captured,wallet,172.89,4.96,18.73,9.59,17.29,188.88,2026-08-19T12:02:44Z,2026-08-19T12:57:59Z,USD
pay_06934868d4314e24a5ee,o_20260819_00005248,captured,apple_pay,18.52,2.2,2.54,1.39,0.93,23.72,2026-08-19T20:01:27Z,2026-08-19T21:06:02Z,USD
pay_b358f3393a054281b974,o_20260819_00005249,captured,paypal,79.78,5.08,6.81,4.86,11.97,84.56,2026-08-19T19:04:21Z,2026-08-19T19:44:54Z,USD
pay_be05ed2bb073486c91f3,o_20260819_00005250,captured,paypal,87.28,2.1,10.39,7.06,8.73,98.1,2026-08-19T12:38:39Z,2026-08-19T13:21:30Z,USD
pay_8a48b7c1f1d840019329,o_20260819_00005251,captured,wallet,62.1,6.51,9.29,4.37,3.1,79.17,2026-08-19T18:23:34Z,2026-08-19T19:19:41Z,USD
pay_bc5579996a2b47e6859f,o_20260819_00005252,captured,apple_pay,51.75,0.61,6.69,4.09,2.59,60.55,2026-08-19T11:25:31Z,2026-08-19T12:27:14Z,USD
pay_76e79ce13dbf48f4ab21,o_20260819_00005253,captured,card,32.42,4.11,3.78,3.08,0.0,43.39,2026-08-19T18:08:51Z,2026-08-19T18:33:08Z,USD
pay_fd3f39aa9a6643ef88fa,o_20260819_00005254,captured,card,65.66,3.34,5.45,5.89,0.0,80.34,2026-08-19T08:14:54Z,2026-08-19T09:05:27Z,USD
pay_69630500c2d1441c8b65,o_20260819_00005255,captured,paypal,87.15,1.88,8.36,5.43,0.0,102.82,2026-08-19T18:27:06Z,2026-08-19T19:08:56Z,USD
pay_a238885e8cd743f4bf7e,o_20260819_00005256,captured,wallet,80.81,4.79,8.29,5.47,4.04,95.32,2026-08-19T12:14:14Z,2026-08-19T12:54:09Z,USD
pay_6b5b23da7ddc402b8732,o_20260819_00005257,captured,apple_pay,42.37,1.45,6.56,2.96,0.0,53.34,2026-08-19T18:39:34Z,2026-08-19T19:40:07Z,USD
pay_91d9e2747ed64c92aff9,o_20260819_00005258,captured,wallet,102.36,0.69,12.23,8.39,0.0,123.67,2026-08-19T13:09:19Z,2026-08-19T13:49:13Z,USD
pay_ae86bc7d80a9439793b1,o_20260819_00005259,captured,wallet,15.46,1.49,1.78,1.27,0.0,20.0,2026-08-19T11:53:49Z,2026-08-19T12:19:07Z,USD
pay_634ea39de8854a728c58,o_20260819_00005260,captured,paypal,65.17,3.55,5.37,4.83,9.78,69.14,2026-08-19T08:44:45Z,2026-08-19T09:35:04Z,USD
pay_a4c4bceb56af4e5d9416,o_20260819_00005261,voided,paypal,50.31,2.73,7.84,4.28,7.55,57.61,2026-08-19T12:46:19Z,,USD
pay_f913ac97ab5940d38f42,o_20260819_00005262,captured,card,79.87,2.54,11.86,6.63,0.0,100.9,2026-08-19T12:22:01Z,2026-08-19T13:09:41Z,USD
pay_80b9e38afbb5453aaab9,o_20260819_00005263,captured,wallet,80.89,5.7,9.62,7.73,0.0,103.94,2026-08-19T13:30:12Z,2026-08-19T14:04:25Z,USD
pay_dbb0e2542cfd47b7a935,o_20260819_00005264,refunded,wallet,18.98,2.65,2.39,1.27,2.85,22.44,2026-08-19T11:52:13Z,,USD
pay_812fdfb072bf425f9e2c,o_20260819_00005265,captured,wallet,82.58,3.56,8.38,6.69,12.39,88.82,2026-08-19T19:51:42Z,2026-08-19T20:46:31Z,USD
pay_c4cefdd5ac9f48218d3e,o_20260819_00005266,refunded,card,95.25,6.51,12.56,5.34,9.53,110.13,2026-08-19T20:32:37Z,,USD
pay_4f208dacb62e474e9be2,o_20260819_00005267,refunded,paypal,26.52,3.05,2.48,1.79,0.0,33.84,2026-08-19T18:20:55Z,,USD
pay_cb51dad8aab3403f9236,o_20260819_00005268,captured,paypal,11.39,5.52,1.67,0.96,1.14,18.4,2026-08-19T20:50:06Z,2026-08-19T21:23:54Z,USD
pay_4fb24a640b674626a5eb,o_20260819_00005269,voided,card,79.7,0.99,10.77,4.99,11.96,84.49,2026-08-19T12:20:59Z,,USD
pay_1939eed465974432b761,o_20260819_00005270,captured,paypal,66.03,6.59,6.06,5.78,0.0,84.46,2026-08-19T08:39:02Z,2026-08-19T09:21:26Z,USD
pay_5b364f45c61e4b238381,o_20260819_00005271,captured,paypal,69.0,3.84,8.49,5.2,6.9,79.63,2026-08-19T13:36:54Z,2026-08-19T14:36:47Z,USD
pay_7a722469ad1448b39c9d,o_20260819_00005272,captured,card,58.2,4.23,8.82,4.14,2.91,72.48,2026-08-19T13:10:21Z,2026-08-19T14:00:58Z,USD
pay_f424d3aa364048e3b379,o_20260819_00005273,captured,wallet,68.77,0.94,6.96,5.82,0.0,82.49,2026-08-19T18:21:57Z,2026-08-19T19:00:33Z,USD
pay_c75f18c3061e445e82f0,o_20260819_00005274,captured,card,52.47,3.12,7.88,4.67,2.62,65.52,2026-08-19T19:28:38Z,2026-08-19T20:14:09Z,USD
pay_6bf09193d46c46beb5d1,o_20260819_00005275,captured,paypal,13.21,2.02,1.26,1.21,0.0,17.7,2026-08-19T19:20:31Z,2026-08-19T20:27:35Z,USD
pay_6ac7c285997543f9a85e,o_20260819_00005276,voided,paypal,21.03,5.08,3.11,1.58,3.15,27.65,2026-08-19T13:34:28Z,,USD
pay_2f68c2e3a9d84093b883,o_20260819_00005277,captured,paypal,19.44,3.61,1.74,1.96,0.0,26.75,2026-08-19T19:15:13Z,2026-08-19T20:01:59Z,USD
pay_259f71f9967943478311,o_20260819_00005278,captured,apple_pay,46.56,1.81,6.61,3.33,0.0,58.31,2026-08-19T18:39:24Z,2026-08-19T19:23:41Z,USD
pay_8d335f0a369a4a778df7,o_20260819_00005279,captured,wallet,117.3,2.83,15.65,10.14,0.0,145.92,2026-08-19T18:57:37Z,2026-08-19T19:46:30Z,USD
pay_10b4a5c2c364408daf47,o_20260819_00005280,captured,card,21.75,2.53,2.27,1.77,2.18,26.14,2026-08-19T11:19:12Z,2026-08-19T11:57:56Z,USD
pay_127c59a2a1494b2fbe63,o_20260819_00005281,voided,card,97.96,3.44,7.89,5.46,9.8,104.95,2026-08-19T13:56:28Z,,USD
pay_d949b52d24e94ec5939c,o_20260819_00005282,captured,paypal,99.76,4.63,8.51,6.79,14.96,104.73,2026-08-19T12:55:11Z,2026-08-19T13:56:07Z,USD
pay_cc758b5fd4d94a61a2a8,o_20260819_00005283,captured,paypal,13.66,3.62,1.42,0.83,0.0,19.53,2026-08-19T13:26:35Z,2026-08-19T14:10:59Z,USD
pay_bf83d868e654438fb080,o_20260819_00005284,refunded,paypal,76.67,1.28,9.68,4.79,3.83,88.59,2026-08-19T13:45:10Z,,USD
pay_f24c0af74b2f43009c68,o_20260819_00005285,captured,card,84.28,4.84,9.88,5.1,0.0,104.1,2026-08-19T20:42:05Z,2026-08-19T21:22:41Z,USD
pay_a5c6e85fee224750be6a,o_20260819_00005286,captured,apple_pay,43.04,1.97,5.61,3.67,0.0,54.29,2026-08-19T13:12:52Z,2026-08-19T13:43:49Z,USD
pay_4e77aa5d3acd49cf92c0,o_20260819_00005287,captured,apple_pay,79.78,6.53,9.44,7.62,0.0,103.37,2026-08-19T11:42:13Z,2026-08-19T12:37:03Z,USD
pay_0e9cfb245da24363b158,o_20260819_00005288,voided,paypal,32.67,2.42,2.98,2.17,0.0,40.24,2026-08-19T19:40:38Z,,USD
pay_940c6d90ee7444868310,o_20260819_00005289,captured,apple_pay,44.25,0.78,4.52,2.6,6.64,45.51,2026-08-19T12:44:26Z,2026-08-19T13:26:35Z,USD
pay_8b437d9f41eb46d1b408,o_20260819_00005290,captured,apple_pay,99.89,6.46,10.39,6.49,14.98,108.25,2026-08-19T11:38:36Z,2026-08-19T12:08:07Z,USD
pay_5505e5ccf6054de58967,o_20260819_00005291,captured,wallet,25.96,4.2,3.05,1.98,3.89,31.3,2026-08-19T19:07:51Z,2026-08-19T19:41:48Z,USD
pay_f84956b52ade4eecac13,o_20260819_00005292,captured,paypal,40.3,6.03,6.0,2.42,0.0,54.75,2026-08-19T19:15:56Z,2026-08-19T19:51:18Z,USD
pay_d0b31a8d65da40a7acaf,o_20260819_00005293,captured,card,36.75,5.82,3.38,2.49,5.51,42.93,2026-08-19T12:19:06Z,2026-08-19T13:20:21Z,USD
pay_5be61e363132481eb3b7,o_20260819_00005294,captured,card,75.34,5.91,6.28,5.06,11.3,81.29,2026-08-19T18:21:56Z,2026-08-19T19:12:53Z,USD
pay_77ede850ad3e47249dbd,o_20260819_00005295,captured,card,79.9,5.23,12.06,6.73,0.0,103.92,2026-08-19T12:43:22Z,2026-08-19T13:38:41Z,USD
pay_de5bec429cb2447ab143,o_20260819_00005296,captured,card,62.58,3.68,8.12,5.36,0.0,79.74,2026-08-19T12:20:54Z,2026-08-19T12:41:44Z,USD
pay_3268ed298799425eaaeb,o_20260819_00005297,refunded,paypal,86.2,3.2,8.75,5.81,0.0,103.96,2026-08-19T11:45:20Z,,USD
pay_ea1271c6c89d406e9362,o_20260819_00005298,captured,card,38.85,6.35,5.65,3.1,0.0,53.95,2026-08-19T18:04:29Z,2026-08-19T18:20:22Z,USD
pay_feec1a3dcabd407e9359,o_20260819_00005299,voided,apple_pay,6.82,1.81,0.58,0.63,0.0,9.84,2026-08-19T18:21:12Z,,USD
pay_4db64a2ab716425a8450,o_20260819_00005300,captured,apple_pay,37.81,3.66,5.5,2.7,5.67,44.0,2026-08-19T11:18:27Z,2026-08-19T12:06:19Z,USD
pay_0dd20e4503cb4e3b9a70,o_20260819_00005301,captured,card,81.73,2.13,7.99,5.88,12.26,85.47,2026-08-19T19:20:29Z,2026-08-19T19:53:38Z,USD
pay_d573cc4bf5fe4f65bf03,o_20260819_00005302,captured,apple_pay,13.42,3.26,1.21,0.86,2.01,16.74,2026-08-19T08:32:04Z,2026-08-19T09:16:32Z,USD
pay_486b45b1232f4cb5b5b0,o_20260819_00005303,captured,card,123.24,6.0,12.44,8.6,18.49,131.79,2026-08-19T11:03:50Z,2026-08-19T11:32:26Z,USD
pay_7cb3919976724ede9732,o_20260819_00005304,captured,apple_pay,20.67,3.29,3.22,1.26,3.1,25.34,2026-08-19T13:53:52Z,2026-08-19T14:21:50Z,USD
pay_76872f6ddfb4410eb8f1,o_20260819_00005305,voided,wallet,55.85,6.86,8.23,4.75,8.38,67.31,2026-08-19T12:02:15Z,,USD
pay_ce801977a6664b7599ce,o_20260819_00005306,captured,apple_pay,72.81,1.47,6.41,5.47,7.28,78.88,2026-08-19T13:56:47Z,2026-08-19T14:55:16Z,USD
pay_9091e6af4b704423a5e5,o_20260819_00005307,captured,paypal,143.03,4.97,16.93,13.7,7.15,171.48,2026-08-19T13:17:32Z,2026-08-19T13:50:52Z,USD
pay_82e19ef80de74884835c,o_20260819_00005308,voided,card,14.06,0.69,2.17,1.22,0.0,18.14,2026-08-19T20:50:29Z,,USD
pay_17aae29fa6fb46878551,o_20260819_00005309,captured,apple_pay,56.18,2.01,6.48,5.19,0.0,69.86,2026-08-19T12:55:58Z,2026-08-19T13:54:32Z,USD
pay_73bed97d9a6d46eb9055,o_20260819_00005310,captured,card,129.45,5.61,13.59,11.26,19.42,140.49,2026-08-19T12:03:05Z,2026-08-19T12:44:23Z,USD
pay_099d8ee52e154dd6bb51,o_20260819_00005311,captured,card,18.08,1.55,1.7,1.1,0.0,22.43,2026-08-19T20:12:59Z,2026-08-19T20:57:29Z,USD
pay_1d7c9e26b1c442a692a9,o_20260819_00005312,captured,paypal,146.8,5.12,17.87,9.72,0.0,179.51,2026-08-19T13:34:19Z,2026-08-19T14:11:00Z,USD
pay_705bf489d4034cc6954f,o_20260819_00005313,captured,paypal,76.35,3.85,11.88,4.48,11.45,85.11,2026-08-19T11:40:34Z,2026-08-19T12:19:21Z,USD
pay_a887fe49356b478c923f,o_20260819_00005314,captured,card,42.39,0.62,5.6,2.67,2.12,49.16,2026-08-19T13:24:07Z,2026-08-19T14:27:59Z,USD
pay_471c7439c4ab44518ca4,o_20260819_00005315,captured,wallet,123.96,6.6,18.3,7.51,12.4,143.97,2026-08-19T12:20:59Z,2026-08-19T13:14:51Z,USD
pay_60df71b51f0a4a32b3e6,o_20260819_00005316,captured,paypal,67.69,2.65,9.29,4.21,6.77,77.07,2026-08-19T12:52:04Z,2026-08-19T13:27:50Z,USD
pay_f50842a9ab1046fea0cd,o_20260819_00005317,captured,wallet,34.5,4.37,4.64,2.72,0.0,46.23,2026-08-19T19:01:32Z,2026-08-19T19:39:02Z,USD
pay_9bd1a48b77964caba32e,o_20260819_00005318,captured,card,106.53,3.78,9.3,6.2,10.65,115.16,2026-08-19T18:26:40Z,2026-08-19T19:13:39Z,USD
pay_77ae1f4dbdf446218365,o_20260819_00005319,captured,paypal,31.64,6.12,4.23,2.24,1.58,42.65,2026-08-19T19:18:21Z,2026-08-19T20:13:24Z,USD
pay_c750b75d3655484ab19d,o_20260819_00005320,captured,apple_pay,93.58,4.39,9.32,9.35,0.0,116.64,2026-08-19T12:52:23Z,2026-08-19T13:18:37Z,USD
pay_c827d0c07c3541d2af23,o_20260819_00005321,captured,paypal,47.67,4.47,5.22,3.48,0.0,60.84,2026-08-19T18:19:41Z,2026-08-19T18:52:05Z,USD
pay_639bbd7a73a541ee8f56,o_20260819_00005322,captured,apple_pay,33.84,0.55,5.27,3.39,0.0,43.05,2026-08-19T13:44:14Z,2026-08-19T14:27:31Z,USD
pay_14b8f5a277674c21998f,o_20260819_00005323,captured,apple_pay,92.59,5.07,7.54,6.76,9.26,102.7,2026-08-19T13:16:07Z,2026-08-19T14:06:59Z,USD
pay_3c6f5b5434f84ba2a590,o_20260819_00005324,captured,wallet,50.48,1.47,7.29,3.48,7.57,55.15,2026-08-19T11:14:31Z,2026-08-19T12:06:09Z,USD
pay_f5aaf3848b3c4d89990e,o_20260819_00005325,captured,card,16.86,2.77,2.18,1.44,1.69,21.56,2026-08-19T19:14:14Z,2026-08-19T19:42:40Z,USD
pay_8bde262dafaf4322b364,o_20260819_00005326,captured,wallet,26.76,0.76,3.62,1.87,2.68,30.33,2026-08-19T12:41:06Z,2026-08-19T13:30:36Z,USD
pay_c97dce05e3ec411ab1f9,o_20260819_00005327,captured,wallet,76.47,5.0,9.51,6.54,0.0,97.52,2026-08-19T12:02:37Z,2026-08-19T12:46:02Z,USD
pay_80870cc270fe4e6a8f76,o_20260819_00005328,captured,paypal,110.05,1.36,16.96,7.94,5.5,130.81,2026-08-19T19:54:13Z,2026-08-19T20:14:29Z,USD
pay_33625488d08a4b31a32b,o_20260819_00005329,captured,paypal,22.2,3.95,2.24,1.58,3.33,26.64,2026-08-19T20:28:40Z,2026-08-19T20:52:55Z,USD
pay_9c3189582c274bda89e9,o_20260819_00005330,captured,paypal,19.28,6.07,2.2,1.7,0.0,29.25,2026-08-19T20:51:05Z,2026-08-19T21:51:52Z,USD
pay_c7e9b134ac9948029218,o_20260819_00005331,captured,paypal,14.5,0.53,1.87,1.2,0.73,17.37,2026-08-19T08:01:52Z,2026-08-19T08:35:19Z,USD
pay_37b34449f062493d973e,o_20260819_00005332,captured,paypal,138.68,0.66,15.19,13.55,0.0,168.08,2026-08-19T20:57:24Z,2026-08-19T21:16:33Z,USD
pay_e282667088a64aa2aaae,o_20260819_00005333,captured,paypal,88.23,2.72,8.51,6.73,13.23,92.96,2026-08-19T19:09:39Z,2026-08-19T19:53:10Z,USD
pay_89de95408a7d45949f1e,o_20260819_00005334,captured,wallet,84.9,5.52,10.21,5.99,8.49,98.13,2026-08-19T19:19:38Z,2026-08-19T20:27:24Z,USD
pay_d6c96fb421214985a2f5,o_20260819_00005335,captured,wallet,50.13,1.53,4.17,3.69,0.0,59.52,2026-08-19T19:08:28Z,2026-08-19T19:54:07Z,USD
pay_11ffe5dedc3e4601af93,o_20260819_00005336,captured,wallet,87.24,2.73,10.92,7.92,0.0,108.81,2026-08-19T19:23:56Z,2026-08-19T19:51:49Z,USD
pay_c8264bc60ab34fc88bdb,o_20260819_00005337,captured,paypal,92.33,1.2,11.46,7.24,0.0,112.23,2026-08-19T18:39:22Z,2026-08-19T19:25:16Z,USD
pay_359c9a8ac5e3445db2c4,o_20260819_00005338,captured,card,42.46,3.82,4.28,3.03,0.0,53.59,2026-08-19T12:10:03Z,2026-08-19T12:54:04Z,USD
pay_c870a2e803ac4d7a9178,o_20260819_00005339,refunded,wallet,7.73,1.65,1.03,0.59,0.77,10.23,2026-08-19T18:06:47Z,,USD
pay_97c12840230d4b68a29c,o_20260819_00005340,captured,apple_pay,35.5,5.91,4.93,2.26,0.0,48.6,2026-08-19T11:38:44Z,2026-08-19T12:39:38Z,USD
pay_80478fe1e8ec48fea828,o_20260819_00005341,captured,apple_pay,47.8,4.92,7.0,3.13,2.39,60.46,2026-08-19T11:16:52Z,2026-08-19T12:28:36Z,USD
pay_0fafab9c612d4c12bdc7,o_20260819_00005342,captured,wallet,49.2,6.71,5.87,4.87,0.0,66.65,2026-08-19T18:55:12Z,2026-08-19T19:28:06Z,USD
pay_3acb72f5d1e04283815f,o_20260819_00005343,captured,paypal,15.85,2.03,1.46,1.31,2.38,18.27,2026-08-19T18:07:12Z,2026-08-19T19:01:41Z,USD
pay_c208e98433524e74a014,o_20260819_00005344,captured,paypal,89.38,4.03,12.79,4.66,13.41,97.45,2026-08-19T13:48:33Z,2026-08-19T14:37:35Z,USD
pay_80238cd6598c4443b17f,o_20260819_00005345,refunded,paypal,62.76,5.79,6.04,6.05,0.0,80.64,2026-08-19T18:52:46Z,,USD
pay_5c8308b864c74aedb51d,o_20260819_00005346,captured,apple_pay,82.65,5.64,12.18,8.03,0.0,108.5,2026-08-19T08:28:47Z,2026-08-19T09:33:30Z,USD
pay_fbced00231fc4e5b9bd0,o_20260819_00005347,captured,wallet,32.86,6.6,3.12,2.11,0.0,44.69,2026-08-19T13:14:58Z,2026-08-19T14:04:15Z,USD
pay_f621663f05064185942d,o_20260819_00005348,captured,wallet,20.13,6.95,3.19,1.29,3.02,28.54,2026-08-19T12:54:49Z,2026-08-19T14:07:43Z,USD
pay_f3d61d5a67514c58a9e1,o_20260819_00005349,captured,apple_pay,56.04,5.88,4.87,4.69,5.6,65.88,2026-08-19T12:43:53Z,2026-08-19T13:37:45Z,USD
pay_8fcde2c6831c46408530,o_20260819_00005350,captured,card,26.76,6.28,2.99,1.89,0.0,37.92,2026-08-19T08:57:36Z,2026-08-19T09:46:13Z,USD
pay_b27ffd9d1796434f81d2,o_20260819_00005351,captured,wallet,69.42,4.25,9.63,5.86,10.41,78.75,2026-08-19T11:58:07Z,2026-08-19T12:33:47Z,USD
pay_3edcd3fa72114ab2b157,o_20260819_00005352,captured,paypal,113.38,1.37,9.12,6.9,0.0,130.77,2026-08-19T18:13:31Z,2026-08-19T19:05:16Z,USD
pay_cc5b68e61ca240e1a016,o_20260819_00005353,captured,card,27.87,5.37,3.99,2.64,0.0,39.87,2026-08-19T18:50:33Z,2026-08-19T19:23:20Z,USD
pay_1b35549637584cdd9b8a,o_20260819_00005354,captured,card,72.81,5.89,6.44,4.25,10.92,78.47,2026-08-19T11:05:04Z,2026-08-19T11:52:21Z,USD
pay_25147cb9c0a94e0799bb,o_20260819_00005355,captured,wallet,66.83,6.93,6.72,5.03,0.0,85.51,2026-08-19T19:25:02Z,2026-08-19T19:56:24Z,USD
pay_53f388bdc07f4f6c98b4,o_20260819_00005356,captured,wallet,128.8,4.07,10.61,10.61,19.32,134.77,2026-08-19T20:11:52Z,2026-08-19T20:42:58Z,USD
pay_a3123e44d0a746ec9024,o_20260819_00005357,captured,wallet,100.13,5.2,14.6,6.05,15.02,110.96,2026-08-19T11:06:19Z,2026-08-19T11:56:57Z,USD
pay_90aaf989f74a4746a4c0,o_20260819_00005358,captured,card,84.58,4.65,10.38,5.62,0.0,105.23,2026-08-19T20:00:50Z,2026-08-19T20:54:04Z,USD
pay_eabf7e7553794698af4c,o_20260819_00005359,voided,wallet,104.36,2.91,10.53,7.61,5.22,120.19,2026-08-19T19:16:08Z,,USD
pay_987e688917ab48c4bdad,o_20260819_00005360,captured,apple_pay,53.37,3.44,5.21,3.92,0.0,65.94,2026-08-19T08:29:29Z,2026-08-19T09:31:26Z,USD
pay_32a016c1e7f1467c80db,o_20260819_00005361,captured,card,45.96,0.9,5.23,2.69,2.3,52.48,2026-08-19T11:13:40Z,2026-08-19T11:56:36Z,USD
pay_53b6d9e7bc13423ebdb8,o_20260819_00005362,voided,paypal,32.8,4.09,2.72,1.71,4.92,36.4,2026-08-19T20:05:10Z,,USD
pay_c912f195586f4cac8248,o_20260819_00005363,captured,apple_pay,71.34,4.82,11.08,6.55,0.0,93.79,2026-08-19T20:28:51Z,2026-08-19T21:32:21Z,USD
pay_34e68d980e3446b19265,o_20260819_00005364,captured,card,96.19,1.82,11.39,9.65,0.0,119.05,2026-08-19T12:23:56Z,2026-08-19T13:01:05Z,USD
pay_758966a86c134e1881e4,o_20260819_00005365,captured,card,141.21,3.98,15.74,11.33,14.12,158.14,2026-08-19T20:11:22Z,2026-08-19T21:10:36Z,USD
pay_65677194857846438de8,o_20260819_00005366,captured,wallet,83.21,0.85,12.72,7.66,8.32,96.12,2026-08-19T12:55:58Z,2026-08-19T13:48:45Z,USD
pay_7134e7f43c6c4311ae0b,o_20260819_00005367,captured,paypal,14.6,4.7,1.52,1.11,0.0,21.93,2026-08-19T08:39:55Z,2026-08-19T09:36:59Z,USD
pay_1cb0f25474324b7eb65c,o_20260819_00005368,captured,paypal,102.63,2.72,11.92,8.34,15.39,110.22,2026-08-19T20:21:25Z,2026-08-19T21:19:08Z,USD
pay_3235f6f820854918a4f3,o_20260819_00005369,captured,card,36.14,0.87,3.06,3.28,0.0,43.35,2026-08-19T20:21:34Z,2026-08-19T21:09:28Z,USD
pay_9a27ac758c2a41569f1a,o_20260819_00005370,captured,card,38.1,1.97,4.84,3.9,0.0,48.81,2026-08-19T12:44:49Z,2026-08-19T13:22:25Z,USD
pay_e26df692e323487ba894,o_20260819_00005371,captured,wallet,21.63,0.77,2.0,1.67,3.24,22.83,2026-08-19T11:55:47Z,2026-08-19T12:27:06Z,USD
pay_5fac71d5e318410a8639,o_20260819_00005372,refunded,wallet,59.57,1.56,5.32,5.89,0.0,72.34,2026-08-19T12:00:40Z,,USD
pay_2d04332bf8cb420388f7,o_20260819_00005373,captured,paypal,85.98,4.73,10.76,5.02,8.6,97.89,2026-08-19T11:41:25Z,2026-08-19T12:16:52Z,USD
pay_5025fda40e0e46baa9f2,o_20260819_00005374,refunded,apple_pay,44.46,5.29,5.36,3.13,0.0,58.24,2026-08-19T08:29:26Z,,USD
pay_e42955e418374341aa83,o_20260819_00005375,captured,card,85.77,6.15,7.84,5.47,0.0,105.23,2026-08-19T18:44:27Z,2026-08-19T19:23:26Z,USD
pay_00ee86a3bb4e4fa0a393,o_20260819_00005376,captured,wallet,113.47,2.76,13.16,6.52,11.35,124.56,2026-08-19T11:06:03Z,2026-08-19T11:37:11Z,USD
pay_5340d3aa68ac404e989b,o_20260819_00005377,captured,wallet,69.57,2.25,6.21,4.56,0.0,82.59,2026-08-19T13:01:17Z,2026-08-19T13:35:59Z,USD
pay_a7f287e85c934c12bce3,o_20260819_00005378,captured,wallet,81.12,5.3,6.63,7.88,0.0,100.93,2026-08-19T18:59:27Z,2026-08-19T19:48:23Z,USD
pay_e1333fa50b13465abc7e,o_20260819_00005379,captured,wallet,87.28,1.57,7.47,6.53,8.73,94.12,2026-08-19T13:00:44Z,2026-08-19T14:06:20Z,USD
pay_1f78ef6f28b743c7a2f4,o_20260819_00005380,captured,paypal,44.25,5.36,5.07,3.45,0.0,58.13,2026-08-19T11:10:37Z,2026-08-19T11:47:19Z,USD
pay_d57319731943459faf70,o_20260819_00005381,captured,wallet,117.26,4.84,11.68,10.37,0.0,144.15,2026-08-19T12:25:17Z,2026-08-19T13:17:18Z,USD
pay_2d505293095e4687834d,o_20260819_00005382,captured,paypal,122.51,6.22,15.58,11.47,0.0,155.78,2026-08-19T12:08:47Z,2026-08-19T12:49:46Z,USD
pay_81916da79d724913be5a,o_20260819_00005383,captured,paypal,81.66,2.55,9.68,7.59,0.0,101.48,2026-08-19T18:08:22Z,2026-08-19T19:09:32Z,USD
pay_ca4ba2633380468dab70,o_20260819_00005384,captured,paypal,52.53,5.79,5.02,4.05,0.0,67.39,2026-08-19T20:47:52Z,2026-08-19T21:33:47Z,USD
pay_cb5b03274e5e423391e2,o_20260819_00005385,captured,apple_pay,48.55,1.08,4.26,3.11,7.28,49.72,2026-08-19T11:27:10Z,2026-08-19T12:01:04Z,USD
pay_5b9fab5ef00a4473b668,o_20260819_00005386,captured,apple_pay,43.09,6.2,6.81,3.43,0.0,59.53,2026-08-19T18:27:32Z,2026-08-19T19:10:46Z,USD
pay_2fbc7cad720641808759,o_20260819_00005387,refunded,wallet,45.03,4.61,4.06,3.3,2.25,54.75,2026-08-19T19:22:23Z,,USD
pay_3b78e1075b1a4bf2a753,o_20260819_00005388,captured,apple_pay,86.94,5.19,8.67,5.72,0.0,106.52,2026-08-19T20:23:04Z,2026-08-19T21:19:24Z,USD
pay_09a8bfaa144147f0bdd7,o_20260819_00005389,captured,paypal,113.21,2.05,16.94,8.46,5.66,135.0,2026-08-19T12:07:00Z,2026-08-19T13:03:52Z,USD
pay_14a932fdce394217acb1,o_20260819_00005390,captured,paypal,100.55,2.35,12.31,6.76,5.03,116.94,2026-08-19T19:46:18Z,2026-08-19T20:38:06Z,USD
pay_5f7a9e7bc7bd467d987f,o_20260819_00005391,voided,wallet,96.43,0.67,15.22,7.9,14.46,105.76,2026-08-19T13:27:34Z,,USD
pay_b633ab447fce4ef6a389,o_20260819_00005392,refunded,apple_pay,42.06,3.83,3.83,3.22,4.21,48.73,2026-08-19T18:42:50Z,,USD
pay_06d4676319df465f95df,o_20260819_00005393,captured,apple_pay,44.46,6.18,6.1,3.67,4.45,55.96,2026-08-19T12:31:50Z,2026-08-19T13:17:06Z,USD
pay_32b7b3cfb8ce43178875,o_20260819_00005394,captured,wallet,116.9,1.94,9.38,10.28,11.69,126.81,2026-08-19T19:11:18Z,2026-08-19T19:43:49Z,USD
pay_2d2ee565552e4a3e9f9f,o_20260819_00005395,captured,card,72.51,1.37,10.01,5.6,3.63,85.86,2026-08-19T11:18:14Z,2026-08-19T12:07:58Z,USD
pay_54d375b099cd4557b61d,o_20260819_00005396,captured,apple_pay,41.7,5.31,3.37,2.85,2.09,51.14,2026-08-19T20:16:00Z,2026-08-19T20:51:40Z,USD
pay_2bdfef79207b47cd9477,o_20260819_00005397,captured,paypal,101.93,6.49,8.85,5.99,10.19,113.07,2026-08-19T18:31:39Z,2026-08-19T19:04:44Z,USD
pay_adae604ec2b94b0e973c,o_20260819_00005398,captured,paypal,19.02,6.43,2.37,1.43,0.0,29.25,2026-08-19T13:25:01Z,2026-08-19T14:09:39Z,USD
pay_44041c1927024af1a64e,o_20260819_00005399,captured,card,46.79,0.59,7.22,2.67,7.02,50.25,2026-08-19T20:03:07Z,2026-08-19T20:45:47Z,USD
pay_065a776615e54687b4a5,o_20260819_00005400,captured,paypal,68.88,5.18,11.01,4.0,6.89,82.18,2026-08-19T12:18:33Z,2026-08-19T12:51:23Z,USD
pay_5f9724bf7d9a46eebde5,o_20260819_00005401,voided,paypal,17.5,5.98,2.13,1.32,0.0,26.93,2026-08-19T13:27:26Z,,USD
pay_e51f30736d284fe8a31e,o_20260819_00005402,captured,card,59.6,2.65,6.58,5.22,0.0,74.05,2026-08-19T19:01:38Z,2026-08-19T19:37:17Z,USD
pay_1df038094b21456799ce,o_20260819_00005403,captured,apple_pay,13.44,2.35,1.16,1.18,0.0,18.13,2026-08-19T20:09:03Z,2026-08-19T20:50:52Z,USD
pay_f57ad9012dc446e18001,o_20260819_00005404,voided,wallet,10.01,3.23,1.26,0.86,1.5,13.86,2026-08-19T19:36:22Z,,USD
pay_c870077596a04fb0a66d,o_20260819_00005405,captured,card,12.97,2.14,1.96,1.04,1.95,16.16,2026-08-19T20:50:55Z,2026-08-19T21:37:43Z,USD
pay_ff8f544820eb4698a599,o_20260819_00005406,captured,card,85.75,2.99,11.98,8.73,0.0,109.45,2026-08-19T18:57:21Z,2026-08-19T19:43:03Z,USD
pay_75645859df464e32b05f,o_20260819_00005407,captured,paypal,28.92,3.43,3.22,2.19,1.45,36.31,2026-08-19T12:31:20Z,2026-08-19T13:20:55Z,USD
pay_22cb1eb83b3745068aac,o_20260819_00005408,captured,apple_pay,74.68,0.6,10.56,6.58,3.73,88.69,2026-08-19T11:56:32Z,2026-08-19T13:04:50Z,USD
pay_b53b4a154bf14d9e8853,o_20260819_00005409,captured,apple_pay,21.72,4.6,3.09,1.9,0.0,31.31,2026-08-19T12:35:30Z,2026-08-19T13:02:07Z,USD
pay_43fa281923f847cd90ef,o_20260819_00005410,captured,card,68.83,1.2,10.15,5.09,3.44,81.83,2026-08-19T18:09:06Z,2026-08-19T19:00:41Z,USD
pay_e1bb91d532234ec99bc2,o_20260819_00005411,captured,paypal,7.05,3.54,1.09,0.63,0.35,11.96,2026-08-19T18:57:18Z,2026-08-19T20:00:13Z,USD
pay_0c12018ea78f49a1b10d,o_20260819_00005412,captured,apple_pay,38.52,2.56,4.78,2.53,3.85,44.54,2026-08-19T19:31:47Z,2026-08-19T20:16:17Z,USD
pay_0c0cecd331954980b8f3,o_20260819_00005413,captured,apple_pay,60.84,1.83,8.2,3.8,6.08,68.59,2026-08-19T20:24:23Z,2026-08-19T20:58:59Z,USD
pay_f56c2d15d73a41f792b2,o_20260819_00005414,captured,wallet,18.52,5.38,1.89,1.15,1.85,25.09,2026-08-19T20:23:52Z,2026-08-19T20:55:51Z,USD
pay_425826faa9914a06a7ff,o_20260819_00005415,voided,apple_pay,51.75,5.37,6.27,4.21,7.76,59.84,2026-08-19T13:59:30Z,,USD
pay_013bcf2d24ef47aba5dc,o_20260819_00005416,captured,card,129.45,6.7,14.19,11.0,6.47,154.87,2026-08-19T12:36:11Z,2026-08-19T13:30:11Z,USD
pay_8f6ea5ed1ff1421b999a,o_20260819_00005417,captured,card,66.9,2.02,10.19,4.22,0.0,83.33,2026-08-19T11:54:24Z,2026-08-19T12:46:26Z,USD
pay_586f88bccedd448d837f,o_20260819_00005418,captured,apple_pay,94.01,6.64,10.15,8.92,0.0,119.72,2026-08-19T20:53:10Z,2026-08-19T21:37:26Z,USD
pay_5d938946371c4ab189ca,o_20260819_00005419,captured,apple_pay,110.5,6.1,16.34,9.27,0.0,142.21,2026-08-19T11:47:00Z,2026-08-19T12:54:34Z,USD
pay_16baddb6d71848e2b747,o_20260819_00005420,captured,paypal,71.23,4.93,8.36,6.13,0.0,90.65,2026-08-19T11:59:15Z,2026-08-19T12:30:26Z,USD
pay_bf236085558a44db9b16,o_20260819_00005421,captured,apple_pay,97.52,2.79,14.63,7.07,0.0,122.01,2026-08-19T11:53:52Z,2026-08-19T12:42:09Z,USD
pay_06a9bb35f0f54d138cb9,o_20260819_00005422,captured,wallet,92.02,6.4,13.54,6.74,13.8,104.9,2026-08-19T18:07:41Z,2026-08-19T18:46:19Z,USD
pay_f67d3edcbbb34232adf5,o_20260819_00005423,captured,wallet,86.41,4.14,10.45,6.08,4.32,102.76,2026-08-19T13:27:12Z,2026-08-19T13:55:17Z,USD
pay_8ac5a7fed81547c4bf2d,o_20260819_00005424,captured,apple_pay,133.11,5.78,18.25,10.25,19.97,147.42,2026-08-19T08:31:58Z,2026-08-19T09:27:28Z,USD
pay_0ea391fd0b384f95a2b6,o_20260819_00005425,captured,card,94.32,2.16,13.86,9.01,4.72,114.63,2026-08-19T19:47:03Z,2026-08-19T20:53:58Z,USD
pay_cf417e23c709402caf33,o_20260819_00005426,refunded,paypal,70.41,6.75,10.08,6.09,0.0,93.33,2026-08-19T20:44:01Z,,USD
pay_ad37efeeb1c34fd69201,o_20260819_00005427,captured,wallet,62.77,1.16,5.71,6.27,0.0,75.91,2026-08-19T08:53:22Z,2026-08-19T09:48:28Z,USD
pay_20389cb512d946ac9d0d,o_20260819_00005428,captured,paypal,66.97,3.87,9.62,5.02,10.05,75.43,2026-08-19T18:13:16Z,2026-08-19T19:16:54Z,USD
pay_ca8ca03fc51f4c09883b,o_20260819_00005429,captured,apple_pay,38.94,1.85,3.22,3.18,3.89,43.3,2026-08-19T12:12:09Z,2026-08-19T12:40:47Z,USD
pay_b2bb7dd61ac24bb7a6d5,o_20260819_00005430,captured,paypal,89.99,0.87,12.94,8.92,0.0,112.72,2026-08-19T11:35:38Z,2026-08-19T12:29:09Z,USD
pay_330f2c4f9414407da922,o_20260819_00005431,captured,wallet,43.8,6.42,6.04,3.35,6.57,53.04,2026-08-19T19:15:59Z,2026-08-19T19:46:09Z,USD
pay_55fdf5c8b2b9457b8542,o_20260819_00005432,captured,paypal,141.72,4.84,14.05,11.13,0.0,171.74,2026-08-19T13:34:51Z,2026-08-19T14:29:53Z,USD
pay_b3cf8fa6ab9f4de8a786,o_20260819_00005433,captured,card,67.52,1.12,6.76,4.95,0.0,80.35,2026-08-19T11:56:40Z,2026-08-19T12:45:17Z,USD
pay_76a3cd456ecf44089ad1,o_20260819_00005434,captured,paypal,57.15,4.49,6.28,5.38,2.86,70.44,2026-08-19T11:05:34Z,2026-08-19T12:05:21Z,USD
pay_30f80436b14b4f81930f,o_20260819_00005435,captured,wallet,68.94,3.23,7.69,5.28,6.89,78.25,2026-08-19T12:49:09Z,2026-08-19T13:29:58Z,USD
pay_d2f13782d4ed4913bf4e,o_20260819_00005436,refunded,paypal,46.32,5.18,7.23,4.27,0.0,63.0,2026-08-19T19:00:11Z,,USD
pay_9e5170312fc04d0e92fd,o_20260819_00005437,captured,wallet,93.01,1.1,13.51,7.63,4.65,110.6,2026-08-19T19:33:27Z,2026-08-19T20:14:09Z,USD
pay_2f5001da3ca54a2da234,o_20260819_00005438,captured,paypal,85.45,6.87,8.3,5.71,0.0,106.33,2026-08-19T19:58:30Z,2026-08-19T20:36:08Z,USD
pay_d1acb2d60d25400292a0,o_20260819_00005439,captured,paypal,61.78,5.17,5.49,4.03,6.18,70.29,2026-08-19T11:28:03Z,2026-08-19T12:08:46Z,USD
pay_b0ebf199720946dfbd5c,o_20260819_00005440,captured,card,73.51,3.49,8.96,4.65,0.0,90.61,2026-08-19T19:53:24Z,2026-08-19T20:53:02Z,USD
pay_c242f18514904a87bd57,o_20260819_00005441,captured,apple_pay,8.43,5.77,1.22,0.59,0.84,15.17,2026-08-19T08:29:09Z,2026-08-19T09:21:46Z,USD
pay_ec8d087da15b4ffe80e8,o_20260819_00005442,captured,apple_pay,93.61,3.42,10.37,6.46,0.0,113.86,2026-08-19T11:13:12Z,2026-08-19T11:49:47Z,USD
pay_eac5cd3fe27a404fa5a4,o_20260819_00005443,captured,paypal,72.38,5.95,6.95,4.84,0.0,90.12,2026-08-19T11:42:08Z,2026-08-19T12:47:22Z,USD
pay_5a439bd7c9974f52bfd2,o_20260819_00005444,captured,paypal,70.22,1.71,9.41,4.56,0.0,85.9,2026-08-19T18:08:36Z,2026-08-19T18:51:56Z,USD
pay_2d5107d4350a40f78025,o_20260819_00005445,captured,wallet,36.66,2.43,4.53,3.66,0.0,47.28,2026-08-19T18:07:03Z,2026-08-19T18:33:10Z,USD
pay_7b78f07570b94d6f9a1b,o_20260819_00005446,captured,apple_pay,33.07,0.59,4.9,2.26,0.0,40.82,2026-08-19T13:18:25Z,2026-08-19T14:18:58Z,USD
pay_32bc4da5d3174dfca9b8,o_20260819_00005447,captured,card,7.05,2.66,0.97,0.51,0.35,10.84,2026-08-19T11:29:57Z,2026-08-19T12:19:21Z,USD
pay_100ce727a244474ea716,o_20260819_00005448,captured,wallet,24.88,1.66,2.84,1.61,0.0,30.99,2026-08-19T18:03:57Z,2026-08-19T18:30:29Z,USD
pay_6517fbf4ba9f4ca0a9f2,o_20260819_00005449,captured,apple_pay,40.68,3.22,5.56,3.78,0.0,53.24,2026-08-19T12:02:13Z,2026-08-19T12:45:45Z,USD
pay_9c292a1ce2e3455a8d91,o_20260819_00005450,captured,apple_pay,87.28,2.2,7.03,5.94,13.09,89.36,2026-08-19T19:51:02Z,2026-08-19T20:23:42Z,USD
pay_a8f46d13a00c4fffa9ea,o_20260819_00005451,captured,paypal,50.76,1.94,6.78,4.11,0.0,63.59,2026-08-19T11:32:26Z,2026-08-19T12:33:19Z,USD
pay_103b10f318a144f7b891,o_20260819_00005452,captured,apple_pay,57.34,1.14,7.79,5.39,2.87,68.79,2026-08-19T19:15:58Z,2026-08-19T20:09:30Z,USD
pay_d4e17456e6ef4959ab38,o_20260819_00005453,captured,paypal,55.7,2.29,4.7,4.43,8.36,58.76,2026-08-19T19:14:03Z,2026-08-19T19:55:26Z,USD
pay_c86baca7bfe64a3291a5,o_20260819_00005454,captured,wallet,58.51,6.58,7.64,5.07,5.85,71.95,2026-08-19T18:38:27Z,2026-08-19T19:39:59Z,USD
pay_bd5bbb14a1c7465b9dc1,o_20260819_00005455,refunded,card,18.86,5.39,1.83,1.54,1.89,25.73,2026-08-19T12:39:25Z,,USD
pay_f9ea553614db4994927f,o_20260819_00005456,captured,wallet,86.42,4.02,13.53,5.42,0.0,109.39,2026-08-19T19:30:19Z,2026-08-19T20:25:51Z,USD
pay_b4a931ee4be1461fb4ab,o_20260819_00005457,captured,paypal,52.25,2.71,4.21,3.15,2.61,59.71,2026-08-19T19:19:30Z,2026-08-19T20:25:54Z,USD
pay_56195e0593384cf28e44,o_20260819_00005458,captured,wallet,38.85,6.4,4.67,2.78,0.0,52.7,2026-08-19T20:17:34Z,2026-08-19T21:10:18Z,USD
pay_f9cc82ab02fd4953b12e,o_20260819_00005459,captured,apple_pay,177.09,5.62,14.34,10.03,26.56,180.52,2026-08-19T12:56:05Z,2026-08-19T13:47:33Z,USD
pay_d8a9e0bfaa504fecbc7e,o_20260819_00005460,captured,apple_pay,50.13,1.63,7.46,4.03,0.0,63.25,2026-08-19T20:56:46Z,2026-08-19T21:53:11Z,USD
pay_2877bb99a85f4878918b,o_20260819_00005461,voided,wallet,13.98,4.42,1.32,1.08,0.0,20.8,2026-08-19T13:57:28Z,,USD
pay_6dc012e62d60489a9bbe,o_20260819_00005462,captured,apple_pay,82.94,5.34,10.33,7.55,0.0,106.16,2026-08-19T13:04:11Z,2026-08-19T13:57:51Z,USD
pay_d75a04a6df3e4126b273,o_20260819_00005463,captured,apple_pay,70.0,2.92,7.62,5.34,3.5,82.38,2026-08-19T12:22:31Z,2026-08-19T13:30:39Z,USD
pay_361afad0303f4db0a1fb,o_20260819_00005464,refunded,apple_pay,131.47,4.1,20.68,9.62,0.0,165.87,2026-08-19T19:48:30Z,,USD
pay_ad6f15a7228745c5b77a,o_20260819_00005465,captured,card,70.3,4.34,7.27,5.77,3.52,84.16,2026-08-19T19:07:46Z,2026-08-19T19:54:16Z,USD
pay_0c1c89c526334a4485e2,o_20260819_00005466,captured,apple_pay,97.59,2.07,10.89,7.89,0.0,118.44,2026-08-19T12:30:58Z,2026-08-19T13:27:33Z,USD
pay_b74615c524964899be25,o_20260819_00005467,captured,wallet,113.07,6.0,11.15,9.68,11.31,128.59,2026-08-19T18:31:04Z,2026-08-19T19:12:55Z,USD
pay_7a7c3fa34e6b4455952b,o_20260819_00005468,captured,card,87.28,4.34,8.38,6.4,8.73,97.67,2026-08-19T18:49:21Z,2026-08-19T19:30:31Z,USD
pay_c3eb0067d36841ee9a34,o_20260819_00005469,captured,wallet,83.25,6.57,10.16,6.47,0.0,106.45,2026-08-19T11:50:11Z,2026-08-19T12:30:33Z,USD
pay_43ca6291e9004ca2b0e4,o_20260819_00005470,captured,paypal,13.16,6.16,1.2,1.25,0.66,21.11,2026-08-19T20:17:17Z,2026-08-19T21:08:08Z,USD
pay_633c5ac97ddc4d2bb04a,o_20260819_00005471,voided,paypal,70.2,3.64,9.79,6.15,0.0,89.78,2026-08-19T20:32:53Z,,USD
pay_c932ec41884c4058b8de,o_20260819_00005472,captured,card,36.48,2.96,4.52,3.16,3.65,43.47,2026-08-19T08:42:26Z,2026-08-19T09:35:05Z,USD
pay_6cc7c5a0a03940c0b027,o_20260819_00005473,captured,apple_pay,105.81,3.69,11.48,8.33,0.0,129.31,2026-08-19T18:14:45Z,2026-08-19T18:42:50Z,USD
pay_6a355127116e4f8abc72,o_20260819_00005474,voided,paypal,20.55,6.59,2.81,1.64,3.08,28.51,2026-08-19T19:00:07Z,,USD
pay_d33c12c2fe4549ce8eb2,o_20260819_00005475,captured,paypal,67.05,5.82,8.89,5.96,0.0,87.72,2026-08-19T12:09:57Z,2026-08-19T13:14:48Z,USD
pay_cbb737c3f4084b82a15f,o_20260819_00005476,captured,card,144.84,1.46,18.87,14.25,0.0,179.42,2026-08-19T19:52:10Z,2026-08-19T20:39:12Z,USD
pay_e0cd34787da248ddadca,o_20260819_00005477,captured,apple_pay,21.2,2.02,2.2,1.49,0.0,26.91,2026-08-19T12:40:29Z,2026-08-19T13:32:15Z,USD
pay_1b33b6539b8042bcb776,o_20260819_00005478,captured,card,75.92,2.85,6.68,5.75,0.0,91.2,2026-08-19T11:38:25Z,2026-08-19T12:30:06Z,USD
pay_bd7700b0ffec4a27aa60,o_20260819_00005479,captured,wallet,30.87,4.9,3.51,1.99,0.0,41.27,2026-08-19T11:53:41Z,2026-08-19T12:42:06Z,USD
pay_2ef6eff13d0d43c4bb64,o_20260819_00005480,voided,apple_pay,36.16,4.16,2.96,3.48,0.0,46.76,2026-08-19T13:09:12Z,,USD
pay_a9dab6ff003247429f7d,o_20260819_00005481,captured,apple_pay,102.35,4.26,14.07,7.12,15.35,112.45,2026-08-19T20:03:13Z,2026-08-19T20:42:49Z,USD
pay_407689f952d74c51a03e,o_20260819_00005482,captured,paypal,70.83,6.44,5.92,6.09,0.0,89.28,2026-08-19T18:38:25Z,2026-08-19T19:37:52Z,USD
pay_28e5ed5a638c4db09a4f,o_20260819_00005483,captured,wallet,54.72,3.94,6.86,5.48,0.0,71.0,2026-08-19T19:10:38Z,2026-08-19T19:53:38Z,USD
pay_8ce0bd7703a34d1c8987,o_20260819_00005484,captured,wallet,87.8,3.88,13.92,7.31,13.17,99.74,2026-08-19T08:25:55Z,2026-08-19T09:05:06Z,USD
pay_0d8edb0f110542a488f1,o_20260819_00005485,captured,card,56.97,2.26,6.68,4.78,0.0,70.69,2026-08-19T18:42:45Z,2026-08-19T19:37:33Z,USD
pay_fac7a56371b14f46ac1f,o_20260819_00005486,captured,wallet,97.57,1.36,10.55,7.34,9.76,107.06,2026-08-19T20:57:07Z,2026-08-19T22:03:57Z,USD
pay_1dc57e357c6f4c6981ef,o_20260819_00005487,captured,wallet,55.54,6.74,4.62,5.06,5.55,66.41,2026-08-19T20:50:59Z,2026-08-19T21:28:51Z,USD
pay_42634d54fa7a45928329,o_20260819_00005488,captured,wallet,56.97,3.88,7.82,4.38,0.0,73.05,2026-08-19T18:34:53Z,2026-08-19T19:31:43Z,USD
pay_a2d4d9d46f69435c8e3b,o_20260819_00005489,captured,card,62.71,3.11,8.58,3.67,9.41,68.66,2026-08-19T13:47:08Z,2026-08-19T14:51:34Z,USD
pay_5508648cf77c46d08552,o_20260819_00005490,captured,wallet,101.82,1.33,9.58,8.64,10.18,111.19,2026-08-19T11:46:31Z,2026-08-19T12:39:05Z,USD
pay_7495844b559e4d89b275,o_20260819_00005491,captured,card,21.06,1.94,2.35,1.7,3.16,23.89,2026-08-19T11:02:51Z,2026-08-19T11:26:43Z,USD
pay_d9a6ca64e1a243bcb3e7,o_20260819_00005492,captured,card,109.74,6.62,10.38,8.68,0.0,135.42,2026-08-19T18:38:51Z,2026-08-19T19:06:51Z,USD
pay_6211a2c2f3e5407ba430,o_20260819_00005493,captured,wallet,19.43,4.5,2.05,1.08,1.94,25.12,2026-08-19T12:49:22Z,2026-08-19T13:55:35Z,USD
pay_3ee17d96148745adb2e4,o_20260819_00005494,captured,card,19.05,3.43,1.57,1.39,1.91,23.53,2026-08-19T12:16:27Z,2026-08-19T13:18:06Z,USD
pay_70e50adbf1e44bf9a20a,o_20260819_00005495,refunded,wallet,103.76,3.74,8.35,6.74,0.0,122.59,2026-08-19T11:23:06Z,,USD
pay_0fe391422a7f4b309619,o_20260819_00005496,captured,paypal,64.76,4.35,8.39,4.83,0.0,82.33,2026-08-19T12:53:26Z,2026-08-19T13:55:07Z,USD
pay_a072cb10d8a64d589bbf,o_20260819_00005497,captured,apple_pay,32.72,5.75,4.32,2.3,3.27,41.82,2026-08-19T18:12:47Z,2026-08-19T18:51:23Z,USD
pay_4a85c4ba4df94a7da188,o_20260819_00005498,captured,apple_pay,43.8,6.6,6.61,3.88,4.38,56.51,2026-08-19T11:38:55Z,2026-08-19T12:31:32Z,USD
pay_bece4cbca6af4e148797,o_20260819_00005499,voided,card,60.76,4.04,8.45,6.06,0.0,79.31,2026-08-19T12:54:27Z,,USD
pay_751da0c2e2cf494db597,o_20260819_00005500,captured,wallet,16.36,0.68,1.67,1.41,0.0,20.12,2026-08-19T12:44:25Z,2026-08-19T13:12:42Z,USD
pay_10c86d94a63041d88f52,o_20260819_00005501,captured,apple_pay,93.11,5.65,13.76,6.55,0.0,119.07,2026-08-19T12:35:06Z,2026-08-19T13:12:43Z,USD
pay_e3b6f001d3ac44299548,o_20260819_00005502,captured,paypal,35.81,1.01,4.33,2.83,0.0,43.98,2026-08-19T18:05:02Z,2026-08-19T18:55:42Z,USD
pay_f1d8bd148fa44b41ad43,o_20260819_00005503,captured,card,58.2,2.25,5.28,4.2,2.91,67.02,2026-08-19T12:32:28Z,2026-08-19T13:10:42Z,USD
pay_b776d17442834efd8629,o_20260819_00005504,captured,card,81.73,4.91,7.53,5.3,0.0,99.47,2026-08-19T20:33:48Z,2026-08-19T21:20:36Z,USD
pay_a7d63cc848574be8a768,o_20260819_00005505,captured,paypal,103.2,2.75,9.66,10.3,0.0,125.91,2026-08-19T13:40:39Z,2026-08-19T14:11:09Z,USD
pay_e30c7113e88143f79908,o_20260819_00005506,captured,paypal,15.85,6.79,1.57,0.9,2.38,22.73,2026-08-19T19:06:45Z,2026-08-19T19:49:19Z,USD
pay_670a77fa520a4a308d76,o_20260819_00005507,captured,paypal,69.42,3.89,6.18,5.31,10.41,74.39,2026-08-19T12:45:44Z,2026-08-19T13:38:31Z,USD
pay_5bbc4d0faf014ce4895f,o_20260819_00005508,captured,card,46.48,1.38,3.97,4.15,2.32,53.66,2026-08-19T11:23:01Z,2026-08-19T12:07:46Z,USD
pay_dea7521dbb88430084c8,o_20260819_00005509,captured,apple_pay,103.75,4.2,16.08,6.11,15.56,114.58,2026-08-19T13:28:35Z,2026-08-19T14:29:30Z,USD
pay_465a245ee5fe4341b8a2,o_20260819_00005510,captured,paypal,17.7,5.35,2.78,1.5,0.0,27.33,2026-08-19T12:15:14Z,2026-08-19T12:48:18Z,USD
pay_3f2eb5ab1434495db763,o_20260819_00005511,captured,paypal,50.94,4.86,6.2,4.51,5.09,61.42,2026-08-19T12:19:57Z,2026-08-19T12:48:26Z,USD
pay_0a67de1debf24a7ab52e,o_20260819_00005512,captured,wallet,118.12,1.28,16.21,7.08,17.72,124.97,2026-08-19T18:35:48Z,2026-08-19T19:21:53Z,USD
pay_35ac0c7c375b428f907d,o_20260819_00005513,captured,card,58.48,5.07,8.58,4.92,0.0,77.05,2026-08-19T08:11:56Z,2026-08-19T09:15:47Z,USD
pay_f2180bf7ee6a4426b3f2,o_20260819_00005514,captured,paypal,80.54,1.04,8.05,7.81,0.0,97.44,2026-08-19T13:03:23Z,2026-08-19T13:31:02Z,USD
pay_1dd6d2697e2a403fa702,o_20260819_00005515,captured,wallet,108.73,4.77,12.08,10.49,0.0,136.07,2026-08-19T18:09:45Z,2026-08-19T18:58:19Z,USD
pay_e262b9b714e44e868703,o_20260819_00005516,captured,card,83.28,1.2,9.88,6.65,4.16,96.85,2026-08-19T19:10:51Z,2026-08-19T19:49:21Z,USD
pay_5c15884616e24b368336,o_20260819_00005517,captured,apple_pay,59.99,2.69,9.19,3.75,0.0,75.62,2026-08-19T08:07:00Z,2026-08-19T08:48:32Z,USD
pay_f8de3680469541baa954,o_20260819_00005518,voided,wallet,29.16,5.98,4.52,2.08,1.46,40.28,2026-08-19T11:16:53Z,,USD
pay_dd28ea202d794e0b871d,o_20260819_00005519,captured,card,14.8,5.4,2.3,1.33,0.0,23.83,2026-08-19T18:24:40Z,2026-08-19T18:53:20Z,USD
pay_a5082f0779574159b1bb,o_20260819_00005520,voided,card,32.8,6.0,3.77,3.05,0.0,45.62,2026-08-19T12:02:27Z,,USD
pay_4ab125ee00804931949e,o_20260819_00005521,captured,wallet,146.91,0.96,20.3,11.46,14.69,164.94,2026-08-19T18:33:36Z,2026-08-19T19:18:42Z,USD
pay_d66eca21567f4731a41f,o_20260819_00005522,captured,card,69.42,2.19,10.4,6.11,0.0,88.12,2026-08-19T11:32:24Z,2026-08-19T12:28:32Z,USD
pay_0ff29d6a76b64964a8b3,o_20260819_00005523,captured,apple_pay,59.57,3.1,7.67,3.51,8.94,64.91,2026-08-19T19:03:19Z,2026-08-19T20:02:20Z,USD
pay_f5256ea9cbfd46358f77,o_20260819_00005524,captured,wallet,134.98,4.93,16.18,8.74,13.5,151.33,2026-08-19T11:41:21Z,2026-08-19T12:30:45Z,USD
pay_c694efcb987a4587a861,o_20260819_00005525,voided,card,72.56,3.52,10.86,4.97,10.88,81.03,2026-08-19T11:51:25Z,,USD
pay_c2766c2696374f0591c7,o_20260819_00005526,captured,card,58.94,4.05,8.2,5.0,2.95,73.24,2026-08-19T11:36:17Z,2026-08-19T12:31:00Z,USD
pay_4c2480ce8d1742e9b252,o_20260819_00005527,captured,apple_pay,45.11,4.23,5.79,3.06,6.77,51.42,2026-08-19T08:10:27Z,2026-08-19T08:40:31Z,USD
pay_f1cda0b42a45492daad7,o_20260819_00005528,captured,paypal,22.86,6.86,3.01,1.88,3.43,31.18,2026-08-19T12:43:58Z,2026-08-19T13:40:25Z,USD
pay_da7aabd31bcf4dfba5b8,o_20260819_00005529,captured,card,79.78,1.85,10.55,7.71,0.0,99.89,2026-08-19T12:49:20Z,2026-08-19T13:22:51Z,USD
pay_067db196d9fa4434b50e,o_20260819_00005530,captured,paypal,48.6,1.11,5.73,3.24,4.86,53.82,2026-08-19T20:47:34Z,2026-08-19T21:15:43Z,USD
pay_bb6cc46840d34ee8b5ad,o_20260819_00005531,captured,wallet,147.8,1.49,19.48,13.35,7.39,174.73,2026-08-19T12:22:50Z,2026-08-19T13:12:46Z,USD
pay_85e42b130bc54f8da670,o_20260819_00005532,captured,paypal,104.87,2.39,12.98,9.43,5.24,124.43,2026-08-19T11:16:45Z,2026-08-19T11:59:40Z,USD
pay_7087f9ffbcfc4f6fb94a,o_20260819_00005533,captured,wallet,90.33,2.99,9.61,6.42,0.0,109.35,2026-08-19T19:07:28Z,2026-08-19T20:19:52Z,USD
pay_c84451f060f041a48c43,o_20260819_00005534,captured,apple_pay,15.86,6.07,1.37,1.05,0.79,23.56,2026-08-19T08:37:35Z,2026-08-19T09:18:07Z,USD
pay_9211d1414b34428a8cf7,o_20260819_00005535,captured,apple_pay,29.16,3.31,3.8,1.9,0.0,38.17,2026-08-19T18:57:12Z,2026-08-19T19:50:54Z,USD
pay_e793f7f5ec934a239781,o_20260819_00005536,captured,paypal,28.24,2.44,4.22,1.86,1.41,35.35,2026-08-19T18:47:30Z,2026-08-19T19:46:46Z,USD
pay_397abf54b4a1468abbf3,o_20260819_00005537,captured,card,42.5,6.69,6.39,3.08,6.38,52.28,2026-08-19T12:15:37Z,2026-08-19T12:59:43Z,USD
pay_46a7a988afc94a53a449,o_20260819_00005538,captured,apple_pay,114.12,0.71,11.07,9.45,5.71,129.64,2026-08-19T11:04:36Z,2026-08-19T11:27:20Z,USD
pay_3245cce1390d4f3692f6,o_20260819_00005539,captured,paypal,80.57,3.07,12.36,4.82,8.06,92.76,2026-08-19T19:52:43Z,2026-08-19T20:41:29Z,USD
pay_915b808158c34e56854b,o_20260819_00005540,captured,paypal,115.26,5.01,13.86,10.51,5.76,138.88,2026-08-19T11:18:47Z,2026-08-19T12:23:17Z,USD
pay_31f5b6910a4f4efe8f4f,o_20260819_00005541,captured,apple_pay,13.64,6.94,1.61,1.13,1.36,21.96,2026-08-19T19:14:33Z,2026-08-19T19:35:44Z,USD
pay_7263ba6db11746a4969e,o_20260819_00005542,voided,wallet,103.25,1.5,11.87,8.94,0.0,125.56,2026-08-19T12:45:30Z,,USD
pay_7376b9aee5b549af86b3,o_20260819_00005543,captured,apple_pay,73.62,3.89,8.01,6.44,0.0,91.96,2026-08-19T20:52:33Z,2026-08-19T22:02:28Z,USD
pay_746acf4c89464013af80,o_20260819_00005544,refunded,paypal,54.27,6.48,4.35,5.5,0.0,70.6,2026-08-19T20:18:39Z,,USD
pay_bc80504c6b6041d8883b,o_20260819_00005545,captured,paypal,89.2,6.17,12.57,7.2,0.0,115.14,2026-08-19T20:41:15Z,2026-08-19T21:25:37Z,USD
pay_e8b9d52f249947d19ffa,o_20260819_00005546,refunded,apple_pay,62.85,4.34,7.28,5.09,3.14,76.42,2026-08-19T19:58:33Z,,USD
pay_bf2e81bdbe7c4450b54d,o_20260819_00005547,refunded,apple_pay,87.55,0.71,7.17,5.13,13.13,87.43,2026-08-19T13:30:22Z,,USD
pay_33fd60facbdd435aa88f,o_20260819_00005548,captured,wallet,64.76,3.55,8.1,4.23,0.0,80.64,2026-08-19T20:55:58Z,2026-08-19T21:48:40Z,USD
pay_954446f5edd540d198f5,o_20260819_00005549,captured,card,15.28,3.77,1.66,1.12,0.0,21.83,2026-08-19T19:03:28Z,2026-08-19T19:55:38Z,USD
pay_e47477072a4a4c7ea637,o_20260819_00005550,captured,card,134.54,4.95,12.36,8.72,0.0,160.57,2026-08-19T12:37:25Z,2026-08-19T13:30:19Z,USD
pay_767c0955a5c04da2a4e0,o_20260819_00005551,captured,apple_pay,45.42,6.1,4.31,3.11,4.54,54.4,2026-08-19T19:42:57Z,2026-08-19T20:13:43Z,USD
pay_b90e6ebb20c04363a5bd,o_20260819_00005552,captured,wallet,76.3,1.44,10.53,4.78,0.0,93.05,2026-08-19T08:20:56Z,2026-08-19T08:56:31Z,USD
pay_9b0db6b8b9af4d5e86ac,o_20260819_00005553,captured,paypal,29.18,3.71,4.22,1.82,0.0,38.93,2026-08-19T12:57:03Z,2026-08-19T14:04:10Z,USD
pay_47561a695072494d825b,o_20260819_00005554,captured,paypal,78.78,5.23,10.96,7.1,0.0,102.07,2026-08-19T11:12:05Z,2026-08-19T12:09:27Z,USD
pay_f550b739d352462f8406,o_20260819_00005555,captured,paypal,88.01,2.09,13.43,7.46,13.2,97.79,2026-08-19T19:29:36Z,2026-08-19T20:12:48Z,USD
pay_4252903640c14ef1adfe,o_20260819_00005556,captured,apple_pay,43.26,3.7,3.66,2.36,6.49,46.49,2026-08-19T18:16:22Z,2026-08-19T19:04:17Z,USD
pay_e80b4fb41ae94284b12e,o_20260819_00005557,captured,apple_pay,136.87,1.03,13.15,11.85,6.84,156.06,2026-08-19T13:35:32Z,2026-08-19T14:24:07Z,USD
pay_b791d119e16c477f8d2a,o_20260819_00005558,captured,wallet,52.97,4.84,7.23,4.43,5.3,64.17,2026-08-19T12:28:37Z,2026-08-19T13:19:55Z,USD
pay_0a855decfd3c471dae4d,o_20260819_00005559,captured,paypal,36.78,6.25,5.21,2.95,5.52,45.67,2026-08-19T19:28:01Z,2026-08-19T20:06:10Z,USD
pay_920c3fec0a6c4fdf86de,o_20260819_00005560,captured,card,60.25,2.34,9.45,3.83,6.03,69.84,2026-08-19T20:57:23Z,2026-08-19T21:35:04Z,USD
pay_074387b7164e432cb32e,o_20260819_00005561,captured,card,62.94,4.83,9.47,5.64,0.0,82.88,2026-08-19T18:37:03Z,2026-08-19T19:13:36Z,USD
pay_4a64278749a94aab892e,o_20260819_00005562,captured,wallet,99.81,6.58,13.26,8.44,9.98,118.11,2026-08-19T18:15:50Z,2026-08-19T18:52:10Z,USD
pay_d4ee31e295f5456ab7fd,o_20260819_00005563,captured,apple_pay,69.84,1.33,5.73,3.87,10.48,70.29,2026-08-19T18:49:31Z,2026-08-19T19:26:12Z,USD
pay_f7db29a731514a6eaaed,o_20260819_00005564,captured,apple_pay,31.72,3.15,3.32,2.1,0.0,40.29,2026-08-19T12:17:49Z,2026-08-19T13:13:50Z,USD
pay_a730eba7841f475c8ab4,o_20260819_00005565,captured,card,39.84,0.53,6.26,3.99,0.0,50.62,2026-08-19T13:20:00Z,2026-08-19T14:07:31Z,USD
pay_dc7dcd99110b48daabfe,o_20260819_00005566,captured,apple_pay,90.98,4.0,9.31,7.16,0.0,111.45,2026-08-19T11:38:34Z,2026-08-19T11:59:21Z,USD
pay_786595b33ee14243b931,o_20260819_00005567,captured,card,55.64,1.76,7.77,3.91,5.56,63.52,2026-08-19T20:36:49Z,2026-08-19T21:20:15Z,USD
pay_708d526e7f5649bd8576,o_20260819_00005568,captured,wallet,21.15,3.27,2.78,1.46,0.0,28.66,2026-08-19T12:30:28Z,2026-08-19T13:12:49Z,USD
pay_330cdf23f27c47068037,o_20260819_00005569,captured,wallet,78.77,1.56,10.85,5.88,0.0,97.06,2026-08-19T13:39:31Z,2026-08-19T14:28:35Z,USD
pay_bdb848a6a76a4b9aa0ec,o_20260819_00005570,captured,wallet,84.77,3.97,11.35,7.38,12.72,94.75,2026-08-19T18:59:29Z,2026-08-19T19:47:51Z,USD
pay_dc8d35d955b54cbd89dc,o_20260819_00005571,captured,paypal,122.96,6.32,17.74,10.28,12.3,145.0,2026-08-19T19:30:40Z,2026-08-19T20:13:08Z,USD
pay_b2e94bf296ee46618910,o_20260819_00005572,captured,paypal,79.27,3.43,7.82,6.12,0.0,96.64,2026-08-19T19:17:09Z,2026-08-19T19:35:03Z,USD
pay_1fd18f65057f48f1a18e,o_20260819_00005573,captured,wallet,45.26,5.12,4.02,4.1,0.0,58.5,2026-08-19T19:57:51Z,2026-08-19T20:27:45Z,USD
pay_f6b999d6eced4f5ab2ad,o_20260819_00005574,captured,apple_pay,9.3,4.25,0.74,0.66,1.4,13.55,2026-08-19T18:45:48Z,2026-08-19T19:26:33Z,USD
pay_3260424630814deea7ef,o_20260819_00005575,captured,paypal,72.99,4.29,7.96,6.28,7.3,84.22,2026-08-19T11:11:56Z,2026-08-19T11:59:37Z,USD
pay_d61e7549988e416aaa91,o_20260819_00005576,captured,paypal,121.17,0.7,18.09,10.38,6.06,144.28,2026-08-19T08:06:34Z,2026-08-19T09:12:33Z,USD
pay_c3c25f1ecfbc4edb93cb,o_20260819_00005577,captured,wallet,15.28,5.23,2.04,1.51,0.0,24.06,2026-08-19T19:58:48Z,2026-08-19T20:48:49Z,USD
pay_9eb7e37c85ba4893adcc,o_20260819_00005578,captured,apple_pay,124.17,0.65,14.01,11.04,6.21,143.66,2026-08-19T12:57:07Z,2026-08-19T13:51:06Z,USD
pay_82dad58778a4496eb4fa,o_20260819_00005579,captured,wallet,126.4,6.94,12.31,9.19,18.96,135.88,2026-08-19T11:46:42Z,2026-08-19T12:25:14Z,USD
pay_36be110181984e348dd9,o_20260819_00005580,captured,wallet,31.71,5.09,2.85,2.14,0.0,41.79,2026-08-19T12:23:21Z,2026-08-19T13:27:53Z,USD
pay_29d88a47ad5d41308d0e,o_20260819_00005581,captured,apple_pay,110.98,2.91,15.85,6.13,16.65,119.22,2026-08-19T20:10:07Z,2026-08-19T20:47:56Z,USD
pay_bba93d31870c4018b30b,o_20260819_00005582,refunded,card,10.29,1.42,1.42,1.03,0.0,14.16,2026-08-19T20:24:25Z,,USD
pay_5aa34abca3b048918b7d,o_20260819_00005583,captured,paypal,58.7,5.14,7.64,4.12,8.8,66.8,2026-08-19T19:17:07Z,2026-08-19T19:53:54Z,USD
pay_2badf40cf4ad414485e0,o_20260819_00005584,captured,wallet,102.95,5.73,15.16,8.07,15.44,116.47,2026-08-19T19:10:58Z,2026-08-19T20:03:38Z,USD
pay_6bfaf3693e87490e830e,o_20260819_00005585,captured,card,29.86,1.84,4.18,1.74,2.99,34.63,2026-08-19T19:09:25Z,2026-08-19T19:35:48Z,USD
pay_c07db6ceb1a843419f4a,o_20260819_00005586,captured,wallet,12.05,3.84,1.64,0.87,0.6,17.8,2026-08-19T11:30:11Z,2026-08-19T12:12:55Z,USD
pay_6a0bedeb1645486aab97,o_20260819_00005587,captured,apple_pay,81.11,6.96,6.69,4.65,8.11,91.3,2026-08-19T12:45:58Z,2026-08-19T13:31:32Z,USD
pay_2b77526f787e435a88e1,o_20260819_00005588,captured,apple_pay,112.23,5.31,9.81,9.53,0.0,136.88,2026-08-19T11:27:58Z,2026-08-19T12:10:44Z,USD
pay_d8276a58f8b545d2a331,o_20260819_00005589,captured,paypal,58.48,2.73,5.24,4.1,0.0,70.55,2026-08-19T12:58:14Z,2026-08-19T13:59:52Z,USD
pay_09352469a5ff4551be1d,o_20260819_00005590,captured,wallet,12.22,3.29,1.85,0.79,0.0,18.15,2026-08-19T18:46:31Z,2026-08-19T19:28:02Z,USD
pay_f516ba79769e40898347,o_20260819_00005591,captured,card,74.04,3.98,9.75,4.71,11.11,81.37,2026-08-19T20:10:08Z,2026-08-19T20:56:46Z,USD
pay_c782131abd6c4196ada1,o_20260819_00005592,captured,paypal,54.75,3.64,6.59,4.28,5.48,63.78,2026-08-19T11:50:59Z,2026-08-19T12:35:54Z,USD
pay_8a6e81a4ff2e4f6b8713,o_20260819_00005593,captured,card,98.85,5.31,8.76,7.0,0.0,119.92,2026-08-19T11:01:16Z,2026-08-19T11:50:02Z,USD
pay_a31335bd41484772bf85,o_20260819_00005594,voided,apple_pay,55.17,3.12,5.37,3.84,5.52,61.98,2026-08-19T12:51:45Z,,USD
pay_0befeaea6c034dd68191,o_20260819_00005595,captured,paypal,105.75,6.02,16.58,8.1,5.29,131.16,2026-08-19T11:00:44Z,2026-08-19T12:28:01Z,USD
pay_d17b71939417461ab1d3,o_20260819_00005596,captured,apple_pay,17.65,6.67,1.72,1.41,0.0,27.45,2026-08-19T12:57:35Z,2026-08-19T13:27:22Z,USD
pay_cf6ef66aff0a4818baea,o_20260819_00005597,captured,card,93.78,5.94,11.22,5.72,4.69,111.97,2026-08-19T19:31:23Z,2026-08-19T20:11:56Z,USD
pay_f8020787c5b747489f98,o_20260819_00005598,captured,apple_pay,78.27,1.55,6.89,6.72,7.83,85.6,2026-08-19T12:32:23Z,2026-08-19T13:26:16Z,USD
pay_1300084e517d4d299580,o_20260819_00005599,refunded,card,106.36,4.34,13.81,9.57,0.0,134.08,2026-08-19T12:17:25Z,,USD
pay_0d8c086d59fb42b48f14,o_20260819_00005600,captured,wallet,60.67,5.21,7.66,4.02,3.03,74.53,2026-08-19T13:36:17Z,2026-08-19T14:26:51Z,USD
pay_b3039b3a53a245028719,o_20260819_00005601,captured,paypal,87.18,4.41,12.44,8.9,0.0,112.93,2026-08-19T18:06:00Z,2026-08-19T18:47:47Z,USD
pay_da3813a0328f4bd89ae0,o_20260819_00005602,captured,wallet,52.11,3.26,6.87,3.11,5.21,60.14,2026-08-19T12:23:52Z,2026-08-19T13:03:26Z,USD
pay_a0988385d9c44019b18f,o_20260819_00005603,captured,wallet,68.78,1.14,7.58,4.41,10.32,71.59,2026-08-19T12:40:56Z,2026-08-19T13:29:47Z,USD
pay_4d89ecc4aacc4191b4c3,o_20260819_00005604,captured,paypal,91.41,2.56,10.72,5.72,13.71,96.7,2026-08-19T20:49:04Z,2026-08-19T21:47:40Z,USD
pay_4c76df325c1d4e35967e,o_20260819_00005605,captured,paypal,87.75,0.71,10.45,7.51,13.16,93.26,2026-08-19T12:17:59Z,2026-08-19T13:17:15Z,USD
pay_f63f3c7afcc64ed5bb90,o_20260819_00005606,captured,apple_pay,85.03,3.7,11.73,8.6,0.0,109.06,2026-08-19T19:17:13Z,2026-08-19T19:55:30Z,USD
pay_b7f7a1ecc79f4d668d85,o_20260819_00005607,captured,paypal,116.6,6.83,15.54,7.42,0.0,146.39,2026-08-19T13:55:20Z,2026-08-19T14:14:02Z,USD
pay_4ae32a129ccb4f31b267,o_20260819_00005608,captured,apple_pay,44.82,0.5,5.93,4.17,2.24,53.18,2026-08-19T19:30:52Z,2026-08-19T20:09:26Z,USD
pay_3b8ba2c9199c4c948c90,o_20260819_00005609,captured,card,21.36,1.6,2.17,1.97,0.0,27.1,2026-08-19T12:52:27Z,2026-08-19T13:37:10Z,USD
pay_a90daa40ad394a068fd2,o_20260819_00005610,captured,card,96.49,3.46,9.09,7.08,0.0,116.12,2026-08-19T12:54:47Z,2026-08-19T13:31:17Z,USD
pay_6db31c81bd35422c923a,o_20260819_00005611,captured,wallet,87.28,6.56,8.04,4.99,8.73,98.14,2026-08-19T13:11:06Z,2026-08-19T14:09:44Z,USD
pay_e3dcb04ada1e4ec4a111,o_20260819_00005612,captured,paypal,105.78,4.82,12.92,8.63,0.0,132.15,2026-08-19T11:13:53Z,2026-08-19T11:46:48Z,USD
pay_34f44c33625341f69f89,o_20260819_00005613,captured,paypal,70.0,0.93,6.63,7.1,0.0,84.66,2026-08-19T12:22:09Z,2026-08-19T12:49:59Z,USD
pay_39cc3a652ca7457f902a,o_20260819_00005614,captured,wallet,60.24,6.97,6.02,4.2,6.02,71.41,2026-08-19T11:33:47Z,2026-08-19T12:28:24Z,USD
pay_b04f9edd2f10457a9c1a,o_20260819_00005615,captured,wallet,91.11,2.28,12.49,8.99,0.0,114.87,2026-08-19T19:43:33Z,2026-08-19T20:41:41Z,USD
pay_35e47c84cc6f433ba955,o_20260819_00005616,captured,apple_pay,79.12,6.28,9.85,5.76,7.91,93.1,2026-08-19T12:34:51Z,2026-08-19T13:25:10Z,USD
pay_ea1adab8200a4d52850c,o_20260819_00005617,captured,paypal,24.6,2.51,2.1,2.13,0.0,31.34,2026-08-19T08:53:18Z,2026-08-19T09:47:13Z,USD
pay_624cf45facf64f45bfa5,o_20260819_00005618,captured,apple_pay,70.08,4.72,9.48,4.26,10.51,78.03,2026-08-19T08:36:26Z,2026-08-19T09:44:20Z,USD
pay_c98a20b6155b4b6fb548,o_20260819_00005619,refunded,apple_pay,79.46,6.06,9.15,6.84,3.97,97.54,2026-08-19T20:58:59Z,,USD
pay_d58ebf14401f4776aa70,o_20260819_00005620,captured,apple_pay,87.74,6.09,9.03,8.75,0.0,111.61,2026-08-19T11:49:34Z,2026-08-19T12:49:16Z,USD
pay_9342a6b9359946349143,o_20260819_00005621,refunded,card,21.93,4.42,2.96,1.82,2.19,28.94,2026-08-19T11:23:02Z,,USD
pay_c17666058be742b489da,o_20260819_00005622,captured,paypal,101.96,2.48,9.26,7.41,15.29,105.82,2026-08-19T11:14:46Z,2026-08-19T11:53:16Z,USD
pay_3112ff6038b04be49cfd,o_20260819_00005623,captured,card,134.79,0.58,17.08,8.15,0.0,160.6,2026-08-19T20:51:25Z,2026-08-19T21:42:47Z,USD
pay_8d3f998b9cc54e06908a,o_20260819_00005624,captured,card,18.94,5.58,2.06,1.49,2.84,25.23,2026-08-19T19:08:52Z,2026-08-19T20:16:33Z,USD
pay_2239022aa9974819adcb,o_20260819_00005625,captured,apple_pay,30.88,3.13,3.47,2.86,0.0,40.34,2026-08-19T11:41:07Z,2026-08-19T12:33:46Z,USD
pay_5a0fa21ce84c4f26b33d,o_20260819_00005626,captured,card,136.84,5.11,16.04,12.29,0.0,170.28,2026-08-19T20:07:54Z,2026-08-19T21:02:12Z,USD
pay_c9c5b94f16d2429cb80f,o_20260819_00005627,captured,apple_pay,28.28,3.55,3.26,2.27,0.0,37.36,2026-08-19T18:40:04Z,2026-08-19T19:31:02Z,USD
pay_44af9eb4d4894d96b215,o_20260819_00005628,captured,apple_pay,42.69,5.4,3.64,3.04,0.0,54.77,2026-08-19T12:36:42Z,2026-08-19T13:28:36Z,USD
pay_755af81134104130af8e,o_20260819_00005629,captured,wallet,72.16,5.95,6.95,7.03,0.0,92.09,2026-08-19T11:18:07Z,2026-08-19T11:52:01Z,USD
pay_928239f7c544474b888a,o_20260819_00005630,captured,apple_pay,84.26,4.08,12.6,5.77,8.43,98.28,2026-08-19T20:20:01Z,2026-08-19T21:07:05Z,USD
pay_97d86e8f047e4c0a924e,o_20260819_00005631,captured,wallet,37.7,5.02,3.95,3.01,0.0,49.68,2026-08-19T19:04:48Z,2026-08-19T20:16:07Z,USD
pay_81de21d5c9cc46f5a171,o_20260819_00005632,captured,apple_pay,53.34,6.05,6.17,4.31,8.0,61.87,2026-08-19T13:23:59Z,2026-08-19T14:11:13Z,USD
pay_938718151de54163b387,o_20260819_00005633,captured,wallet,55.23,6.7,5.19,3.98,8.28,62.82,2026-08-19T19:01:21Z,2026-08-19T19:43:59Z,USD
pay_e9944f9994b6434aa594,o_20260819_00005634,captured,apple_pay,12.35,5.44,1.97,1.26,0.0,21.02,2026-08-19T19:37:08Z,2026-08-19T20:31:50Z,USD
pay_7111f8c54cf645759aa6,o_20260819_00005635,captured,paypal,102.0,2.32,9.29,10.41,0.0,124.02,2026-08-19T19:05:07Z,2026-08-19T19:36:59Z,USD
pay_401e48769375478181e0,o_20260819_00005636,voided,wallet,29.7,4.7,3.02,2.45,0.0,39.87,2026-08-19T18:27:00Z,,USD
pay_52a4cf18a20c4bcab8d6,o_20260819_00005637,captured,paypal,31.44,3.52,4.49,3.13,0.0,42.58,2026-08-19T20:04:31Z,2026-08-19T21:09:18Z,USD
pay_7382b7b7f7e142f5add3,o_20260819_00005638,captured,apple_pay,43.69,6.41,4.74,2.43,6.55,50.72,2026-08-19T12:08:37Z,2026-08-19T12:45:22Z,USD
pay_b4b9f9e256ae4cb7be63,o_20260819_00005639,captured,apple_pay,113.94,2.87,12.66,5.93,17.09,118.31,2026-08-19T19:59:59Z,2026-08-19T21:06:20Z,USD
pay_e0439e5f633f418c9954,o_20260819_00005640,captured,apple_pay,12.44,3.91,1.58,1.08,1.24,17.77,2026-08-19T18:13:10Z,2026-08-19T19:19:10Z,USD
pay_0169c70d7b5f49878ca1,o_20260819_00005641,captured,apple_pay,18.24,1.76,2.24,1.15,1.82,21.57,2026-08-19T12:13:03Z,2026-08-19T12:53:09Z,USD
pay_b78dfc5c821f489aa70b,o_20260819_00005642,captured,wallet,48.48,3.08,5.97,4.16,2.42,59.27,2026-08-19T11:26:21Z,2026-08-19T12:04:08Z,USD
pay_f27035e3ceea440ebce8,o_20260819_00005643,captured,wallet,40.36,5.14,6.01,3.08,0.0,54.59,2026-08-19T18:35:53Z,2026-08-19T19:45:19Z,USD
pay_5de5a66b5e45465995f1,o_20260819_00005644,captured,apple_pay,68.13,5.61,8.22,5.28,0.0,87.24,2026-08-19T20:32:32Z,2026-08-19T21:22:05Z,USD
pay_134641cb8b6340d18863,o_20260819_00005645,captured,paypal,27.87,4.58,3.15,1.81,1.39,36.02,2026-08-19T11:55:38Z,2026-08-19T12:45:53Z,USD
pay_3b9bf646d9514dc9b5be,o_20260819_00005646,captured,wallet,21.06,2.49,2.28,1.47,0.0,27.3,2026-08-19T19:20:17Z,2026-08-19T19:53:42Z,USD
pay_16f1854ecd5745c9aa86,o_20260819_00005647,captured,card,38.91,3.89,3.45,2.95,0.0,49.2,2026-08-19T18:21:46Z,2026-08-19T19:13:22Z,USD
pay_7714fa9f7f084b88a8db,o_20260819_00005648,captured,card,47.64,0.84,5.21,3.77,0.0,57.46,2026-08-19T12:57:28Z,2026-08-19T13:48:14Z,USD
pay_310e30d1ed3c462aa406,o_20260819_00005649,captured,wallet,78.8,0.78,8.71,6.75,11.82,83.22,2026-08-19T11:24:03Z,2026-08-19T12:28:39Z,USD
pay_385b42e6f2454334bed0,o_20260819_00005650,captured,paypal,17.84,4.14,1.76,1.08,0.0,24.82,2026-08-19T11:03:15Z,2026-08-19T11:36:47Z,USD
pay_5258c3cdda324959805b,o_20260819_00005651,captured,apple_pay,61.11,5.29,8.99,3.55,6.11,72.83,2026-08-19T13:06:33Z,2026-08-19T14:03:48Z,USD
pay_5c9f8de2cb2949d1ab9b,o_20260819_00005652,captured,paypal,51.4,1.64,6.32,3.22,5.14,57.44,2026-08-19T13:39:40Z,2026-08-19T14:45:13Z,USD
pay_6ce1c02ced614af0b405,o_20260819_00005653,captured,card,101.11,6.6,14.63,8.58,0.0,130.92,2026-08-19T12:48:40Z,2026-08-19T13:45:00Z,USD
pay_e09e3a9fe485424f9686,o_20260819_00005654,captured,apple_pay,66.97,3.63,5.41,3.82,6.7,73.13,2026-08-19T11:11:13Z,2026-08-19T12:12:25Z,USD
pay_1d917fa704c3496baf3e,o_20260819_00005655,captured,paypal,127.53,5.87,19.03,11.71,12.75,151.39,2026-08-19T19:21:50Z,2026-08-19T20:18:17Z,USD
pay_0fcc0bc3f42348669cd7,o_20260819_00005656,captured,wallet,57.31,1.38,8.45,4.89,5.73,66.3,2026-08-19T11:32:22Z,2026-08-19T12:18:08Z,USD
pay_4a31854457fe48f38cd3,o_20260819_00005657,captured,card,71.31,6.05,9.24,3.75,10.7,79.65,2026-08-19T12:09:32Z,2026-08-19T13:10:38Z,USD
pay_13913777d6d646a29d8b,o_20260819_00005658,captured,card,68.5,0.86,10.13,5.14,10.28,74.35,2026-08-19T12:49:35Z,2026-08-19T13:42:28Z,USD
pay_8179c0eeebe1482e9b1d,o_20260819_00005659,captured,card,37.88,6.77,3.05,3.16,3.79,47.07,2026-08-19T19:44:22Z,2026-08-19T20:33:14Z,USD
pay_47e255f86d5c420baa51,o_20260819_00005660,captured,card,67.99,3.82,6.77,3.83,6.8,75.61,2026-08-19T12:41:00Z,2026-08-19T14:01:39Z,USD
pay_6ed293c63bf04951a467,o_20260819_00005661,refunded,apple_pay,117.17,1.16,16.68,10.28,11.72,133.57,2026-08-19T20:57:09Z,,USD
pay_6992a211037a418b94cb,o_20260819_00005662,captured,apple_pay,55.76,3.82,6.45,3.39,5.58,63.84,2026-08-19T21:00:09Z,2026-08-19T21:46:34Z,USD
pay_0e64fdf2e5774b83bea8,o_20260819_00005663,captured,card,37.74,4.4,4.33,3.15,5.66,43.96,2026-08-19T19:02:18Z,2026-08-19T19:37:06Z,USD
pay_b34cb2cf21324d8bac42,o_20260819_00005664,refunded,wallet,63.48,4.22,8.45,4.03,3.17,77.01,2026-08-19T13:19:53Z,,USD
pay_ba53578500a44858a140,o_20260819_00005665,captured,wallet,7.54,6.17,1.18,0.52,1.13,14.28,2026-08-19T11:49:50Z,2026-08-19T12:41:26Z,USD
pay_08b0db818097435b827a,o_20260819_00005666,captured,paypal,9.51,6.49,0.86,0.51,1.43,15.94,2026-08-19T11:20:39Z,2026-08-19T12:03:14Z,USD
pay_15be6459ede84c85b26d,o_20260819_00005667,refunded,apple_pay,155.46,2.07,14.8,14.79,0.0,187.12,2026-08-19T12:15:34Z,,USD
pay_41d48cf59a784e8ca33e,o_20260819_00005668,captured,paypal,85.24,3.64,9.45,6.65,0.0,104.98,2026-08-19T18:37:46Z,2026-08-19T19:21:18Z,USD
pay_f2a8235bfc784e1393d8,o_20260819_00005669,refunded,paypal,57.52,1.44,7.58,4.77,0.0,71.31,2026-08-19T13:52:32Z,,USD
pay_843214e33af74c329bda,o_20260819_00005670,captured,wallet,22.62,2.88,3.16,1.8,0.0,30.46,2026-08-19T20:36:03Z,2026-08-19T21:17:38Z,USD
pay_4010ffd34c6e460db2b8,o_20260819_00005671,captured,wallet,59.88,2.64,6.66,5.2,2.99,71.39,2026-08-19T13:37:13Z,2026-08-19T14:45:55Z,USD
pay_c7c6adb4f1f74e25b5df,o_20260819_00005672,captured,card,72.66,5.4,7.16,6.71,0.0,91.93,2026-08-19T11:01:06Z,2026-08-19T12:03:07Z,USD
pay_d31e8b6bb5d54482a8ef,o_20260819_00005673,captured,card,30.87,4.99,3.23,2.85,0.0,41.94,2026-08-19T08:30:48Z,2026-08-19T09:28:25Z,USD
pay_72b10dcc3bb345a9be39,o_20260819_00005674,captured,card,46.83,3.3,6.79,3.57,0.0,60.49,2026-08-19T11:48:49Z,2026-08-19T12:48:09Z,USD
pay_2dc82ba70c2841629a7d,o_20260819_00005675,captured,paypal,34.92,5.62,4.05,2.28,0.0,46.87,2026-08-19T19:48:19Z,2026-08-19T20:32:28Z,USD
pay_54f571e6538e400bbf34,o_20260819_00005676,captured,card,77.75,1.5,8.14,4.71,0.0,92.1,2026-08-19T19:34:31Z,2026-08-19T20:21:03Z,USD
pay_11edd6b9be42400e89bf,o_20260819_00005677,captured,apple_pay,21.63,4.93,2.22,1.92,2.16,28.54,2026-08-19T19:11:19Z,2026-08-19T19:44:29Z,USD
pay_82e68470eba0488e84c3,o_20260819_00005678,refunded,wallet,39.63,1.84,5.19,2.91,5.94,43.63,2026-08-19T12:22:37Z,,USD
pay_c479dd10ab404b11a302,o_20260819_00005679,captured,card,89.25,4.62,11.16,5.51,0.0,110.54,2026-08-19T11:50:15Z,2026-08-19T12:36:10Z,USD
pay_a76ab51ca34447a18b8d,o_20260819_00005680,refunded,apple_pay,17.46,5.38,2.3,1.77,0.0,26.91,2026-08-19T12:43:57Z,,USD
pay_56af5ad62cd1480f99f1,o_20260819_00005681,captured,card,39.11,1.34,5.23,2.55,0.0,48.23,2026-08-19T12:52:39Z,2026-08-19T13:38:14Z,USD
pay_2380225fdd5242c48a64,o_20260819_00005682,captured,paypal,63.69,2.21,8.17,4.11,9.55,68.63,2026-08-19T13:11:42Z,2026-08-19T14:00:24Z,USD
pay_87b86aabc45848d6ac14,o_20260819_00005683,refunded,card,45.6,6.43,4.23,3.84,2.28,57.82,2026-08-19T12:35:23Z,,USD
pay_a6ea313982504229818b,o_20260819_00005684,captured,apple_pay,40.61,3.58,6.15,2.46,0.0,52.8,2026-08-19T13:37:30Z,2026-08-19T14:16:03Z,USD
pay_bea752712fd24abe8db2,o_20260819_00005685,captured,apple_pay,83.53,3.35,7.72,5.44,4.18,95.86,2026-08-19T19:42:57Z,2026-08-19T20:27:18Z,USD
pay_c3bf3fe7e93e4980807f,o_20260819_00005686,captured,apple_pay,29.86,6.9,2.82,2.74,0.0,42.32,2026-08-19T12:08:32Z,2026-08-19T12:48:22Z,USD
pay_098dd70efffa4f6bb5ea,o_20260819_00005687,captured,paypal,68.13,2.7,10.21,5.86,0.0,86.9,2026-08-19T14:00:12Z,2026-08-19T14:42:43Z,USD
pay_4059e1dee0ba4126a696,o_20260819_00005688,captured,apple_pay,44.82,1.91,4.28,3.84,0.0,54.85,2026-08-19T11:42:29Z,2026-08-19T12:32:14Z,USD
pay_72c4aff2fd4042d29e12,o_20260819_00005689,captured,wallet,22.92,3.6,2.9,2.34,0.0,31.76,2026-08-19T13:08:48Z,2026-08-19T13:47:30Z,USD
pay_2152c1d9eeaa4474a68b,o_20260819_00005690,captured,apple_pay,100.58,2.79,10.44,6.66,15.09,105.38,2026-08-19T11:55:39Z,2026-08-19T12:38:19Z,USD
pay_f41fb6cbfb844a269c1b,o_20260819_00005691,captured,apple_pay,23.94,1.32,2.16,2.22,0.0,29.64,2026-08-19T18:06:03Z,2026-08-19T19:01:53Z,USD
pay_5e8184ccdc3146688915,o_20260819_00005692,voided,card,115.68,3.1,9.66,8.72,5.78,131.38,2026-08-19T11:27:20Z,,USD
pay_524a81beb4e34c718f89,o_20260819_00005693,captured,paypal,110.03,3.93,10.4,6.9,0.0,131.26,2026-08-19T11:20:38Z,2026-08-19T11:44:32Z,USD
pay_7e02dace5755478399db,o_20260819_00005694,captured,card,19.05,3.93,2.98,1.16,0.0,27.12,2026-08-19T11:47:27Z,2026-08-19T12:43:14Z,USD
pay_ff81606240464baa86f8,o_20260819_00005695,captured,apple_pay,47.01,4.38,5.56,2.91,0.0,59.86,2026-08-19T13:47:42Z,2026-08-19T14:40:06Z,USD
pay_a392ab4f2d3d469ab8bf,o_20260819_00005696,refunded,wallet,65.7,2.87,7.25,5.42,0.0,81.24,2026-08-19T20:11:27Z,,USD
pay_9326484f2a4843e8b56f,o_20260819_00005697,captured,card,72.81,2.13,6.24,4.36,10.92,74.62,2026-08-19T13:45:57Z,2026-08-19T14:47:47Z,USD
pay_8ce2b5e7d1a34768b78f,o_20260819_00005698,captured,wallet,55.71,6.55,4.93,4.96,5.57,66.58,2026-08-19T12:35:10Z,2026-08-19T13:43:59Z,USD
pay_b3b24182bad445029118,o_20260819_00005699,captured,card,32.86,2.65,3.3,2.48,0.0,41.29,2026-08-19T19:26:27Z,2026-08-19T20:16:26Z,USD
pay_017efe82b3064ec4bae6,o_20260819_00005700,captured,apple_pay,119.26,2.86,13.59,10.61,0.0,146.32,2026-08-19T08:29:16Z,2026-08-19T09:04:47Z,USD
pay_60e65f20953f4cc9a196,o_20260819_00005701,captured,apple_pay,46.0,2.48,5.63,3.8,0.0,57.91,2026-08-19T08:01:32Z,2026-08-19T08:37:16Z,USD
pay_935dbc5951b34d82b3bb,o_20260819_00005702,captured,wallet,50.1,6.87,6.24,3.68,5.01,61.88,2026-08-19T18:44:31Z,2026-08-19T19:27:21Z,USD
pay_27ce21c1c97d41fdad58,o_20260819_00005703,captured,wallet,18.86,2.93,1.7,1.73,0.94,24.28,2026-08-19T20:54:54Z,2026-08-19T21:40:22Z,USD
pay_a561c727de474399970d,o_20260819_00005704,captured,apple_pay,14.8,1.35,1.37,1.06,0.0,18.58,2026-08-19T20:14:21Z,2026-08-19T21:10:01Z,USD
pay_c1667d6e7d024323ab73,o_20260819_00005705,captured,paypal,92.84,1.21,12.11,9.31,0.0,115.47,2026-08-19T18:24:48Z,2026-08-19T19:02:24Z,USD
pay_dfd968f839e94994a97a,o_20260819_00005706,captured,wallet,71.41,6.09,10.93,7.32,0.0,95.75,2026-08-19T08:34:43Z,2026-08-19T09:20:33Z,USD
pay_11a6008a52424f48a558,o_20260819_00005707,captured,apple_pay,70.98,1.19,10.4,5.76,0.0,88.33,2026-08-19T13:56:39Z,2026-08-19T14:59:17Z,USD
pay_86b58f111f0e4d478638,o_20260819_00005708,captured,paypal,123.96,3.35,17.66,8.51,0.0,153.48,2026-08-19T11:42:05Z,2026-08-19T12:12:57Z,USD
pay_741ef8a520244a24a0be,o_20260819_00005709,captured,card,84.86,5.21,7.37,7.9,0.0,105.34,2026-08-19T11:09:28Z,2026-08-19T12:04:10Z,USD
pay_4af58156269645dabc0b,o_20260819_00005710,captured,card,30.48,2.99,3.91,2.11,0.0,39.49,2026-08-19T11:39:02Z,2026-08-19T12:23:02Z,USD
pay_72a4c9c5de4940eba453,o_20260819_00005711,captured,paypal,56.37,2.95,6.78,3.53,0.0,69.63,2026-08-19T13:47:19Z,2026-08-19T14:38:02Z,USD
pay_38400ce544074adbb479,o_20260819_00005712,captured,card,88.56,4.18,9.37,6.73,13.28,95.56,2026-08-19T11:42:27Z,2026-08-19T12:33:10Z,USD
pay_23fba85ecc7a42eea346,o_20260819_00005713,captured,apple_pay,21.2,5.78,2.6,1.08,3.18,27.48,2026-08-19T12:47:07Z,2026-08-19T13:32:49Z,USD
pay_1626a82658e845c0bf7d,o_20260819_00005714,captured,paypal,86.95,4.1,13.0,7.53,0.0,111.58,2026-08-19T19:46:38Z,2026-08-19T20:28:59Z,USD
pay_e4a885afa04f458d8bfa,o_20260819_00005715,captured,paypal,20.13,3.71,3.05,1.39,1.01,27.27,2026-08-19T13:06:09Z,2026-08-19T13:36:47Z,USD
pay_64234f40c20c4d1fadcc,o_20260819_00005716,captured,card,118.02,5.5,13.65,8.24,0.0,145.41,2026-08-19T08:26:22Z,2026-08-19T09:26:48Z,USD
pay_636ad16c18e44f71aab0,o_20260819_00005717,captured,apple_pay,29.7,1.01,2.7,3.02,0.0,36.43,2026-08-19T11:37:42Z,2026-08-19T12:06:40Z,USD
pay_ec6f324e4c55429da060,o_20260819_00005718,captured,card,17.86,2.46,1.58,1.62,0.89,22.63,2026-08-19T12:34:54Z,2026-08-19T13:32:45Z,USD
pay_97e1043db35549cda3ec,o_20260819_00005719,captured,wallet,42.54,0.64,4.86,2.53,2.13,48.44,2026-08-19T20:11:40Z,2026-08-19T21:05:09Z,USD
pay_a925a57692844f51acd8,o_20260819_00005720,captured,paypal,70.6,6.94,9.3,4.22,3.53,87.53,2026-08-19T19:37:20Z,2026-08-19T20:27:15Z,USD
pay_b305fb97428f48aebc2c,o_20260819_00005721,captured,paypal,37.28,4.85,5.73,2.4,1.86,48.4,2026-08-19T11:16:04Z,2026-08-19T12:06:50Z,USD
pay_d160b7b8097e45dc9da4,o_20260819_00005722,captured,paypal,82.22,3.63,9.92,6.12,4.11,97.78,2026-08-19T13:19:10Z,2026-08-19T14:12:05Z,USD
pay_68d295fc2f9546d88d41,o_20260819_00005723,captured,wallet,9.29,0.59,1.36,0.64,0.46,11.42,2026-08-19T19:37:50Z,2026-08-19T20:29:44Z,USD
pay_18774ed7d4e44e0ebad5,o_20260819_00005724,captured,card,71.34,2.67,9.19,5.85,10.7,78.35,2026-08-19T19:09:35Z,2026-08-19T19:48:09Z,USD
pay_df10139bdc324827b42d,o_20260819_00005725,captured,wallet,15.9,5.51,2.26,1.17,1.59,23.25,2026-08-19T11:52:54Z,2026-08-19T12:43:17Z,USD
pay_2fcddc23b0994d678e79,o_20260819_00005726,captured,card,102.0,3.04,9.84,6.03,15.3,105.61,2026-08-19T19:43:42Z,2026-08-19T20:21:31Z,USD
pay_63350ed661a648bfbd8d,o_20260819_00005727,captured,paypal,63.38,5.27,8.64,6.42,0.0,83.71,2026-08-19T20:41:31Z,2026-08-19T21:39:56Z,USD
pay_687852ee2c5d455db40d,o_20260819_00005728,captured,wallet,111.26,0.54,13.48,6.95,0.0,132.23,2026-08-19T11:44:19Z,2026-08-19T12:36:03Z,USD
pay_77301c86dcb84aa185b1,o_20260819_00005729,captured,wallet,96.19,5.97,14.79,8.8,0.0,125.75,2026-08-19T19:57:51Z,2026-08-19T21:04:42Z,USD
pay_1ac9228f5a714f0d915c,o_20260819_00005730,captured,card,49.04,2.98,7.22,3.91,4.9,58.25,2026-08-19T12:21:13Z,2026-08-19T12:37:16Z,USD
pay_51a09857a5644911855d,o_20260819_00005731,captured,apple_pay,122.26,2.96,11.28,7.15,6.11,137.54,2026-08-19T12:53:33Z,2026-08-19T13:56:24Z,USD
pay_efe5002f403342558c91,o_20260819_00005732,refunded,wallet,98.43,5.9,11.09,7.07,0.0,122.49,2026-08-19T11:42:30Z,,USD
pay_72dadf7ee10644069afd,o_20260819_00005733,captured,apple_pay,54.72,4.05,7.13,3.12,8.21,60.81,2026-08-19T20:28:10Z,2026-08-19T21:21:59Z,USD
pay_a08db960a0d547f7a489,o_20260819_00005734,voided,paypal,89.34,5.62,12.28,8.16,0.0,115.4,2026-08-19T12:05:21Z,,USD
pay_6a99557bf4424ebaa048,o_20260819_00005735,captured,wallet,108.06,4.77,13.9,8.66,5.4,129.99,2026-08-19T19:39:00Z,2026-08-19T20:47:06Z,USD
pay_9bc4d975416746c5b05c,o_20260819_00005736,captured,card,37.92,6.12,3.87,2.41,1.9,48.42,2026-08-19T13:06:09Z,2026-08-19T14:00:47Z,USD
pay_02ba13ef9495421baea7,o_20260819_00005737,refunded,paypal,86.42,0.96,12.13,8.07,0.0,107.58,2026-08-19T20:11:35Z,,USD
pay_4136dbb1a6d04f9fa88b,o_20260819_00005738,captured,paypal,56.88,2.37,8.21,5.26,0.0,72.72,2026-08-19T18:48:13Z,2026-08-19T19:41:39Z,USD
pay_d080a914c3034784ae54,o_20260819_00005739,captured,card,53.37,5.4,7.93,4.44,0.0,71.14,2026-08-19T19:15:46Z,2026-08-19T19:58:28Z,USD
pay_7fe4461ddde644f68a26,o_20260819_00005740,refunded,wallet,71.73,3.72,10.07,5.59,7.17,83.94,2026-08-19T12:15:41Z,,USD
pay_57e40a67a93a4c6c8cc6,o_20260819_00005741,captured,paypal,65.19,4.25,5.6,3.7,9.78,68.96,2026-08-19T12:47:58Z,2026-08-19T13:51:25Z,USD
pay_0cb42440d79c4353ae3d,o_20260819_00005742,captured,apple_pay,102.67,3.1,14.34,6.43,15.4,111.14,2026-08-19T20:08:13Z,2026-08-19T20:54:52Z,USD
pay_f067e7814c8747d99b7a,o_20260819_00005743,captured,wallet,43.46,2.28,6.24,4.14,0.0,56.12,2026-08-19T08:17:18Z,2026-08-19T09:17:47Z,USD
pay_a3fa79722fc841f39aa5,o_20260819_00005744,captured,wallet,90.77,0.5,7.39,7.48,4.54,101.6,2026-08-19T12:36:58Z,2026-08-19T13:17:54Z,USD
pay_481f301391ba443da029,o_20260819_00005745,captured,card,119.28,4.01,16.35,11.43,0.0,151.07,2026-08-19T19:43:35Z,2026-08-19T20:35:17Z,USD
pay_14e7928f3b824acab89f,o_20260819_00005746,captured,paypal,43.9,0.52,3.71,4.3,0.0,52.43,2026-08-19T18:57:47Z,2026-08-19T19:43:28Z,USD
pay_623794cce9e046f8be7d,o_20260819_00005747,captured,wallet,69.84,6.41,6.95,5.12,3.49,84.83,2026-08-19T11:33:16Z,2026-08-19T12:14:15Z,USD
pay_b61e5c3d8c3248199933,o_20260819_00005748,captured,paypal,45.27,2.53,5.99,3.81,4.53,53.07,2026-08-19T12:44:59Z,2026-08-19T13:40:49Z,USD
pay_4ee7de34ff2a47b9b1cf,o_20260819_00005749,captured,card,43.46,6.88,6.82,3.36,0.0,60.52,2026-08-19T18:53:21Z,2026-08-19T19:40:58Z,USD
pay_7e0ab718462140d29e0c,o_20260819_00005750,captured,paypal,62.64,1.17,8.58,4.85,0.0,77.24,2026-08-19T12:08:23Z,2026-08-19T13:07:05Z,USD
pay_9e0884b1fce6407c8ed4,o_20260819_00005751,captured,apple_pay,37.16,1.6,4.74,2.8,3.72,42.58,2026-08-19T19:56:01Z,2026-08-19T20:38:03Z,USD
pay_ed8c7382926041e59b18,o_20260819_00005752,captured,paypal,65.3,5.55,9.88,6.65,0.0,87.38,2026-08-19T18:59:15Z,2026-08-19T20:02:39Z,USD
pay_cbde39fbfc2641a390a3,o_20260819_00005753,captured,wallet,71.34,5.76,10.1,6.41,7.13,86.48,2026-08-19T12:12:04Z,2026-08-19T13:12:31Z,USD
pay_9725df779d4547839d9c,o_20260819_00005754,refunded,paypal,84.77,4.15,11.96,8.05,0.0,108.93,2026-08-19T13:51:40Z,,USD
pay_d8890a049793483cb89d,o_20260819_00005755,captured,paypal,82.62,1.16,6.87,7.29,0.0,97.94,2026-08-19T12:56:29Z,2026-08-19T13:12:41Z,USD
pay_9016d870671441fcbe22,o_20260819_00005756,captured,wallet,40.86,1.24,5.39,3.66,4.09,47.06,2026-08-19T13:39:31Z,2026-08-19T14:34:13Z,USD
pay_cd5ff7456c4f4439af02,o_20260819_00005757,captured,wallet,89.25,2.96,7.45,7.42,4.46,102.62,2026-08-19T19:11:02Z,2026-08-19T19:56:53Z,USD
pay_d3ffb09ba0b5455abc14,o_20260819_00005758,captured,wallet,60.91,6.5,9.55,5.14,0.0,82.1,2026-08-19T20:17:15Z,2026-08-19T21:06:11Z,USD
pay_867c60320dcc45dda4b6,o_20260819_00005759,captured,wallet,73.72,4.21,10.95,5.02,0.0,93.9,2026-08-19T13:34:40Z,2026-08-19T14:19:30Z,USD
pay_762db8f6df874c6bb500,o_20260819_00005760,captured,wallet,14.68,6.06,1.23,1.32,0.0,23.29,2026-08-19T18:46:07Z,2026-08-19T19:34:07Z,USD
pay_6bf4e1fd5ede4a2e883b,o_20260819_00005761,captured,paypal,45.39,1.33,6.98,3.58,2.27,55.01,2026-08-19T19:34:00Z,2026-08-19T20:12:53Z,USD
pay_fd15f6d128704e539c7d,o_20260819_00005762,captured,wallet,23.14,0.6,3.41,1.33,2.31,26.17,2026-08-19T18:28:12Z,2026-08-19T19:24:11Z,USD
pay_76df575ced764805aa1d,o_20260819_00005763,captured,paypal,17.84,4.33,1.62,1.23,1.78,23.24,2026-08-19T13:18:45Z,2026-08-19T13:57:22Z,USD
pay_70b67aa6b46c4b25a17f,o_20260819_00005764,voided,paypal,32.72,1.47,3.53,2.01,0.0,39.73,2026-08-19T12:29:05Z,,USD
pay_e918035d0cc54269a013,o_20260819_00005765,captured,apple_pay,106.45,4.42,12.61,6.49,0.0,129.97,2026-08-19T18:05:57Z,2026-08-19T18:35:32Z,USD
pay_b1b02c88f07c4ce79da0,o_20260819_00005766,captured,apple_pay,59.85,3.94,6.74,4.26,8.98,65.81,2026-08-19T13:31:33Z,2026-08-19T14:34:17Z,USD
pay_da3f9c05cd474035bc2c,o_20260819_00005767,refunded,wallet,90.65,4.65,9.05,6.07,0.0,110.42,2026-08-19T20:48:08Z,,USD
pay_ef1829a03703419fa0e1,o_20260819_00005768,captured,paypal,73.08,3.53,7.65,5.19,0.0,89.45,2026-08-19T18:12:03Z,2026-08-19T18:41:52Z,USD
pay_9a8b7d185caf4704a093,o_20260819_00005769,captured,wallet,15.75,5.22,2.16,1.23,1.58,22.78,2026-08-19T13:39:37Z,2026-08-19T14:21:08Z,USD
pay_6dde1f34894547b39801,o_20260819_00005770,captured,apple_pay,11.79,5.48,1.54,0.96,1.77,18.0,2026-08-19T18:44:08Z,2026-08-19T19:50:01Z,USD
pay_f10e9bb44050453f99e6,o_20260819_00005771,captured,card,58.2,0.95,8.3,5.09,0.0,72.54,2026-08-19T08:00:48Z,2026-08-19T08:43:37Z,USD
pay_19581a5963d04fa4a447,o_20260819_00005772,captured,apple_pay,168.27,5.6,26.37,10.24,0.0,210.48,2026-08-19T19:02:47Z,2026-08-19T19:43:25Z,USD
pay_cf173241eb5a49b495e1,o_20260819_00005773,captured,apple_pay,18.08,2.44,1.59,1.32,0.0,23.43,2026-08-19T12:48:54Z,2026-08-19T13:36:43Z,USD
pay_daae3308cf3d4fdc9ff7,o_20260819_00005774,captured,wallet,36.86,1.7,4.59,3.3,0.0,46.45,2026-08-19T20:33:21Z,2026-08-19T21:32:09Z,USD
pay_4316e7abdd8146339506,o_20260819_00005775,captured,paypal,52.96,2.38,5.87,3.3,0.0,64.51,2026-08-19T08:39:53Z,2026-08-19T09:30:46Z,USD
pay_6c3972b77fe948d2bf72,o_20260819_00005776,captured,card,37.61,6.18,3.11,3.51,0.0,50.41,2026-08-19T18:40:46Z,2026-08-19T19:41:59Z,USD
pay_94e278d7dac94e279dd4,o_20260819_00005777,captured,paypal,23.75,3.82,2.08,1.9,0.0,31.55,2026-08-19T12:34:50Z,2026-08-19T13:07:46Z,USD
pay_13b89214040c4a51a403,o_20260819_00005778,captured,wallet,12.98,5.19,2.01,0.83,0.65,20.36,2026-08-19T11:36:33Z,2026-08-19T12:16:26Z,USD
pay_05571a21fee348d58b90,o_20260819_00005779,captured,wallet,105.56,3.41,16.11,8.81,0.0,133.89,2026-08-19T19:17:01Z,2026-08-19T20:21:44Z,USD
pay_fb0386e75ebc415b9221,o_20260819_00005780,captured,wallet,14.9,5.23,2.28,1.12,0.0,23.53,2026-08-19T11:17:20Z,2026-08-19T11:44:11Z,USD
pay_1986b2782a0c4e348c89,o_20260819_00005781,captured,apple_pay,60.99,5.98,9.4,4.34,6.1,74.61,2026-08-19T14:00:26Z,2026-08-19T14:30:56Z,USD
pay_3b65754e79ea4d3295e8,o_20260819_00005782,captured,paypal,45.9,1.33,6.25,4.29,2.29,55.48,2026-08-19T12:48:57Z,2026-08-19T13:45:33Z,USD
pay_53d39e7b7fab418b8b3b,o_20260819_00005783,captured,apple_pay,95.77,3.76,9.87,8.77,0.0,118.17,2026-08-19T18:04:01Z,2026-08-19T18:56:37Z,USD
pay_3056951928f64281b325,o_20260819_00005784,voided,apple_pay,106.43,1.45,16.6,7.6,0.0,132.08,2026-08-19T18:53:27Z,,USD
pay_68ce4e4e21564d04b05e,o_20260819_00005785,captured,apple_pay,35.78,4.85,5.55,3.1,3.58,45.7,2026-08-19T12:44:15Z,2026-08-19T13:12:49Z,USD
pay_054858f64d3447a18a96,o_20260819_00005786,voided,card,50.63,3.24,7.99,2.96,7.59,57.23,2026-08-19T19:22:23Z,,USD
pay_91445e7569c84cd59c65,o_20260819_00005787,captured,paypal,87.15,6.52,10.9,6.6,0.0,111.17,2026-08-19T12:01:49Z,2026-08-19T12:50:56Z,USD
pay_534ebe801e4249e6b26b,o_20260819_00005788,captured,apple_pay,56.55,5.27,6.08,4.1,5.66,66.34,2026-08-19T13:46:27Z,2026-08-19T14:36:59Z,USD
pay_ebd7253c03ee4a9c8ca8,o_20260819_00005789,captured,apple_pay,47.7,4.71,4.86,3.21,7.16,53.32,2026-08-19T18:28:09Z,2026-08-19T18:57:59Z,USD
pay_c9e81593dbb24eb8a9ad,o_20260819_00005790,captured,wallet,123.89,1.64,13.0,8.2,0.0,146.73,2026-08-19T08:10:24Z,2026-08-19T09:03:04Z,USD
pay_19348b0683834c4aaa2a,o_20260819_00005791,captured,card,22.86,1.12,3.05,1.36,1.14,27.25,2026-08-19T18:39:12Z,2026-08-19T19:38:43Z,USD
pay_ccecd58d55e242579efe,o_20260819_00005792,captured,apple_pay,81.22,3.31,11.18,6.25,12.18,89.78,2026-08-19T18:35:12Z,2026-08-19T19:52:10Z,USD
pay_a6bec839751b491688f6,o_20260819_00005793,captured,card,97.96,1.95,14.91,7.69,9.8,112.71,2026-08-19T08:23:13Z,2026-08-19T09:00:15Z,USD
pay_ae8e0aa2e07e41c19230,o_20260819_00005794,captured,wallet,62.39,4.77,7.57,4.06,0.0,78.79,2026-08-19T19:14:58Z,2026-08-19T20:11:37Z,USD
pay_e36e9be05c9945db8ab0,o_20260819_00005795,captured,apple_pay,71.82,5.34,8.01,5.58,0.0,90.75,2026-08-19T13:37:40Z,2026-08-19T14:32:49Z,USD
pay_73d46ee8b69040509653,o_20260819_00005796,captured,card,68.4,2.68,6.74,5.86,10.26,73.42,2026-08-19T20:05:18Z,2026-08-19T20:57:51Z,USD
pay_69da28b41ff14ae689d8,o_20260819_00005797,voided,paypal,52.96,3.15,5.75,3.57,0.0,65.43,2026-08-19T13:21:12Z,,USD
pay_c564b81668d04fddb85a,o_20260819_00005798,captured,card,62.01,1.09,9.51,5.27,9.3,68.58,2026-08-19T11:29:34Z,2026-08-19T11:53:42Z,USD
pay_48a8e6ce5a814ab29091,o_20260819_00005799,captured,wallet,177.09,1.46,25.96,15.27,0.0,219.78,2026-08-19T18:32:01Z,2026-08-19T19:02:56Z,USD
pay_ae343fd2527940b4adbc,o_20260819_00005800,captured,paypal,39.18,3.66,5.41,2.06,5.88,44.43,2026-08-19T13:48:24Z,2026-08-19T14:44:53Z,USD
pay_fceac6bdcfce4bbb9e28,o_20260819_00005801,captured,card,29.91,2.12,3.95,2.56,0.0,38.54,2026-08-19T08:02:02Z,2026-08-19T08:38:57Z,USD
pay_ddd91e0713b24d1e9a9e,o_20260819_00005802,captured,paypal,147.35,2.33,12.15,14.73,0.0,176.56,2026-08-19T18:26:44Z,2026-08-19T19:01:38Z,USD
pay_4da4f0bbd78d4697a0fd,o_20260819_00005803,captured,wallet,45.42,1.38,7.21,4.23,0.0,58.24,2026-08-19T08:45:56Z,2026-08-19T09:19:35Z,USD
pay_2364bfba242846b092e2,o_20260819_00005804,captured,card,59.97,6.39,8.06,5.41,0.0,79.83,2026-08-19T11:11:31Z,2026-08-19T12:27:12Z,USD
pay_a8b38bc85ead4e33a8d0,o_20260819_00005805,captured,apple_pay,11.44,5.98,0.98,0.97,1.72,17.65,2026-08-19T12:43:19Z,2026-08-19T13:27:50Z,USD
pay_c9ced5e8e3d343faa859,o_20260819_00005806,captured,card,10.29,1.79,1.61,0.77,0.51,13.95,2026-08-19T13:35:55Z,2026-08-19T14:20:58Z,USD
pay_1b546b6cb3cc4ac5aa15,o_20260819_00005807,captured,wallet,41.52,0.73,5.49,3.26,0.0,51.0,2026-08-19T11:50:16Z,2026-08-19T12:21:07Z,USD
pay_4731b549f5da41cc89ce,o_20260819_00005808,captured,card,122.13,3.19,19.1,8.69,0.0,153.11,2026-08-19T12:13:25Z,2026-08-19T13:01:21Z,USD
pay_3ec5bb48a943410189e8,o_20260819_00005809,captured,apple_pay,47.7,6.77,7.59,3.52,7.16,58.42,2026-08-19T11:12:15Z,2026-08-19T12:06:58Z,USD
pay_44b34b13abfe452aafda,o_20260819_00005810,captured,card,66.78,5.87,9.87,6.55,0.0,89.07,2026-08-19T08:17:02Z,2026-08-19T09:05:16Z,USD
pay_a4024e11c0c04a9cacd9,o_20260819_00005811,captured,paypal,69.93,0.76,9.61,6.62,0.0,86.92,2026-08-19T20:59:58Z,2026-08-19T21:52:42Z,USD
pay_09bb56eee4c649efbfd1,o_20260819_00005812,captured,wallet,168.3,2.94,26.56,14.57,8.41,203.96,2026-08-19T19:00:04Z,2026-08-19T19:49:57Z,USD
pay_5bb97a8d2caf48fba0a0,o_20260819_00005813,captured,wallet,104.65,5.69,15.99,9.23,0.0,135.56,2026-08-19T12:54:18Z,2026-08-19T13:19:42Z,USD
pay_49c6f994047940d1a85a,o_20260819_00005814,captured,apple_pay,58.1,1.65,8.56,5.87,0.0,74.18,2026-08-19T18:16:29Z,2026-08-19T18:42:36Z,USD
pay_039aefbeb85246088fa2,o_20260819_00005815,captured,apple_pay,72.52,3.59,9.4,6.39,7.25,84.65,2026-08-19T19:51:46Z,2026-08-19T20:40:19Z,USD
pay_98a95ad2076649fb8043,o_20260819_00005816,captured,apple_pay,28.38,6.47,2.62,2.34,2.84,36.97,2026-08-19T19:21:40Z,2026-08-19T19:58:07Z,USD
pay_81fbf04ea27a4dc18a75,o_20260819_00005817,captured,card,20.85,1.72,1.87,1.28,0.0,25.72,2026-08-19T12:05:48Z,2026-08-19T12:54:41Z,USD
pay_dcc04114dcc64a7db681,o_20260819_00005818,captured,card,90.52,1.16,13.14,7.47,0.0,112.29,2026-08-19T18:11:40Z,2026-08-19T18:39:46Z,USD
pay_f8ec769f368746df8993,o_20260819_00005819,captured,apple_pay,33.09,3.44,2.94,2.38,3.31,38.54,2026-08-19T18:43:28Z,2026-08-19T19:17:11Z,USD
pay_5a8cc8e7ac7c407f9b86,o_20260819_00005820,captured,wallet,14.85,2.94,2.17,1.15,0.74,20.37,2026-08-19T08:43:55Z,2026-08-19T09:13:04Z,USD
pay_36cfeef0f6b84974ab2f,o_20260819_00005821,captured,apple_pay,58.04,5.32,9.19,4.61,0.0,77.16,2026-08-19T08:31:33Z,2026-08-19T09:24:08Z,USD
pay_aa8c810d08f741b189ea,o_20260819_00005822,captured,wallet,72.62,4.69,6.62,5.26,10.89,78.3,2026-08-19T13:36:36Z,2026-08-19T14:07:56Z,USD
pay_5d6150d390b44a92b06d,o_20260819_00005823,captured,apple_pay,40.68,6.04,5.03,2.9,2.03,52.62,2026-08-19T11:06:10Z,2026-08-19T11:56:21Z,USD
pay_5e7b5f13d72e4d9da27b,o_20260819_00005824,voided,card,113.96,5.75,14.51,7.72,0.0,141.94,2026-08-19T20:18:28Z,,USD
pay_a29e4b14dd1d44a4a7f3,o_20260819_00005825,captured,card,113.1,3.34,11.98,7.43,16.96,118.89,2026-08-19T08:45:28Z,2026-08-19T09:44:59Z,USD
pay_49be16ef1dfa4f758680,o_20260819_00005826,captured,card,18.79,3.98,1.74,1.45,2.82,23.14,2026-08-19T20:28:15Z,2026-08-19T21:15:39Z,USD
pay_4cb6a35b62044bddb7b8,o_20260819_00005827,captured,wallet,32.5,3.44,5.1,2.45,0.0,43.49,2026-08-19T19:35:44Z,2026-08-19T20:41:20Z,USD
pay_be8f03ee9575489b902e,o_20260819_00005828,captured,paypal,81.66,4.63,9.97,5.0,0.0,101.26,2026-08-19T12:43:48Z,2026-08-19T13:22:00Z,USD
pay_4b069343fda24af1a015,o_20260819_00005829,captured,apple_pay,66.96,3.85,5.9,5.66,10.04,72.33,2026-08-19T11:09:20Z,2026-08-19T12:00:55Z,USD
pay_768b83ea151e45d3a053,o_20260819_00005830,captured,wallet,36.48,5.43,3.5,3.41,0.0,48.82,2026-08-19T20:55:34Z,2026-08-19T21:54:29Z,USD
pay_0398308a065f406ab3fc,o_20260819_00005831,captured,card,60.56,2.58,5.49,5.38,0.0,74.01,2026-08-19T11:54:00Z,2026-08-19T12:54:54Z,USD
pay_57320aa92fce467cb0ff,o_20260819_00005832,captured,apple_pay,21.78,4.21,1.76,1.43,0.0,29.18,2026-08-19T11:14:19Z,2026-08-19T12:13:09Z,USD
pay_2e8185f530dc4f13a7c5,o_20260819_00005833,captured,card,43.9,5.78,5.75,3.82,2.19,57.06,2026-08-19T13:49:26Z,2026-08-19T14:30:18Z,USD
pay_171a120598fd4a0bbbf7,o_20260819_00005834,captured,card,117.26,3.96,12.64,7.53,17.59,123.8,2026-08-19T20:37:42Z,2026-08-19T21:13:22Z,USD
pay_e1c1aa0987b04f8abace,o_20260819_00005835,captured,paypal,69.68,3.9,8.1,6.25,0.0,87.93,2026-08-19T12:54:19Z,2026-08-19T13:45:51Z,USD
pay_cfda0013e8b9420990a6,o_20260819_00005836,captured,card,66.32,1.28,8.4,3.95,6.63,73.32,2026-08-19T19:20:13Z,2026-08-19T20:14:10Z,USD
pay_07f5d29332ad46898212,o_20260819_00005837,captured,paypal,111.5,6.42,14.83,10.23,11.15,131.83,2026-08-19T18:46:01Z,2026-08-19T19:37:51Z,USD
pay_c3a91d09f7f041c3a061,o_20260819_00005838,captured,apple_pay,42.24,4.56,4.84,2.59,6.34,47.89,2026-08-19T18:57:47Z,2026-08-19T19:22:06Z,USD
pay_a2a90fc4292942bca27b,o_20260819_00005839,captured,card,87.09,3.23,11.31,6.64,8.71,99.56,2026-08-19T11:58:48Z,2026-08-19T12:36:39Z,USD
pay_44730d5c8ef2472381e8,o_20260819_00005840,refunded,card,91.68,5.15,13.5,5.86,4.58,111.61,2026-08-19T08:27:55Z,,USD
pay_5d5595cdf0cb4706a821,o_20260819_00005841,captured,apple_pay,12.94,5.22,1.2,1.17,0.65,19.88,2026-08-19T12:18:49Z,2026-08-19T12:57:28Z,USD
pay_e5fabdc1944d43d8a0bb,o_20260819_00005842,captured,paypal,41.21,4.16,4.6,3.8,0.0,53.77,2026-08-19T18:17:35Z,2026-08-19T19:01:15Z,USD
pay_e25560d1629b4ccc8a0a,o_20260819_00005843,captured,apple_pay,50.19,4.12,5.32,3.69,0.0,63.32,2026-08-19T19:32:22Z,2026-08-19T20:05:02Z,USD
pay_8c96a2b05892407b92f6,o_20260819_00005844,voided,apple_pay,20.06,3.25,2.12,1.59,2.01,25.01,2026-08-19T13:43:57Z,,USD
pay_16211368339046849830,o_20260819_00005845,captured,wallet,24.09,1.27,3.38,1.73,2.41,28.06,2026-08-19T18:22:27Z,2026-08-19T19:35:17Z,USD
pay_352c8642f23b4059922c,o_20260819_00005846,captured,apple_pay,88.18,6.63,11.48,8.97,0.0,115.26,2026-08-19T18:21:42Z,2026-08-19T18:49:12Z,USD
pay_194a2c05817d407db646,o_20260819_00005847,captured,wallet,132.02,2.68,20.61,11.56,13.2,153.67,2026-08-19T13:20:01Z,2026-08-19T13:56:24Z,USD
pay_197c039610914e60b113,o_20260819_00005848,voided,paypal,70.44,2.47,8.34,5.81,0.0,87.06,2026-08-19T20:58:28Z,,USD
pay_f879b2acf95148269b58,o_20260819_00005849,captured,wallet,69.62,1.21,10.14,6.14,0.0,87.11,2026-08-19T19:51:23Z,2026-08-19T20:18:33Z,USD
pay_ca483b575b1345a884c9,o_20260819_00005850,captured,wallet,98.03,0.66,9.72,5.11,14.7,98.82,2026-08-19T20:46:01Z,2026-08-19T21:24:38Z,USD
pay_361b47399e994fa19f03,o_20260819_00005851,captured,wallet,55.92,3.23,6.42,4.57,5.59,64.55,2026-08-19T19:49:26Z,2026-08-19T20:45:02Z,USD
pay_e7ab13b470fb43e9b7cd,o_20260819_00005852,captured,apple_pay,52.38,2.15,5.68,3.84,0.0,64.05,2026-08-19T18:05:16Z,2026-08-19T18:41:47Z,USD
pay_626648105a2e44e8a748,o_20260819_00005853,captured,paypal,103.16,4.4,16.13,6.65,0.0,130.34,2026-08-19T20:14:22Z,2026-08-19T20:31:22Z,USD
pay_49bc499f828148189709,o_20260819_00005854,captured,card,31.44,2.76,3.78,2.53,3.14,37.37,2026-08-19T18:11:35Z,2026-08-19T18:52:09Z,USD
pay_232a754079d84390a3f3,o_20260819_00005855,captured,card,66.15,6.38,8.26,4.41,0.0,85.2,2026-08-19T13:12:39Z,2026-08-19T14:03:43Z,USD
pay_971ee860e9864a43a4f2,o_20260819_00005856,captured,wallet,13.9,6.08,1.2,1.07,0.0,22.25,2026-08-19T19:11:01Z,2026-08-19T20:09:38Z,USD
pay_301cc871af204137b28c,o_20260819_00005857,captured,wallet,49.08,6.87,4.16,3.88,7.36,56.63,2026-08-19T12:25:30Z,2026-08-19T13:12:21Z,USD
pay_5d2b189434754bee9410,o_20260819_00005858,captured,wallet,35.1,4.45,5.14,2.28,0.0,46.97,2026-08-19T20:22:34Z,2026-08-19T21:23:49Z,USD
pay_b2a3216291bb48f19be2,o_20260819_00005859,captured,wallet,119.28,5.29,17.77,10.21,0.0,152.55,2026-08-19T20:20:44Z,2026-08-19T20:58:13Z,USD
pay_4e5cca603b6846748703,o_20260819_00005860,captured,wallet,47.7,4.98,6.19,3.67,4.77,57.77,2026-08-19T18:35:03Z,2026-08-19T19:22:39Z,USD
pay_f892c622b2c34835bc3b,o_20260819_00005861,captured,wallet,79.24,1.12,8.24,5.87,0.0,94.47,2026-08-19T18:18:42Z,2026-08-19T19:12:12Z,USD
pay_568344fde52f4cefba28,o_20260819_00005862,captured,apple_pay,73.9,2.72,10.77,5.3,11.09,81.6,2026-08-19T19:32:19Z,2026-08-19T20:08:59Z,USD
pay_92add203f3cd4cba8e81,o_20260819_00005863,refunded,apple_pay,100.13,2.66,14.25,8.43,0.0,125.47,2026-08-19T19:49:39Z,,USD
pay_d23ec8b336d34a4c99dc,o_20260819_00005864,captured,paypal,71.94,6.43,6.39,6.86,0.0,91.62,2026-08-19T18:16:00Z,2026-08-19T18:45:38Z,USD
pay_62e7e33410694480b669,o_20260819_00005865,captured,apple_pay,50.31,4.8,4.34,5.05,0.0,64.5,2026-08-19T12:53:03Z,2026-08-19T13:29:05Z,USD
pay_48daed8ad31a48f3a0ef,o_20260819_00005866,captured,card,56.04,2.31,5.9,3.47,2.8,64.92,2026-08-19T11:18:16Z,2026-08-19T12:24:03Z,USD
pay_77369e908b924b7a854d,o_20260819_00005867,captured,card,110.18,2.01,9.31,8.36,0.0,129.86,2026-08-19T13:34:50Z,2026-08-19T14:33:54Z,USD
pay_4dcaa191a69647b7bf85,o_20260819_00005868,captured,card,31.8,3.67,2.63,2.2,1.59,38.71,2026-08-19T08:41:11Z,2026-08-19T09:22:45Z,USD
pay_3b4d38e40bd3484cb85c,o_20260819_00005869,captured,paypal,21.2,6.79,3.14,2.01,1.06,32.08,2026-08-19T18:21:45Z,2026-08-19T19:09:40Z,USD
pay_ae83aee3c4b14196903c,o_20260819_00005870,captured,wallet,13.62,2.44,2.16,1.18,0.68,18.72,2026-08-19T11:32:08Z,2026-08-19T12:33:46Z,USD
pay_d59ce00e7f984feebb9f,o_20260819_00005871,captured,apple_pay,62.06,4.39,5.41,3.45,9.31,66.0,2026-08-19T11:00:56Z,2026-08-19T11:41:23Z,USD
pay_62211c15c6e24b3b8bbe,o_20260819_00005872,captured,apple_pay,111.98,5.82,17.07,7.58,5.6,136.85,2026-08-19T18:22:56Z,2026-08-19T19:26:27Z,USD
pay_b180a6d8b62245e59d12,o_20260819_00005873,captured,wallet,43.47,3.68,4.25,2.72,0.0,54.12,2026-08-19T13:40:35Z,2026-08-19T14:33:26Z,USD
pay_fd4c262c5d9346bd8136,o_20260819_00005874,captured,paypal,36.58,2.19,5.55,2.25,1.83,44.74,2026-08-19T20:41:53Z,2026-08-19T21:44:35Z,USD
pay_1a61962eae7e47fcb102,o_20260819_00005875,captured,card,67.26,5.08,10.44,4.45,3.36,83.87,2026-08-19T18:24:57Z,2026-08-19T19:00:30Z,USD
pay_9bc354269e504b0d867a,o_20260819_00005876,captured,apple_pay,26.37,3.83,3.12,2.54,1.32,34.54,2026-08-19T12:50:12Z,2026-08-19T13:24:29Z,USD
pay_b7d0e42122ff4a8180e4,o_20260819_00005877,captured,wallet,42.06,1.8,4.54,2.76,2.1,49.06,2026-08-19T20:05:43Z,2026-08-19T20:35:18Z,USD
pay_34dd8adf5a7743288f9e,o_20260819_00005878,captured,wallet,18.52,4.33,2.59,1.64,0.0,27.08,2026-08-19T18:21:39Z,2026-08-19T19:00:58Z,USD
pay_b9cdf891f03044ee92db,o_20260819_00005879,captured,apple_pay,76.13,3.78,9.42,4.46,3.81,89.98,2026-08-19T19:00:47Z,2026-08-19T19:49:16Z,USD
pay_8127f26d00c04acd99ee,o_20260819_00005880,captured,apple_pay,136.73,4.03,14.31,11.08,20.51,145.64,2026-08-19T11:09:20Z,2026-08-19T12:03:03Z,USD
pay_b1eab4298d5f4765b440,o_20260819_00005881,captured,paypal,62.13,6.2,7.06,3.56,9.32,69.63,2026-08-19T11:34:37Z,2026-08-19T12:28:31Z,USD
pay_372f31f0cd9d431fb92a,o_20260819_00005882,captured,card,101.01,4.91,12.69,9.57,0.0,128.18,2026-08-19T18:01:13Z,2026-08-19T18:44:21Z,USD
pay_a1ce1e79185649438483,o_20260819_00005883,voided,apple_pay,50.42,3.74,5.11,4.09,7.56,55.8,2026-08-19T19:27:51Z,,USD
pay_a138eee719c14a26897d,o_20260819_00005884,captured,card,48.72,6.09,4.94,3.88,0.0,63.63,2026-08-19T12:48:20Z,2026-08-19T13:22:09Z,USD
pay_f8fe0910b323458eb10b,o_20260819_00005885,captured,wallet,110.2,5.86,14.3,6.04,11.02,125.38,2026-08-19T20:18:55Z,2026-08-19T20:48:47Z,USD
pay_dccb7f9c567446059b9f,o_20260819_00005886,captured,card,74.97,6.57,9.5,4.8,0.0,95.84,2026-08-19T13:40:41Z,2026-08-19T14:33:22Z,USD
pay_23413ad7f82e42c2a745,o_20260819_00005887,captured,wallet,55.17,2.17,5.67,4.45,0.0,67.46,2026-08-19T12:01:31Z,2026-08-19T12:47:35Z,USD
pay_61f2363e7faf4f1590a3,o_20260819_00005888,captured,wallet,85.67,5.17,11.04,5.01,12.85,94.04,2026-08-19T19:14:44Z,2026-08-19T19:56:58Z,USD
pay_462b63b109194c2f8879,o_20260819_00005889,captured,paypal,51.11,6.17,5.35,3.88,0.0,66.51,2026-08-19T19:34:40Z,2026-08-19T19:52:28Z,USD
pay_dd842a1269464ea2ab48,o_20260819_00005890,captured,paypal,82.48,3.41,7.3,6.35,0.0,99.54,2026-08-19T11:42:29Z,2026-08-19T12:24:19Z,USD
pay_971091c7d54640cb92ef,o_20260819_00005891,captured,apple_pay,50.87,0.8,5.21,3.23,7.63,52.48,2026-08-19T19:45:25Z,2026-08-19T20:35:12Z,USD
pay_24e524d07c2b4a479a1c,o_20260819_00005892,captured,card,112.9,4.66,14.15,8.51,0.0,140.22,2026-08-19T11:24:43Z,2026-08-19T12:14:16Z,USD
pay_68cdcce148004f6db403,o_20260819_00005893,captured,wallet,19.14,1.57,2.85,1.3,0.96,23.9,2026-08-19T12:44:55Z,2026-08-19T13:56:38Z,USD
pay_793c2b31454d44e2a5d7,o_20260819_00005894,captured,wallet,113.38,2.28,13.91,6.92,0.0,136.49,2026-08-19T13:05:40Z,2026-08-19T13:36:13Z,USD
pay_574768ac52b7471c9270,o_20260819_00005895,captured,wallet,48.99,1.33,7.6,2.54,7.35,53.11,2026-08-19T11:19:48Z,2026-08-19T12:05:16Z,USD
pay_24f5a76f52c34384923e,o_20260819_00005896,refunded,paypal,17.75,1.54,2.75,1.6,0.0,23.64,2026-08-19T19:30:22Z,,USD
pay_a4d299208bea4c9dbe20,o_20260819_00005897,captured,wallet,39.58,6.05,5.58,3.43,3.96,50.68,2026-08-19T13:13:15Z,2026-08-19T13:48:30Z,USD
pay_19a58cac176c4fc88f61,o_20260819_00005898,captured,wallet,43.86,3.03,6.34,2.48,6.58,49.13,2026-08-19T19:10:23Z,2026-08-19T20:06:44Z,USD
pay_298fcf6f1736447a8022,o_20260819_00005899,captured,apple_pay,118.72,5.3,11.28,8.81,0.0,144.11,2026-08-19T18:52:18Z,2026-08-19T19:43:46Z,USD
pay_b27bd8d5557c49b6af89,o_20260819_00005900,captured,paypal,59.97,5.75,5.48,5.35,0.0,76.55,2026-08-19T08:12:25Z,2026-08-19T08:28:55Z,USD
pay_7a8b15f73c984122b68e,o_20260819_00005901,captured,paypal,17.02,2.67,2.44,1.65,0.0,23.78,2026-08-19T19:00:13Z,2026-08-19T19:22:44Z,USD
pay_8c5537a7d43948c4a5fc,o_20260819_00005902,captured,card,56.5,3.13,5.5,4.15,2.83,66.45,2026-08-19T11:35:47Z,2026-08-19T11:58:00Z,USD
pay_27bce400106240ceb115,o_20260819_00005903,captured,paypal,70.41,0.67,8.31,4.65,0.0,84.04,2026-08-19T12:51:23Z,2026-08-19T13:19:51Z,USD
pay_9e8b80e329864f998f3a,o_20260819_00005904,captured,card,32.34,5.05,4.74,2.82,3.23,41.72,2026-08-19T19:45:25Z,2026-08-19T20:41:50Z,USD
pay_074ed4422d3e4922b170,o_20260819_00005905,voided,wallet,12.44,3.03,1.36,1.24,0.0,18.07,2026-08-19T13:46:01Z,,USD
pay_a7e31b2028354e91a833,o_20260819_00005906,captured,apple_pay,72.56,6.83,6.16,4.98,10.88,79.65,2026-08-19T11:47:08Z,2026-08-19T12:30:06Z,USD
pay_539bf4bb384f4ca1a61e,o_20260819_00005907,captured,wallet,85.69,6.59,11.96,4.89,4.28,104.85,2026-08-19T12:26:23Z,2026-08-19T13:16:56Z,USD
pay_6d532aff62da4fcd9461,o_20260819_00005908,captured,wallet,97.06,5.02,13.43,8.43,14.56,109.38,2026-08-19T11:07:57Z,2026-08-19T11:50:14Z,USD
pay_74bca15f934f4c869859,o_20260819_00005909,captured,card,30.72,5.44,3.83,2.83,0.0,42.82,2026-08-19T11:58:53Z,2026-08-19T12:37:05Z,USD
pay_7b29254cfa05447f994c,o_20260819_00005910,captured,apple_pay,60.67,5.95,6.07,4.59,0.0,77.28,2026-08-19T18:04:39Z,2026-08-19T19:02:22Z,USD
pay_32ab2f32b91c4c54b2a6,o_20260819_00005911,captured,card,69.96,3.94,6.64,4.97,10.49,75.02,2026-08-19T19:07:44Z,2026-08-19T19:38:17Z,USD
pay_f8531d6069df4fbfba24,o_20260819_00005912,captured,paypal,97.82,0.63,11.27,8.21,9.78,108.15,2026-08-19T08:31:33Z,2026-08-19T09:22:15Z,USD
pay_71d4f203208a4bff9b6d,o_20260819_00005913,captured,wallet,53.46,0.76,4.87,2.84,8.02,53.91,2026-08-19T08:05:19Z,2026-08-19T09:01:53Z,USD
pay_04bf119d7659455a90fc,o_20260819_00005914,captured,paypal,110.2,0.68,10.86,10.25,5.51,126.48,2026-08-19T18:20:21Z,2026-08-19T19:22:37Z,USD
pay_861b2581e5f34ccbb0e1,o_20260819_00005915,captured,wallet,53.88,2.62,7.26,4.2,5.39,62.57,2026-08-19T19:55:52Z,2026-08-19T20:37:43Z,USD
pay_f01a346883004afdb66c,o_20260819_00005916,refunded,wallet,53.58,1.75,6.34,3.11,8.04,56.74,2026-08-19T20:51:46Z,,USD
pay_e4c91274cc0e4fe9bbb6,o_20260819_00005917,captured,card,110.5,3.06,11.29,6.15,16.57,114.43,2026-08-19T20:54:56Z,2026-08-19T21:47:09Z,USD
pay_60728043f77f458b9ab9,o_20260819_00005918,captured,apple_pay,21.93,6.74,3.37,1.42,0.0,33.46,2026-08-19T13:54:29Z,2026-08-19T14:36:05Z,USD
pay_0436ec4fd585451fbf20,o_20260819_00005919,captured,wallet,68.05,4.7,7.33,6.29,3.4,82.97,2026-08-19T19:13:36Z,2026-08-19T19:49:09Z,USD
pay_f7907f88a3a142b59e03,o_20260819_00005920,captured,apple_pay,11.9,5.66,1.1,0.99,1.78,17.87,2026-08-19T11:08:29Z,2026-08-19T11:33:15Z,USD
pay_18e48022750f4f3bbd85,o_20260819_00005921,captured,apple_pay,6.71,6.11,1.03,0.61,0.67,13.79,2026-08-19T18:34:44Z,2026-08-19T19:41:54Z,USD
pay_b207e07db0f34416a773,o_20260819_00005922,captured,paypal,80.87,5.05,11.16,6.36,4.04,99.4,2026-08-19T11:16:34Z,2026-08-19T12:19:38Z,USD
pay_9c1531885d8f4953a603,o_20260819_00005923,captured,apple_pay,55.65,2.87,6.67,3.57,5.57,63.19,2026-08-19T20:08:53Z,2026-08-19T21:34:16Z,USD
pay_b6d2e5032da149568a5a,o_20260819_00005924,captured,paypal,77.62,0.83,9.33,5.1,0.0,92.88,2026-08-19T13:29:04Z,2026-08-19T14:06:18Z,USD
pay_bb5fa90fa0fe4c5aa5fb,o_20260819_00005925,captured,card,52.73,4.82,5.06,4.69,2.64,64.66,2026-08-19T08:47:20Z,2026-08-19T10:00:33Z,USD
pay_127feda0f20a470199cf,o_20260819_00005926,captured,apple_pay,55.1,4.28,5.36,5.34,0.0,70.08,2026-08-19T18:43:53Z,2026-08-19T19:35:20Z,USD
pay_72d31c21a9c04f5a95e3,o_20260819_00005927,captured,paypal,80.4,6.9,11.85,6.46,0.0,105.61,2026-08-19T12:25:37Z,2026-08-19T13:16:38Z,USD
pay_064dc9060e1946e2a3dd,o_20260819_00005928,captured,card,21.7,2.71,2.92,1.62,0.0,28.95,2026-08-19T12:05:47Z,2026-08-19T12:53:27Z,USD
pay_b7b27fb29c574b3fa219,o_20260819_00005929,captured,apple_pay,117.96,6.66,17.72,9.7,0.0,152.04,2026-08-19T19:24:35Z,2026-08-19T20:00:16Z,USD
pay_5dda7f1c197f4eb3a556,o_20260819_00005930,captured,apple_pay,59.6,3.69,5.67,3.66,0.0,72.62,2026-08-19T11:15:05Z,2026-08-19T11:58:00Z,USD
pay_955d4da490da464c9664,o_20260819_00005931,captured,wallet,91.29,4.89,13.14,6.81,0.0,116.13,2026-08-19T12:07:17Z,2026-08-19T13:02:59Z,USD
pay_fc190f873b784a4cb74e,o_20260819_00005932,captured,apple_pay,40.71,3.83,5.45,3.42,4.07,49.34,2026-08-19T11:07:14Z,2026-08-19T11:48:37Z,USD
pay_f0891845e02f4f20b6c5,o_20260819_00005933,captured,paypal,53.72,1.29,7.28,3.71,0.0,66.0,2026-08-19T18:26:06Z,2026-08-19T19:29:45Z,USD
pay_511bb54de003421491ff,o_20260819_00005934,captured,paypal,64.89,5.1,7.76,5.34,0.0,83.09,2026-08-19T11:41:22Z,2026-08-19T12:34:59Z,USD
pay_2ff8a6ef0540498a8bbd,o_20260819_00005935,captured,paypal,65.74,4.7,10.37,5.29,0.0,86.1,2026-08-19T11:42:23Z,2026-08-19T12:25:17Z,USD
pay_317e4e7e6e1e49138a1f,o_20260819_00005936,captured,wallet,31.84,0.58,5.09,2.58,4.78,35.31,2026-08-19T13:22:44Z,2026-08-19T14:17:52Z,USD
pay_9c8438b0b80a49768f4d,o_20260819_00005937,captured,card,76.05,1.48,8.83,5.79,3.8,88.35,2026-08-19T18:43:54Z,2026-08-19T19:29:38Z,USD
pay_daeef53a28f54e12b940,o_20260819_00005938,captured,paypal,106.05,6.44,14.87,9.17,0.0,136.53,2026-08-19T19:35:14Z,2026-08-19T20:33:12Z,USD
pay_fa0f1bb0898e422da3ae,o_20260819_00005939,captured,card,65.28,4.65,6.91,5.65,0.0,82.49,2026-08-19T13:04:54Z,2026-08-19T13:49:45Z,USD
pay_1dd2e3098a204124b184,o_20260819_00005940,captured,wallet,29.86,6.65,2.55,2.45,2.99,38.52,2026-08-19T13:06:40Z,2026-08-19T13:50:54Z,USD
pay_03614cc16f334016aef3,o_20260819_00005941,captured,paypal,70.7,5.64,9.95,4.46,0.0,90.75,2026-08-19T19:06:45Z,2026-08-19T19:42:24Z,USD
pay_d40e4ad7c112459fab1b,o_20260819_00005942,captured,wallet,70.88,4.71,7.5,4.65,0.0,87.74,2026-08-19T11:33:33Z,2026-08-19T12:27:49Z,USD
pay_9a895aaed06c47d2adbf,o_20260819_00005943,captured,wallet,110.08,0.59,11.2,9.44,0.0,131.31,2026-08-19T12:18:06Z,2026-08-19T13:11:16Z,USD
pay_c9d44616448249e2b863,o_20260819_00005944,refunded,wallet,117.41,6.97,10.52,10.6,0.0,145.5,2026-08-19T12:46:14Z,,USD
pay_11f54689051d4e498154,o_20260819_00005945,captured,card,94.43,0.69,13.17,6.25,0.0,114.54,2026-08-19T19:32:10Z,2026-08-19T20:05:14Z,USD
pay_f55b84c08a634d4bb748,o_20260819_00005946,voided,apple_pay,59.31,5.26,9.33,4.91,2.97,75.84,2026-08-19T19:36:20Z,,USD
pay_875474a1ecbc47f59bcd,o_20260819_00005947,captured,card,112.94,5.72,15.24,9.58,16.94,126.54,2026-08-19T19:13:25Z,2026-08-19T19:59:25Z,USD
pay_b49c0933ac4c4e279773,o_20260819_00005948,captured,paypal,129.39,3.98,11.71,12.49,0.0,157.57,2026-08-19T19:17:01Z,2026-08-19T19:56:48Z,USD
pay_1930d52b5d90419d9ce1,o_20260819_00005949,refunded,wallet,89.64,6.84,10.19,5.55,8.96,103.26,2026-08-19T19:14:11Z,,USD
pay_ffcb470886674de09a2a,o_20260819_00005950,captured,wallet,110.58,3.85,13.71,8.49,11.06,125.57,2026-08-19T20:32:27Z,2026-08-19T21:00:37Z,USD
pay_422a38bbbde643d89407,o_20260819_00005951,captured,wallet,52.4,3.66,4.34,3.27,0.0,63.67,2026-08-19T18:32:58Z,2026-08-19T18:57:17Z,USD
pay_ddaa5b3517924b0f92c0,o_20260819_00005952,captured,paypal,59.32,6.2,8.11,5.49,0.0,79.12,2026-08-19T11:34:34Z,2026-08-19T12:16:51Z,USD
pay_14eb4fb0fa8245149e7f,o_20260819_00005953,captured,card,49.35,1.12,4.98,4.23,7.4,52.28,2026-08-19T12:24:07Z,2026-08-19T13:14:58Z,USD
pay_c5508fcbdb8f46f8b6d6,o_20260819_00005954,captured,wallet,59.97,5.86,6.72,3.1,9.0,66.65,2026-08-19T20:37:53Z,2026-08-19T21:28:31Z,USD
pay_c5780f2bbd364e818140,o_20260819_00005955,captured,paypal,93.01,3.23,12.06,9.17,0.0,117.47,2026-08-19T13:21:06Z,2026-08-19T13:58:46Z,USD
pay_5872d3ea59874667bcc1,o_20260819_00005956,captured,card,54.27,2.5,8.44,4.59,2.71,67.09,2026-08-19T13:00:20Z,2026-08-19T13:51:25Z,USD
pay_c3dcf2b672824d7b9ad9,o_20260819_00005957,captured,apple_pay,91.97,0.98,12.45,6.26,9.2,102.46,2026-08-19T19:04:22Z,2026-08-19T19:53:31Z,USD
pay_f9ff9b66dda74fbd8508,o_20260819_00005958,voided,apple_pay,40.91,1.11,4.54,2.25,4.09,44.72,2026-08-19T18:21:13Z,,USD
pay_0bdbb6e089dd4ac8b91f,o_20260819_00005959,captured,wallet,54.55,4.14,8.51,4.23,8.18,63.25,2026-08-19T18:08:31Z,2026-08-19T19:06:03Z,USD
pay_a5cfae56063c4e8da43f,o_20260819_00005960,captured,apple_pay,21.3,5.86,1.93,1.31,0.0,30.4,2026-08-19T12:26:42Z,2026-08-19T13:18:46Z,USD
pay_ffbb2babdf8f47e2bab2,o_20260819_00005961,captured,card,64.89,2.07,8.1,5.57,0.0,80.63,2026-08-19T18:15:29Z,2026-08-19T19:05:05Z,USD
pay_728b9676b6c447c0ac41,o_20260819_00005962,captured,card,44.7,3.09,6.5,4.38,0.0,58.67,2026-08-19T18:57:41Z,2026-08-19T19:36:17Z,USD
pay_23d6b90cee3341198b85,o_20260819_00005963,captured,paypal,47.24,3.6,6.78,2.73,2.36,57.99,2026-08-19T18:57:40Z,2026-08-19T19:29:46Z,USD
pay_1611c3b211154fb49bd3,o_20260819_00005964,captured,wallet,32.58,2.11,5.05,2.61,4.89,37.46,2026-08-19T18:21:03Z,2026-08-19T19:08:10Z,USD
pay_538e7d616a6844c9b42b,o_20260819_00005965,captured,paypal,64.28,2.9,9.05,4.22,9.64,70.81,2026-08-19T12:29:50Z,2026-08-19T13:17:36Z,USD
pay_ef007fd5486e48748be1,o_20260819_00005966,captured,card,85.24,1.58,11.73,6.21,12.79,91.97,2026-08-19T20:42:45Z,2026-08-19T21:54:26Z,USD
pay_2d338e0bc7a64b909ffe,o_20260819_00005967,captured,paypal,54.13,3.53,6.56,3.33,8.12,59.43,2026-08-19T19:54:56Z,2026-08-19T20:28:51Z,USD
pay_c0ffbc6164ef47d68d49,o_20260819_00005968,captured,apple_pay,91.68,6.51,10.17,7.21,13.75,101.82,2026-08-19T18:20:16Z,2026-08-19T19:21:07Z,USD
pay_f2858ffa387e45abaa5d,o_20260819_00005969,captured,paypal,95.51,4.0,11.32,6.12,14.33,102.62,2026-08-19T12:42:42Z,2026-08-19T13:32:56Z,USD
pay_724dcf4c36284d5d9dfa,o_20260819_00005970,captured,wallet,37.16,1.58,4.21,2.21,5.57,39.59,2026-08-19T13:55:51Z,2026-08-19T14:42:58Z,USD
pay_ceb913f92e7c43c9ab4d,o_20260819_00005971,captured,card,44.3,3.12,4.97,4.38,0.0,56.77,2026-08-19T18:42:01Z,2026-08-19T19:20:32Z,USD
pay_d88e877b7fb0420ebdb2,o_20260819_00005972,captured,apple_pay,58.77,6.79,7.7,3.31,8.82,67.75,2026-08-19T20:06:19Z,2026-08-19T20:39:28Z,USD
pay_74fb0e8c150a40028a1c,o_20260819_00005973,captured,apple_pay,28.84,3.1,2.47,2.01,0.0,36.42,2026-08-19T18:50:26Z,2026-08-19T19:44:27Z,USD
pay_6715651a7a8e47ca9f73,o_20260819_00005974,captured,paypal,100.53,3.95,8.22,8.7,15.08,106.32,2026-08-19T12:08:59Z,2026-08-19T12:51:47Z,USD
pay_abd5c502572740b98b5a,o_20260819_00005975,captured,card,54.21,2.56,4.54,4.41,0.0,65.72,2026-08-19T11:53:46Z,2026-08-19T12:30:21Z,USD
pay_2685294c9d8b48e1b4cc,o_20260819_00005976,captured,paypal,7.25,1.08,1.16,0.57,1.09,8.97,2026-08-19T19:29:31Z,2026-08-19T20:06:00Z,USD
pay_d4b38716c7144bf38848,o_20260819_00005977,captured,wallet,26.55,5.31,3.97,1.68,0.0,37.51,2026-08-19T18:12:14Z,2026-08-19T18:37:35Z,USD
pay_73f7a7e48ca64e8c9a44,o_20260819_00005978,captured,paypal,14.42,6.93,2.27,0.74,2.16,22.2,2026-08-19T08:11:38Z,2026-08-19T08:54:18Z,USD
pay_94adec1a70b047f7b8b0,o_20260819_00005979,captured,wallet,58.29,3.84,9.06,4.35,2.91,72.63,2026-08-19T13:58:15Z,2026-08-19T15:07:49Z,USD
pay_6fcb7ba626c8419bbba4,o_20260819_00005980,captured,apple_pay,69.42,1.44,7.88,4.3,10.41,72.63,2026-08-19T19:57:49Z,2026-08-19T21:05:55Z,USD
pay_e787ed1935d64c05bb82,o_20260819_00005981,refunded,apple_pay,85.06,6.37,11.9,6.57,0.0,109.9,2026-08-19T13:03:43Z,,USD
pay_e637b0ef2ba442ef9072,o_20260819_00005982,captured,paypal,90.5,3.24,12.17,5.79,0.0,111.7,2026-08-19T20:13:08Z,2026-08-19T21:10:17Z,USD
pay_16e115ca8cc14cff8a82,o_20260819_00005983,captured,paypal,51.75,6.16,4.41,3.98,0.0,66.3,2026-08-19T12:55:17Z,2026-08-19T13:39:59Z,USD
pay_4f800eccf5be48f2b535,o_20260819_00005984,captured,card,41.52,1.53,4.66,2.55,0.0,50.26,2026-08-19T20:45:40Z,2026-08-19T21:32:07Z,USD
pay_b3611fc0354f4b238ced,o_20260819_00005985,captured,apple_pay,65.12,1.47,8.13,5.25,0.0,79.97,2026-08-19T08:29:56Z,2026-08-19T09:26:47Z,USD
pay_41f0c436442e4b219c05,o_20260819_00005986,captured,card,116.22,5.62,11.97,11.49,0.0,145.3,2026-08-19T18:58:57Z,2026-08-19T19:41:02Z,USD
pay_49b425fd8ac147baa1d8,o_20260819_00005987,captured,apple_pay,104.75,0.52,15.26,7.48,0.0,128.01,2026-08-19T18:19:05Z,2026-08-19T19:28:50Z,USD
pay_03e93d24824842e495ad,o_20260819_00005988,captured,paypal,92.84,5.72,9.87,9.08,0.0,117.51,2026-08-19T18:52:19Z,2026-08-19T19:36:09Z,USD
pay_021a3852a08a4bc2ad45,o_20260819_00005989,captured,wallet,10.53,5.64,1.64,0.73,0.53,18.01,2026-08-19T19:10:31Z,2026-08-19T19:45:54Z,USD
pay_e19e65aca78c46308b59,o_20260819_00005990,captured,card,91.18,1.71,7.9,7.93,0.0,108.72,2026-08-19T08:38:03Z,2026-08-19T09:25:33Z,USD
pay_1be38417df65499ab402,o_20260819_00005991,captured,wallet,114.07,5.52,17.76,9.38,5.7,141.03,2026-08-19T19:56:57Z,2026-08-19T20:43:08Z,USD
pay_88f348ae7df64ecc97b2,o_20260819_00005992,captured,wallet,85.08,6.74,12.34,6.66,0.0,110.82,2026-08-19T19:46:26Z,2026-08-19T20:47:03Z,USD
pay_38d566c1a11c4d95b641,o_20260819_00005993,captured,wallet,53.34,4.75,4.95,4.19,8.0,59.23,2026-08-19T11:44:20Z,2026-08-19T12:23:06Z,USD
pay_0b8f088a6325490585d5,o_20260819_00005994,captured,wallet,39.48,1.66,4.54,2.62,0.0,48.3,2026-08-19T18:36:14Z,2026-08-19T19:36:14Z,USD
pay_6317c46f4f494e93be5e,o_20260819_00005995,captured,card,130.58,1.78,13.7,11.26,6.53,150.79,2026-08-19T19:48:33Z,2026-08-19T20:58:18Z,USD
pay_49752203a2f342c7a3f2,o_20260819_00005996,captured,apple_pay,64.12,6.07,9.48,5.9,0.0,85.57,2026-08-19T12:33:46Z,2026-08-19T13:27:27Z,USD
pay_aa1c1633b8c94306a0c0,o_20260819_00005997,captured,card,65.74,3.9,8.0,3.69,9.86,71.47,2026-08-19T18:33:22Z,2026-08-19T19:24:43Z,USD
pay_01ff9a8572964e74a23b,o_20260819_00005998,captured,card,24.1,6.07,3.17,2.02,1.21,34.15,2026-08-19T12:37:23Z,2026-08-19T13:31:33Z,USD
pay_1b49f4cc1f5744be98a9,o_20260819_00005999,captured,wallet,92.82,4.92,9.1,7.47,0.0,114.31,2026-08-19T11:18:35Z,2026-08-19T12:16:33Z,USD
pay_c3c0963a62724acfbbe0,o_20260819_00006000,captured,apple_pay,76.02,1.65,7.8,6.82,0.0,92.29,2026-08-19T13:05:29Z,2026-08-19T14:03:32Z,USD
