payment_id,order_id,payment_status,payment_method,subtotal_amount,delivery_fee,service_fee,tax_amount,discount_amount,total_amount,authorized_at,captured_at,currency
pay_71fb9f04b846438faa6f,o_20260815_00000001,captured,apple_pay,29.1,4.63,3.43,1.75,1.46,37.45,2026-08-15T18:08:23Z,2026-08-15T18:56:44Z,USD
pay_ad74a2de263a43b6a0a5,o_20260815_00000002,captured,wallet,86.94,5.27,7.29,5.68,0.0,105.18,2026-08-15T18:43:33Z,2026-08-15T19:31:02Z,USD
pay_22f5881fede142c38946,o_20260815_00000003,captured,wallet,90.93,3.27,13.79,7.55,0.0,115.54,2026-08-15T19:39:59Z,2026-08-15T20:19:48Z,USD
pay_64f9c53baed14fadbd58,o_20260815_00000004,captured,wallet,127.85,0.53,13.4,8.81,6.39,144.2,2026-08-15T12:41:17Z,2026-08-15T13:39:05Z,USD
pay_5edb14ebb55d426b977a,o_20260815_00000005,captured,paypal,109.86,1.57,13.37,6.75,5.49,126.06,2026-08-15T11:47:47Z,2026-08-15T12:34:31Z,USD
pay_eb90db8bfc6d45d78db3,o_20260815_00000006,voided,card,51.75,6.31,4.17,2.97,7.76,57.44,2026-08-15T19:54:27Z,,USD
pay_ccdaa83b00514162bd7a,o_20260815_00000007,captured,apple_pay,100.13,2.97,13.43,9.15,0.0,125.68,2026-08-15T11:47:46Z,2026-08-15T12:48:06Z,USD
pay_5986fef4a6d64542b697,o_20260815_00000008,captured,apple_pay,110.2,0.98,10.55,10.29,0.0,132.02,2026-08-15T11:16:16Z,2026-08-15T12:09:18Z,USD
pay_7056234e37a049fa9b67,o_20260815_00000009,captured,apple_pay,7.73,5.12,0.77,0.71,0.0,14.33,2026-08-15T20:51:52Z,2026-08-15T21:46:44Z,USD
pay_618231452cac45f49fda,o_20260815_00000010,captured,paypal,37.28,0.89,5.29,2.9,0.0,46.36,2026-08-15T11:48:50Z,2026-08-15T12:51:25Z,USD
pay_a46a7f1f8b6e4ad6a280,o_20260815_00000011,captured,wallet,98.95,3.17,9.08,7.66,0.0,118.86,2026-08-15T12:56:23Z,2026-08-15T13:43:08Z,USD
pay_bdef75211f3b4103a766,o_20260815_00000012,captured,wallet,78.71,1.42,9.28,4.76,0.0,94.17,2026-08-15T19:22:42Z,2026-08-15T20:29:26Z,USD
pay_38748cec881b4915aad0,o_20260815_00000013,captured,paypal,85.06,1.69,11.3,8.12,4.25,101.92,2026-08-15T18:07:26Z,2026-08-15T18:38:27Z,USD
pay_8d9990dcb0094a568e30,o_20260815_00000014,captured,paypal,29.66,1.7,3.47,2.18,2.97,34.04,2026-08-15T18:11:45Z,2026-08-15T18:49:30Z,USD
pay_809ab1a827e341798d65,o_20260815_00000015,captured,apple_pay,54.55,6.08,6.42,3.46,0.0,70.51,2026-08-15T20:57:14Z,2026-08-15T21:43:54Z,USD
pay_aaa8bc2b3bc543718127,o_20260815_00000016,captured,wallet,29.86,4.92,3.99,2.22,4.48,36.51,2026-08-15T13:06:09Z,2026-08-15T13:47:17Z,USD
pay_1fbf544a55ec4e1ba325,o_20260815_00000017,captured,apple_pay,71.35,4.98,9.3,4.17,3.57,86.23,2026-08-15T13:51:26Z,2026-08-15T14:39:54Z,USD
pay_13ffbd50eb95406790e1,o_20260815_00000018,captured,wallet,115.7,3.49,12.64,9.43,0.0,141.26,2026-08-15T11:27:08Z,2026-08-15T12:12:03Z,USD
pay_df18695c03004d098ee1,o_20260815_00000019,captured,apple_pay,38.94,2.91,4.6,3.2,5.84,43.81,2026-08-15T11:52:01Z,2026-08-15T12:29:54Z,USD
pay_a8861df8550e40398059,o_20260815_00000020,captured,paypal,58.2,2.93,7.16,4.31,0.0,72.6,2026-08-15T18:38:16Z,2026-08-15T19:14:36Z,USD
pay_9a38fcaf25794660aee4,o_20260815_00000021,captured,wallet,52.25,6.15,5.02,4.11,0.0,67.53,2026-08-15T18:29:39Z,2026-08-15T19:17:13Z,USD
pay_49853db4bf414defb7f7,o_20260815_00000022,captured,paypal,31.71,2.93,2.56,2.2,3.17,36.23,2026-08-15T11:28:20Z,2026-08-15T12:09:02Z,USD
pay_7adcc4cd0efb4ada94ae,o_20260815_00000023,captured,card,106.22,5.27,14.48,6.55,5.31,127.21,2026-08-15T18:03:39Z,2026-08-15T18:37:35Z,USD
pay_600fd02b3f4c4564ba00,o_20260815_00000024,refunded,card,69.64,4.8,5.78,5.55,0.0,85.77,2026-08-15T11:13:30Z,,USD
pay_a35b4fa1a6704e70a5af,o_20260815_00000025,captured,wallet,112.88,1.01,10.28,7.43,0.0,131.6,2026-08-15T12:42:37Z,2026-08-15T13:23:20Z,USD
pay_3ea846a1585e477bae6f,o_20260815_00000026,captured,card,22.41,5.03,2.92,1.39,0.0,31.75,2026-08-15T13:47:55Z,2026-08-15T14:30:42Z,USD
pay_a322696dc918446a9cc7,o_20260815_00000027,captured,wallet,48.07,3.62,5.81,3.89,7.21,54.18,2026-08-15T11:56:24Z,2026-08-15T12:41:18Z,USD
pay_347c63ce93f5429b97b8,o_20260815_00000028,captured,card,69.25,2.03,7.37,5.64,10.39,73.9,2026-08-15T12:29:03Z,2026-08-15T13:06:16Z,USD
pay_58514aa68be84791bbf5,o_20260815_00000029,refunded,paypal,37.28,6.39,4.61,2.25,1.86,48.67,2026-08-15T12:00:38Z,,USD
pay_9beb47d60d8a44988191,o_20260815_00000030,captured,wallet,51.75,3.08,5.03,3.67,2.59,60.94,2026-08-15T13:30:00Z,2026-08-15T14:19:34Z,USD
pay_95b32329693c4f328ec6,o_20260815_00000031,captured,apple_pay,44.79,1.67,5.39,2.75,2.24,52.36,2026-08-15T08:22:01Z,2026-08-15T09:00:32Z,USD
pay_3cf463ecf73d4a41aab6,o_20260815_00000032,captured,paypal,21.7,1.39,3.32,1.72,0.0,28.13,2026-08-15T20:55:16Z,2026-08-15T21:29:12Z,USD
pay_477aab4cb5d244df8710,o_20260815_00000033,captured,wallet,155.43,6.29,24.54,9.81,15.54,180.53,2026-08-15T19:24:48Z,2026-08-15T20:08:24Z,USD
pay_ef82e6a8d63b4d2e84a3,o_20260815_00000034,captured,wallet,145.36,5.33,12.13,12.28,7.27,167.83,2026-08-15T13:23:53Z,2026-08-15T14:18:40Z,USD
pay_428dfeddaa71418d89ba,o_20260815_00000035,captured,paypal,33.4,0.95,3.19,2.97,0.0,40.51,2026-08-15T19:26:20Z,2026-08-15T20:09:14Z,USD
pay_897d5d974b6a4ddc8a32,o_20260815_00000036,captured,card,14.8,5.98,2.04,1.34,0.0,24.16,2026-08-15T12:18:54Z,2026-08-15T12:57:29Z,USD
pay_2290732297274a4c865f,o_20260815_00000037,captured,apple_pay,93.69,1.92,11.78,5.83,0.0,113.22,2026-08-15T12:47:31Z,2026-08-15T13:55:44Z,USD
pay_dede4911e87a416b97c9,o_20260815_00000038,captured,apple_pay,85.75,3.92,7.02,7.4,12.86,91.23,2026-08-15T18:17:48Z,2026-08-15T19:06:56Z,USD
pay_d289122131c34e6ab683,o_20260815_00000039,captured,card,42.72,2.99,4.54,3.39,0.0,53.64,2026-08-15T12:28:08Z,2026-08-15T13:00:49Z,USD
pay_450f93b3abb74ba0b7b1,o_20260815_00000040,captured,paypal,116.55,6.51,16.43,10.41,5.83,144.07,2026-08-15T11:19:05Z,2026-08-15T11:46:11Z,USD
pay_501d651533854007b286,o_20260815_00000041,captured,card,7.73,2.21,0.94,0.73,0.0,11.61,2026-08-15T08:53:00Z,2026-08-15T09:31:35Z,USD
pay_207dbda45c8a4a79810d,o_20260815_00000042,captured,paypal,17.46,2.6,2.1,1.33,1.75,21.74,2026-08-15T12:13:06Z,2026-08-15T12:47:45Z,USD
pay_3da494470b824138a675,o_20260815_00000043,captured,wallet,46.88,0.51,7.06,3.4,4.69,53.16,2026-08-15T19:40:54Z,2026-08-15T20:31:06Z,USD
pay_e3f71605a0ca4afebe1d,o_20260815_00000044,captured,paypal,41.83,4.7,5.65,3.39,2.09,53.48,2026-08-15T13:11:10Z,2026-08-15T14:03:34Z,USD
pay_911531fa76124d4886fe,o_20260815_00000045,captured,apple_pay,35.38,3.19,3.33,1.91,5.31,38.5,2026-08-15T19:25:30Z,2026-08-15T19:51:09Z,USD
pay_904289c1e8ed41efb126,o_20260815_00000046,captured,apple_pay,20.28,6.5,2.72,1.81,1.01,30.3,2026-08-15T19:39:25Z,2026-08-15T20:17:27Z,USD
pay_23b309b3fc534275a803,o_20260815_00000047,voided,wallet,58.1,1.3,5.81,3.8,0.0,69.01,2026-08-15T18:37:45Z,,USD
pay_43ae1213134948dea8fc,o_20260815_00000048,captured,apple_pay,71.1,2.2,5.98,4.95,7.11,77.12,2026-08-15T11:08:19Z,2026-08-15T11:40:52Z,USD
pay_fa2b0f2f8e914e798887,o_20260815_00000049,captured,paypal,84.84,2.86,13.52,5.17,0.0,106.39,2026-08-15T18:28:22Z,2026-08-15T19:16:52Z,USD
pay_585aced5102c4d569241,o_20260815_00000050,captured,wallet,32.66,5.68,2.75,2.3,4.9,38.49,2026-08-15T13:42:53Z,2026-08-15T14:27:27Z,USD
pay_9f47541309434920aa39,o_20260815_00000051,captured,apple_pay,60.61,5.93,8.32,3.84,0.0,78.7,2026-08-15T18:30:40Z,2026-08-15T19:00:03Z,USD
pay_04f22143dd3441729caf,o_20260815_00000052,captured,paypal,52.04,3.79,5.52,3.51,0.0,64.86,2026-08-15T12:21:36Z,2026-08-15T13:14:41Z,USD
pay_70b3cf7001b847869e47,o_20260815_00000053,captured,card,75.91,0.65,7.1,5.21,0.0,88.87,2026-08-15T19:01:42Z,2026-08-15T19:36:57Z,USD
pay_05880f57c51846d1a3d7,o_20260815_00000054,captured,wallet,33.27,5.46,2.79,2.49,3.33,40.68,2026-08-15T11:15:56Z,2026-08-15T12:01:38Z,USD
pay_448138b0e6934a0786aa,o_20260815_00000055,captured,paypal,23.78,5.94,2.91,2.12,0.0,34.75,2026-08-15T13:26:17Z,2026-08-15T14:00:28Z,USD
pay_82f33e0b7da344b9b703,o_20260815_00000056,captured,card,103.76,2.76,16.43,8.98,0.0,131.93,2026-08-15T13:48:12Z,2026-08-15T14:23:45Z,USD
pay_f43d7526fa7a4bcdad89,o_20260815_00000057,captured,wallet,18.39,4.17,2.74,1.17,0.0,26.47,2026-08-15T11:11:16Z,2026-08-15T12:11:54Z,USD
pay_cb1c50aef08b44678ed8,o_20260815_00000058,captured,apple_pay,113.04,3.38,12.42,10.1,5.65,133.29,2026-08-15T19:30:14Z,2026-08-15T20:07:56Z,USD
pay_252f045c83a949c49044,o_20260815_00000059,captured,apple_pay,18.64,3.34,2.96,1.08,1.86,24.16,2026-08-15T20:35:17Z,2026-08-15T21:10:57Z,USD
pay_d73c9f5ea2654c4b90d9,o_20260815_00000060,captured,card,45.58,0.65,7.07,4.67,0.0,57.97,2026-08-15T12:47:39Z,2026-08-15T13:32:12Z,USD
pay_a195c47b7688478bb121,o_20260815_00000061,captured,wallet,115.7,1.91,14.98,7.97,0.0,140.56,2026-08-15T18:56:15Z,2026-08-15T19:31:13Z,USD
pay_e97285aacce64705bb8b,o_20260815_00000062,captured,wallet,50.83,5.0,6.37,4.27,5.08,61.39,2026-08-15T20:28:00Z,2026-08-15T21:16:09Z,USD
pay_093d5a5ccf5844888215,o_20260815_00000063,captured,card,104.99,2.7,13.72,8.32,0.0,129.73,2026-08-15T20:53:19Z,2026-08-15T21:45:05Z,USD
pay_a1faac0cc6ee4e999544,o_20260815_00000064,captured,apple_pay,42.99,6.86,6.02,3.35,4.3,54.92,2026-08-15T19:30:46Z,2026-08-15T20:18:35Z,USD
pay_e291440ccfe545438e9e,o_20260815_00000065,captured,paypal,36.66,5.82,4.85,2.57,3.67,46.23,2026-08-15T18:15:54Z,2026-08-15T18:48:32Z,USD
pay_928df24b4d5746688445,o_20260815_00000066,captured,card,77.59,3.53,8.29,5.62,7.76,87.27,2026-08-15T13:57:24Z,2026-08-15T14:35:09Z,USD
pay_56ff7c19d41d42458899,o_20260815_00000067,captured,wallet,124.15,3.12,19.85,12.33,0.0,159.45,2026-08-15T12:17:50Z,2026-08-15T13:25:40Z,USD
pay_5e0c5d57bc7041a4931d,o_20260815_00000068,captured,paypal,51.3,4.25,7.11,4.76,0.0,67.42,2026-08-15T18:53:11Z,2026-08-15T19:29:39Z,USD
pay_01e99729b2ab4ded8128,o_20260815_00000069,refunded,apple_pay,35.7,6.14,4.56,2.04,5.36,43.08,2026-08-15T12:18:14Z,,USD
pay_1066b94879a7491d927e,o_20260815_00000070,captured,apple_pay,41.1,3.6,5.93,3.97,2.06,52.54,2026-08-15T20:19:16Z,2026-08-15T21:09:41Z,USD
pay_ea6df8cbcebb4188895f,o_20260815_00000071,captured,apple_pay,119.36,3.45,10.18,9.02,11.94,130.07,2026-08-15T12:18:31Z,2026-08-15T13:19:41Z,USD
pay_68d6d27263a94b1e9979,o_20260815_00000072,captured,apple_pay,77.08,6.13,6.66,7.06,0.0,96.93,2026-08-15T11:40:30Z,2026-08-15T12:22:05Z,USD
pay_a70b3eca80bc4c888321,o_20260815_00000073,captured,paypal,128.8,3.22,15.28,8.44,19.32,136.42,2026-08-15T19:09:41Z,2026-08-15T19:58:09Z,USD
pay_97d771744d8b4aaa99eb,o_20260815_00000074,captured,wallet,56.43,6.5,6.1,5.21,0.0,74.24,2026-08-15T19:55:09Z,2026-08-15T20:39:28Z,USD
pay_33f4f7ade64c4e30bbc9,o_20260815_00000075,captured,paypal,58.27,1.89,4.92,3.65,0.0,68.73,2026-08-15T18:35:42Z,2026-08-15T19:03:07Z,USD
pay_a33855266a8f4d0abcbf,o_20260815_00000076,voided,apple_pay,59.33,1.5,5.23,6.01,0.0,72.07,2026-08-15T20:40:17Z,,USD
pay_215cd48c623c4b4bbaf9,o_20260815_00000077,captured,apple_pay,69.32,4.5,7.62,5.12,10.4,76.16,2026-08-15T18:27:33Z,2026-08-15T18:52:41Z,USD
pay_fb9916c0db094cfe9086,o_20260815_00000078,captured,paypal,40.66,2.26,4.71,2.32,4.07,45.88,2026-08-15T20:21:34Z,2026-08-15T20:57:54Z,USD
pay_c16eefe1f308417fad78,o_20260815_00000079,captured,wallet,145.36,4.01,21.16,7.95,14.54,163.94,2026-08-15T12:02:44Z,2026-08-15T12:43:34Z,USD
pay_0901b0931d9c4165886c,o_20260815_00000080,refunded,apple_pay,24.88,6.67,2.83,1.65,0.0,36.03,2026-08-15T12:33:08Z,,USD
pay_674efd14c1c04d018b0b,o_20260815_00000081,captured,card,77.96,1.11,11.72,4.56,3.9,91.45,2026-08-15T18:28:20Z,2026-08-15T19:24:38Z,USD
pay_58dbf805e1d04bd181e6,o_20260815_00000082,refunded,wallet,27.96,4.21,3.99,2.78,0.0,38.94,2026-08-15T11:21:28Z,,USD
pay_4bf7eda31b724a66b333,o_20260815_00000083,captured,apple_pay,50.69,5.42,6.37,2.92,2.53,62.87,2026-08-15T20:00:42Z,2026-08-15T20:38:40Z,USD
pay_cbb7f33d6c564e9aa57c,o_20260815_00000084,captured,apple_pay,105.0,0.72,16.19,9.34,0.0,131.25,2026-08-15T14:00:08Z,2026-08-15T14:43:59Z,USD
pay_097395fe7b07428e9c7b,o_20260815_00000085,captured,paypal,30.03,4.96,2.51,3.02,0.0,40.52,2026-08-15T12:47:39Z,2026-08-15T13:18:15Z,USD
pay_4fa6d875e6504c42b764,o_20260815_00000086,captured,apple_pay,29.98,6.87,4.29,3.01,0.0,44.15,2026-08-15T11:43:30Z,2026-08-15T12:56:05Z,USD
pay_b04e3f31c1454d85945f,o_20260815_00000087,captured,apple_pay,97.59,5.18,9.22,7.34,0.0,119.33,2026-08-15T11:14:07Z,2026-08-15T11:41:08Z,USD
pay_f800da9a341f41fca316,o_20260815_00000088,captured,paypal,27.62,1.07,3.82,2.02,0.0,34.53,2026-08-15T08:32:26Z,2026-08-15T09:08:04Z,USD
pay_b824a32d258d47eb9ec7,o_20260815_00000089,captured,wallet,20.28,1.86,2.74,1.93,0.0,26.81,2026-08-15T20:22:15Z,2026-08-15T21:05:51Z,USD
pay_5f4ec71850a9483a8519,o_20260815_00000090,captured,card,21.33,5.86,2.11,1.76,0.0,31.06,2026-08-15T19:36:36Z,2026-08-15T20:28:07Z,USD
pay_0d848f8ea94a4a1bb000,o_20260815_00000091,voided,card,14.75,1.17,1.69,0.93,0.0,18.54,2026-08-15T19:35:15Z,,USD
pay_71de6a32fa4844508ccd,o_20260815_00000092,refunded,paypal,29.98,2.66,4.66,1.97,1.5,37.77,2026-08-15T12:39:17Z,,USD
pay_2545010be98c4d9c99eb,o_20260815_00000093,captured,paypal,71.34,3.13,8.6,5.63,0.0,88.7,2026-08-15T08:35:39Z,2026-08-15T09:15:23Z,USD
pay_5eb24c3187e347d0963b,o_20260815_00000094,captured,card,52.36,6.51,7.9,3.48,5.24,65.01,2026-08-15T11:06:55Z,2026-08-15T11:57:20Z,USD
pay_b89f6e6322df4fb19c5f,o_20260815_00000095,captured,card,40.56,4.16,6.48,2.52,0.0,53.72,2026-08-15T18:59:27Z,2026-08-15T19:47:45Z,USD
pay_7841e578a0874870a5ca,o_20260815_00000096,captured,wallet,19.94,1.35,1.68,1.21,2.99,21.19,2026-08-15T12:14:49Z,2026-08-15T12:48:41Z,USD
pay_8cd96ff26caa4773b5e9,o_20260815_00000097,captured,card,49.29,3.56,4.34,4.77,0.0,61.96,2026-08-15T12:34:33Z,2026-08-15T13:29:59Z,USD
pay_859b787e1e3844d9b3b3,o_20260815_00000098,captured,wallet,35.5,6.92,3.0,2.99,0.0,48.41,2026-08-15T19:58:59Z,2026-08-15T20:46:35Z,USD
pay_ff530350c8294c608888,o_20260815_00000099,captured,card,70.75,0.72,6.78,4.88,0.0,83.13,2026-08-15T19:34:09Z,2026-08-15T20:31:02Z,USD
pay_7b226df988bf4094b9b8,o_20260815_00000100,captured,paypal,62.71,6.98,9.7,4.61,3.14,80.86,2026-08-15T11:20:06Z,2026-08-15T12:14:09Z,USD
pay_ea4662688e6346f98f52,o_20260815_00000101,captured,paypal,22.8,1.88,2.04,1.36,2.28,25.8,2026-08-15T12:18:47Z,2026-08-15T12:47:42Z,USD
pay_40000584ac4d467f8cb2,o_20260815_00000102,captured,paypal,10.01,2.59,1.25,0.62,1.0,13.47,2026-08-15T19:03:07Z,2026-08-15T19:33:46Z,USD
pay_78a8753399584c109f33,o_20260815_00000103,captured,card,22.06,5.74,3.41,1.89,0.0,33.1,2026-08-15T18:21:55Z,2026-08-15T18:48:39Z,USD
pay_4947d3cf854a4004a1b4,o_20260815_00000104,captured,apple_pay,71.23,3.8,7.31,6.38,0.0,88.72,2026-08-15T13:01:33Z,2026-08-15T13:23:18Z,USD
pay_f492d45ac99b4a97a4d5,o_20260815_00000105,refunded,paypal,43.26,2.51,6.29,3.17,2.16,53.07,2026-08-15T19:56:11Z,,USD
pay_4cb5a3fe72fd4af2901d,o_20260815_00000106,refunded,card,37.92,1.93,4.97,2.85,3.79,43.88,2026-08-15T18:45:30Z,,USD
pay_f06cededecde449b91ce,o_20260815_00000107,captured,wallet,71.25,2.45,9.83,5.73,0.0,89.26,2026-08-15T20:01:24Z,2026-08-15T20:41:03Z,USD
pay_06b3da4364f04cd89d61,o_20260815_00000108,captured,paypal,47.25,4.0,4.25,3.11,0.0,58.61,2026-08-15T13:40:24Z,2026-08-15T14:24:26Z,USD
pay_de181bdcc9e5427c8003,o_20260815_00000109,captured,apple_pay,44.21,5.74,3.69,3.13,0.0,56.77,2026-08-15T13:53:06Z,2026-08-15T14:27:19Z,USD
pay_f6589ab3ad2c479cb4bf,o_20260815_00000110,captured,wallet,87.15,5.32,8.0,8.25,0.0,108.72,2026-08-15T11:45:19Z,2026-08-15T12:32:56Z,USD
pay_b312249b97e843e5a683,o_20260815_00000111,captured,paypal,38.56,4.18,4.52,3.0,0.0,50.26,2026-08-15T12:07:37Z,2026-08-15T12:37:45Z,USD
pay_2f2c1e0345ea4d36aac1,o_20260815_00000112,captured,wallet,51.11,5.38,6.24,3.12,5.11,60.74,2026-08-15T20:19:40Z,2026-08-15T21:05:22Z,USD
pay_96f1cf729e824239a3df,o_20260815_00000113,captured,card,119.26,2.07,16.0,6.54,11.93,131.94,2026-08-15T08:34:34Z,2026-08-15T09:06:41Z,USD
pay_2e0b128f5d374362b4ef,o_20260815_00000114,captured,apple_pay,95.69,2.45,9.37,7.38,9.57,105.32,2026-08-15T18:40:42Z,2026-08-15T19:31:49Z,USD
pay_918e54638947465191e4,o_20260815_00000115,captured,apple_pay,62.23,1.82,9.05,6.12,0.0,79.22,2026-08-15T12:52:44Z,2026-08-15T13:22:37Z,USD
pay_1f3331ad3e6d4cb495e8,o_20260815_00000116,captured,paypal,89.47,4.17,7.39,6.19,0.0,107.22,2026-08-15T18:48:53Z,2026-08-15T19:37:41Z,USD
pay_ac25cb8643b545e996b6,o_20260815_00000117,captured,card,87.29,0.55,11.09,8.45,4.36,103.02,2026-08-15T13:15:09Z,2026-08-15T13:59:18Z,USD
pay_28a15f49438948e4a02d,o_20260815_00000118,captured,apple_pay,36.48,4.97,5.78,3.49,0.0,50.72,2026-08-15T18:50:25Z,2026-08-15T19:41:17Z,USD
pay_2e480c7301b14b4bb468,o_20260815_00000119,captured,paypal,87.09,4.04,13.46,5.83,0.0,110.42,2026-08-15T13:33:12Z,2026-08-15T14:10:52Z,USD
pay_5ef0cd4662544f65b962,o_20260815_00000120,captured,card,16.73,3.13,1.43,1.2,2.51,19.98,2026-08-15T13:31:29Z,2026-08-15T14:23:08Z,USD
pay_a09a600855614b25a524,o_20260815_00000121,captured,card,43.46,5.19,6.76,3.81,0.0,59.22,2026-08-15T20:17:04Z,2026-08-15T21:00:35Z,USD
pay_2536290fa700463886a7,o_20260815_00000122,captured,card,42.4,5.77,4.64,2.75,4.24,51.32,2026-08-15T19:52:18Z,2026-08-15T20:19:19Z,USD
pay_b679d3bdad8a4808836f,o_20260815_00000123,captured,paypal,90.85,4.28,8.31,7.43,0.0,110.87,2026-08-15T08:50:11Z,2026-08-15T09:19:19Z,USD
pay_0a679d8e665a48f2b710,o_20260815_00000124,captured,card,88.96,1.22,10.83,5.6,0.0,106.61,2026-08-15T12:12:56Z,2026-08-15T13:06:25Z,USD
pay_feee620597af40ef959e,o_20260815_00000125,captured,wallet,36.32,6.88,4.87,2.52,5.45,45.14,2026-08-15T20:39:36Z,2026-08-15T21:29:16Z,USD
pay_c11e06f3cbe649ee9ca7,o_20260815_00000126,captured,card,29.86,1.66,4.09,1.88,0.0,37.49,2026-08-15T11:01:45Z,2026-08-15T11:42:28Z,USD
pay_da45f73e7cb6400b9119,o_20260815_00000127,captured,apple_pay,145.36,2.66,13.4,13.52,0.0,174.94,2026-08-15T13:35:37Z,2026-08-15T14:15:54Z,USD
pay_ad2a5523ff8f4717a570,o_20260815_00000128,captured,card,70.83,6.58,10.92,4.93,7.08,86.18,2026-08-15T08:18:54Z,2026-08-15T09:24:17Z,USD
pay_6fdaa7b739d6446cbb24,o_20260815_00000129,captured,apple_pay,100.86,2.29,12.02,6.88,0.0,122.05,2026-08-15T12:32:30Z,2026-08-15T13:36:24Z,USD
pay_4a0200ff11564fc6a402,o_20260815_00000130,captured,wallet,64.89,5.41,9.59,5.17,9.73,75.33,2026-08-15T19:24:15Z,2026-08-15T19:53:53Z,USD
pay_692bd594ed8b4a0ab8d2,o_20260815_00000131,captured,card,49.2,6.93,7.47,3.73,0.0,67.33,2026-08-15T13:29:51Z,2026-08-15T14:00:52Z,USD
pay_3e95a7f7056d444ca192,o_20260815_00000132,refunded,apple_pay,31.81,5.63,4.84,3.02,0.0,45.3,2026-08-15T08:29:23Z,,USD
pay_098c566ed15040d588f1,o_20260815_00000133,captured,wallet,14.33,5.56,1.83,1.29,0.72,22.29,2026-08-15T20:42:30Z,2026-08-15T21:09:28Z,USD
pay_c51e7f2f45504995b3cf,o_20260815_00000134,captured,card,86.94,5.12,7.65,6.69,0.0,106.4,2026-08-15T13:57:18Z,2026-08-15T14:45:01Z,USD
pay_dd732094fc614a3d8cb3,o_20260815_00000135,captured,wallet,50.75,4.51,7.13,3.05,2.54,62.9,2026-08-15T11:58:48Z,2026-08-15T12:48:52Z,USD
pay_f1bebdcbf99041e78128,o_20260815_00000136,captured,card,25.82,0.6,3.62,2.07,0.0,32.11,2026-08-15T08:15:41Z,2026-08-15T08:44:13Z,USD
pay_8a177468b77a441e9496,o_20260815_00000137,captured,wallet,108.11,5.46,11.4,11.03,0.0,136.0,2026-08-15T12:52:06Z,2026-08-15T13:24:51Z,USD
pay_734bec692fd246f2979b,o_20260815_00000138,captured,apple_pay,55.71,2.62,5.23,4.54,5.57,62.53,2026-08-15T19:56:31Z,2026-08-15T20:35:09Z,USD
pay_6bed902ce4a24857b141,o_20260815_00000139,captured,wallet,68.54,1.54,6.61,4.55,10.28,70.96,2026-08-15T13:42:00Z,2026-08-15T14:25:40Z,USD
pay_7da5731573e04f718759,o_20260815_00000140,captured,card,174.48,5.62,26.84,15.6,0.0,222.54,2026-08-15T11:43:49Z,2026-08-15T12:19:43Z,USD
pay_ae57a0a8c6b2440b9a14,o_20260815_00000141,captured,paypal,64.18,5.0,6.63,5.67,0.0,81.48,2026-08-15T11:15:03Z,2026-08-15T11:45:50Z,USD
pay_a199d914feac4584b704,o_20260815_00000142,captured,wallet,22.62,4.66,2.7,2.12,1.13,30.97,2026-08-15T12:24:49Z,2026-08-15T13:24:02Z,USD
pay_6de553cc385f4b338764,o_20260815_00000143,captured,wallet,76.04,1.78,11.17,4.85,3.8,90.04,2026-08-15T11:20:21Z,2026-08-15T11:49:00Z,USD
pay_25868501374648a6afa4,o_20260815_00000144,captured,wallet,72.36,0.92,10.47,4.63,10.85,77.53,2026-08-15T12:10:57Z,2026-08-15T12:45:47Z,USD
pay_59edc34c7b044e27b74b,o_20260815_00000145,captured,card,154.6,1.58,24.22,14.48,7.73,187.15,2026-08-15T19:16:20Z,2026-08-15T20:10:32Z,USD
pay_1400213a5e6646be9583,o_20260815_00000146,captured,wallet,19.44,5.66,2.24,1.52,2.92,25.94,2026-08-15T08:47:17Z,2026-08-15T09:32:12Z,USD
pay_7712169989324ba29838,o_20260815_00000147,captured,wallet,26.67,6.6,3.72,1.95,0.0,38.94,2026-08-15T18:14:56Z,2026-08-15T19:00:16Z,USD
pay_4546afd70d7e46c89e22,o_20260815_00000148,captured,apple_pay,10.85,2.85,1.47,0.77,0.0,15.94,2026-08-15T12:13:39Z,2026-08-15T12:59:23Z,USD
pay_7ef06a1c0eaf48dbacbc,o_20260815_00000149,captured,card,11.5,1.13,1.42,1.05,0.58,14.52,2026-08-15T11:58:25Z,2026-08-15T12:28:34Z,USD
pay_90e38d0aab6a43d6ac19,o_20260815_00000150,captured,paypal,20.43,5.15,2.37,1.53,1.02,28.46,2026-08-15T13:46:02Z,2026-08-15T14:17:52Z,USD
pay_89594e47f8e74f3d9cda,o_20260815_00000151,captured,apple_pay,99.77,1.28,10.84,8.08,0.0,119.97,2026-08-15T19:56:39Z,2026-08-15T20:38:17Z,USD
pay_02a66ff0576c4fc2b587,o_20260815_00000152,captured,wallet,22.86,4.8,2.3,1.55,0.0,31.51,2026-08-15T18:04:37Z,2026-08-15T19:14:31Z,USD
pay_0531be89c5e84996bad8,o_20260815_00000153,captured,paypal,7.73,5.74,0.77,0.59,0.0,14.83,2026-08-15T18:35:18Z,2026-08-15T19:03:15Z,USD
pay_d81e255c5e0e49daa548,o_20260815_00000154,voided,apple_pay,86.2,6.13,10.43,7.14,0.0,109.9,2026-08-15T12:11:10Z,,USD
pay_3655172b111548c1bfac,o_20260815_00000155,captured,paypal,23.58,2.22,2.76,1.75,2.36,27.95,2026-08-15T18:36:25Z,2026-08-15T19:22:14Z,USD
pay_49d5edb7ece14c508b92,o_20260815_00000156,captured,apple_pay,132.95,2.06,14.06,11.64,0.0,160.71,2026-08-15T08:40:00Z,2026-08-15T09:12:21Z,USD
pay_11551a949fd14cb392a9,o_20260815_00000157,captured,card,76.74,3.68,10.31,6.93,0.0,97.66,2026-08-15T13:45:24Z,2026-08-15T15:17:16Z,USD
pay_12dd8e9a17654f4485af,o_20260815_00000158,captured,wallet,44.74,3.77,4.39,4.02,0.0,56.92,2026-08-15T12:51:48Z,2026-08-15T13:42:51Z,USD
pay_c626bb26f8f6414e84d2,o_20260815_00000159,captured,apple_pay,40.98,0.78,5.54,2.21,6.15,43.36,2026-08-15T19:28:56Z,2026-08-15T20:08:34Z,USD
pay_c96b259c4afd4b8aa6be,o_20260815_00000160,captured,wallet,41.1,6.89,5.94,2.61,0.0,56.54,2026-08-15T19:05:57Z,2026-08-15T20:23:33Z,USD
pay_7e8a2cd53d5c4689b573,o_20260815_00000161,captured,paypal,91.33,5.05,8.82,8.24,9.13,104.31,2026-08-15T12:56:13Z,2026-08-15T13:27:38Z,USD
pay_afd69d1e28d04662bba4,o_20260815_00000162,captured,paypal,85.67,4.96,8.25,8.12,4.28,102.72,2026-08-15T21:00:59Z,2026-08-15T21:32:32Z,USD
pay_bbb3b432e01d4f019327,o_20260815_00000163,voided,apple_pay,59.2,0.57,6.57,4.35,8.88,61.81,2026-08-15T08:15:07Z,,USD
pay_1fe37b9dc4bf4cdab3cd,o_20260815_00000164,captured,card,40.61,5.28,5.35,4.02,0.0,55.26,2026-08-15T12:41:26Z,2026-08-15T13:17:01Z,USD
pay_2ae86b84193247e5b784,o_20260815_00000165,captured,apple_pay,44.21,0.87,5.6,4.36,0.0,55.04,2026-08-15T18:05:23Z,2026-08-15T18:33:05Z,USD
pay_2d7803eae08a49369be6,o_20260815_00000166,captured,wallet,11.79,1.28,1.13,1.12,0.0,15.32,2026-08-15T18:25:24Z,2026-08-15T19:00:15Z,USD
pay_c74fe101a24647989d3c,o_20260815_00000167,captured,card,59.01,2.18,5.5,3.91,8.85,61.75,2026-08-15T20:53:29Z,2026-08-15T21:34:19Z,USD
pay_b0068ecc919841e08549,o_20260815_00000168,captured,paypal,93.29,3.07,13.82,6.96,0.0,117.14,2026-08-15T19:41:12Z,2026-08-15T20:27:42Z,USD
pay_c578dc0c862e455b99b6,o_20260815_00000169,captured,card,102.6,4.01,15.9,7.94,0.0,130.45,2026-08-15T13:14:28Z,2026-08-15T14:03:25Z,USD
pay_2e77255333ff4beeab5b,o_20260815_00000170,captured,wallet,78.67,6.88,6.74,6.84,0.0,99.13,2026-08-15T11:02:20Z,2026-08-15T11:58:57Z,USD
pay_836020c8f2cb4d669b4e,o_20260815_00000171,voided,card,45.21,1.94,4.34,3.11,0.0,54.6,2026-08-15T19:11:23Z,,USD
pay_f49da622e286420d95d9,o_20260815_00000172,captured,wallet,80.87,6.87,12.32,5.01,0.0,105.07,2026-08-15T11:56:49Z,2026-08-15T12:56:31Z,USD
pay_90bb081db30a4c9fa4a2,o_20260815_00000173,captured,paypal,68.63,1.73,10.27,5.73,0.0,86.36,2026-08-15T11:17:10Z,2026-08-15T12:04:44Z,USD
pay_6ca9ff3582fd42b481b8,o_20260815_00000174,captured,card,50.1,6.16,4.05,4.84,0.0,65.15,2026-08-15T13:54:42Z,2026-08-15T14:37:13Z,USD
pay_c13b0f996adb44e1bf06,o_20260815_00000175,captured,apple_pay,38.1,6.36,4.01,2.92,0.0,51.39,2026-08-15T13:38:17Z,2026-08-15T14:16:58Z,USD
pay_322d4eccd51b4b7cbffa,o_20260815_00000176,captured,card,58.37,3.51,4.84,4.86,5.84,65.74,2026-08-15T12:53:16Z,2026-08-15T13:50:47Z,USD
pay_ceadd7b889c64aa89ecb,o_20260815_00000177,captured,wallet,20.55,6.75,2.06,1.26,0.0,30.62,2026-08-15T08:55:54Z,2026-08-15T09:38:47Z,USD
pay_c03bf296b6d744aa9787,o_20260815_00000178,captured,paypal,16.21,2.67,2.04,1.35,1.62,20.65,2026-08-15T18:40:02Z,2026-08-15T19:23:58Z,USD
pay_941522da7e1746bcbffb,o_20260815_00000179,captured,apple_pay,25.96,3.71,3.52,1.93,3.89,31.23,2026-08-15T18:39:27Z,2026-08-15T19:18:59Z,USD
pay_ab391d88772144f892b0,o_20260815_00000180,refunded,apple_pay,20.58,5.25,2.1,1.31,1.03,28.21,2026-08-15T19:35:06Z,,USD
pay_fc0be5478e2943f6a733,o_20260815_00000181,refunded,paypal,34.02,1.61,4.92,2.87,1.7,41.72,2026-08-15T18:51:57Z,,USD
pay_9b2e35930dd245b0b049,o_20260815_00000182,captured,paypal,33.4,1.88,3.51,2.21,0.0,41.0,2026-08-15T11:57:19Z,2026-08-15T12:48:03Z,USD
pay_95a707ec5d364214af7c,o_20260815_00000183,captured,wallet,90.47,6.88,8.29,7.68,0.0,113.32,2026-08-15T18:57:29Z,2026-08-15T19:33:18Z,USD
pay_c0b4ba680bd545ecabd9,o_20260815_00000184,captured,card,57.03,3.7,7.44,5.05,2.85,70.37,2026-08-15T13:55:40Z,2026-08-15T14:36:04Z,USD
pay_4d11750ef24c44849123,o_20260815_00000185,captured,paypal,87.48,3.34,9.0,5.23,4.37,100.68,2026-08-15T18:14:16Z,2026-08-15T18:56:01Z,USD
pay_c2ea4897f7c44fb8a873,o_20260815_00000186,captured,paypal,7.25,5.79,0.63,0.57,1.09,13.15,2026-08-15T20:28:25Z,2026-08-15T21:24:42Z,USD
pay_743d785eb0a647b2bb7f,o_20260815_00000187,captured,paypal,41.4,1.35,4.02,4.21,0.0,50.98,2026-08-15T18:16:43Z,2026-08-15T19:14:35Z,USD
pay_8f3d5f36d4b84802b8cf,o_20260815_00000188,captured,apple_pay,44.75,6.32,6.12,4.48,0.0,61.67,2026-08-15T19:41:44Z,2026-08-15T20:35:36Z,USD
pay_8b9c106fc43842f49b1a,o_20260815_00000189,captured,wallet,84.76,5.74,8.84,5.74,4.24,100.84,2026-08-15T13:02:55Z,2026-08-15T13:41:54Z,USD
pay_7c06fbbad9a74045abb9,o_20260815_00000190,voided,card,85.26,4.8,7.4,6.26,12.79,90.93,2026-08-15T18:07:25Z,,USD
pay_2b4ff347dcac43568773,o_20260815_00000191,refunded,wallet,53.5,6.85,5.42,4.98,0.0,70.75,2026-08-15T13:04:13Z,,USD
pay_8be9296f7d3c47c990c0,o_20260815_00000192,captured,apple_pay,14.06,3.44,1.62,0.86,1.41,18.57,2026-08-15T11:52:58Z,2026-08-15T12:48:48Z,USD
pay_6ece71d8921546f38c6c,o_20260815_00000193,captured,wallet,47.5,2.02,5.55,3.64,2.38,56.33,2026-08-15T18:55:15Z,2026-08-15T19:32:44Z,USD
pay_b9552e3376824610bd77,o_20260815_00000194,captured,card,36.34,2.22,5.74,2.76,0.0,47.06,2026-08-15T11:08:21Z,2026-08-15T11:26:02Z,USD
pay_0c1b559279db4052b991,o_20260815_00000195,captured,paypal,62.76,1.52,7.12,4.98,0.0,76.38,2026-08-15T19:19:15Z,2026-08-15T20:08:01Z,USD
pay_ed5e9931a86945b6ab24,o_20260815_00000196,captured,wallet,6.58,2.82,0.85,0.44,0.33,10.36,2026-08-15T19:13:18Z,2026-08-15T19:56:13Z,USD
pay_dc2e6d97ab3540af84ca,o_20260815_00000197,captured,paypal,34.74,3.25,4.12,2.31,0.0,44.42,2026-08-15T19:27:05Z,2026-08-15T19:59:00Z,USD
pay_94f49c0353a04b12b7fd,o_20260815_00000198,captured,card,64.52,2.33,8.61,4.24,6.45,73.25,2026-08-15T13:47:49Z,2026-08-15T14:20:40Z,USD
pay_32a8586725b74c1493d9,o_20260815_00000199,captured,paypal,20.46,0.94,2.91,1.72,0.0,26.03,2026-08-15T08:20:20Z,2026-08-15T08:54:00Z,USD
pay_0063327f8a594fcd9311,o_20260815_00000200,captured,apple_pay,84.9,5.52,12.44,6.46,12.74,96.58,2026-08-15T13:15:50Z,2026-08-15T14:24:27Z,USD
pay_288e648652b04f10b0e9,o_20260815_00000201,captured,apple_pay,75.17,0.71,7.69,4.96,11.28,77.25,2026-08-15T08:26:44Z,2026-08-15T09:00:00Z,USD
pay_3cd18d32e9fe451989f9,o_20260815_00000202,refunded,apple_pay,87.09,2.29,12.16,5.04,13.06,93.52,2026-08-15T20:02:59Z,,USD
pay_24200dd113ed4db086b6,o_20260815_00000203,captured,apple_pay,106.05,4.08,15.08,8.24,15.91,117.54,2026-08-15T18:32:36Z,2026-08-15T19:14:50Z,USD
pay_8eb0f8c4e2b34b25ac10,o_20260815_00000204,captured,wallet,60.99,0.6,5.72,4.38,0.0,71.69,2026-08-15T12:44:32Z,2026-08-15T13:31:02Z,USD
pay_29e660c1cb4b47ec9a76,o_20260815_00000205,captured,wallet,7.46,2.17,1.19,0.53,0.75,10.6,2026-08-15T20:05:02Z,2026-08-15T21:02:54Z,USD
pay_d1433e18534640a99b80,o_20260815_00000206,captured,paypal,62.67,1.76,6.99,3.48,9.4,65.5,2026-08-15T12:53:59Z,2026-08-15T13:41:05Z,USD
pay_f3c02344aac843b2b671,o_20260815_00000207,captured,wallet,17.5,2.29,2.77,1.59,0.0,24.15,2026-08-15T11:54:28Z,2026-08-15T12:46:08Z,USD
pay_32cc4c18071a4487988d,o_20260815_00000208,captured,apple_pay,116.82,5.29,17.27,11.23,0.0,150.61,2026-08-15T19:02:19Z,2026-08-15T19:32:28Z,USD
pay_3fa57b72a595444a904c,o_20260815_00000209,captured,apple_pay,38.36,2.39,3.08,2.75,1.92,44.66,2026-08-15T19:21:07Z,2026-08-15T19:56:51Z,USD
pay_22d983e8f76147b0bc81,o_20260815_00000210,captured,card,40.86,2.68,4.49,3.53,0.0,51.56,2026-08-15T08:32:27Z,2026-08-15T09:09:11Z,USD
pay_55c36515e4ef44018bd0,o_20260815_00000211,captured,wallet,46.62,1.75,5.7,3.62,2.33,55.36,2026-08-15T08:41:51Z,2026-08-15T09:50:57Z,USD
pay_d0fc4bcb2306412a816e,o_20260815_00000212,captured,wallet,66.22,3.99,5.72,5.68,0.0,81.61,2026-08-15T18:04:23Z,2026-08-15T18:59:37Z,USD
pay_9480a0a764a04c84a271,o_20260815_00000213,captured,apple_pay,30.48,2.3,2.46,2.21,0.0,37.45,2026-08-15T18:09:05Z,2026-08-15T18:35:57Z,USD
pay_09e8f3609c20492495d3,o_20260815_00000214,captured,wallet,66.09,4.75,9.23,5.73,3.3,82.5,2026-08-15T11:27:12Z,2026-08-15T11:57:45Z,USD
pay_390ddffa6ed34a24a2a2,o_20260815_00000215,voided,paypal,69.08,4.72,6.66,4.74,0.0,85.2,2026-08-15T11:33:07Z,,USD
pay_da0f783dea8446c7b1d4,o_20260815_00000216,captured,paypal,109.18,1.18,9.1,7.46,0.0,126.92,2026-08-15T12:02:41Z,2026-08-15T13:18:27Z,USD
pay_f96dc814317146488777,o_20260815_00000217,captured,card,47.8,4.36,5.48,3.36,0.0,61.0,2026-08-15T11:38:09Z,2026-08-15T12:17:36Z,USD
pay_c8ddabc4f8c1415ab0cf,o_20260815_00000218,captured,wallet,45.39,0.56,7.17,3.79,0.0,56.91,2026-08-15T20:22:37Z,2026-08-15T21:32:13Z,USD
pay_d3d3209cc73d4345a89d,o_20260815_00000219,captured,wallet,85.7,5.77,8.94,6.95,0.0,107.36,2026-08-15T12:45:01Z,2026-08-15T13:41:29Z,USD
pay_f925fbef5f4f4806b3c8,o_20260815_00000220,captured,paypal,94.32,0.91,10.33,8.05,4.72,108.89,2026-08-15T19:55:59Z,2026-08-15T20:58:47Z,USD
pay_cf822e3d847346f7b8b9,o_20260815_00000221,captured,card,89.28,4.37,12.52,5.58,13.39,98.36,2026-08-15T18:15:34Z,2026-08-15T19:08:58Z,USD
pay_570792f468ac48dba210,o_20260815_00000222,voided,apple_pay,22.06,0.84,2.84,1.79,1.1,26.43,2026-08-15T12:19:06Z,,USD
pay_131802bb73714fbfb233,o_20260815_00000223,captured,paypal,72.43,3.8,8.29,6.03,0.0,90.55,2026-08-15T11:12:47Z,2026-08-15T11:49:10Z,USD
pay_ca69f1a80e39497f9117,o_20260815_00000224,captured,apple_pay,21.73,0.63,1.8,1.38,1.09,24.45,2026-08-15T19:36:30Z,2026-08-15T20:13:43Z,USD
pay_a971b2110bcb4b4b970f,o_20260815_00000225,captured,paypal,18.08,1.78,1.81,1.75,0.0,23.42,2026-08-15T11:26:07Z,2026-08-15T12:21:43Z,USD
pay_b70eeff9917f48aabc7d,o_20260815_00000226,voided,apple_pay,27.65,6.68,2.22,2.2,0.0,38.75,2026-08-15T08:30:58Z,,USD
pay_a0eb334877bb4115b726,o_20260815_00000227,captured,wallet,119.87,3.21,14.75,10.36,11.99,136.2,2026-08-15T08:53:10Z,2026-08-15T09:28:01Z,USD
pay_cb5dc88e0a25488db42f,o_20260815_00000228,captured,apple_pay,10.46,5.36,1.04,0.89,0.52,17.23,2026-08-15T11:32:41Z,2026-08-15T12:18:17Z,USD
pay_1d77ff5cf1344eab938d,o_20260815_00000229,captured,paypal,49.67,3.37,6.48,2.94,2.48,59.98,2026-08-15T19:51:12Z,2026-08-15T20:40:05Z,USD
pay_c53809798b27481296da,o_20260815_00000230,captured,card,33.13,6.49,3.28,2.3,0.0,45.2,2026-08-15T19:39:33Z,2026-08-15T20:20:04Z,USD
pay_d1d020ee59734ae3bbb0,o_20260815_00000231,captured,wallet,63.03,6.1,5.93,3.42,6.3,72.18,2026-08-15T18:19:28Z,2026-08-15T18:50:28Z,USD
pay_5a10c5224a174538bd41,o_20260815_00000232,captured,wallet,22.86,4.61,2.63,1.73,1.14,30.69,2026-08-15T11:03:38Z,2026-08-15T12:11:40Z,USD
pay_5fb69320f58d42b19ca1,o_20260815_00000233,voided,apple_pay,45.03,0.59,3.94,2.5,6.75,45.31,2026-08-15T11:11:25Z,,USD
pay_87ecb80725a04f50908a,o_20260815_00000234,captured,wallet,70.76,5.17,8.98,4.09,10.61,78.39,2026-08-15T11:08:15Z,2026-08-15T11:41:19Z,USD
pay_99b26a61a6f74133ad56,o_20260815_00000235,captured,paypal,37.16,6.76,3.25,2.41,3.72,45.86,2026-08-15T18:54:44Z,2026-08-15T19:50:10Z,USD
pay_124f496baeab4918aedb,o_20260815_00000236,captured,paypal,32.94,2.96,5.26,2.84,0.0,44.0,2026-08-15T19:58:16Z,2026-08-15T20:33:57Z,USD
pay_e4e2af3646bc4dca9d7c,o_20260815_00000237,refunded,paypal,81.99,4.27,7.28,7.26,0.0,100.8,2026-08-15T12:22:24Z,,USD
pay_80635fe626ef47ad8490,o_20260815_00000238,captured,wallet,41.4,1.47,6.54,3.68,4.14,48.95,2026-08-15T08:26:35Z,2026-08-15T09:23:22Z,USD
pay_05b0fd011e624ddca363,o_20260815_00000239,captured,apple_pay,60.72,6.98,6.98,3.98,9.11,69.55,2026-08-15T19:36:25Z,2026-08-15T20:17:13Z,USD
pay_84e33f77da204a4a9748,o_20260815_00000240,refunded,apple_pay,87.28,1.8,9.46,5.62,4.36,99.8,2026-08-15T13:31:35Z,,USD
pay_d56ea085bddb494f8a46,o_20260815_00000241,captured,apple_pay,58.67,2.54,7.63,3.39,8.8,63.43,2026-08-15T19:37:36Z,2026-08-15T20:15:10Z,USD
pay_a63c1d3570cc4b92897b,o_20260815_00000242,captured,wallet,52.58,2.38,6.14,3.76,0.0,64.86,2026-08-15T19:01:20Z,2026-08-15T19:45:46Z,USD
pay_6c1642ec050549db8013,o_20260815_00000243,captured,wallet,68.77,4.79,7.96,5.85,10.32,77.05,2026-08-15T11:17:44Z,2026-08-15T11:52:18Z,USD
pay_210700d33fb24b329e05,o_20260815_00000244,refunded,paypal,140.04,4.54,21.31,11.47,7.0,170.36,2026-08-15T19:24:28Z,,USD
pay_091834dd20f3435595ed,o_20260815_00000245,captured,card,53.28,2.62,7.64,5.1,0.0,68.64,2026-08-15T13:23:34Z,2026-08-15T14:04:02Z,USD
pay_72cfcc5d3e664aa381af,o_20260815_00000246,captured,card,96.52,2.03,11.47,8.86,0.0,118.88,2026-08-15T20:11:25Z,2026-08-15T20:34:08Z,USD
pay_6d91bf8e5d2e45ffb526,o_20260815_00000247,captured,card,136.52,6.8,20.66,8.24,6.83,165.39,2026-08-15T19:54:28Z,2026-08-15T20:43:18Z,USD
pay_e63c793b59fa4e1aa0f8,o_20260815_00000248,refunded,paypal,74.18,4.35,11.12,5.02,0.0,94.67,2026-08-15T12:44:00Z,,USD
pay_5479247fa4f144bea90e,o_20260815_00000249,captured,paypal,44.82,2.54,4.35,3.23,0.0,54.94,2026-08-15T18:16:01Z,2026-08-15T18:58:30Z,USD
pay_2c9553e1648445ca9ba5,o_20260815_00000250,captured,card,36.15,5.52,3.95,2.42,0.0,48.04,2026-08-15T19:19:31Z,2026-08-15T20:08:25Z,USD
pay_4fe9e7d2019e46d3bdb0,o_20260815_00000251,captured,apple_pay,113.59,3.04,16.56,10.32,0.0,143.51,2026-08-15T13:22:08Z,2026-08-15T13:57:47Z,USD
pay_dcb68ee79dc84b24aef3,o_20260815_00000252,captured,apple_pay,101.12,3.37,9.81,10.14,0.0,124.44,2026-08-15T11:51:17Z,2026-08-15T12:40:50Z,USD
pay_c9382fd9e1a747f2bf30,o_20260815_00000253,refunded,apple_pay,67.61,3.59,9.22,4.84,3.38,81.88,2026-08-15T18:49:34Z,,USD
pay_b56cbda02f7c4f2eb86e,o_20260815_00000254,captured,apple_pay,84.54,5.32,11.82,5.43,0.0,107.11,2026-08-15T19:35:13Z,2026-08-15T20:14:33Z,USD
pay_8a59f8353f6e401b98d4,o_20260815_00000255,captured,wallet,92.45,3.91,13.7,7.33,0.0,117.39,2026-08-15T19:15:12Z,2026-08-15T19:48:11Z,USD
pay_07d216f0fb1b41a6be4a,o_20260815_00000256,captured,wallet,103.29,0.65,10.73,8.36,10.33,112.7,2026-08-15T18:11:29Z,2026-08-15T19:10:37Z,USD
pay_6cbf3904ec314759963d,o_20260815_00000257,captured,apple_pay,62.7,2.75,9.57,4.75,9.4,70.37,2026-08-15T20:50:12Z,2026-08-15T21:25:55Z,USD
pay_9ddf9326ede64f0a9471,o_20260815_00000258,captured,card,73.07,6.44,8.98,3.74,10.96,81.27,2026-08-15T11:42:35Z,2026-08-15T12:44:18Z,USD
pay_d5534a949c7546b28a09,o_20260815_00000259,captured,apple_pay,86.63,1.38,10.24,6.35,4.33,100.27,2026-08-15T18:31:00Z,2026-08-15T19:09:49Z,USD
pay_b956aba78891487f8be7,o_20260815_00000260,captured,card,67.86,3.78,6.51,5.83,6.79,77.19,2026-08-15T11:39:52Z,2026-08-15T12:07:12Z,USD
pay_415a6de5856c42ba8be6,o_20260815_00000261,captured,wallet,51.18,4.27,4.82,4.72,0.0,64.99,2026-08-15T13:36:20Z,2026-08-15T14:21:34Z,USD
pay_4b4a810370824d9184a3,o_20260815_00000262,voided,card,20.92,0.51,1.88,1.93,0.0,25.24,2026-08-15T18:49:49Z,,USD
pay_18733aae04f84e3bb715,o_20260815_00000263,captured,apple_pay,116.97,3.31,13.89,6.57,17.55,123.19,2026-08-15T14:00:48Z,2026-08-15T14:35:43Z,USD
pay_068c10ffb89248d49368,o_20260815_00000264,captured,paypal,23.85,3.34,3.01,2.3,0.0,32.5,2026-08-15T19:57:57Z,2026-08-15T20:57:41Z,USD
pay_93eeddac012c4fb8a95e,o_20260815_00000265,captured,apple_pay,31.59,1.54,3.77,2.52,3.16,36.26,2026-08-15T12:58:47Z,2026-08-15T13:28:41Z,USD
pay_9152cc41d30a4ceca6e2,o_20260815_00000266,captured,paypal,76.54,2.13,11.23,5.54,0.0,95.44,2026-08-15T20:00:56Z,2026-08-15T20:57:58Z,USD
pay_9e88d5aac576471a9983,o_20260815_00000267,captured,card,21.9,3.39,2.94,2.0,1.09,29.14,2026-08-15T11:58:06Z,2026-08-15T12:38:58Z,USD
pay_9c3e17b4604c435cb1a1,o_20260815_00000268,captured,wallet,30.32,2.78,2.63,1.97,3.03,34.67,2026-08-15T18:07:48Z,2026-08-15T18:53:52Z,USD
pay_e010ac5b4e2842f39fe2,o_20260815_00000269,captured,card,39.18,4.41,3.99,3.71,1.96,49.33,2026-08-15T11:20:16Z,2026-08-15T11:58:14Z,USD
pay_ccbe892ff3364b4d954c,o_20260815_00000270,captured,card,21.25,1.93,3.0,1.37,0.0,27.55,2026-08-15T20:53:21Z,2026-08-15T21:23:48Z,USD
pay_6ace0a9f893c4590b962,o_20260815_00000271,captured,apple_pay,38.1,6.19,5.29,2.79,0.0,52.37,2026-08-15T18:43:55Z,2026-08-15T19:49:54Z,USD
pay_4a35275229654299977c,o_20260815_00000272,captured,paypal,51.23,2.82,4.41,4.33,0.0,62.79,2026-08-15T18:32:45Z,2026-08-15T19:03:34Z,USD
pay_fa050e8a95e846afaf37,o_20260815_00000273,captured,card,18.08,2.2,1.91,0.99,1.81,21.37,2026-08-15T20:06:35Z,2026-08-15T21:04:08Z,USD
pay_4aa7fb342ebe4197bf21,o_20260815_00000274,captured,card,120.35,2.75,17.14,7.96,0.0,148.2,2026-08-15T19:40:55Z,2026-08-15T20:26:15Z,USD
pay_99166c01175f4fe08e99,o_20260815_00000275,captured,wallet,33.46,6.63,3.83,2.46,3.35,43.03,2026-08-15T19:13:17Z,2026-08-15T20:04:48Z,USD
pay_b0fd93fd8adf4f79bab9,o_20260815_00000276,captured,paypal,104.14,0.58,13.12,5.98,15.62,108.2,2026-08-15T12:19:18Z,2026-08-15T13:16:52Z,USD
pay_75ced498f34b4408b244,o_20260815_00000277,captured,apple_pay,62.67,5.84,9.65,5.63,0.0,83.79,2026-08-15T11:01:53Z,2026-08-15T12:07:39Z,USD
pay_7d32cccf2ca140d1a4ea,o_20260815_00000278,captured,card,78.44,1.63,11.97,7.13,3.92,95.25,2026-08-15T13:40:32Z,2026-08-15T14:26:29Z,USD
pay_c90ccbae32c94f9baf47,o_20260815_00000279,captured,wallet,107.25,1.14,15.34,8.62,5.36,126.99,2026-08-15T11:56:33Z,2026-08-15T12:35:21Z,USD
pay_645cdb037bd04e928a55,o_20260815_00000280,captured,wallet,47.33,6.47,6.33,3.51,0.0,63.64,2026-08-15T11:07:01Z,2026-08-15T12:10:46Z,USD
pay_cba9ee2cdefb4764a486,o_20260815_00000281,captured,wallet,22.23,0.72,2.65,1.67,2.22,25.05,2026-08-15T21:00:46Z,2026-08-15T21:36:24Z,USD
pay_0e0e83dfb27f4ff5af3d,o_20260815_00000282,captured,card,99.75,5.85,8.35,6.65,9.98,110.62,2026-08-15T08:01:19Z,2026-08-15T09:03:00Z,USD
pay_d457876d389d4ee5a819,o_20260815_00000283,captured,paypal,31.72,5.45,3.67,2.83,3.17,40.5,2026-08-15T08:38:13Z,2026-08-15T09:49:48Z,USD
pay_8b1be4dbbf5a4969a4fa,o_20260815_00000284,captured,apple_pay,16.56,3.32,2.3,1.13,2.48,20.83,2026-08-15T08:31:04Z,2026-08-15T09:32:56Z,USD
pay_e828f4a4176048cc93ec,o_20260815_00000285,refunded,wallet,29.91,1.49,3.78,2.88,0.0,38.06,2026-08-15T11:29:04Z,,USD
pay_4d5b8d03681343b0a083,o_20260815_00000286,captured,apple_pay,42.3,6.17,6.74,4.01,0.0,59.22,2026-08-15T18:43:04Z,2026-08-15T19:30:51Z,USD
pay_48fb0d723e5d4aba8f93,o_20260815_00000287,captured,paypal,48.75,0.51,4.41,2.88,2.44,54.11,2026-08-15T08:36:21Z,2026-08-15T09:27:08Z,USD
pay_f004768c882046b59615,o_20260815_00000288,captured,wallet,98.95,6.34,8.7,6.44,14.84,105.59,2026-08-15T08:12:47Z,2026-08-15T08:55:58Z,USD
pay_f1edfe699ac2452daa86,o_20260815_00000289,captured,card,103.01,2.38,10.61,7.58,0.0,123.58,2026-08-15T12:30:45Z,2026-08-15T13:10:57Z,USD
pay_5df4183ee40449289393,o_20260815_00000290,captured,apple_pay,70.43,1.1,7.42,5.93,0.0,84.88,2026-08-15T12:35:38Z,2026-08-15T13:13:16Z,USD
pay_9a9d1b5a6c954b0d9727,o_20260815_00000291,captured,wallet,70.7,6.45,9.26,6.85,3.54,89.72,2026-08-15T19:02:40Z,2026-08-15T19:24:10Z,USD
pay_7771ea9f4c8a43d7bb40,o_20260815_00000292,captured,card,77.71,0.68,11.9,4.28,7.77,86.8,2026-08-15T18:18:33Z,2026-08-15T18:57:27Z,USD
pay_e883ee17e4f441d8a6ba,o_20260815_00000293,captured,apple_pay,23.9,4.91,3.56,2.12,2.39,32.1,2026-08-15T19:51:13Z,2026-08-15T20:42:30Z,USD
pay_66683d1258e9460f855e,o_20260815_00000294,captured,card,18.68,0.54,2.71,1.52,1.87,21.58,2026-08-15T18:11:38Z,2026-08-15T18:48:30Z,USD
pay_95517c28e874419b994d,o_20260815_00000295,captured,card,16.43,5.74,2.38,1.04,0.0,25.59,2026-08-15T19:45:11Z,2026-08-15T20:44:46Z,USD
pay_45e37d33a3ba4ef395ab,o_20260815_00000296,captured,wallet,89.64,4.33,9.86,8.01,0.0,111.84,2026-08-15T18:05:17Z,2026-08-15T18:47:12Z,USD
pay_2f520f4fa0bc4d08af7f,o_20260815_00000297,captured,paypal,9.29,6.97,1.1,0.93,0.0,18.29,2026-08-15T12:06:44Z,2026-08-15T12:33:35Z,USD
pay_3d83f3bb91cd4c2eac7c,o_20260815_00000298,captured,apple_pay,40.66,6.05,6.03,3.77,0.0,56.51,2026-08-15T11:04:31Z,2026-08-15T11:32:18Z,USD
pay_295f05352c12415b9410,o_20260815_00000299,captured,apple_pay,146.68,5.19,23.32,11.75,0.0,186.94,2026-08-15T18:44:51Z,2026-08-15T19:39:41Z,USD
pay_3b53ab7c9d2e404b85ba,o_20260815_00000300,captured,paypal,79.9,3.04,11.66,6.12,0.0,100.72,2026-08-15T20:09:39Z,2026-08-15T20:55:59Z,USD
pay_372d594c67e04ad3a7c8,o_20260815_00000301,voided,paypal,35.1,1.76,3.18,2.29,3.51,38.82,2026-08-15T12:07:42Z,,USD
pay_c4200ce037c04c8a9f45,o_20260815_00000302,captured,wallet,66.22,6.8,9.37,5.78,0.0,88.17,2026-08-15T12:13:03Z,2026-08-15T12:53:58Z,USD
pay_42f2c5c8219648c1aa83,o_20260815_00000303,captured,apple_pay,64.98,3.37,8.78,5.26,0.0,82.39,2026-08-15T18:25:01Z,2026-08-15T18:57:55Z,USD
pay_d447da1d83f241f5a353,o_20260815_00000304,refunded,card,14.62,3.3,1.76,1.38,0.0,21.06,2026-08-15T08:04:14Z,,USD
pay_16791d02b94a47fd927c,o_20260815_00000305,captured,wallet,37.28,1.24,5.7,2.59,0.0,46.81,2026-08-15T18:22:32Z,2026-08-15T19:07:31Z,USD
pay_eb0b2f08e776426dbfe4,o_20260815_00000306,captured,wallet,33.09,6.01,4.0,2.17,4.96,40.31,2026-08-15T19:46:45Z,2026-08-15T20:22:07Z,USD
pay_eac6bfcf2284474b8466,o_20260815_00000307,captured,paypal,199.17,6.11,20.61,13.26,19.92,219.23,2026-08-15T18:30:59Z,2026-08-15T19:30:51Z,USD
pay_061f88b6040d48d48ac4,o_20260815_00000308,captured,paypal,141.18,3.17,22.54,9.94,14.12,162.71,2026-08-15T13:19:25Z,2026-08-15T14:04:54Z,USD
pay_281fb534d13e46ec9927,o_20260815_00000309,refunded,card,67.86,2.8,5.57,6.91,0.0,83.14,2026-08-15T19:10:41Z,,USD
pay_eb4487a238ce4d84b678,o_20260815_00000310,captured,paypal,18.94,4.88,1.89,1.18,0.0,26.89,2026-08-15T18:59:32Z,2026-08-15T19:29:09Z,USD
pay_43782ee88ac844c3aefc,o_20260815_00000311,captured,paypal,42.4,5.1,3.8,3.39,0.0,54.69,2026-08-15T19:26:03Z,2026-08-15T20:09:56Z,USD
pay_d643d027c3464c15a51a,o_20260815_00000312,captured,card,167.13,2.21,21.91,14.64,0.0,205.89,2026-08-15T08:10:56Z,2026-08-15T09:01:09Z,USD
pay_20f54faa9de742a0b05f,o_20260815_00000313,captured,card,51.67,4.33,4.49,4.94,0.0,65.43,2026-08-15T19:03:06Z,2026-08-15T19:50:05Z,USD
pay_48ee0e196676465999ab,o_20260815_00000314,captured,card,50.26,0.63,4.67,4.25,0.0,59.81,2026-08-15T13:31:44Z,2026-08-15T14:40:15Z,USD
pay_84732d681504421f89eb,o_20260815_00000315,captured,wallet,78.57,4.88,11.28,5.86,3.93,96.66,2026-08-15T18:39:00Z,2026-08-15T19:31:01Z,USD
pay_dc12cd1852924d7a9afa,o_20260815_00000316,captured,paypal,118.06,2.85,14.98,10.15,17.71,128.33,2026-08-15T11:50:18Z,2026-08-15T12:35:28Z,USD
pay_b9e26a8a40804b5fa2a8,o_20260815_00000317,captured,card,114.46,6.47,9.87,10.03,5.72,135.11,2026-08-15T20:41:46Z,2026-08-15T21:37:47Z,USD
pay_8f1c9ad57f7f49ddb996,o_20260815_00000318,captured,paypal,63.57,4.34,5.56,3.81,3.18,74.1,2026-08-15T19:23:05Z,2026-08-15T20:06:04Z,USD
pay_f97e44b6202e4f3f9aa4,o_20260815_00000319,captured,card,36.66,2.98,3.1,2.21,0.0,44.95,2026-08-15T19:01:21Z,2026-08-15T19:28:21Z,USD
pay_0fd1050311e74dc98d5f,o_20260815_00000320,captured,wallet,58.46,4.51,9.31,3.49,2.92,72.85,2026-08-15T20:34:57Z,2026-08-15T21:12:15Z,USD
pay_a6956af149414519a5b5,o_20260815_00000321,captured,apple_pay,110.03,6.54,11.2,7.73,0.0,135.5,2026-08-15T19:39:30Z,2026-08-15T20:28:21Z,USD
pay_fae844106e6b4b7392f7,o_20260815_00000322,captured,card,50.1,1.34,4.64,4.47,5.01,55.54,2026-08-15T11:18:11Z,2026-08-15T12:17:04Z,USD
pay_93430d56000345a5a66a,o_20260815_00000323,captured,apple_pay,16.73,6.77,2.19,0.86,2.51,24.04,2026-08-15T12:05:46Z,2026-08-15T12:37:02Z,USD
pay_b038fb5e7134482494ac,o_20260815_00000324,captured,card,50.8,2.73,7.0,4.45,0.0,64.98,2026-08-15T12:28:42Z,2026-08-15T13:15:32Z,USD
pay_59029748c771420a9562,o_20260815_00000325,captured,paypal,59.85,3.75,5.5,4.71,5.99,67.82,2026-08-15T20:52:49Z,2026-08-15T21:52:23Z,USD
pay_960b19468fea4a34bf15,o_20260815_00000326,captured,apple_pay,95.25,2.3,13.11,8.94,0.0,119.6,2026-08-15T19:34:28Z,2026-08-15T20:44:39Z,USD
pay_6a823b900ea047ee92bf,o_20260815_00000327,captured,paypal,39.48,4.06,3.96,2.68,0.0,50.18,2026-08-15T12:37:39Z,2026-08-15T13:39:14Z,USD
pay_01b7b2a7d8204293a0fd,o_20260815_00000328,captured,wallet,118.04,1.41,10.49,6.38,11.8,124.52,2026-08-15T08:35:37Z,2026-08-15T09:19:22Z,USD
pay_f48df22ba4eb40df8ef7,o_20260815_00000329,captured,apple_pay,20.58,2.81,2.93,1.65,3.09,24.88,2026-08-15T20:07:12Z,2026-08-15T20:42:43Z,USD
pay_62c6fdc0fee54833ba57,o_20260815_00000330,captured,paypal,93.69,2.1,11.43,9.29,0.0,116.51,2026-08-15T18:12:55Z,2026-08-15T18:55:25Z,USD
pay_668c2d98103c494eb6af,o_20260815_00000331,voided,card,18.68,5.29,2.59,1.79,0.0,28.35,2026-08-15T20:37:38Z,,USD
pay_db8afca552e44ac59eb7,o_20260815_00000332,captured,paypal,42.48,5.19,6.34,3.53,4.25,53.29,2026-08-15T18:40:13Z,2026-08-15T19:23:42Z,USD
pay_694d6ba509ed416c9ec1,o_20260815_00000333,captured,apple_pay,56.2,4.87,5.48,3.38,0.0,69.93,2026-08-15T11:05:58Z,2026-08-15T11:45:36Z,USD
pay_250e9e9058234430a284,o_20260815_00000334,captured,apple_pay,19.44,4.84,1.94,1.48,0.0,27.7,2026-08-15T12:11:00Z,2026-08-15T12:55:45Z,USD
pay_1b800f09e0f74365bf8b,o_20260815_00000335,captured,apple_pay,110.25,2.01,17.05,6.96,0.0,136.27,2026-08-15T13:36:01Z,2026-08-15T14:43:52Z,USD
pay_2748174389b54ecdae56,o_20260815_00000336,captured,wallet,28.66,6.77,3.05,2.83,0.0,41.31,2026-08-15T19:13:44Z,2026-08-15T19:50:27Z,USD
pay_9ca7346ea86848b69fa6,o_20260815_00000337,captured,apple_pay,59.31,3.68,8.29,4.29,0.0,75.57,2026-08-15T19:19:29Z,2026-08-15T20:04:51Z,USD
pay_a8ff18732b9d4da18c94,o_20260815_00000338,captured,wallet,112.09,2.38,11.88,6.9,0.0,133.25,2026-08-15T19:39:28Z,2026-08-15T20:39:14Z,USD
pay_819ab1cd65d44987a953,o_20260815_00000339,captured,wallet,105.45,1.83,14.31,7.19,0.0,128.78,2026-08-15T12:14:16Z,2026-08-15T12:47:25Z,USD
pay_6430e03cd6fb490e9dc3,o_20260815_00000340,captured,apple_pay,68.5,4.35,6.12,4.6,6.85,76.72,2026-08-15T12:49:46Z,2026-08-15T13:35:37Z,USD
pay_db518a6df1f0468b9ab4,o_20260815_00000341,captured,card,46.1,2.37,4.01,4.61,0.0,57.09,2026-08-15T18:04:04Z,2026-08-15T18:56:42Z,USD
pay_d811296c4e074d3c9f11,o_20260815_00000342,captured,paypal,61.85,2.02,5.25,4.87,0.0,73.99,2026-08-15T11:43:00Z,2026-08-15T12:31:36Z,USD
pay_714ce75aa5e6421a9d28,o_20260815_00000343,captured,apple_pay,81.94,5.27,9.44,6.85,0.0,103.5,2026-08-15T13:53:47Z,2026-08-15T14:42:12Z,USD
pay_4a4d3e10de6040e29e48,o_20260815_00000344,captured,wallet,87.04,3.69,10.0,5.91,0.0,106.64,2026-08-15T11:28:28Z,2026-08-15T12:19:58Z,USD
pay_81a2cab2d7d8444090de,o_20260815_00000345,captured,wallet,80.49,1.14,12.76,5.5,12.07,87.82,2026-08-15T11:36:49Z,2026-08-15T12:34:23Z,USD
pay_3fb8b636e9f7433588c9,o_20260815_00000346,captured,wallet,63.03,5.9,8.2,5.52,0.0,82.65,2026-08-15T20:29:02Z,2026-08-15T21:09:47Z,USD
pay_2c1c16e531884578b1f9,o_20260815_00000347,captured,wallet,49.41,4.0,7.89,4.85,0.0,66.15,2026-08-15T12:56:42Z,2026-08-15T13:59:14Z,USD
pay_dbd65cde56b145bbbdff,o_20260815_00000348,captured,apple_pay,59.88,2.65,6.77,3.36,5.99,66.67,2026-08-15T18:16:25Z,2026-08-15T19:02:00Z,USD
pay_cc999406883f4216b138,o_20260815_00000349,captured,card,21.63,5.53,2.88,2.21,0.0,32.25,2026-08-15T12:16:38Z,2026-08-15T12:49:24Z,USD
pay_e9f8043b8c794906b376,o_20260815_00000350,captured,apple_pay,71.76,2.54,9.12,4.41,7.18,80.65,2026-08-15T12:31:58Z,2026-08-15T13:07:02Z,USD
pay_d694d31c0ad7409b9b54,o_20260815_00000351,captured,paypal,83.55,4.53,11.17,7.65,0.0,106.9,2026-08-15T11:53:09Z,2026-08-15T12:39:27Z,USD
pay_f224581632024c36826c,o_20260815_00000352,captured,wallet,65.61,6.59,10.1,5.18,0.0,87.48,2026-08-15T12:12:59Z,2026-08-15T12:55:23Z,USD
pay_fc2f3a060a37496d8c0f,o_20260815_00000353,captured,card,68.78,6.15,7.42,5.56,6.88,81.03,2026-08-15T18:48:30Z,2026-08-15T19:28:19Z,USD
pay_16bc41ecccd3400fa522,o_20260815_00000354,captured,apple_pay,51.11,5.98,7.2,3.17,5.11,62.35,2026-08-15T18:19:03Z,2026-08-15T19:12:33Z,USD
pay_18598b44a4ab4eb4a67b,o_20260815_00000355,refunded,apple_pay,83.64,3.05,6.91,7.81,0.0,101.41,2026-08-15T11:45:23Z,,USD
pay_ed5097b75f8b4379bc62,o_20260815_00000356,captured,card,81.92,3.66,10.34,5.72,12.29,89.35,2026-08-15T12:39:42Z,2026-08-15T13:31:29Z,USD
pay_34a4b90d2d12433fbd82,o_20260815_00000357,refunded,paypal,123.39,5.56,17.47,9.92,12.34,144.0,2026-08-15T11:55:19Z,,USD
pay_276be915c93a44c5910c,o_20260815_00000358,captured,paypal,45.6,4.05,6.16,4.22,0.0,60.03,2026-08-15T20:15:46Z,2026-08-15T21:02:49Z,USD
pay_218bf6ed378d40339a0c,o_20260815_00000359,refunded,wallet,21.25,5.12,1.88,1.99,0.0,30.24,2026-08-15T12:11:21Z,,USD
pay_daf32865b858405fa37c,o_20260815_00000360,captured,paypal,11.94,1.54,1.49,0.83,0.0,15.8,2026-08-15T13:35:20Z,2026-08-15T14:10:35Z,USD
pay_7ba96c9a533149c6bed9,o_20260815_00000361,captured,wallet,70.86,5.45,10.94,5.84,3.54,89.55,2026-08-15T20:24:13Z,2026-08-15T20:58:59Z,USD
pay_5e23394f08bf4ea29141,o_20260815_00000362,captured,wallet,84.84,4.03,11.6,8.59,0.0,109.06,2026-08-15T13:24:37Z,2026-08-15T14:19:46Z,USD
pay_1f0b775cc3ee48a7838a,o_20260815_00000363,captured,paypal,53.51,2.08,7.6,4.6,0.0,67.79,2026-08-15T08:16:38Z,2026-08-15T09:16:28Z,USD
pay_7fbdcb1d3ee245d89003,o_20260815_00000364,captured,paypal,66.21,1.05,8.3,5.92,0.0,81.48,2026-08-15T13:32:49Z,2026-08-15T14:15:24Z,USD
pay_adc96b8c06094bdb903f,o_20260815_00000365,captured,card,31.77,5.34,4.14,1.71,4.77,38.19,2026-08-15T08:00:32Z,2026-08-15T09:05:05Z,USD
pay_b9ca24c2aa7c45788d94,o_20260815_00000366,captured,card,60.99,5.93,6.94,5.57,0.0,79.43,2026-08-15T18:55:54Z,2026-08-15T19:27:42Z,USD
pay_f0e981c3fa7b444a836c,o_20260815_00000367,captured,paypal,121.17,3.34,18.85,7.54,0.0,150.9,2026-08-15T12:56:30Z,2026-08-15T13:40:33Z,USD
pay_fc88be7b18c84f93b97f,o_20260815_00000368,captured,card,18.86,6.81,2.74,1.54,0.0,29.95,2026-08-15T11:39:01Z,2026-08-15T12:27:59Z,USD
pay_65903db245f049a69c1a,o_20260815_00000369,refunded,wallet,75.59,0.75,8.05,4.1,7.56,80.93,2026-08-15T08:04:45Z,,USD
pay_fab9daa399d34be194bf,o_20260815_00000370,captured,paypal,108.99,3.16,10.54,10.58,5.45,127.82,2026-08-15T19:29:45Z,2026-08-15T20:06:35Z,USD
pay_52046870fb7a4b149e0a,o_20260815_00000371,captured,apple_pay,67.23,1.66,9.62,3.7,10.08,72.13,2026-08-15T12:44:57Z,2026-08-15T13:43:45Z,USD
pay_933ab8486f854079b586,o_20260815_00000372,captured,paypal,102.21,1.82,15.66,7.14,5.11,121.72,2026-08-15T19:45:29Z,2026-08-15T20:33:22Z,USD
pay_b61c8f4f9ae5472a8285,o_20260815_00000373,captured,paypal,62.17,3.44,5.61,5.11,0.0,76.33,2026-08-15T19:13:55Z,2026-08-15T20:06:25Z,USD
pay_4396827445b04b788a00,o_20260815_00000374,captured,apple_pay,34.4,1.26,3.24,3.47,0.0,42.37,2026-08-15T12:13:40Z,2026-08-15T12:59:29Z,USD
pay_fb53bcdc08294884b840,o_20260815_00000375,captured,card,101.89,0.83,12.69,7.93,0.0,123.34,2026-08-15T13:36:36Z,2026-08-15T14:15:31Z,USD
pay_a04956d1c51b400aaa31,o_20260815_00000376,captured,card,36.97,6.01,5.01,3.02,1.85,49.16,2026-08-15T18:33:57Z,2026-08-15T19:06:08Z,USD
pay_0c4882a276cc4bd18a2e,o_20260815_00000377,captured,card,22.86,3.42,3.33,1.4,0.0,31.01,2026-08-15T08:57:58Z,2026-08-15T09:45:46Z,USD
pay_29f3faaede664b3b9694,o_20260815_00000378,voided,card,96.22,3.7,13.4,8.21,0.0,121.53,2026-08-15T18:41:47Z,,USD
pay_d735b23d39674df89c56,o_20260815_00000379,captured,wallet,29.76,6.4,2.75,2.63,1.49,40.05,2026-08-15T12:13:37Z,2026-08-15T13:06:38Z,USD
pay_6f34ad3be5e440a6969b,o_20260815_00000380,captured,card,29.1,3.56,3.74,2.09,4.37,34.12,2026-08-15T12:28:47Z,2026-08-15T13:36:03Z,USD
pay_8608ed3793bc4474b35a,o_20260815_00000381,captured,paypal,96.48,2.65,10.74,8.48,4.82,113.53,2026-08-15T20:20:08Z,2026-08-15T21:27:50Z,USD
pay_569e8e4bd451489bb055,o_20260815_00000382,captured,paypal,30.03,1.09,3.66,2.29,0.0,37.07,2026-08-15T11:30:44Z,2026-08-15T12:32:31Z,USD
pay_3035bc4f65994efa92e7,o_20260815_00000383,captured,card,104.06,3.5,11.83,7.62,0.0,127.01,2026-08-15T19:32:37Z,2026-08-15T20:06:44Z,USD
pay_6aea7686eea84a00b7bb,o_20260815_00000384,captured,card,18.96,3.48,2.15,1.64,0.0,26.23,2026-08-15T13:29:21Z,2026-08-15T14:06:48Z,USD
pay_03aa86b73e8e422fa67d,o_20260815_00000385,captured,apple_pay,56.37,1.38,8.48,3.43,0.0,69.66,2026-08-15T12:09:50Z,2026-08-15T13:01:13Z,USD
pay_ab6db1703b9244a19887,o_20260815_00000386,captured,apple_pay,95.63,4.61,9.7,6.7,0.0,116.64,2026-08-15T19:26:42Z,2026-08-15T20:04:09Z,USD
pay_c0383ca8e783468287ef,o_20260815_00000387,captured,apple_pay,73.6,1.69,10.63,5.32,3.68,87.56,2026-08-15T12:08:01Z,2026-08-15T13:06:22Z,USD
pay_67a9ecc3192e4c0da8ad,o_20260815_00000388,voided,card,62.05,1.42,6.84,4.08,3.1,71.29,2026-08-15T19:57:57Z,,USD
pay_98b9ca0300704bf18d41,o_20260815_00000389,captured,apple_pay,8.85,5.92,1.34,0.78,0.89,16.0,2026-08-15T18:27:16Z,2026-08-15T18:59:52Z,USD
pay_4a67bea34c3c4e9aad27,o_20260815_00000390,captured,paypal,98.63,0.85,8.06,7.13,4.93,109.74,2026-08-15T11:16:35Z,2026-08-15T12:06:32Z,USD
pay_31aa2b68bb7f4ff28d9e,o_20260815_00000391,captured,apple_pay,113.04,2.18,9.85,7.19,0.0,132.26,2026-08-15T13:06:31Z,2026-08-15T13:49:57Z,USD
pay_1cb6d043d72f43a3836e,o_20260815_00000392,captured,wallet,76.82,2.25,11.6,6.19,11.52,85.34,2026-08-15T20:47:35Z,2026-08-15T21:26:23Z,USD
pay_de5487c2cf4940b19472,o_20260815_00000393,captured,paypal,155.79,3.62,15.58,11.76,0.0,186.75,2026-08-15T19:29:33Z,2026-08-15T20:17:47Z,USD
pay_dd7b8923c0c44a91871c,o_20260815_00000394,captured,card,42.24,1.41,4.04,3.27,6.34,44.62,2026-08-15T13:51:12Z,2026-08-15T14:45:40Z,USD
pay_e2e9887a4f164c0aa16b,o_20260815_00000395,captured,apple_pay,76.74,3.84,6.74,5.98,0.0,93.3,2026-08-15T18:31:18Z,2026-08-15T19:23:16Z,USD
pay_d39593298150480b87e7,o_20260815_00000396,captured,card,34.98,4.77,3.08,3.16,3.5,42.49,2026-08-15T18:07:28Z,2026-08-15T18:35:11Z,USD
pay_d1fdeb97229e42df889d,o_20260815_00000397,captured,card,95.59,2.18,9.7,5.49,9.56,103.4,2026-08-15T18:10:55Z,2026-08-15T19:03:43Z,USD
pay_34c6a1c276124ca3b792,o_20260815_00000398,captured,apple_pay,87.39,4.63,11.63,7.36,8.74,102.27,2026-08-15T20:49:09Z,2026-08-15T21:18:42Z,USD
pay_8cb551d8a72141a1a448,o_20260815_00000399,captured,wallet,86.78,1.57,7.95,5.89,0.0,102.19,2026-08-15T18:27:28Z,2026-08-15T18:59:17Z,USD
pay_4afc47d730fa417bb273,o_20260815_00000400,captured,paypal,84.0,0.79,13.3,7.74,8.4,97.43,2026-08-15T19:36:16Z,2026-08-15T20:20:01Z,USD
pay_307600668cc34f18b811,o_20260815_00000401,voided,apple_pay,90.16,2.79,11.52,6.79,0.0,111.26,2026-08-15T13:33:36Z,,USD
pay_27813678546742719af8,o_20260815_00000402,captured,paypal,49.24,2.66,7.0,3.05,2.46,59.49,2026-08-15T13:31:06Z,2026-08-15T13:58:00Z,USD
pay_e8ebde92c86141e383fb,o_20260815_00000403,captured,card,128.55,6.61,19.18,11.76,0.0,166.1,2026-08-15T12:55:17Z,2026-08-15T13:33:09Z,USD
pay_00055b9371294b47857d,o_20260815_00000404,refunded,wallet,62.92,4.31,8.68,5.07,3.15,77.83,2026-08-15T11:04:53Z,,USD
pay_dbf0ba935b7d400ca2ce,o_20260815_00000405,captured,apple_pay,58.04,4.57,5.31,3.86,0.0,71.78,2026-08-15T11:58:21Z,2026-08-15T12:31:12Z,USD
pay_a146484def6a469b86db,o_20260815_00000406,captured,wallet,122.0,1.72,11.99,9.96,6.1,139.57,2026-08-15T18:55:21Z,2026-08-15T20:07:03Z,USD
pay_6f36e3b10fb941ce8e92,o_20260815_00000407,refunded,apple_pay,55.92,3.99,4.6,2.86,8.39,58.98,2026-08-15T11:20:14Z,,USD
pay_4207a1e568bd4e118c95,o_20260815_00000408,captured,card,10.35,2.36,1.21,0.82,0.0,14.74,2026-08-15T11:23:53Z,2026-08-15T12:30:36Z,USD
pay_64c86ff0ed54455c8f4b,o_20260815_00000409,captured,wallet,105.21,1.26,16.48,6.43,0.0,129.38,2026-08-15T08:09:36Z,2026-08-15T08:40:49Z,USD
pay_390cb876aaf94931b668,o_20260815_00000410,captured,paypal,75.66,5.33,11.53,4.34,7.57,89.29,2026-08-15T08:02:44Z,2026-08-15T08:40:28Z,USD
pay_79d9a12357a84c61bf84,o_20260815_00000411,captured,wallet,101.92,0.61,12.91,9.61,0.0,125.05,2026-08-15T13:12:09Z,2026-08-15T14:17:02Z,USD
pay_e4be9630dfae421c8244,o_20260815_00000412,captured,wallet,31.72,1.35,3.67,2.5,1.59,37.65,2026-08-15T08:26:02Z,2026-08-15T09:09:46Z,USD
pay_9621ac0f8310433bb605,o_20260815_00000413,captured,apple_pay,17.5,3.83,2.15,1.56,0.0,25.04,2026-08-15T12:32:04Z,2026-08-15T13:13:19Z,USD
pay_9a034e825a2640fba9ac,o_20260815_00000414,captured,paypal,137.83,3.07,15.26,7.45,20.67,142.94,2026-08-15T11:17:47Z,2026-08-15T12:00:41Z,USD
pay_e9bf6cce939a4989a3ac,o_20260815_00000415,captured,card,35.82,0.57,3.33,2.21,5.37,36.56,2026-08-15T13:53:54Z,2026-08-15T14:22:01Z,USD
pay_e5b9a1ea71de466b9eec,o_20260815_00000416,voided,wallet,15.46,1.92,2.13,1.41,0.0,20.92,2026-08-15T18:29:00Z,,USD
pay_e07b9e71a75c402eb95d,o_20260815_00000417,captured,card,86.3,4.59,13.02,8.38,4.32,107.97,2026-08-15T19:15:34Z,2026-08-15T20:09:58Z,USD
pay_666588a33d444f31a75f,o_20260815_00000418,captured,card,54.84,5.19,7.03,4.26,8.23,63.09,2026-08-15T11:26:39Z,2026-08-15T12:05:37Z,USD
pay_dafb3d02769e40bc890e,o_20260815_00000419,captured,paypal,60.54,1.66,8.73,6.08,0.0,77.01,2026-08-15T18:19:09Z,2026-08-15T19:14:43Z,USD
pay_a619424600b940718ff3,o_20260815_00000420,captured,paypal,31.5,3.35,4.08,2.55,4.72,36.76,2026-08-15T19:51:46Z,2026-08-15T20:20:56Z,USD
pay_f6eac94dae82439c9499,o_20260815_00000421,captured,wallet,78.81,5.72,12.08,6.05,7.88,94.78,2026-08-15T12:44:23Z,2026-08-15T13:01:25Z,USD
pay_7fd14f27e2854856b608,o_20260815_00000422,captured,paypal,61.16,1.5,7.68,5.53,0.0,75.87,2026-08-15T13:00:15Z,2026-08-15T14:10:13Z,USD
pay_715c036800bc41818d29,o_20260815_00000423,voided,paypal,72.49,1.04,9.43,6.25,10.87,78.34,2026-08-15T08:44:50Z,,USD
pay_c63c46a17f0442ae86ee,o_20260815_00000424,captured,card,64.55,3.82,10.24,6.48,0.0,85.09,2026-08-15T18:02:39Z,2026-08-15T18:45:30Z,USD
pay_b5d4706644c84da6b954,o_20260815_00000425,captured,paypal,134.41,6.93,18.31,11.19,20.16,150.68,2026-08-15T13:36:54Z,2026-08-15T14:15:24Z,USD
pay_2abfda4357b94b42ac6c,o_20260815_00000426,captured,apple_pay,56.04,1.19,6.23,3.27,2.8,63.93,2026-08-15T11:03:13Z,2026-08-15T11:52:55Z,USD
pay_61191caf3dde4a44a486,o_20260815_00000427,captured,apple_pay,124.38,3.47,17.06,12.07,6.22,150.76,2026-08-15T18:12:16Z,2026-08-15T18:49:19Z,USD
pay_b3889c3972eb4e94b23f,o_20260815_00000428,captured,apple_pay,17.84,4.85,2.04,1.67,0.89,25.51,2026-08-15T11:13:18Z,2026-08-15T12:05:33Z,USD
pay_383b0b4bfe3740f18e8c,o_20260815_00000429,captured,wallet,93.61,4.33,12.38,7.33,14.04,103.61,2026-08-15T13:54:24Z,2026-08-15T14:37:05Z,USD
pay_2b095e67f10b4b5d8477,o_20260815_00000430,captured,wallet,46.43,2.12,4.72,4.13,0.0,57.4,2026-08-15T11:23:26Z,2026-08-15T12:03:13Z,USD
pay_53f4d4052e5b4a45bb4b,o_20260815_00000431,captured,card,61.36,3.61,8.58,5.94,0.0,79.49,2026-08-15T20:21:24Z,2026-08-15T21:18:37Z,USD
pay_1bb7e3bdbe9d40ad990f,o_20260815_00000432,captured,wallet,79.7,5.76,12.14,5.44,0.0,103.04,2026-08-15T12:01:46Z,2026-08-15T12:34:10Z,USD
pay_6e08e5ccd0be40ac8789,o_20260815_00000433,captured,wallet,32.64,4.28,3.12,2.44,0.0,42.48,2026-08-15T12:24:29Z,2026-08-15T13:25:38Z,USD
pay_67128b3186eb43ad8154,o_20260815_00000434,captured,card,56.47,1.26,4.82,5.69,0.0,68.24,2026-08-15T18:21:54Z,2026-08-15T19:22:35Z,USD
pay_c665434b4de34dab9396,o_20260815_00000435,captured,card,92.12,4.29,10.69,7.62,0.0,114.72,2026-08-15T12:11:59Z,2026-08-15T13:12:47Z,USD
pay_e5a5cd60d9c645489222,o_20260815_00000436,captured,wallet,38.0,2.54,4.45,2.98,0.0,47.97,2026-08-15T20:11:09Z,2026-08-15T21:00:44Z,USD
pay_d31584d749324202a296,o_20260815_00000437,captured,card,39.65,6.5,5.25,2.62,5.95,48.07,2026-08-15T18:26:25Z,2026-08-15T18:58:48Z,USD
pay_cf1bca660177449caae8,o_20260815_00000438,captured,wallet,75.9,2.54,7.06,7.13,3.8,88.83,2026-08-15T13:40:04Z,2026-08-15T14:38:47Z,USD
pay_c495e21df44f461c97a1,o_20260815_00000439,captured,card,28.84,4.47,3.28,2.52,0.0,39.11,2026-08-15T12:31:29Z,2026-08-15T13:01:08Z,USD
pay_c49d9ffd56d644c3b86d,o_20260815_00000440,captured,paypal,52.0,2.44,6.24,5.29,0.0,65.97,2026-08-15T18:52:56Z,2026-08-15T19:43:09Z,USD
pay_1b23d35d372840708610,o_20260815_00000441,captured,apple_pay,43.4,5.64,5.88,3.17,4.34,53.75,2026-08-15T18:53:14Z,2026-08-15T20:04:50Z,USD
pay_bed0fe3edb7843b59027,o_20260815_00000442,captured,card,41.47,1.59,6.22,3.98,0.0,53.26,2026-08-15T18:13:16Z,2026-08-15T18:59:56Z,USD
pay_733659e8f9554b9598f4,o_20260815_00000443,captured,apple_pay,87.78,5.44,7.11,7.21,4.39,103.15,2026-08-15T11:25:10Z,2026-08-15T12:20:41Z,USD
pay_5168e4d041a744f88931,o_20260815_00000444,captured,wallet,18.86,4.66,2.59,1.15,0.94,26.32,2026-08-15T19:43:46Z,2026-08-15T20:50:11Z,USD
pay_5a7d73c83eed4ff487b2,o_20260815_00000445,voided,wallet,80.42,6.96,7.56,4.85,4.02,95.77,2026-08-15T08:59:36Z,,USD
pay_318951b848d94ad7b492,o_20260815_00000446,captured,card,63.03,3.19,8.19,4.34,6.3,72.45,2026-08-15T18:58:04Z,2026-08-15T19:33:44Z,USD
pay_50305973677148988b79,o_20260815_00000447,captured,apple_pay,62.01,3.52,5.62,5.47,3.1,73.52,2026-08-15T08:49:06Z,2026-08-15T09:53:04Z,USD
pay_758f2519c7cb4a40bf52,o_20260815_00000448,captured,wallet,97.52,5.3,12.77,8.43,0.0,124.02,2026-08-15T12:08:04Z,2026-08-15T12:54:56Z,USD
pay_47a8f80c77834dae89a7,o_20260815_00000449,voided,wallet,37.11,2.25,4.68,2.43,1.86,44.61,2026-08-15T20:55:28Z,,USD
pay_bcc311bade394f4b8b24,o_20260815_00000450,captured,apple_pay,70.43,2.32,8.71,6.81,0.0,88.27,2026-08-15T19:34:45Z,2026-08-15T20:15:26Z,USD
pay_cae20b836ec04fb39fa1,o_20260815_00000451,captured,card,59.68,1.56,8.69,4.78,0.0,74.71,2026-08-15T12:09:28Z,2026-08-15T12:53:16Z,USD
pay_23a60f3659c74429b954,o_20260815_00000452,captured,paypal,87.64,3.54,10.09,6.42,8.76,98.93,2026-08-15T13:59:01Z,2026-08-15T14:41:51Z,USD
pay_dd471be632074109b966,o_20260815_00000453,captured,paypal,70.42,5.88,8.48,6.13,7.04,83.87,2026-08-15T13:13:03Z,2026-08-15T14:14:14Z,USD
pay_71c8ea41b6384fa8bcd1,o_20260815_00000454,captured,paypal,40.12,1.1,3.37,2.84,2.01,45.42,2026-08-15T11:56:02Z,2026-08-15T12:50:41Z,USD
pay_ec134e575057426e944f,o_20260815_00000455,captured,paypal,22.08,6.37,2.29,2.25,0.0,32.99,2026-08-15T20:56:13Z,2026-08-15T21:47:03Z,USD
pay_982bd1812a0c4e4d9f94,o_20260815_00000456,captured,paypal,96.19,3.31,7.88,9.49,0.0,116.87,2026-08-15T08:12:24Z,2026-08-15T09:08:13Z,USD
pay_23ecfe608e024287add3,o_20260815_00000457,captured,card,51.72,0.8,4.92,3.95,2.59,58.8,2026-08-15T18:52:40Z,2026-08-15T19:43:12Z,USD
pay_26dd72c0cbf64bbfa0fe,o_20260815_00000458,captured,card,50.75,0.52,6.64,4.02,0.0,61.93,2026-08-15T13:12:30Z,2026-08-15T14:03:10Z,USD
pay_64800b7f550f42dbbcf1,o_20260815_00000459,captured,card,63.2,0.74,5.12,4.08,3.16,69.98,2026-08-15T13:04:11Z,2026-08-15T13:58:45Z,USD
pay_5a8b5b9620d14b1e9621,o_20260815_00000460,captured,apple_pay,103.43,1.16,9.82,8.23,5.17,117.47,2026-08-15T11:45:57Z,2026-08-15T12:30:57Z,USD
pay_26ec2b9b41c848978e9d,o_20260815_00000461,captured,wallet,20.75,6.06,2.52,1.81,0.0,31.14,2026-08-15T13:18:10Z,2026-08-15T14:14:52Z,USD
pay_ba25773bb05046bb9754,o_20260815_00000462,captured,apple_pay,30.45,5.25,4.34,2.76,0.0,42.8,2026-08-15T20:28:37Z,2026-08-15T20:45:07Z,USD
pay_a3839f37756d49e5af26,o_20260815_00000463,captured,wallet,66.56,1.43,8.97,5.71,0.0,82.67,2026-08-15T19:47:23Z,2026-08-15T20:44:32Z,USD
pay_08dd0485fc7c449881dd,o_20260815_00000464,captured,apple_pay,14.8,3.96,1.35,1.41,0.0,21.52,2026-08-15T18:47:26Z,2026-08-15T19:25:15Z,USD
pay_f214b8a3e1d74980ab21,o_20260815_00000465,captured,wallet,86.95,6.86,9.52,7.79,8.7,102.42,2026-08-15T18:43:17Z,2026-08-15T19:12:56Z,USD
pay_76b556710832474aab89,o_20260815_00000466,captured,wallet,116.97,3.98,13.85,11.01,0.0,145.81,2026-08-15T18:16:35Z,2026-08-15T19:05:12Z,USD
pay_ddf0fb419ca04ef58628,o_20260815_00000467,captured,apple_pay,54.32,2.18,5.83,3.38,0.0,65.71,2026-08-15T12:05:41Z,2026-08-15T12:44:59Z,USD
pay_4e08f2a8d6904a9a944d,o_20260815_00000468,captured,paypal,30.87,1.7,4.8,2.23,4.63,34.97,2026-08-15T13:13:44Z,2026-08-15T14:03:07Z,USD
pay_0ce95ac59ba14920bef1,o_20260815_00000469,captured,paypal,62.43,2.84,6.27,3.9,3.12,72.32,2026-08-15T11:34:55Z,2026-08-15T12:24:41Z,USD
pay_a5aade210bdb47e4818a,o_20260815_00000470,captured,card,51.18,6.58,4.42,4.88,0.0,67.06,2026-08-15T18:24:14Z,2026-08-15T18:58:09Z,USD
pay_b6597bac117f4df98268,o_20260815_00000471,captured,wallet,138.11,2.46,11.51,13.6,0.0,165.68,2026-08-15T19:47:57Z,2026-08-15T20:31:54Z,USD
pay_56590b52d22240319e79,o_20260815_00000472,captured,apple_pay,81.44,0.8,8.41,6.05,8.14,88.56,2026-08-15T20:57:14Z,2026-08-15T21:23:49Z,USD
pay_4c2360ae683249778ddc,o_20260815_00000473,captured,card,35.27,4.06,4.22,2.94,1.76,44.73,2026-08-15T18:05:08Z,2026-08-15T18:42:16Z,USD
pay_fbe9490ae9de417e8a91,o_20260815_00000474,captured,apple_pay,28.85,1.44,2.33,2.27,4.33,30.56,2026-08-15T19:22:02Z,2026-08-15T20:00:30Z,USD
pay_920563ed55e34e42b39a,o_20260815_00000475,captured,card,84.03,5.12,12.96,7.91,0.0,110.02,2026-08-15T08:03:23Z,2026-08-15T08:41:19Z,USD
pay_d09f1e3065544a8f8027,o_20260815_00000476,captured,card,18.87,3.64,2.83,1.34,2.83,23.85,2026-08-15T13:47:53Z,2026-08-15T14:46:43Z,USD
pay_11f0cd0ce3c349628e82,o_20260815_00000477,captured,card,10.48,3.78,1.34,1.07,0.0,16.67,2026-08-15T19:09:22Z,2026-08-15T20:05:56Z,USD
pay_a10a636779124d55bba2,o_20260815_00000478,captured,wallet,66.8,1.62,7.32,5.15,0.0,80.89,2026-08-15T08:02:43Z,2026-08-15T08:41:26Z,USD
pay_85131f06096143369ce8,o_20260815_00000479,captured,card,36.91,3.21,3.19,2.74,0.0,46.05,2026-08-15T13:52:53Z,2026-08-15T14:56:58Z,USD
pay_d313a7da7968446cac7d,o_20260815_00000480,captured,wallet,125.11,4.15,19.13,10.68,0.0,159.07,2026-08-15T12:40:29Z,2026-08-15T13:09:05Z,USD
pay_d965f5d63fcf4ea5bd9b,o_20260815_00000481,captured,apple_pay,7.31,1.83,1.02,0.72,0.0,10.88,2026-08-15T12:15:18Z,2026-08-15T12:52:23Z,USD
pay_43a91b6373f14ad19c84,o_20260815_00000482,captured,card,31.38,2.22,4.04,2.87,3.14,37.37,2026-08-15T18:23:58Z,2026-08-15T18:55:16Z,USD
pay_92c5572fedd442939e9c,o_20260815_00000483,captured,wallet,84.43,6.03,13.13,6.71,0.0,110.3,2026-08-15T20:10:14Z,2026-08-15T20:48:08Z,USD
pay_b827c7261c0a42fea272,o_20260815_00000484,captured,apple_pay,96.15,5.34,7.7,9.6,0.0,118.79,2026-08-15T11:08:57Z,2026-08-15T12:08:33Z,USD
pay_1767e60084ac487ab2dc,o_20260815_00000485,voided,wallet,53.65,0.7,6.14,3.87,2.68,61.68,2026-08-15T20:07:00Z,,USD
pay_2a584371462641cb994e,o_20260815_00000486,refunded,paypal,16.73,6.3,1.92,1.3,1.67,24.58,2026-08-15T08:30:16Z,,USD
pay_27e45069055f41769237,o_20260815_00000487,captured,card,14.5,3.56,1.78,1.26,1.45,19.65,2026-08-15T13:05:51Z,2026-08-15T13:47:16Z,USD
pay_b4ad3f58d3104ffeb575,o_20260815_00000488,captured,apple_pay,71.88,2.59,9.45,6.64,0.0,90.56,2026-08-15T08:18:33Z,2026-08-15T09:13:14Z,USD
pay_42afb70756674bdb9855,o_20260815_00000489,captured,wallet,36.48,3.68,5.31,3.09,0.0,48.56,2026-08-15T13:22:39Z,2026-08-15T14:18:58Z,USD
pay_aabccfa7bdcc4537819a,o_20260815_00000490,voided,apple_pay,58.57,1.75,8.7,3.48,2.93,69.57,2026-08-15T18:55:20Z,,USD
pay_f1f1324b56cb4ee1bf96,o_20260815_00000491,captured,wallet,29.18,2.7,2.52,2.17,4.38,32.19,2026-08-15T13:29:59Z,2026-08-15T14:06:42Z,USD
pay_590d97768f6d40e6a01f,o_20260815_00000492,captured,paypal,53.5,1.12,7.42,5.19,0.0,67.23,2026-08-15T12:02:45Z,2026-08-15T12:35:58Z,USD
pay_d6bcd96e3472415c8e15,o_20260815_00000493,captured,paypal,78.41,1.13,11.92,5.22,3.92,92.76,2026-08-15T11:04:51Z,2026-08-15T11:51:31Z,USD
pay_03de93a45cd64ac585bb,o_20260815_00000494,captured,apple_pay,97.54,3.55,11.85,9.82,0.0,122.76,2026-08-15T20:49:03Z,2026-08-15T21:30:22Z,USD
pay_3831d7ccff354fedaf8d,o_20260815_00000495,captured,apple_pay,20.55,6.28,2.77,1.42,0.0,31.02,2026-08-15T08:32:24Z,2026-08-15T09:21:14Z,USD
pay_e919cbef1d8346f5ab7f,o_20260815_00000496,captured,card,21.9,6.4,2.69,1.74,3.28,29.45,2026-08-15T18:26:05Z,2026-08-15T19:03:05Z,USD
pay_e19af60a587c4a1a8a12,o_20260815_00000497,captured,wallet,55.2,5.32,4.55,5.33,2.76,67.64,2026-08-15T13:09:24Z,2026-08-15T13:54:32Z,USD
pay_8504c445a75c45d7bafc,o_20260815_00000498,captured,card,95.67,2.53,9.65,8.09,9.57,106.37,2026-08-15T12:55:27Z,2026-08-15T13:43:12Z,USD
pay_6c135879128e46c68657,o_20260815_00000499,captured,wallet,115.08,2.67,10.34,10.87,0.0,138.96,2026-08-15T14:01:09Z,2026-08-15T14:39:52Z,USD
pay_d398bb5677de49e0b7bb,o_20260815_00000500,captured,paypal,23.9,4.97,3.12,1.36,3.58,29.77,2026-08-15T20:22:29Z,2026-08-15T21:20:42Z,USD
pay_34552bbb31a44dfeb36f,o_20260815_00000501,captured,wallet,24.7,3.65,3.45,2.2,0.0,34.0,2026-08-15T20:12:32Z,2026-08-15T21:12:27Z,USD
pay_3051344f320245c597c9,o_20260815_00000502,captured,apple_pay,155.46,1.1,22.52,13.1,23.32,168.86,2026-08-15T13:08:15Z,2026-08-15T14:03:12Z,USD
pay_f04e11f515d8490dab91,o_20260815_00000503,captured,apple_pay,139.75,6.66,19.88,8.8,0.0,175.09,2026-08-15T12:15:23Z,2026-08-15T13:21:14Z,USD
pay_2da613e48c284adda4b4,o_20260815_00000504,captured,apple_pay,68.96,5.4,10.18,3.82,10.34,78.02,2026-08-15T08:27:26Z,2026-08-15T09:09:17Z,USD
pay_5adca7d8a2ef475291cd,o_20260815_00000505,captured,paypal,13.69,0.84,1.57,0.89,0.0,16.99,2026-08-15T12:33:03Z,2026-08-15T13:12:46Z,USD
pay_30f88678b08c4e3582a3,o_20260815_00000506,captured,apple_pay,36.18,1.1,4.85,2.71,0.0,44.84,2026-08-15T11:46:13Z,2026-08-15T13:08:58Z,USD
pay_ef4f8ec29410422da3c0,o_20260815_00000507,captured,paypal,108.05,6.4,12.66,9.76,10.8,126.07,2026-08-15T13:57:30Z,2026-08-15T14:36:10Z,USD
pay_cf0664386b4044d1b7ed,o_20260815_00000508,captured,wallet,43.26,2.1,3.52,3.21,4.33,47.76,2026-08-15T18:09:10Z,2026-08-15T19:02:01Z,USD
pay_94986dedfd714ca48286,o_20260815_00000509,captured,apple_pay,49.2,4.14,5.08,4.07,4.92,57.57,2026-08-15T08:46:03Z,2026-08-15T09:24:31Z,USD
pay_b0ab3b2e24bb454d9ca9,o_20260815_00000510,captured,card,29.8,3.29,3.61,2.34,2.98,36.06,2026-08-15T13:10:39Z,2026-08-15T14:06:01Z,USD
pay_4a84e1af9f4e48d2b86c,o_20260815_00000511,captured,wallet,50.4,2.57,5.74,4.13,2.52,60.32,2026-08-15T18:01:02Z,2026-08-15T18:43:39Z,USD
pay_74df6870335f47538e47,o_20260815_00000512,captured,wallet,66.36,0.72,9.61,4.48,3.32,77.85,2026-08-15T19:50:57Z,2026-08-15T20:31:00Z,USD
pay_8984e4b101bd4fd783a9,o_20260815_00000513,captured,paypal,168.3,0.8,14.5,12.65,0.0,196.25,2026-08-15T13:18:58Z,2026-08-15T14:01:48Z,USD
pay_aa90bc0b565a4ac78a40,o_20260815_00000514,voided,card,72.38,5.15,7.29,5.06,0.0,89.88,2026-08-15T13:39:27Z,,USD
pay_cf12244cb5974e6abd0b,o_20260815_00000515,captured,wallet,70.96,6.03,7.56,4.94,0.0,89.49,2026-08-15T12:53:26Z,2026-08-15T13:47:09Z,USD
pay_96b1c490db484ad79bea,o_20260815_00000516,captured,wallet,38.82,1.91,5.94,2.28,1.94,47.01,2026-08-15T18:20:17Z,2026-08-15T18:54:25Z,USD
pay_0241d304d9b14a98975f,o_20260815_00000517,captured,wallet,69.69,6.7,7.88,6.01,0.0,90.28,2026-08-15T12:00:54Z,2026-08-15T12:56:56Z,USD
pay_36c795b8f99b419ebc91,o_20260815_00000518,captured,wallet,23.94,6.49,2.27,2.36,0.0,35.06,2026-08-15T12:52:08Z,2026-08-15T13:49:19Z,USD
pay_466aa2d1294741bbb786,o_20260815_00000519,refunded,apple_pay,96.18,6.33,8.42,7.14,4.81,113.26,2026-08-15T18:00:37Z,,USD
pay_2e4d3cbebc744f13b9a4,o_20260815_00000520,captured,apple_pay,84.6,5.15,10.14,7.17,8.46,98.6,2026-08-15T11:52:38Z,2026-08-15T12:52:21Z,USD
pay_22032304cfdd44f68c18,o_20260815_00000521,captured,card,82.43,1.64,8.17,7.74,0.0,99.98,2026-08-15T20:09:09Z,2026-08-15T20:52:09Z,USD
pay_ccc6f0fa93ae41ab92c1,o_20260815_00000522,captured,wallet,108.73,0.77,13.96,8.3,16.31,115.45,2026-08-15T18:51:32Z,2026-08-15T19:34:48Z,USD
pay_355797c5fc2944c49be8,o_20260815_00000523,captured,paypal,94.01,1.82,10.5,7.26,0.0,113.59,2026-08-15T18:28:29Z,2026-08-15T19:13:23Z,USD
pay_d8d18bd83a2d4734a85e,o_20260815_00000524,voided,wallet,30.87,2.16,2.7,2.55,4.63,33.65,2026-08-15T19:52:04Z,,USD
pay_3a022c9e606447a2a572,o_20260815_00000525,captured,wallet,120.35,6.98,9.85,11.09,0.0,148.27,2026-08-15T18:35:45Z,2026-08-15T19:39:33Z,USD
pay_4b8dbff77e864f4e856f,o_20260815_00000526,captured,card,42.14,2.52,5.53,3.71,0.0,53.9,2026-08-15T19:17:02Z,2026-08-15T20:45:28Z,USD
pay_1bcac50515e84321bcf8,o_20260815_00000527,captured,apple_pay,77.42,1.91,10.39,5.36,0.0,95.08,2026-08-15T19:10:55Z,2026-08-15T19:59:39Z,USD
pay_4f1a7e27cf274504b855,o_20260815_00000528,captured,paypal,25.29,3.86,2.68,1.54,3.79,29.58,2026-08-15T18:20:55Z,2026-08-15T19:13:26Z,USD
pay_47f85cfc4abb4f9a9877,o_20260815_00000529,captured,apple_pay,80.87,5.69,6.88,6.34,4.04,95.74,2026-08-15T11:57:24Z,2026-08-15T12:44:03Z,USD
pay_e9977b68085d415dacbc,o_20260815_00000530,captured,apple_pay,84.43,1.41,11.18,5.76,0.0,102.78,2026-08-15T19:38:16Z,2026-08-15T20:23:21Z,USD
pay_5d5d416ed3484f69ae1b,o_20260815_00000531,captured,apple_pay,42.45,1.74,5.51,3.93,0.0,53.63,2026-08-15T19:41:47Z,2026-08-15T20:32:35Z,USD
pay_70e2cf0ba97540a9824a,o_20260815_00000532,captured,paypal,41.86,6.48,5.47,3.18,0.0,56.99,2026-08-15T20:17:49Z,2026-08-15T20:49:12Z,USD
pay_1062ff02d42047a2b20d,o_20260815_00000533,captured,card,123.24,5.25,15.57,7.72,6.16,145.62,2026-08-15T19:06:24Z,2026-08-15T19:57:35Z,USD
pay_08742f2f5a6b48458242,o_20260815_00000534,captured,card,87.55,1.4,7.19,6.97,0.0,103.11,2026-08-15T19:02:47Z,2026-08-15T19:28:18Z,USD
pay_9ffc770ebfcd4424814e,o_20260815_00000535,captured,card,100.53,5.21,10.15,10.25,0.0,126.14,2026-08-15T12:28:22Z,2026-08-15T13:24:02Z,USD
pay_532d461aaf0b4b7b8496,o_20260815_00000536,captured,paypal,51.75,6.6,4.48,3.42,0.0,66.25,2026-08-15T12:03:16Z,2026-08-15T13:02:41Z,USD
pay_dd5d2b37ea1943ee9317,o_20260815_00000537,captured,paypal,9.97,3.98,1.32,0.91,0.0,16.18,2026-08-15T13:52:01Z,2026-08-15T14:49:39Z,USD
pay_9b87aeb5ed344bd08522,o_20260815_00000538,captured,card,97.53,6.76,11.59,8.05,9.75,114.18,2026-08-15T18:51:38Z,2026-08-15T19:54:19Z,USD
pay_7d41bd06ae6f4921b5e8,o_20260815_00000539,captured,wallet,17.75,5.65,2.43,1.32,1.78,25.37,2026-08-15T11:06:55Z,2026-08-15T12:08:15Z,USD
pay_e5c260a6b1cf4578a93e,o_20260815_00000540,captured,card,84.38,1.31,11.86,8.02,0.0,105.57,2026-08-15T13:22:43Z,2026-08-15T13:59:11Z,USD
pay_58dc79ed61a548a288be,o_20260815_00000541,captured,card,37.28,5.65,5.69,2.36,0.0,50.98,2026-08-15T20:53:57Z,2026-08-15T21:45:25Z,USD
pay_092acaf01c2f4148978f,o_20260815_00000542,captured,apple_pay,57.58,2.96,7.39,4.72,5.76,66.89,2026-08-15T18:35:28Z,2026-08-15T19:26:56Z,USD
pay_22fdd649e2914ad6a982,o_20260815_00000543,captured,apple_pay,112.1,3.58,11.78,8.93,11.21,125.18,2026-08-15T18:57:49Z,2026-08-15T19:38:50Z,USD
pay_bebcc39f40cf42979daa,o_20260815_00000544,captured,wallet,60.45,6.57,7.56,4.29,3.02,75.85,2026-08-15T13:04:58Z,2026-08-15T13:52:46Z,USD
pay_0c85ac3e2a224031807e,o_20260815_00000545,captured,card,15.85,2.17,2.35,1.2,0.0,21.57,2026-08-15T19:48:09Z,2026-08-15T20:47:40Z,USD
pay_83fb0c36316348658061,o_20260815_00000546,captured,paypal,56.58,5.32,6.11,5.0,0.0,73.01,2026-08-15T18:09:16Z,2026-08-15T19:14:15Z,USD
pay_64b26a76dde44c53a2d8,o_20260815_00000547,captured,card,52.53,2.66,8.04,3.6,0.0,66.83,2026-08-15T11:58:50Z,2026-08-15T12:54:17Z,USD
pay_b7f703d222b445999560,o_20260815_00000548,captured,paypal,52.38,4.44,5.24,3.39,7.86,57.59,2026-08-15T18:22:12Z,2026-08-15T18:59:49Z,USD
pay_55def33f215d41f39795,o_20260815_00000549,captured,card,85.32,4.66,11.49,7.46,8.53,100.4,2026-08-15T18:10:06Z,2026-08-15T18:58:15Z,USD
pay_4971279ff7dc46ac979f,o_20260815_00000550,captured,apple_pay,119.43,2.39,13.32,6.95,11.94,130.15,2026-08-15T20:26:39Z,2026-08-15T21:06:20Z,USD
pay_048cd9a5bbe14915acaa,o_20260815_00000551,refunded,apple_pay,38.0,3.87,5.68,3.33,0.0,50.88,2026-08-15T18:04:15Z,,USD
pay_4a9e621b128d4b2095f8,o_20260815_00000552,captured,apple_pay,106.14,6.23,13.43,6.81,5.31,127.3,2026-08-15T13:35:03Z,2026-08-15T14:10:36Z,USD
pay_a5af7af7b5a4428fab3f,o_20260815_00000553,captured,apple_pay,32.67,1.0,4.37,2.96,3.27,37.73,2026-08-15T11:24:22Z,2026-08-15T12:27:02Z,USD
pay_d729df91318d4e6a85ab,o_20260815_00000554,captured,paypal,64.18,1.34,5.22,5.08,0.0,75.82,2026-08-15T11:27:22Z,2026-08-15T11:56:28Z,USD
pay_b2ee0908785a44df9a95,o_20260815_00000555,captured,paypal,31.21,2.89,3.99,2.59,0.0,40.68,2026-08-15T19:45:27Z,2026-08-15T20:10:10Z,USD
pay_4316c4266c2d46a399ec,o_20260815_00000556,captured,apple_pay,69.79,0.76,10.92,4.49,0.0,85.96,2026-08-15T18:56:20Z,2026-08-15T20:00:57Z,USD
pay_9fa922630c46411ab8d4,o_20260815_00000557,captured,card,23.8,6.03,2.36,1.59,2.38,31.4,2026-08-15T19:31:58Z,2026-08-15T20:22:49Z,USD
pay_da50d40d808843aea1a3,o_20260815_00000558,captured,card,59.47,5.78,6.98,3.73,8.92,67.04,2026-08-15T12:55:47Z,2026-08-15T13:37:41Z,USD
pay_fcb90f16585a46f3b007,o_20260815_00000559,captured,apple_pay,71.41,3.33,8.1,5.27,3.57,84.54,2026-08-15T13:58:46Z,2026-08-15T14:41:47Z,USD
pay_7a842775074c4b0ba8fe,o_20260815_00000560,refunded,wallet,85.34,3.2,13.36,7.73,0.0,109.63,2026-08-15T18:49:10Z,,USD
pay_0dd01d820c724e5e886a,o_20260815_00000561,captured,wallet,70.92,4.01,7.01,6.02,0.0,87.96,2026-08-15T12:15:42Z,2026-08-15T13:12:20Z,USD
pay_7fd4fc73aa2648958f97,o_20260815_00000562,captured,apple_pay,81.9,4.52,12.45,6.36,0.0,105.23,2026-08-15T19:51:09Z,2026-08-15T20:28:10Z,USD
pay_d930bec4ca3844089a16,o_20260815_00000563,voided,paypal,128.55,6.71,15.91,11.82,6.43,156.56,2026-08-15T20:08:31Z,,USD
pay_ced912c3426c474b8611,o_20260815_00000564,captured,card,65.43,4.91,8.99,5.97,0.0,85.3,2026-08-15T13:30:58Z,2026-08-15T14:10:28Z,USD
pay_4112138591d2491cb161,o_20260815_00000565,captured,apple_pay,62.95,5.63,9.54,4.44,0.0,82.56,2026-08-15T19:46:08Z,2026-08-15T20:39:52Z,USD
pay_e13d53edef4f4518996d,o_20260815_00000566,captured,apple_pay,68.83,6.0,6.21,5.35,0.0,86.39,2026-08-15T11:22:25Z,2026-08-15T12:07:55Z,USD
pay_83c531a1b18f4c2e92d7,o_20260815_00000567,captured,apple_pay,123.24,1.45,18.89,9.63,0.0,153.21,2026-08-15T13:24:58Z,2026-08-15T13:57:29Z,USD
pay_f4c5049d67bf4c24b4ee,o_20260815_00000568,captured,wallet,123.63,3.62,13.98,7.69,0.0,148.92,2026-08-15T11:29:32Z,2026-08-15T12:14:40Z,USD
pay_e4b425d7b6ac428c8c6f,o_20260815_00000569,captured,wallet,73.5,2.49,8.37,5.7,0.0,90.06,2026-08-15T08:05:46Z,2026-08-15T09:18:34Z,USD
pay_293289f6770d46e28f5c,o_20260815_00000570,captured,card,20.67,4.22,1.72,1.56,0.0,28.17,2026-08-15T13:12:10Z,2026-08-15T14:17:01Z,USD
pay_85cdb2fc6162459e88b6,o_20260815_00000571,captured,paypal,150.51,6.16,14.47,10.67,15.05,166.76,2026-08-15T14:00:30Z,2026-08-15T14:53:35Z,USD
pay_e10cbeb94e0d4bfcb34d,o_20260815_00000572,refunded,apple_pay,94.74,5.91,14.5,6.98,9.47,112.66,2026-08-15T12:47:05Z,,USD
pay_6edcc0b07f834d3ebd76,o_20260815_00000573,captured,paypal,20.76,2.54,1.96,1.84,1.04,26.06,2026-08-15T18:53:00Z,2026-08-15T19:46:42Z,USD
pay_694d2f44926b43ad8c6c,o_20260815_00000574,captured,wallet,57.06,6.96,5.38,3.12,8.56,63.96,2026-08-15T12:58:55Z,2026-08-15T13:55:23Z,USD
pay_d4ded77ab3764aac8991,o_20260815_00000575,captured,card,27.96,2.69,2.54,2.41,2.8,32.8,2026-08-15T11:30:08Z,2026-08-15T12:23:21Z,USD
pay_d4b93d65bbc444058fb8,o_20260815_00000576,captured,wallet,72.76,6.24,6.55,5.8,7.28,84.07,2026-08-15T12:38:43Z,2026-08-15T13:39:59Z,USD
pay_dd990694904140cbb4f0,o_20260815_00000577,voided,card,93.12,3.11,8.21,8.91,0.0,113.35,2026-08-15T13:24:43Z,,USD
pay_880dee794d3841c5a0a8,o_20260815_00000578,captured,apple_pay,123.0,2.7,19.44,6.41,18.45,133.1,2026-08-15T18:44:35Z,2026-08-15T19:37:16Z,USD
pay_20b0e9a06e8e446b9a10,o_20260815_00000579,captured,paypal,80.08,3.68,8.71,6.99,8.01,91.45,2026-08-15T08:44:35Z,2026-08-15T09:34:54Z,USD
pay_cc3be26b21c3412380bb,o_20260815_00000580,captured,paypal,33.98,5.1,3.31,3.01,0.0,45.4,2026-08-15T12:14:18Z,2026-08-15T13:03:32Z,USD
pay_cadbbbc3f6bd40baaf2c,o_20260815_00000581,captured,wallet,32.86,4.5,4.31,2.19,4.93,38.93,2026-08-15T18:18:41Z,2026-08-15T19:06:23Z,USD
pay_2c8d553a717645a98d42,o_20260815_00000582,captured,wallet,108.11,4.79,10.68,10.32,0.0,133.9,2026-08-15T12:02:33Z,2026-08-15T12:45:09Z,USD
pay_7222913fb3a64718b106,o_20260815_00000583,captured,apple_pay,36.14,4.3,4.54,3.1,0.0,48.08,2026-08-15T18:59:37Z,2026-08-15T19:46:50Z,USD
pay_15ba5a61a7a044479886,o_20260815_00000584,captured,apple_pay,141.15,0.67,22.18,10.18,0.0,174.18,2026-08-15T19:24:46Z,2026-08-15T20:17:03Z,USD
pay_3d44ee78c4024bd9bbcb,o_20260815_00000585,captured,card,63.58,5.56,6.41,5.43,0.0,80.98,2026-08-15T19:20:45Z,2026-08-15T20:16:45Z,USD
pay_1497c97727d74a969657,o_20260815_00000586,captured,card,25.88,0.78,2.38,2.11,0.0,31.15,2026-08-15T18:17:29Z,2026-08-15T18:51:06Z,USD
pay_b54401da9f2e44ec8f56,o_20260815_00000587,captured,apple_pay,54.24,6.19,5.32,5.08,0.0,70.83,2026-08-15T19:49:14Z,2026-08-15T20:44:49Z,USD
pay_e2b49ab887f84c8c9e25,o_20260815_00000588,captured,card,14.92,4.48,1.45,1.22,0.0,22.07,2026-08-15T12:46:29Z,2026-08-15T13:38:13Z,USD
pay_7ca036b9da854c45aac2,o_20260815_00000589,captured,paypal,53.14,0.76,7.6,3.64,2.66,62.48,2026-08-15T19:05:29Z,2026-08-15T19:56:10Z,USD
pay_407229521f044f48b561,o_20260815_00000590,captured,card,62.42,6.4,8.3,4.6,0.0,81.72,2026-08-15T12:16:54Z,2026-08-15T13:08:23Z,USD
pay_db1c059771ec420ebcd1,o_20260815_00000591,voided,apple_pay,81.68,0.9,7.45,7.45,4.08,93.4,2026-08-15T18:55:21Z,,USD
pay_a7da59ecaccd42cba229,o_20260815_00000592,captured,card,122.3,6.9,13.08,10.36,0.0,152.64,2026-08-15T12:10:24Z,2026-08-15T12:40:28Z,USD
pay_10238001273548a79857,o_20260815_00000593,captured,apple_pay,116.43,3.11,17.9,11.12,0.0,148.56,2026-08-15T20:00:24Z,2026-08-15T21:01:28Z,USD
pay_4d9dd0b5804d49f4a9fe,o_20260815_00000594,captured,wallet,49.25,4.85,7.0,3.15,4.93,59.32,2026-08-15T18:38:49Z,2026-08-15T19:31:06Z,USD
pay_05e6c05f1f4446cfafb9,o_20260815_00000595,captured,card,71.46,6.4,10.05,7.22,0.0,95.13,2026-08-15T12:24:14Z,2026-08-15T13:25:54Z,USD
pay_6f03ae6c85054264b751,o_20260815_00000596,captured,apple_pay,59.06,5.21,5.88,5.58,0.0,75.73,2026-08-15T13:08:07Z,2026-08-15T13:56:50Z,USD
pay_49bfa5a414464768aada,o_20260815_00000597,captured,apple_pay,32.8,0.82,4.17,2.64,0.0,40.43,2026-08-15T12:52:18Z,2026-08-15T13:42:40Z,USD
pay_96f89ace2e794d17b736,o_20260815_00000598,captured,card,52.23,4.15,4.61,3.83,0.0,64.82,2026-08-15T19:58:05Z,2026-08-15T20:50:58Z,USD
pay_fce09dac7d2347a88b89,o_20260815_00000599,captured,wallet,72.32,6.4,9.35,5.89,10.85,83.11,2026-08-15T13:10:18Z,2026-08-15T14:14:55Z,USD
pay_dee193a32cda4028ac6d,o_20260815_00000600,captured,apple_pay,44.79,3.86,6.74,3.7,0.0,59.09,2026-08-15T19:37:37Z,2026-08-15T20:28:30Z,USD
pay_eef2afc8258d447c878c,o_20260815_00000601,captured,card,135.76,2.43,14.89,8.41,13.58,147.91,2026-08-15T12:48:21Z,2026-08-15T13:46:52Z,USD
pay_48282d74f6f247cbb534,o_20260815_00000602,captured,apple_pay,113.24,1.99,17.46,8.37,5.66,135.4,2026-08-15T20:14:33Z,2026-08-15T21:05:48Z,USD
pay_a84a851df0614109a7be,o_20260815_00000603,captured,card,14.62,2.05,1.68,0.93,0.73,18.55,2026-08-15T19:54:44Z,2026-08-15T20:35:05Z,USD
pay_d1003f7653654148af7e,o_20260815_00000604,captured,wallet,32.8,1.14,2.85,3.25,0.0,40.04,2026-08-15T12:57:16Z,2026-08-15T13:38:21Z,USD
pay_06eaec2eb689432fa373,o_20260815_00000605,captured,wallet,148.07,5.32,20.89,9.46,22.21,161.53,2026-08-15T11:49:27Z,2026-08-15T12:26:52Z,USD
pay_8a80f4db50cb41178d1d,o_20260815_00000606,captured,card,55.34,5.33,7.1,3.87,2.77,68.87,2026-08-15T13:50:32Z,2026-08-15T15:10:39Z,USD
pay_1f17b4edbc1045d49d4c,o_20260815_00000607,captured,apple_pay,28.92,3.81,2.39,2.81,0.0,37.93,2026-08-15T12:17:46Z,2026-08-15T13:04:28Z,USD
pay_5ae005633bc045f6b72c,o_20260815_00000608,captured,card,67.05,0.75,10.62,4.98,6.71,76.69,2026-08-15T12:04:44Z,2026-08-15T13:18:23Z,USD
pay_79973657a1be42b9a591,o_20260815_00000609,refunded,paypal,47.06,3.23,4.12,3.51,4.71,53.21,2026-08-15T11:07:26Z,,USD
pay_d2f00156657842f38423,o_20260815_00000610,captured,card,10.86,1.86,1.5,0.82,0.0,15.04,2026-08-15T19:22:59Z,2026-08-15T20:04:43Z,USD
pay_a6cda6f5d8124704b970,o_20260815_00000611,captured,apple_pay,42.38,4.95,5.01,3.2,0.0,55.54,2026-08-15T20:34:26Z,2026-08-15T21:13:12Z,USD
pay_36d58ae6fc1d40e899e9,o_20260815_00000612,captured,card,116.08,2.18,15.3,6.29,17.41,122.44,2026-08-15T19:07:10Z,2026-08-15T19:55:52Z,USD
pay_19f12710dd5e41d3a970,o_20260815_00000613,captured,wallet,102.54,6.93,16.41,7.75,5.13,128.5,2026-08-15T18:05:58Z,2026-08-15T18:49:24Z,USD
pay_f281b6cbb7354d5ba983,o_20260815_00000614,captured,wallet,140.34,1.25,22.43,12.68,0.0,176.7,2026-08-15T11:57:31Z,2026-08-15T12:50:06Z,USD
pay_716929b80d8f43e9b33d,o_20260815_00000615,captured,apple_pay,13.21,1.59,1.99,1.01,1.32,16.48,2026-08-15T18:22:33Z,2026-08-15T19:20:23Z,USD
pay_9a0e400a08de41f29423,o_20260815_00000616,captured,apple_pay,47.24,6.61,4.8,3.52,7.09,55.08,2026-08-15T12:44:31Z,2026-08-15T13:07:23Z,USD
pay_99b3d4b798b64aeba2aa,o_20260815_00000617,captured,card,135.68,1.09,15.63,10.7,0.0,163.1,2026-08-15T11:50:07Z,2026-08-15T12:38:01Z,USD
pay_fc76e117a1f64641a5d5,o_20260815_00000618,captured,card,38.8,2.85,5.35,2.28,1.94,47.34,2026-08-15T19:35:24Z,2026-08-15T20:43:23Z,USD
pay_44887d275dcf48c7a85d,o_20260815_00000619,captured,wallet,40.58,4.4,4.77,3.18,2.03,50.9,2026-08-15T18:20:32Z,2026-08-15T19:10:18Z,USD
pay_1c815e481bfd40b5975e,o_20260815_00000620,captured,wallet,29.88,3.0,4.68,2.05,2.99,36.62,2026-08-15T20:34:09Z,2026-08-15T21:10:47Z,USD
pay_8d96cd5581cf41c6b058,o_20260815_00000621,captured,paypal,13.16,4.26,1.55,1.09,1.32,18.74,2026-08-15T19:03:34Z,2026-08-15T19:52:30Z,USD
pay_77c74524985e4b3b9fbc,o_20260815_00000622,refunded,apple_pay,77.32,6.13,11.7,4.84,0.0,99.99,2026-08-15T13:18:47Z,,USD
pay_00f7f2c850874571bab8,o_20260815_00000623,captured,paypal,36.96,3.07,5.25,3.19,3.7,44.77,2026-08-15T18:14:44Z,2026-08-15T18:54:59Z,USD
pay_b0e22012d6d544358d92,o_20260815_00000624,captured,paypal,40.03,5.18,5.62,2.77,4.0,49.6,2026-08-15T18:22:04Z,2026-08-15T18:56:13Z,USD
pay_1e0e20f889a64491b868,o_20260815_00000625,captured,card,49.68,5.61,5.57,3.0,2.48,61.38,2026-08-15T19:24:15Z,2026-08-15T19:59:23Z,USD
pay_846ba6ded7d745c38f0c,o_20260815_00000626,voided,card,19.44,3.65,1.72,1.55,0.0,26.36,2026-08-15T08:44:00Z,,USD
pay_29f68edbafe345b5a807,o_20260815_00000627,captured,apple_pay,68.22,4.73,7.56,6.19,0.0,86.7,2026-08-15T13:07:20Z,2026-08-15T14:00:08Z,USD
pay_b4ec13dc8bb94bdcaf7a,o_20260815_00000628,captured,apple_pay,134.86,2.7,19.86,10.18,0.0,167.6,2026-08-15T11:28:48Z,2026-08-15T12:14:10Z,USD
pay_0ac90af42ad44c50bd40,o_20260815_00000629,captured,paypal,14.93,1.59,1.37,1.06,1.49,17.46,2026-08-15T20:29:41Z,2026-08-15T21:11:25Z,USD
pay_6dd79e5c89d74fb297bb,o_20260815_00000630,captured,wallet,69.05,1.71,7.74,5.53,0.0,84.03,2026-08-15T12:53:46Z,2026-08-15T13:46:16Z,USD
pay_791a261a873e4d33b98c,o_20260815_00000631,captured,card,73.73,2.6,10.26,4.32,3.69,87.22,2026-08-15T08:06:34Z,2026-08-15T09:11:19Z,USD
pay_42b6b2f5b7934880877d,o_20260815_00000632,captured,card,95.67,2.03,11.17,8.18,0.0,117.05,2026-08-15T13:25:28Z,2026-08-15T14:19:15Z,USD
pay_c770ae4a3d104e039ed7,o_20260815_00000633,captured,wallet,65.19,5.39,6.32,3.6,6.52,73.98,2026-08-15T18:48:10Z,2026-08-15T19:26:40Z,USD
pay_40bf0759d27747c9b697,o_20260815_00000634,captured,paypal,58.07,3.22,7.33,3.37,8.71,63.28,2026-08-15T19:17:19Z,2026-08-15T20:03:44Z,USD
pay_a5cd35108b814e119114,o_20260815_00000635,captured,card,63.03,2.54,5.78,4.12,3.15,72.32,2026-08-15T12:51:07Z,2026-08-15T13:29:43Z,USD
pay_7d77d23d1b17473599b8,o_20260815_00000636,captured,apple_pay,16.56,3.73,1.83,0.98,2.48,20.62,2026-08-15T19:48:11Z,2026-08-15T20:28:08Z,USD
pay_74380f7bed94424cb3f2,o_20260815_00000637,captured,wallet,70.66,6.9,8.22,4.51,7.07,83.22,2026-08-15T13:08:18Z,2026-08-15T14:09:11Z,USD
pay_b0aa81f78e774f22918c,o_20260815_00000638,captured,card,62.97,3.2,8.74,6.09,0.0,81.0,2026-08-15T19:22:22Z,2026-08-15T20:12:04Z,USD
pay_187cf7a89e624089a17c,o_20260815_00000639,captured,paypal,122.5,4.6,11.84,11.36,0.0,150.3,2026-08-15T18:10:19Z,2026-08-15T18:46:35Z,USD
pay_72dfc07087e740e6b92d,o_20260815_00000640,captured,wallet,69.55,1.75,7.77,4.69,0.0,83.76,2026-08-15T19:27:03Z,2026-08-15T20:06:07Z,USD
pay_cd62f84571044cebb06b,o_20260815_00000641,captured,wallet,53.91,3.69,7.58,2.95,5.39,62.74,2026-08-15T19:13:59Z,2026-08-15T19:53:41Z,USD
pay_1ccede14bbc641a8b623,o_20260815_00000642,captured,card,23.88,5.99,2.88,1.77,0.0,34.52,2026-08-15T20:01:41Z,2026-08-15T20:42:34Z,USD
pay_5fbd126ca52d49468b3b,o_20260815_00000643,captured,card,84.43,5.05,12.27,4.98,12.66,94.07,2026-08-15T18:17:04Z,2026-08-15T19:15:35Z,USD
pay_c4d11ee4a2f74a1a995b,o_20260815_00000644,captured,wallet,47.8,1.51,7.53,3.28,7.17,52.95,2026-08-15T12:28:30Z,2026-08-15T13:28:17Z,USD
pay_6a902c0bcfae46f3a31e,o_20260815_00000645,captured,wallet,98.02,3.09,12.74,5.88,0.0,119.73,2026-08-15T12:25:27Z,2026-08-15T13:14:20Z,USD
pay_9e63e2811014437bb0f1,o_20260815_00000646,captured,wallet,21.9,5.6,3.22,1.78,1.09,31.41,2026-08-15T12:58:32Z,2026-08-15T13:47:04Z,USD
pay_0cbc122b2a7146c6b42a,o_20260815_00000647,captured,card,75.38,5.65,6.59,6.4,0.0,94.02,2026-08-15T11:51:06Z,2026-08-15T12:50:13Z,USD
pay_342ebee3439345659ec3,o_20260815_00000648,captured,apple_pay,46.12,0.84,6.78,3.74,0.0,57.48,2026-08-15T18:45:58Z,2026-08-15T19:35:43Z,USD
pay_9e67d759324e48df826e,o_20260815_00000649,captured,card,87.18,1.04,7.03,5.3,8.72,91.83,2026-08-15T11:49:18Z,2026-08-15T12:40:06Z,USD
pay_0a962658ba764437b986,o_20260815_00000650,refunded,apple_pay,7.46,4.73,1.1,0.49,0.0,13.78,2026-08-15T13:58:17Z,,USD
pay_bd4c59545d6b4488b7a3,o_20260815_00000651,captured,paypal,15.86,1.25,1.55,1.38,1.59,18.45,2026-08-15T11:46:53Z,2026-08-15T12:28:35Z,USD
pay_add99e2803d34011a77f,o_20260815_00000652,captured,card,56.97,1.5,5.65,3.56,8.55,59.13,2026-08-15T19:45:30Z,2026-08-15T20:28:00Z,USD
pay_d3039efd12b7491494f9,o_20260815_00000653,captured,card,86.6,6.02,13.26,5.68,0.0,111.56,2026-08-15T19:11:19Z,2026-08-15T19:58:05Z,USD
pay_ee681d8e5f2146c1ad42,o_20260815_00000654,captured,apple_pay,62.28,5.82,6.33,5.1,9.34,70.19,2026-08-15T12:26:37Z,2026-08-15T12:52:53Z,USD
pay_4a36abe7aee14288ae3a,o_20260815_00000655,captured,apple_pay,78.32,6.54,11.04,7.12,7.83,95.19,2026-08-15T18:57:18Z,2026-08-15T19:38:29Z,USD
pay_3edfe4ba916b4c1386c5,o_20260815_00000656,captured,paypal,130.38,4.34,18.02,10.52,6.52,156.74,2026-08-15T20:09:16Z,2026-08-15T21:17:30Z,USD
pay_273b1a868ed24438b9f2,o_20260815_00000657,captured,wallet,44.55,2.77,6.95,2.75,2.23,54.79,2026-08-15T18:04:44Z,2026-08-15T18:40:10Z,USD
pay_74c2aa97331c43cea6fd,o_20260815_00000658,captured,apple_pay,85.86,1.37,11.42,5.19,0.0,103.84,2026-08-15T18:53:19Z,2026-08-15T19:39:04Z,USD
pay_871b6e3529e34feebac3,o_20260815_00000659,refunded,apple_pay,74.18,1.67,6.42,5.55,7.42,80.4,2026-08-15T13:46:26Z,,USD
pay_7b680109721548dc967f,o_20260815_00000660,captured,apple_pay,20.96,0.68,2.57,1.57,0.0,25.78,2026-08-15T11:31:25Z,2026-08-15T12:26:17Z,USD
pay_b104e61451be44c59ae7,o_20260815_00000661,captured,apple_pay,101.5,6.35,11.4,5.19,15.22,109.22,2026-08-15T19:36:14Z,2026-08-15T20:25:11Z,USD
pay_8f18dcb17538401d82e3,o_20260815_00000662,captured,card,90.97,4.73,8.5,5.27,9.1,100.37,2026-08-15T18:54:14Z,2026-08-15T19:34:04Z,USD
pay_f2d040b401b145d38de8,o_20260815_00000663,captured,card,17.5,5.06,2.37,1.47,1.75,24.65,2026-08-15T19:34:01Z,2026-08-15T20:36:11Z,USD
pay_c9bff4287a0a46578171,o_20260815_00000664,refunded,apple_pay,96.49,3.21,14.28,8.88,4.82,118.04,2026-08-15T08:43:36Z,,USD
pay_d75cf32cfdb14339a0fd,o_20260815_00000665,captured,wallet,91.68,5.49,8.4,6.96,0.0,112.53,2026-08-15T12:03:08Z,2026-08-15T12:50:59Z,USD
pay_9fb5543e5fa2483f9a76,o_20260815_00000666,captured,apple_pay,65.72,5.36,8.75,5.74,6.57,79.0,2026-08-15T12:20:18Z,2026-08-15T13:13:07Z,USD
pay_abefbba744e24eab8f7e,o_20260815_00000667,captured,apple_pay,118.82,1.92,14.79,8.28,11.88,131.93,2026-08-15T12:08:56Z,2026-08-15T12:29:30Z,USD
pay_53025b262d514a629219,o_20260815_00000668,voided,apple_pay,93.45,1.38,13.12,8.21,0.0,116.16,2026-08-15T12:22:56Z,,USD
pay_07ab794266e649bdb1c9,o_20260815_00000669,captured,apple_pay,70.2,2.4,8.63,4.91,0.0,86.14,2026-08-15T20:35:37Z,2026-08-15T21:37:21Z,USD
pay_10dc2a0a9db54645a416,o_20260815_00000670,captured,card,9.97,3.0,1.39,0.61,1.0,13.97,2026-08-15T19:49:58Z,2026-08-15T20:25:32Z,USD
pay_82185d54191a40a590d3,o_20260815_00000671,refunded,paypal,9.29,2.14,1.4,0.74,0.0,13.57,2026-08-15T13:28:04Z,,USD
pay_bcfff22e85554c7987f5,o_20260815_00000672,captured,apple_pay,108.27,1.16,16.5,8.2,0.0,134.13,2026-08-15T08:23:26Z,2026-08-15T08:59:28Z,USD
pay_0c1dcf17371247959130,o_20260815_00000673,captured,apple_pay,100.86,5.25,11.9,6.49,0.0,124.5,2026-08-15T12:32:49Z,2026-08-15T13:23:21Z,USD
pay_4fe2ab4cb477429ebb4d,o_20260815_00000674,voided,wallet,119.33,3.65,18.76,10.63,5.97,146.4,2026-08-15T08:08:29Z,,USD
pay_85969d38f1d842a2af83,o_20260815_00000675,refunded,wallet,39.11,2.84,5.28,3.41,0.0,50.64,2026-08-15T12:52:00Z,,USD
pay_4e0eb506eef04e469793,o_20260815_00000676,captured,paypal,12.91,3.42,2.05,0.88,0.0,19.26,2026-08-15T11:42:11Z,2026-08-15T12:24:49Z,USD
pay_eaec8a6184f74f97ba9d,o_20260815_00000677,voided,paypal,94.58,4.11,7.98,6.63,9.46,103.84,2026-08-15T18:48:27Z,,USD
pay_d1e64e22392d4c21886f,o_20260815_00000678,captured,card,55.62,1.48,8.83,4.87,0.0,70.8,2026-08-15T20:57:25Z,2026-08-15T21:38:11Z,USD
pay_c9a07d3fec724e8e9b47,o_20260815_00000679,captured,card,16.56,5.11,2.13,1.44,0.83,24.41,2026-08-15T19:18:46Z,2026-08-15T20:11:14Z,USD
pay_4c731a84e9b44213adeb,o_20260815_00000680,captured,paypal,37.79,6.33,4.4,2.58,5.67,45.43,2026-08-15T11:22:43Z,2026-08-15T12:08:14Z,USD
pay_b7d8b45bd5284a2fa321,o_20260815_00000681,captured,paypal,25.96,6.24,3.3,1.96,2.6,34.86,2026-08-15T08:33:48Z,2026-08-15T09:17:21Z,USD
pay_7f4c25d464cd4c1fbd77,o_20260815_00000682,captured,paypal,34.86,4.02,3.63,2.35,0.0,44.86,2026-08-15T18:47:16Z,2026-08-15T19:32:06Z,USD
pay_dabf612d26634e1c938d,o_20260815_00000683,captured,paypal,37.81,1.73,4.22,2.67,0.0,46.43,2026-08-15T19:19:35Z,2026-08-15T20:32:28Z,USD
pay_fe631e560750420a959d,o_20260815_00000684,captured,wallet,40.32,5.46,6.38,2.9,0.0,55.06,2026-08-15T18:58:49Z,2026-08-15T19:33:52Z,USD
pay_3495aa44f87b481dbbbd,o_20260815_00000685,captured,apple_pay,23.81,2.81,3.3,2.27,1.19,31.0,2026-08-15T18:31:46Z,2026-08-15T19:18:36Z,USD
pay_8cc20909a0c348d68d44,o_20260815_00000686,captured,paypal,59.22,2.53,5.81,4.17,2.96,68.77,2026-08-15T12:27:45Z,2026-08-15T13:17:33Z,USD
pay_df3ad32e42e04772ad35,o_20260815_00000687,captured,paypal,102.12,4.7,10.86,6.9,10.21,114.37,2026-08-15T13:01:07Z,2026-08-15T13:35:26Z,USD
pay_8f9ec893867b4a9188cf,o_20260815_00000688,captured,paypal,16.86,4.74,1.44,1.43,1.69,22.78,2026-08-15T20:06:11Z,2026-08-15T20:59:46Z,USD
pay_459ee5ac118e4453b3b6,o_20260815_00000689,captured,apple_pay,88.18,2.24,9.03,8.37,0.0,107.82,2026-08-15T12:05:27Z,2026-08-15T12:37:16Z,USD
pay_0b85559a5c13420d854e,o_20260815_00000690,captured,card,63.6,4.18,8.88,4.17,0.0,80.83,2026-08-15T12:33:24Z,2026-08-15T13:14:54Z,USD
pay_f9c1eb462d3743f19ad0,o_20260815_00000691,captured,paypal,15.08,6.98,1.76,1.36,0.75,24.43,2026-08-15T11:53:54Z,2026-08-15T12:34:42Z,USD
pay_2072241037004789a548,o_20260815_00000692,captured,card,83.21,5.18,13.05,7.39,0.0,108.83,2026-08-15T13:38:34Z,2026-08-15T14:23:55Z,USD
pay_e15089f9463140bf9cc2,o_20260815_00000693,captured,paypal,47.7,3.27,5.67,3.96,7.16,53.44,2026-08-15T13:19:50Z,2026-08-15T14:07:56Z,USD
pay_e12be717074442428f9c,o_20260815_00000694,voided,apple_pay,64.18,2.27,5.66,5.58,6.42,71.27,2026-08-15T19:30:53Z,,USD
pay_29b5a5b123cc4d74b7a1,o_20260815_00000695,refunded,wallet,123.93,1.72,17.52,7.33,12.39,138.11,2026-08-15T11:27:01Z,,USD
pay_8e34a2a42a7e428ab840,o_20260815_00000696,captured,apple_pay,89.94,6.47,13.34,6.77,0.0,116.52,2026-08-15T19:27:49Z,2026-08-15T20:35:24Z,USD
pay_220fb8fd06b743999289,o_20260815_00000697,captured,paypal,69.48,3.04,10.69,3.56,10.42,76.35,2026-08-15T19:50:01Z,2026-08-15T20:39:52Z,USD
pay_f266b900023c4f5ab8c1,o_20260815_00000698,captured,wallet,44.18,1.38,5.32,2.92,0.0,53.8,2026-08-15T19:20:27Z,2026-08-15T20:05:16Z,USD
pay_75c77d3f6ba44b3998ef,o_20260815_00000699,captured,card,18.6,0.59,2.75,1.43,2.79,20.58,2026-08-15T12:51:22Z,2026-08-15T13:48:33Z,USD
pay_d8a863bc03674460bbc0,o_20260815_00000700,captured,wallet,122.0,1.31,15.5,12.29,0.0,151.1,2026-08-15T11:53:55Z,2026-08-15T13:08:06Z,USD
pay_27cbb05e7feb4280b1b0,o_20260815_00000701,captured,apple_pay,117.17,2.62,15.45,8.23,0.0,143.47,2026-08-15T20:51:09Z,2026-08-15T21:55:49Z,USD
pay_20daf49fa9024fb3aed8,o_20260815_00000702,captured,card,29.12,4.71,3.93,1.65,4.37,35.04,2026-08-15T13:35:47Z,2026-08-15T14:20:59Z,USD
pay_ec986dbf18d74ae989d3,o_20260815_00000703,captured,card,8.51,2.93,1.24,0.86,0.0,13.54,2026-08-15T20:27:35Z,2026-08-15T21:20:13Z,USD
pay_f3a832c7980d47ac842b,o_20260815_00000704,captured,wallet,39.22,0.91,6.12,3.65,0.0,49.9,2026-08-15T12:43:56Z,2026-08-15T13:27:32Z,USD
pay_5577c5ed099b461a8ed0,o_20260815_00000705,captured,apple_pay,99.18,3.13,14.34,8.17,0.0,124.82,2026-08-15T12:42:40Z,2026-08-15T13:53:14Z,USD
pay_ff5c5d0e5e9c4b3a8e1f,o_20260815_00000706,captured,apple_pay,42.32,3.22,5.45,3.64,0.0,54.63,2026-08-15T20:59:57Z,2026-08-15T22:07:11Z,USD
pay_e5e69e4c67654d59a950,o_20260815_00000707,captured,wallet,135.09,5.54,17.19,9.63,0.0,167.45,2026-08-15T20:30:56Z,2026-08-15T21:31:11Z,USD
pay_07f3204044c8464da1ce,o_20260815_00000708,captured,card,136.39,6.24,20.35,13.39,0.0,176.37,2026-08-15T12:23:05Z,2026-08-15T13:18:32Z,USD
pay_69d1bb5d5dd249bd893d,o_20260815_00000709,captured,card,18.09,5.24,1.68,1.48,0.0,26.49,2026-08-15T12:17:03Z,2026-08-15T12:57:07Z,USD
pay_51e76edc2b334f35b7a7,o_20260815_00000710,voided,apple_pay,17.76,5.83,1.78,1.29,0.89,25.77,2026-08-15T19:35:00Z,,USD
pay_d9360734bfb0496b9ee2,o_20260815_00000711,captured,card,85.26,2.89,10.8,6.27,8.53,96.69,2026-08-15T19:07:51Z,2026-08-15T20:14:57Z,USD
pay_deeaadedd8a24e8d9909,o_20260815_00000712,refunded,card,56.66,0.63,5.96,4.4,2.83,64.82,2026-08-15T12:22:36Z,,USD
pay_d357db539ad3409f959b,o_20260815_00000713,captured,card,29.16,1.8,4.65,2.51,0.0,38.12,2026-08-15T18:28:46Z,2026-08-15T19:41:57Z,USD
pay_8891af9ab8484c6485d1,o_20260815_00000714,captured,wallet,74.48,5.51,8.29,5.48,11.17,82.59,2026-08-15T20:36:39Z,2026-08-15T21:06:15Z,USD
pay_bac5067f6c9247f7993e,o_20260815_00000715,captured,card,41.6,0.5,4.83,3.55,0.0,50.48,2026-08-15T13:03:14Z,2026-08-15T14:03:45Z,USD
pay_17836117121c4e62a83b,o_20260815_00000716,captured,card,98.8,4.74,10.21,9.33,0.0,123.08,2026-08-15T20:00:07Z,2026-08-15T20:56:50Z,USD
pay_c407688773b34b268e5f,o_20260815_00000717,captured,paypal,58.75,2.76,5.44,5.52,0.0,72.47,2026-08-15T11:40:47Z,2026-08-15T12:31:33Z,USD
pay_f090127fedb34ee8b38c,o_20260815_00000718,captured,wallet,62.97,1.38,7.56,4.03,9.45,66.49,2026-08-15T12:37:47Z,2026-08-15T13:04:18Z,USD
pay_8d3f123ab2a54d17b8fe,o_20260815_00000719,captured,wallet,97.04,1.91,9.15,5.85,0.0,113.95,2026-08-15T20:53:02Z,2026-08-15T21:48:52Z,USD
pay_7e20e2234f2f4884ac5b,o_20260815_00000720,captured,wallet,124.64,1.06,13.25,8.48,6.23,141.2,2026-08-15T08:37:10Z,2026-08-15T09:29:56Z,USD
pay_87f401b4544e41f9a3dd,o_20260815_00000721,captured,wallet,44.79,1.26,3.77,4.22,0.0,54.04,2026-08-15T13:58:47Z,2026-08-15T14:42:21Z,USD
pay_4c39269928fd43da87b4,o_20260815_00000722,voided,apple_pay,113.75,5.4,10.07,9.51,0.0,138.73,2026-08-15T19:12:24Z,,USD
pay_f593f2ce879b4d60b986,o_20260815_00000723,voided,apple_pay,167.13,1.04,20.75,10.91,0.0,199.83,2026-08-15T18:54:38Z,,USD
pay_1b0023d59878485e8bd4,o_20260815_00000724,captured,wallet,38.86,4.02,3.25,2.4,0.0,48.53,2026-08-15T12:53:50Z,2026-08-15T13:49:47Z,USD
pay_cae769ca08664a4c8861,o_20260815_00000725,captured,paypal,72.38,4.31,6.64,5.03,3.62,84.74,2026-08-15T12:24:15Z,2026-08-15T13:13:02Z,USD
pay_501c07c46a1147ba8f84,o_20260815_00000726,captured,wallet,15.13,4.42,2.08,1.3,0.0,22.93,2026-08-15T11:56:39Z,2026-08-15T13:00:14Z,USD
pay_50c28eedad284854bac5,o_20260815_00000727,captured,wallet,76.44,6.38,8.15,5.89,0.0,96.86,2026-08-15T13:11:27Z,2026-08-15T13:46:17Z,USD
pay_26956304ba8b44559061,o_20260815_00000728,captured,card,69.68,2.71,9.43,3.79,6.97,78.64,2026-08-15T13:44:19Z,2026-08-15T14:43:54Z,USD
pay_598c69f23f894f8bacc6,o_20260815_00000729,captured,apple_pay,76.29,0.84,8.05,6.45,0.0,91.63,2026-08-15T12:26:36Z,2026-08-15T13:15:16Z,USD
pay_1eccc2192c9b4a32bf75,o_20260815_00000730,captured,paypal,82.62,1.09,11.69,6.92,8.26,94.06,2026-08-15T19:43:17Z,2026-08-15T20:26:10Z,USD
pay_8dee4563a1ac42a9b033,o_20260815_00000731,captured,wallet,65.3,2.4,6.46,4.3,0.0,78.46,2026-08-15T18:04:09Z,2026-08-15T19:09:38Z,USD
pay_bed6a200a0554b04b275,o_20260815_00000732,captured,card,20.96,2.47,3.2,1.53,3.14,25.02,2026-08-15T12:49:29Z,2026-08-15T13:54:19Z,USD
pay_7b85a8f58968489d93e6,o_20260815_00000733,voided,apple_pay,57.31,4.29,6.31,4.65,8.6,63.96,2026-08-15T18:48:42Z,,USD
pay_84ac612ae76742618548,o_20260815_00000734,captured,apple_pay,55.76,2.06,5.54,3.24,2.79,63.81,2026-08-15T20:10:00Z,2026-08-15T20:55:41Z,USD
pay_be527705bfed40eead01,o_20260815_00000735,captured,apple_pay,89.75,3.06,10.74,8.9,0.0,112.45,2026-08-15T18:27:51Z,2026-08-15T19:03:17Z,USD
pay_72c194dff97c4f18ad11,o_20260815_00000736,captured,card,53.65,0.69,7.28,5.03,2.68,63.97,2026-08-15T11:40:24Z,2026-08-15T12:10:00Z,USD
pay_ee3e05b7b24d46cfbc31,o_20260815_00000737,captured,paypal,89.15,3.96,11.18,6.26,8.91,101.64,2026-08-15T11:05:27Z,2026-08-15T12:05:09Z,USD
pay_8c4918532a5c4cdf9f41,o_20260815_00000738,captured,card,66.15,2.39,10.34,5.43,0.0,84.31,2026-08-15T11:15:24Z,2026-08-15T12:10:03Z,USD
pay_f2d23e9ddfd6453bb388,o_20260815_00000739,captured,wallet,52.98,6.07,6.0,5.02,2.65,67.42,2026-08-15T20:18:43Z,2026-08-15T21:10:33Z,USD
pay_045779a844e54ccdb77a,o_20260815_00000740,captured,paypal,29.86,4.7,3.11,2.86,0.0,40.53,2026-08-15T20:26:40Z,2026-08-15T21:13:07Z,USD
pay_e635fd79fdfc4fa4a08e,o_20260815_00000741,captured,wallet,44.75,2.87,6.85,2.55,6.71,50.31,2026-08-15T18:33:25Z,2026-08-15T19:49:40Z,USD
pay_e2d7f1d32c0a4daf9ff9,o_20260815_00000742,captured,apple_pay,64.82,2.59,9.2,4.32,0.0,80.93,2026-08-15T13:14:03Z,2026-08-15T14:16:33Z,USD
pay_e3b280d6c5c94fcdaef5,o_20260815_00000743,captured,apple_pay,31.7,2.85,4.47,2.46,4.75,36.73,2026-08-15T19:49:57Z,2026-08-15T20:50:49Z,USD
pay_b84d093e646e4e0fa489,o_20260815_00000744,captured,card,14.5,5.42,2.28,1.46,0.0,23.66,2026-08-15T18:35:03Z,2026-08-15T19:29:29Z,USD
pay_11a20c88fb7e46518af0,o_20260815_00000745,captured,card,77.54,6.09,10.56,5.42,0.0,99.61,2026-08-15T19:04:10Z,2026-08-15T19:57:50Z,USD
pay_32045e820d7f4f57bdc6,o_20260815_00000746,captured,apple_pay,27.88,0.93,2.6,2.48,1.39,32.5,2026-08-15T13:30:55Z,2026-08-15T14:15:32Z,USD
pay_c20a190d6fa44e6696ca,o_20260815_00000747,refunded,card,45.05,5.16,4.42,3.22,6.76,51.09,2026-08-15T13:26:38Z,,USD
pay_d84fa7cf057f459982c6,o_20260815_00000748,captured,wallet,21.25,3.57,2.36,2.17,0.0,29.35,2026-08-15T18:52:56Z,2026-08-15T19:26:16Z,USD
pay_d9f3ea8a577f4a429054,o_20260815_00000749,captured,card,73.23,2.44,7.82,5.92,3.66,85.75,2026-08-15T11:10:34Z,2026-08-15T11:29:41Z,USD
pay_c8eb138ab9e64e6fa156,o_20260815_00000750,captured,wallet,67.17,6.65,9.29,6.39,0.0,89.5,2026-08-15T12:55:26Z,2026-08-15T13:45:09Z,USD
pay_6278987f988644c2940c,o_20260815_00000751,captured,paypal,70.13,6.69,10.7,5.01,7.01,85.52,2026-08-15T08:55:49Z,2026-08-15T09:55:25Z,USD
pay_0724c67c3b5743e0a6df,o_20260815_00000752,captured,apple_pay,61.11,1.02,6.77,4.73,9.17,64.46,2026-08-15T18:11:25Z,2026-08-15T19:08:12Z,USD
pay_62ee6332336845708ca8,o_20260815_00000753,captured,paypal,71.82,3.3,10.91,6.28,0.0,92.31,2026-08-15T13:13:01Z,2026-08-15T14:00:02Z,USD
pay_fe9346e7f8284bb8af2c,o_20260815_00000754,captured,apple_pay,78.03,6.01,11.18,4.28,11.7,87.8,2026-08-15T20:52:02Z,2026-08-15T21:57:09Z,USD
pay_22d6a93fc66c4f3f9016,o_20260815_00000755,captured,wallet,51.7,5.82,8.02,4.08,0.0,69.62,2026-08-15T18:37:32Z,2026-08-15T19:20:24Z,USD
pay_9bceb97bd0f242efbdff,o_20260815_00000756,captured,card,32.67,1.46,4.77,2.37,0.0,41.27,2026-08-15T19:37:34Z,2026-08-15T20:48:14Z,USD
pay_4c815121394b4dc3a2a8,o_20260815_00000757,captured,card,30.43,1.55,4.37,3.09,0.0,39.44,2026-08-15T13:20:20Z,2026-08-15T14:40:50Z,USD
pay_e8bc675c9abc413f97b1,o_20260815_00000758,captured,wallet,42.29,3.48,6.46,3.91,0.0,56.14,2026-08-15T11:34:31Z,2026-08-15T12:34:02Z,USD
pay_573fdf47f36447cdbd27,o_20260815_00000759,captured,apple_pay,103.97,5.26,9.43,6.12,10.4,114.38,2026-08-15T11:27:21Z,2026-08-15T12:19:07Z,USD
pay_e21ddec06b5e435397db,o_20260815_00000760,captured,apple_pay,37.48,1.52,4.63,2.43,1.87,44.19,2026-08-15T19:16:19Z,2026-08-15T20:06:16Z,USD
pay_86a63c87456347c983e4,o_20260815_00000761,captured,apple_pay,106.17,0.87,14.2,7.65,15.93,112.96,2026-08-15T11:23:41Z,2026-08-15T11:58:31Z,USD
pay_c7ca7da371e6470da6a7,o_20260815_00000762,captured,wallet,6.82,3.83,0.69,0.58,0.0,11.92,2026-08-15T12:39:06Z,2026-08-15T13:10:40Z,USD
pay_125e3c568beb4b7d8447,o_20260815_00000763,captured,paypal,43.26,6.21,3.48,2.78,0.0,55.73,2026-08-15T18:56:46Z,2026-08-15T19:47:39Z,USD
pay_b2191ea90b7e42cfa4f2,o_20260815_00000764,captured,wallet,7.46,1.68,0.83,0.63,0.0,10.6,2026-08-15T11:07:27Z,2026-08-15T12:06:55Z,USD
pay_e8568b286ebf4014aacb,o_20260815_00000765,captured,wallet,116.35,5.11,14.29,6.98,0.0,142.73,2026-08-15T12:59:39Z,2026-08-15T13:56:26Z,USD
pay_f8403e5124b04f1d95f7,o_20260815_00000766,captured,card,46.76,3.31,6.57,3.39,0.0,60.03,2026-08-15T19:10:45Z,2026-08-15T19:57:32Z,USD
pay_5c6296d8d9b140a4aa2d,o_20260815_00000767,captured,wallet,46.88,1.73,7.27,3.15,0.0,59.03,2026-08-15T19:04:49Z,2026-08-15T19:46:55Z,USD
pay_cbc5c9014af44ab49d20,o_20260815_00000768,captured,wallet,18.09,2.54,2.03,1.46,0.0,24.12,2026-08-15T08:25:06Z,2026-08-15T09:24:13Z,USD
pay_92ca964319ff4613bdd4,o_20260815_00000769,captured,apple_pay,113.16,4.18,10.27,9.16,0.0,136.77,2026-08-15T12:33:00Z,2026-08-15T13:26:12Z,USD
pay_1dac006b88fb4b96b437,o_20260815_00000770,captured,paypal,61.3,5.74,9.56,4.9,0.0,81.5,2026-08-15T18:22:15Z,2026-08-15T18:56:51Z,USD
pay_4ebf90eb7bbc4e5280b2,o_20260815_00000771,captured,card,32.34,1.83,4.3,2.22,4.85,35.84,2026-08-15T18:12:43Z,2026-08-15T19:04:13Z,USD
pay_147bc644c2d449918a56,o_20260815_00000772,captured,wallet,69.61,6.83,6.32,4.49,0.0,87.25,2026-08-15T20:04:17Z,2026-08-15T21:01:39Z,USD
pay_19ead5d72e414bc49879,o_20260815_00000773,refunded,card,94.78,1.82,11.0,7.97,9.48,106.09,2026-08-15T19:12:53Z,,USD
pay_27630e4010ea4070b725,o_20260815_00000774,captured,paypal,43.69,0.95,3.63,3.09,4.37,46.99,2026-08-15T12:27:57Z,2026-08-15T13:09:03Z,USD
pay_2842c2ec44d147a08945,o_20260815_00000775,captured,paypal,123.48,6.71,18.15,6.38,18.52,136.2,2026-08-15T19:24:42Z,2026-08-15T20:02:59Z,USD
pay_37f486f8aaac418eb2f7,o_20260815_00000776,captured,paypal,25.96,2.79,2.29,1.59,1.3,31.33,2026-08-15T13:36:48Z,2026-08-15T14:28:47Z,USD
pay_0c7c2619a6074fcd9138,o_20260815_00000777,captured,card,81.68,5.46,9.57,8.36,0.0,105.07,2026-08-15T18:05:18Z,2026-08-15T18:48:53Z,USD
pay_920f297e817f444092b1,o_20260815_00000778,captured,card,65.74,6.2,8.24,6.06,0.0,86.24,2026-08-15T19:38:12Z,2026-08-15T20:23:56Z,USD
pay_593293722f0e41dbb4a8,o_20260815_00000779,captured,paypal,52.31,6.91,7.98,4.41,2.62,68.99,2026-08-15T19:39:31Z,2026-08-15T20:21:51Z,USD
pay_6ad3b1351f1747c482ae,o_20260815_00000780,captured,apple_pay,85.45,4.84,7.89,6.61,0.0,104.79,2026-08-15T20:23:35Z,2026-08-15T21:06:59Z,USD
pay_6942507aab564f11b388,o_20260815_00000781,refunded,apple_pay,60.99,4.67,6.95,3.96,0.0,76.57,2026-08-15T13:59:58Z,,USD
pay_6a07cf3689794c11b52e,o_20260815_00000782,captured,apple_pay,84.12,5.93,10.39,5.63,0.0,106.07,2026-08-15T11:56:44Z,2026-08-15T12:16:29Z,USD
pay_b1e262d50d7f40f0b253,o_20260815_00000783,captured,wallet,102.3,1.95,11.37,6.93,0.0,122.55,2026-08-15T19:12:48Z,2026-08-15T20:16:37Z,USD
pay_7f4d730eb1ac4ca5bcb8,o_20260815_00000784,captured,wallet,40.56,2.15,5.72,3.05,0.0,51.48,2026-08-15T19:48:22Z,2026-08-15T20:32:48Z,USD
pay_5b974ea2eabc44b1ba42,o_20260815_00000785,captured,wallet,14.8,0.56,1.24,1.33,1.48,16.45,2026-08-15T18:51:04Z,2026-08-15T19:25:22Z,USD
pay_057d30d933cb4743bb86,o_20260815_00000786,refunded,wallet,22.12,2.71,1.99,1.68,2.21,26.29,2026-08-15T11:27:10Z,,USD
pay_ea04cfa77b72400a977b,o_20260815_00000787,captured,card,63.99,2.94,5.58,4.96,3.2,74.27,2026-08-15T20:06:56Z,2026-08-15T20:58:31Z,USD
pay_1a61dd80d6b644f1bf2e,o_20260815_00000788,refunded,apple_pay,32.32,4.54,3.65,2.65,0.0,43.16,2026-08-15T12:32:00Z,,USD
pay_a967840e59ac48fea2c4,o_20260815_00000789,captured,wallet,106.19,1.49,9.58,8.98,0.0,126.24,2026-08-15T20:47:20Z,2026-08-15T21:43:43Z,USD
pay_4d62a7be1ae243028b88,o_20260815_00000790,captured,wallet,108.11,1.35,12.38,7.32,0.0,129.16,2026-08-15T20:51:00Z,2026-08-15T21:48:59Z,USD
pay_57eb132a67714e87a755,o_20260815_00000791,captured,wallet,61.77,5.09,6.81,3.9,0.0,77.57,2026-08-15T20:47:39Z,2026-08-15T21:43:33Z,USD
pay_0e5c1e4db7364ea18dd1,o_20260815_00000792,captured,apple_pay,55.23,0.68,5.67,4.55,8.28,57.85,2026-08-15T18:17:28Z,2026-08-15T19:21:36Z,USD
pay_e3f0fc14062f4252bf3a,o_20260815_00000793,captured,paypal,165.96,1.28,16.21,13.71,24.89,172.27,2026-08-15T19:55:18Z,2026-08-15T20:47:09Z,USD
pay_0a965b00d4ca4ef289ab,o_20260815_00000794,captured,apple_pay,34.02,5.27,4.21,2.53,0.0,46.03,2026-08-15T20:00:03Z,2026-08-15T20:51:49Z,USD
pay_814bd223f2cc4678af66,o_20260815_00000795,captured,apple_pay,20.92,4.58,2.46,1.54,0.0,29.5,2026-08-15T13:12:44Z,2026-08-15T13:51:39Z,USD
pay_595074485e744ed7a400,o_20260815_00000796,voided,wallet,79.9,6.05,6.53,5.27,0.0,97.75,2026-08-15T18:38:35Z,,USD
pay_e19779ace728447daf2b,o_20260815_00000797,captured,apple_pay,36.91,6.19,4.08,3.55,0.0,50.73,2026-08-15T19:52:55Z,2026-08-15T20:33:10Z,USD
pay_268b0cb2debc4441b098,o_20260815_00000798,captured,apple_pay,64.14,6.38,8.24,4.34,9.62,73.48,2026-08-15T11:57:34Z,2026-08-15T12:41:22Z,USD
pay_ca2382ed655b432e8d3e,o_20260815_00000799,captured,apple_pay,43.96,1.52,5.89,3.47,0.0,54.84,2026-08-15T20:11:09Z,2026-08-15T20:55:51Z,USD
pay_80db2bf2f1a04508a1d0,o_20260815_00000800,captured,wallet,34.77,4.93,4.17,2.04,3.48,42.43,2026-08-15T12:51:05Z,2026-08-15T13:22:44Z,USD
pay_a280f21eb0e64b8cbaa6,o_20260815_00000801,voided,paypal,36.82,2.38,4.53,2.66,5.52,40.87,2026-08-15T13:21:03Z,,USD
pay_f6b4539ced284035bc62,o_20260815_00000802,voided,apple_pay,23.75,6.53,2.5,1.99,1.19,33.58,2026-08-15T08:20:40Z,,USD
pay_fa3d3a535c4049aeba78,o_20260815_00000803,captured,card,53.34,0.72,8.03,4.39,0.0,66.48,2026-08-15T20:23:20Z,2026-08-15T21:09:55Z,USD
pay_750f1b165fa544669cfc,o_20260815_00000804,captured,apple_pay,10.29,1.41,1.07,0.63,1.54,11.86,2026-08-15T19:20:36Z,2026-08-15T19:53:21Z,USD
pay_4e19fc8588a34aa8a7f1,o_20260815_00000805,captured,card,121.65,4.7,11.13,9.34,6.08,140.74,2026-08-15T12:18:35Z,2026-08-15T13:03:27Z,USD
pay_e01a7953126a461481b1,o_20260815_00000806,captured,paypal,67.26,1.56,7.0,5.05,0.0,80.87,2026-08-15T11:51:07Z,2026-08-15T12:29:58Z,USD
pay_118f67f3dd064766858f,o_20260815_00000807,captured,card,85.03,5.86,10.68,7.16,0.0,108.73,2026-08-15T19:27:24Z,2026-08-15T20:24:52Z,USD
pay_7a783e8cd12347f9be00,o_20260815_00000808,captured,paypal,86.92,6.38,12.66,6.56,0.0,112.52,2026-08-15T08:21:20Z,2026-08-15T09:24:00Z,USD
pay_1001694bff2346a7b822,o_20260815_00000809,captured,paypal,21.93,6.04,3.09,1.33,2.19,30.2,2026-08-15T12:49:47Z,2026-08-15T13:43:30Z,USD
pay_b601dc3c96e24f1ba784,o_20260815_00000810,captured,apple_pay,92.82,4.51,13.63,4.88,13.92,101.92,2026-08-15T20:05:16Z,2026-08-15T20:50:30Z,USD
pay_9ae15acf19bb424a8849,o_20260815_00000811,captured,paypal,105.45,6.84,14.44,7.99,5.27,129.45,2026-08-15T12:49:44Z,2026-08-15T13:34:32Z,USD
pay_3285d27d27d941c08d7a,o_20260815_00000812,captured,wallet,56.94,6.5,7.29,4.31,8.54,66.5,2026-08-15T12:46:14Z,2026-08-15T13:39:19Z,USD
pay_071cd7b970f24788860b,o_20260815_00000813,refunded,paypal,42.93,1.49,3.46,2.84,0.0,50.72,2026-08-15T12:45:09Z,,USD
pay_0cc116c344e8452fbb12,o_20260815_00000814,captured,paypal,75.76,2.4,8.95,6.17,0.0,93.28,2026-08-15T19:56:38Z,2026-08-15T20:33:00Z,USD
pay_f353516491dc445d8aaa,o_20260815_00000815,captured,paypal,9.97,4.73,0.93,0.66,0.5,15.79,2026-08-15T19:40:40Z,2026-08-15T20:09:44Z,USD
pay_9fcb2658046842e1bdae,o_20260815_00000816,refunded,apple_pay,52.04,2.29,6.19,2.98,2.6,60.9,2026-08-15T20:48:59Z,,USD
pay_6d60114e92824ba3b596,o_20260815_00000817,captured,card,112.27,0.79,13.34,8.73,11.23,123.9,2026-08-15T11:44:34Z,2026-08-15T12:48:41Z,USD
pay_d9201f439b6f4827b1a6,o_20260815_00000818,captured,apple_pay,44.37,5.05,3.81,2.68,2.22,53.69,2026-08-15T13:36:25Z,2026-08-15T14:16:13Z,USD
pay_7ff2ecb3909a4d64b1e4,o_20260815_00000819,captured,wallet,131.4,1.24,20.7,9.11,6.57,155.88,2026-08-15T08:25:36Z,2026-08-15T09:08:26Z,USD
pay_60e4f2e703454c289c59,o_20260815_00000820,captured,wallet,101.5,5.39,9.36,6.24,0.0,122.49,2026-08-15T18:47:42Z,2026-08-15T19:24:36Z,USD
pay_bdbf68dbc81c44949fad,o_20260815_00000821,captured,apple_pay,37.11,0.57,3.32,2.24,3.71,39.53,2026-08-15T12:35:55Z,2026-08-15T13:23:11Z,USD
pay_5b5488264a0345a8945c,o_20260815_00000822,voided,paypal,50.76,1.79,4.92,3.78,7.61,53.64,2026-08-15T20:04:50Z,,USD
pay_16d49d96db104d42887d,o_20260815_00000823,captured,wallet,122.13,1.47,10.99,10.53,12.21,132.91,2026-08-15T18:11:46Z,2026-08-15T18:50:48Z,USD
pay_fff4cb5167744a5fab0c,o_20260815_00000824,captured,apple_pay,44.7,4.87,5.81,2.99,2.24,56.13,2026-08-15T12:10:04Z,2026-08-15T13:06:35Z,USD
pay_b9e9e68a982c4160808d,o_20260815_00000825,captured,apple_pay,30.25,5.83,4.52,1.97,4.54,38.03,2026-08-15T18:02:39Z,2026-08-15T18:39:10Z,USD
pay_8c7bc993acf04b07a89d,o_20260815_00000826,captured,card,123.92,2.12,15.3,9.01,0.0,150.35,2026-08-15T13:22:54Z,2026-08-15T13:58:18Z,USD
pay_b457b3f29e91409b8585,o_20260815_00000827,captured,card,43.88,1.69,4.22,2.84,2.19,50.44,2026-08-15T13:16:07Z,2026-08-15T14:14:54Z,USD
pay_70d0d8020b854a3c864b,o_20260815_00000828,captured,apple_pay,75.85,5.79,7.99,6.87,3.79,92.71,2026-08-15T19:57:47Z,2026-08-15T20:40:47Z,USD
pay_94471d7580e34833891f,o_20260815_00000829,captured,card,89.21,1.28,8.39,7.42,4.46,101.84,2026-08-15T13:25:46Z,2026-08-15T14:23:14Z,USD
pay_46041fb43bb04b7c8351,o_20260815_00000830,voided,apple_pay,133.31,3.57,17.77,8.53,0.0,163.18,2026-08-15T20:26:46Z,,USD
pay_7ba9fd3ec32647ad9384,o_20260815_00000831,captured,paypal,40.61,1.97,3.84,3.1,6.09,43.43,2026-08-15T11:28:16Z,2026-08-15T12:39:06Z,USD
pay_4baad81beecf4a6882a6,o_20260815_00000832,captured,apple_pay,23.28,5.86,3.34,2.22,0.0,34.7,2026-08-15T12:47:42Z,2026-08-15T13:33:24Z,USD
pay_7f8ae16c903c47a1a327,o_20260815_00000833,captured,paypal,11.39,5.29,1.77,1.01,0.0,19.46,2026-08-15T11:55:59Z,2026-08-15T12:38:36Z,USD
pay_647c07e302e942b78f8b,o_20260815_00000834,captured,apple_pay,93.0,5.04,10.1,7.32,0.0,115.46,2026-08-15T11:40:00Z,2026-08-15T12:27:45Z,USD
pay_55570bc874424e4fb871,o_20260815_00000835,refunded,wallet,122.34,1.52,11.64,10.66,0.0,146.16,2026-08-15T11:50:29Z,,USD
pay_419b4eb4a578429992f9,o_20260815_00000836,captured,paypal,124.05,4.27,14.73,9.18,0.0,152.23,2026-08-15T20:10:13Z,2026-08-15T20:58:13Z,USD
pay_2ad8954194dd4095ae69,o_20260815_00000837,captured,apple_pay,63.54,2.96,7.17,5.89,0.0,79.56,2026-08-15T12:03:42Z,2026-08-15T12:47:52Z,USD
pay_ac6c3c4121fc4c008d2d,o_20260815_00000838,captured,wallet,29.98,2.16,2.96,2.32,3.0,34.42,2026-08-15T13:33:59Z,2026-08-15T14:24:13Z,USD
pay_bff8378a748448aa9e18,o_20260815_00000839,captured,apple_pay,60.5,2.51,5.0,3.64,9.07,62.58,2026-08-15T12:23:21Z,2026-08-15T13:01:01Z,USD
pay_9e30d513036f45fbaefc,o_20260815_00000840,captured,card,36.96,4.3,4.36,3.51,0.0,49.13,2026-08-15T18:16:22Z,2026-08-15T19:10:20Z,USD
pay_ebc6d78180114c278288,o_20260815_00000841,captured,apple_pay,84.84,1.51,11.08,5.21,0.0,102.64,2026-08-15T18:58:35Z,2026-08-15T20:08:24Z,USD
pay_4ae14389214a48ac9b9c,o_20260815_00000842,captured,wallet,123.36,2.65,17.96,9.25,12.34,140.88,2026-08-15T11:57:55Z,2026-08-15T12:26:41Z,USD
pay_6d5a708d7ae74cc7a41d,o_20260815_00000843,captured,paypal,34.25,3.45,2.97,2.76,5.14,38.29,2026-08-15T18:48:16Z,2026-08-15T19:43:49Z,USD
pay_baae115b5acb42f79d3c,o_20260815_00000844,captured,card,31.44,4.29,2.76,2.48,1.57,39.4,2026-08-15T18:50:59Z,2026-08-15T19:37:46Z,USD
pay_e88c6430ccc1424ab217,o_20260815_00000845,captured,paypal,31.44,3.48,3.73,1.97,0.0,40.62,2026-08-15T19:29:18Z,2026-08-15T20:27:45Z,USD
pay_8fdeb0b0c6dd4071b7c4,o_20260815_00000846,captured,paypal,63.61,0.57,9.62,6.22,0.0,80.02,2026-08-15T11:15:11Z,2026-08-15T12:22:47Z,USD
pay_08a8e250d3614897a94a,o_20260815_00000847,captured,paypal,100.86,6.82,15.95,5.83,5.04,124.42,2026-08-15T08:59:17Z,2026-08-15T09:48:06Z,USD
pay_26c989c61bd0407ab8d3,o_20260815_00000848,captured,paypal,48.8,2.5,4.65,4.45,2.44,57.96,2026-08-15T12:16:38Z,2026-08-15T13:16:42Z,USD
pay_e05f6302ad0649e09cee,o_20260815_00000849,captured,apple_pay,38.99,6.62,4.11,2.82,5.85,46.69,2026-08-15T20:17:17Z,2026-08-15T21:04:52Z,USD
pay_311f77c1caf24c75b506,o_20260815_00000850,captured,card,24.7,3.04,2.88,2.08,0.0,32.7,2026-08-15T08:11:36Z,2026-08-15T08:50:55Z,USD
pay_61e105bcc67544cab776,o_20260815_00000851,captured,paypal,99.41,1.21,14.35,7.0,9.94,112.03,2026-08-15T18:56:59Z,2026-08-15T19:49:50Z,USD
pay_60299f3f600946dbad34,o_20260815_00000852,captured,apple_pay,23.19,2.56,1.89,2.27,0.0,29.91,2026-08-15T11:42:50Z,2026-08-15T12:33:29Z,USD
pay_c776ea52499a433c89f2,o_20260815_00000853,captured,apple_pay,95.77,6.97,10.86,8.17,9.58,112.19,2026-08-15T19:43:58Z,2026-08-15T20:44:51Z,USD
pay_41d24a1aa18042768b6f,o_20260815_00000854,captured,paypal,94.36,2.21,13.17,7.55,0.0,117.29,2026-08-15T19:54:03Z,2026-08-15T20:43:27Z,USD
pay_131be2211be34b35b22c,o_20260815_00000855,captured,card,53.6,5.05,6.35,3.64,5.36,63.28,2026-08-15T19:51:43Z,2026-08-15T20:20:32Z,USD
pay_1e828666f45542beb1d7,o_20260815_00000856,captured,apple_pay,45.16,4.46,5.51,3.29,2.26,56.16,2026-08-15T13:49:48Z,2026-08-15T14:41:43Z,USD
pay_dad99a8b54ac41bca3a9,o_20260815_00000857,captured,apple_pay,97.92,0.53,14.9,8.26,0.0,121.61,2026-08-15T19:46:39Z,2026-08-15T20:36:56Z,USD
pay_a84268f1a9b94d2ca8c6,o_20260815_00000858,captured,paypal,29.2,1.15,2.66,2.29,0.0,35.3,2026-08-15T20:52:38Z,2026-08-15T21:51:41Z,USD
pay_1632858fc6b14caa9270,o_20260815_00000859,captured,apple_pay,67.06,1.78,7.79,4.89,0.0,81.52,2026-08-15T18:46:12Z,2026-08-15T19:19:25Z,USD
pay_8371b252ddf442bb8cb7,o_20260815_00000860,captured,wallet,29.7,6.41,2.94,2.69,2.97,38.77,2026-08-15T11:13:09Z,2026-08-15T12:09:48Z,USD
pay_b56707c26ce54843bd3e,o_20260815_00000861,captured,wallet,50.95,2.78,6.07,5.2,0.0,65.0,2026-08-15T19:51:09Z,2026-08-15T20:43:52Z,USD
pay_9616a72366b5406f8740,o_20260815_00000862,captured,wallet,79.33,1.32,12.42,6.38,0.0,99.45,2026-08-15T20:39:43Z,2026-08-15T21:42:26Z,USD
pay_103e38fab2af4c04887c,o_20260815_00000863,captured,wallet,60.45,5.53,7.65,4.43,3.02,75.04,2026-08-15T18:13:00Z,2026-08-15T19:00:46Z,USD
pay_7a8e3425854842b3bdf0,o_20260815_00000864,captured,apple_pay,16.73,1.06,2.1,1.15,0.0,21.04,2026-08-15T11:54:41Z,2026-08-15T12:45:07Z,USD
pay_276914ed2b51487abd10,o_20260815_00000865,voided,card,100.62,2.26,13.67,7.68,5.03,119.2,2026-08-15T08:13:12Z,,USD
pay_16abcc5c310242f8a55f,o_20260815_00000866,captured,apple_pay,89.28,4.67,10.14,7.17,8.93,102.33,2026-08-15T18:29:16Z,2026-08-15T19:33:00Z,USD
pay_30bf769b0bf64b049541,o_20260815_00000867,captured,card,96.53,0.91,7.87,6.49,4.83,106.97,2026-08-15T18:00:13Z,2026-08-15T18:43:04Z,USD
pay_1c54a75297124512a61d,o_20260815_00000868,captured,wallet,47.62,2.31,7.46,3.82,0.0,61.21,2026-08-15T11:54:12Z,2026-08-15T12:45:17Z,USD
pay_99235ff89ed4462db31a,o_20260815_00000869,captured,paypal,114.46,5.58,9.21,8.63,0.0,137.88,2026-08-15T12:09:38Z,2026-08-15T12:52:21Z,USD
pay_8df464205d974bf09ba8,o_20260815_00000870,captured,card,58.2,5.79,4.68,3.57,0.0,72.24,2026-08-15T18:53:21Z,2026-08-15T19:31:04Z,USD
pay_3e4798eb0a8246cba4d6,o_20260815_00000871,captured,wallet,91.75,5.14,14.51,8.44,9.18,110.66,2026-08-15T13:54:58Z,2026-08-15T14:49:04Z,USD
pay_45e80aa2cdc9411b8041,o_20260815_00000872,captured,card,13.21,6.37,1.71,1.05,0.66,21.68,2026-08-15T20:30:50Z,2026-08-15T21:22:33Z,USD
pay_0893598a91c74a439e08,o_20260815_00000873,captured,apple_pay,122.34,6.68,14.34,10.32,0.0,153.68,2026-08-15T08:31:52Z,2026-08-15T09:09:40Z,USD
pay_9c9127a735fe4e4ba990,o_20260815_00000874,captured,wallet,20.06,3.17,1.95,1.38,0.0,26.56,2026-08-15T18:38:24Z,2026-08-15T19:26:18Z,USD
pay_8e641f8500664ce5931e,o_20260815_00000875,captured,paypal,45.9,1.12,4.85,3.06,2.29,52.64,2026-08-15T20:02:07Z,2026-08-15T21:13:01Z,USD
pay_fc886331ef344487aff3,o_20260815_00000876,voided,card,108.99,2.4,16.24,6.56,5.45,128.74,2026-08-15T12:15:19Z,,USD
pay_4bb07b1e6fc64467923c,o_20260815_00000877,captured,wallet,25.53,4.58,3.85,1.58,3.83,31.71,2026-08-15T13:51:41Z,2026-08-15T14:47:19Z,USD
pay_34ef6e792c5248b9985e,o_20260815_00000878,captured,apple_pay,22.62,4.01,2.57,2.07,2.26,29.01,2026-08-15T12:41:50Z,2026-08-15T13:15:45Z,USD
pay_47e6782e8a2d47808bce,o_20260815_00000879,captured,apple_pay,40.86,5.72,3.93,2.92,4.09,49.34,2026-08-15T11:27:26Z,2026-08-15T11:56:14Z,USD
pay_45f0bf5f42874daaa2a0,o_20260815_00000880,refunded,card,78.48,3.3,8.06,7.28,0.0,97.12,2026-08-15T11:43:48Z,,USD
pay_77cbbe43cba1475e919f,o_20260815_00000881,refunded,paypal,12.97,6.6,1.77,1.24,0.65,21.93,2026-08-15T13:37:47Z,,USD
pay_e488ddbe9fa34a419e02,o_20260815_00000882,captured,wallet,44.35,5.2,4.26,4.42,0.0,58.23,2026-08-15T08:51:50Z,2026-08-15T09:39:33Z,USD
pay_a3809a088cd44694afa5,o_20260815_00000883,captured,card,82.0,3.54,7.69,6.33,4.1,95.46,2026-08-15T13:14:11Z,2026-08-15T13:58:03Z,USD
pay_6d1fe8c008b4465fa44f,o_20260815_00000884,captured,wallet,45.24,1.17,5.7,3.58,6.79,48.9,2026-08-15T19:15:03Z,2026-08-15T20:05:00Z,USD
pay_4e61ab5b7a2d4e388859,o_20260815_00000885,captured,apple_pay,61.05,6.28,8.73,5.45,6.11,75.4,2026-08-15T12:03:25Z,2026-08-15T13:01:12Z,USD
pay_52229680212f4d13ba01,o_20260815_00000886,captured,paypal,52.68,3.08,4.89,4.21,0.0,64.86,2026-08-15T08:12:38Z,2026-08-15T08:43:05Z,USD
pay_e217c7f60d5945f28bf2,o_20260815_00000887,captured,wallet,62.01,4.57,6.71,6.31,0.0,79.6,2026-08-15T11:21:20Z,2026-08-15T11:56:55Z,USD
pay_0b365d5195f1403c907b,o_20260815_00000888,refunded,wallet,68.28,2.0,8.95,5.61,0.0,84.84,2026-08-15T12:28:05Z,,USD
pay_b48e168b050c4009bfd9,o_20260815_00000889,refunded,wallet,124.94,4.55,13.13,11.69,0.0,154.31,2026-08-15T11:33:03Z,,USD
pay_dbba3535be2a49149695,o_20260815_00000890,captured,paypal,152.25,5.81,23.41,12.77,15.23,179.01,2026-08-15T12:30:23Z,2026-08-15T13:46:47Z,USD
pay_d4e272a2dc7c422c9190,o_20260815_00000891,captured,apple_pay,40.86,5.45,4.19,3.35,6.13,47.72,2026-08-15T11:03:16Z,2026-08-15T11:50:40Z,USD
pay_910d4466af3c4c3cb3a9,o_20260815_00000892,captured,apple_pay,118.04,0.91,11.53,7.47,17.71,120.24,2026-08-15T13:50:54Z,2026-08-15T14:17:42Z,USD
pay_a63ef02589d64a31bcfe,o_20260815_00000893,captured,paypal,71.35,2.95,8.96,5.39,0.0,88.65,2026-08-15T12:13:06Z,2026-08-15T13:13:24Z,USD
pay_2d7fc83d8d5d4a43a18f,o_20260815_00000894,captured,card,58.46,1.28,7.89,4.44,0.0,72.07,2026-08-15T12:37:03Z,2026-08-15T13:23:23Z,USD
pay_dc1e5ab8b67d4e9b85db,o_20260815_00000895,captured,paypal,67.14,4.37,10.06,6.18,0.0,87.75,2026-08-15T13:17:02Z,2026-08-15T14:09:56Z,USD
pay_bdf1d7aafac543498367,o_20260815_00000896,captured,card,27.96,4.0,4.09,2.0,1.4,36.65,2026-08-15T19:40:47Z,2026-08-15T20:26:33Z,USD
pay_37063f9a1a3b4b69b07d,o_20260815_00000897,captured,card,67.17,4.48,10.11,5.37,10.08,77.05,2026-08-15T12:22:50Z,2026-08-15T13:34:40Z,USD
pay_dcf97695cacd42ed933b,o_20260815_00000898,captured,card,58.12,2.74,9.07,5.71,0.0,75.64,2026-08-15T19:18:52Z,2026-08-15T20:01:23Z,USD
pay_a8759d56b30042fc89fd,o_20260815_00000899,captured,wallet,71.7,5.46,8.07,7.05,0.0,92.28,2026-08-15T18:42:57Z,2026-08-15T19:32:52Z,USD
pay_d47ac4362c5b442da990,o_20260815_00000900,captured,wallet,36.33,2.72,3.41,2.2,1.82,42.84,2026-08-15T19:35:33Z,2026-08-15T20:15:52Z,USD
pay_6baae608c8f14578949d,o_20260815_00000901,captured,wallet,19.59,2.68,1.59,1.28,1.96,23.18,2026-08-15T12:04:16Z,2026-08-15T12:30:12Z,USD
pay_7487f69adb7d45688210,o_20260815_00000902,captured,wallet,22.38,5.49,1.81,1.45,2.24,28.89,2026-08-15T13:58:06Z,2026-08-15T14:54:09Z,USD
pay_1466d0c451294499993e,o_20260815_00000903,voided,card,118.81,6.84,15.89,7.34,5.94,142.94,2026-08-15T12:16:33Z,,USD
pay_5ebb4c1f521f46c1889c,o_20260815_00000904,captured,apple_pay,88.71,3.18,9.37,5.54,8.87,97.93,2026-08-15T08:54:00Z,2026-08-15T09:39:22Z,USD
pay_1f169f7439a34864add9,o_20260815_00000905,captured,wallet,40.15,2.33,5.4,3.68,2.01,49.55,2026-08-15T12:06:11Z,2026-08-15T12:47:48Z,USD
pay_6d9beda9a48c4737a133,o_20260815_00000906,captured,apple_pay,43.88,6.2,6.87,2.66,6.58,53.03,2026-08-15T19:56:52Z,2026-08-15T20:44:19Z,USD
pay_f9c069cb37af463fbff3,o_20260815_00000907,captured,paypal,109.49,2.96,17.34,8.99,10.95,127.83,2026-08-15T11:13:37Z,2026-08-15T11:59:51Z,USD
pay_8ec5a4d6551549f3b753,o_20260815_00000908,captured,apple_pay,19.59,3.48,2.74,1.32,2.94,24.19,2026-08-15T19:27:56Z,2026-08-15T20:11:08Z,USD
pay_e7b7544a15314e00b4dd,o_20260815_00000909,captured,wallet,41.34,1.35,3.59,3.85,2.07,48.06,2026-08-15T20:29:17Z,2026-08-15T21:37:34Z,USD
pay_520d1ab223f643bf989a,o_20260815_00000910,captured,apple_pay,23.84,2.17,3.27,1.49,3.58,27.19,2026-08-15T11:47:51Z,2026-08-15T12:19:51Z,USD
pay_ae6c717482d34cbd8a2b,o_20260815_00000911,captured,apple_pay,40.9,5.21,3.69,4.1,0.0,53.9,2026-08-15T19:35:44Z,2026-08-15T20:12:34Z,USD
pay_fd48331d3c0f416b8198,o_20260815_00000912,voided,paypal,56.55,1.93,7.65,4.02,8.48,61.67,2026-08-15T18:11:41Z,,USD
pay_df4a4dc3ae634209948f,o_20260815_00000913,captured,apple_pay,43.0,1.46,3.92,4.11,0.0,52.49,2026-08-15T18:49:05Z,2026-08-15T19:42:01Z,USD
pay_19ba0723250d4fcb95c4,o_20260815_00000914,captured,wallet,28.66,4.28,3.89,1.66,1.43,37.06,2026-08-15T11:20:05Z,2026-08-15T12:23:15Z,USD
pay_8f48c9e7ced749ec857d,o_20260815_00000915,voided,card,78.48,3.39,11.57,4.33,7.85,89.92,2026-08-15T13:22:54Z,,USD
pay_08286e627d8c42aab5c7,o_20260815_00000916,voided,wallet,61.3,4.21,6.21,4.32,0.0,76.04,2026-08-15T20:40:12Z,,USD
pay_1a3c00b35de54357b3ee,o_20260815_00000917,captured,card,68.04,1.93,10.44,6.21,0.0,86.62,2026-08-15T13:13:51Z,2026-08-15T14:18:20Z,USD
pay_0dbe626fd11d41d6b79f,o_20260815_00000918,refunded,apple_pay,48.64,2.86,5.23,3.65,7.3,53.08,2026-08-15T19:32:56Z,,USD
pay_1aac027134174df9b79b,o_20260815_00000919,captured,apple_pay,40.56,6.22,5.09,2.42,6.08,48.21,2026-08-15T11:02:03Z,2026-08-15T11:59:37Z,USD
pay_0ff935d5429d49f4b675,o_20260815_00000920,refunded,card,102.21,2.93,16.13,8.46,0.0,129.73,2026-08-15T18:49:37Z,,USD
pay_1fe16d8dc51a4a0989fc,o_20260815_00000921,captured,apple_pay,18.58,1.93,2.0,1.28,0.0,23.79,2026-08-15T11:41:33Z,2026-08-15T12:13:11Z,USD
pay_1a122d10bc604b459541,o_20260815_00000922,captured,apple_pay,15.9,0.68,1.91,1.26,1.59,18.16,2026-08-15T19:18:29Z,2026-08-15T19:52:53Z,USD
pay_45ec03fe257f490783cd,o_20260815_00000923,captured,wallet,89.12,2.54,13.89,7.27,8.91,103.91,2026-08-15T12:11:01Z,2026-08-15T13:06:35Z,USD
pay_9af01195e3ad4b9caf62,o_20260815_00000924,captured,card,60.42,1.19,5.82,5.56,0.0,72.99,2026-08-15T19:09:14Z,2026-08-15T19:28:33Z,USD
pay_fd456604870b4d32814f,o_20260815_00000925,captured,card,50.39,5.76,6.01,3.66,5.04,60.78,2026-08-15T19:10:48Z,2026-08-15T19:56:16Z,USD
pay_4f7d8f339a2c49698639,o_20260815_00000926,voided,paypal,74.25,6.04,6.86,6.21,0.0,93.36,2026-08-15T20:23:43Z,,USD
pay_d38fbf37169b4095a1bf,o_20260815_00000927,refunded,card,50.95,1.51,7.51,3.24,5.1,58.11,2026-08-15T19:30:01Z,,USD
pay_5ca5c5dd6b294caab5f5,o_20260815_00000928,captured,card,72.56,2.14,11.22,5.91,3.63,88.2,2026-08-15T19:30:55Z,2026-08-15T19:59:11Z,USD
pay_5b6120e990754a82a26c,o_20260815_00000929,captured,wallet,42.39,3.57,6.19,4.13,0.0,56.28,2026-08-15T19:05:38Z,2026-08-15T20:07:06Z,USD
pay_83160fa684fc4bc097a0,o_20260815_00000930,captured,wallet,104.31,0.51,11.37,8.7,10.43,114.46,2026-08-15T13:31:13Z,2026-08-15T14:17:45Z,USD
pay_9007bcf374e942ba91b8,o_20260815_00000931,captured,wallet,12.94,2.03,1.93,0.95,0.0,17.85,2026-08-15T11:24:43Z,2026-08-15T12:10:21Z,USD
pay_23d222059e8f465f84ae,o_20260815_00000932,captured,card,45.26,6.91,4.96,3.3,6.79,53.64,2026-08-15T19:09:46Z,2026-08-15T19:49:14Z,USD
pay_35648c496d03446cb948,o_20260815_00000933,captured,paypal,73.01,4.6,10.66,5.72,3.65,90.34,2026-08-15T11:18:58Z,2026-08-15T12:02:45Z,USD
pay_acbd598721ab4d6b9f33,o_20260815_00000934,captured,apple_pay,106.02,0.81,11.23,7.95,0.0,126.01,2026-08-15T12:35:30Z,2026-08-15T13:25:32Z,USD
pay_b25e4420029f4399b004,o_20260815_00000935,captured,paypal,71.35,6.31,10.52,5.61,3.57,90.22,2026-08-15T12:23:25Z,2026-08-15T13:21:09Z,USD
pay_7de2c9354c5244b2a398,o_20260815_00000936,captured,wallet,137.27,2.11,16.85,13.82,0.0,170.05,2026-08-15T13:53:38Z,2026-08-15T14:21:12Z,USD
pay_b796b7162bfc4e0fa67a,o_20260815_00000937,captured,card,122.47,2.13,10.06,11.63,6.12,140.17,2026-08-15T20:44:39Z,2026-08-15T21:23:06Z,USD
pay_2f53a405e42249c9a9a5,o_20260815_00000938,captured,paypal,98.9,2.61,8.34,7.37,0.0,117.22,2026-08-15T13:11:00Z,2026-08-15T13:45:51Z,USD
pay_9666b0a1cdd544548ede,o_20260815_00000939,captured,paypal,76.72,6.77,10.17,5.95,11.51,88.1,2026-08-15T18:21:19Z,2026-08-15T18:40:57Z,USD
pay_aa857ab7f2aa42d88a00,o_20260815_00000940,captured,apple_pay,15.86,4.83,2.47,1.37,1.59,22.94,2026-08-15T19:07:21Z,2026-08-15T19:57:09Z,USD
pay_13410d9d6a2e4ecd9e19,o_20260815_00000941,captured,apple_pay,43.26,4.94,6.07,3.32,4.33,53.26,2026-08-15T19:46:05Z,2026-08-15T20:34:43Z,USD
pay_2181176ce01d4dc6a713,o_20260815_00000942,captured,wallet,14.2,6.26,1.39,0.85,0.71,21.99,2026-08-15T20:58:13Z,2026-08-15T21:28:45Z,USD
pay_8c63cdaf78be4378abc0,o_20260815_00000943,captured,apple_pay,52.74,4.86,7.76,5.14,0.0,70.5,2026-08-15T18:40:31Z,2026-08-15T19:22:21Z,USD
pay_781afcb291fa4e03bef1,o_20260815_00000944,captured,card,14.5,0.79,2.29,0.99,1.45,17.12,2026-08-15T08:23:54Z,2026-08-15T09:13:44Z,USD
pay_d92bf9092ff84b6ca795,o_20260815_00000945,captured,card,59.31,4.96,8.74,5.27,5.93,72.35,2026-08-15T13:48:22Z,2026-08-15T14:50:12Z,USD
pay_8d5b60b3f6e54ead822c,o_20260815_00000946,captured,paypal,7.73,2.67,0.93,0.56,0.0,11.89,2026-08-15T20:23:49Z,2026-08-15T21:22:25Z,USD
pay_dede8b662b1d48a1b9a1,o_20260815_00000947,captured,wallet,48.91,5.28,7.57,3.53,0.0,65.29,2026-08-15T12:59:09Z,2026-08-15T14:04:50Z,USD
pay_a185b7e7b4604e328d44,o_20260815_00000948,voided,card,92.02,4.85,9.7,6.92,4.6,108.89,2026-08-15T12:33:10Z,,USD
pay_95cfe4bcc02344969d99,o_20260815_00000949,captured,wallet,78.6,3.91,11.53,6.81,3.93,96.92,2026-08-15T19:30:02Z,2026-08-15T20:24:48Z,USD
pay_f9786f71a514409d8387,o_20260815_00000950,captured,paypal,83.64,1.0,11.89,6.55,0.0,103.08,2026-08-15T19:59:48Z,2026-08-15T20:28:38Z,USD
pay_d4bb8840ab604b328ede,o_20260815_00000951,captured,wallet,76.35,0.92,7.04,4.87,7.63,81.55,2026-08-15T20:39:53Z,2026-08-15T21:14:38Z,USD
pay_d57c1047ede8457b83da,o_20260815_00000952,captured,paypal,21.44,3.68,2.23,2.17,0.0,29.52,2026-08-15T12:50:55Z,2026-08-15T13:47:41Z,USD
pay_c20870c851a54830ac71,o_20260815_00000953,captured,card,37.7,4.73,3.14,2.6,1.89,46.28,2026-08-15T11:38:07Z,2026-08-15T12:27:48Z,USD
pay_dfb4833018aa4c02be94,o_20260815_00000954,captured,apple_pay,45.03,6.92,3.64,2.71,6.75,51.55,2026-08-15T12:17:24Z,2026-08-15T13:21:36Z,USD
pay_f4c09d57ebe54f7fb2fa,o_20260815_00000955,captured,apple_pay,91.36,3.74,8.88,9.12,0.0,113.1,2026-08-15T13:13:58Z,2026-08-15T14:01:30Z,USD
pay_dc1782c79821481facd6,o_20260815_00000956,captured,apple_pay,61.65,2.86,8.88,5.07,3.08,75.38,2026-08-15T12:36:45Z,2026-08-15T13:25:20Z,USD
pay_3232e8837aaf4f6f9faf,o_20260815_00000957,captured,paypal,108.18,2.29,12.74,7.9,10.82,120.29,2026-08-15T11:40:12Z,2026-08-15T12:28:57Z,USD
pay_77a17031121941f7bc6d,o_20260815_00000958,captured,card,27.96,5.77,3.35,1.96,0.0,39.04,2026-08-15T11:12:53Z,2026-08-15T11:53:14Z,USD
pay_f14c242019f24edd80c3,o_20260815_00000959,captured,wallet,17.84,5.84,2.85,1.45,0.0,27.98,2026-08-15T11:52:19Z,2026-08-15T12:21:31Z,USD
pay_99afe35c69ff427b9601,o_20260815_00000960,captured,apple_pay,123.24,4.83,17.37,8.98,6.16,148.26,2026-08-15T20:14:43Z,2026-08-15T20:39:02Z,USD
pay_c97406e2c32341b48bf8,o_20260815_00000961,captured,apple_pay,71.7,4.04,9.74,6.77,0.0,92.25,2026-08-15T13:35:17Z,2026-08-15T14:13:56Z,USD
pay_9e7aaf0658824fa099d7,o_20260815_00000962,refunded,card,19.05,5.06,2.57,1.41,1.91,26.18,2026-08-15T18:06:17Z,,USD
pay_767aeaa513e34395b978,o_20260815_00000963,captured,wallet,66.91,6.81,5.64,4.51,0.0,83.87,2026-08-15T18:26:03Z,2026-08-15T18:57:36Z,USD
pay_cdae6c88ebc64192b3dd,o_20260815_00000964,captured,card,62.79,6.91,7.09,5.03,6.28,75.54,2026-08-15T12:17:11Z,2026-08-15T13:18:41Z,USD
pay_5018b09dedc34586b6bb,o_20260815_00000965,captured,wallet,47.16,4.78,4.02,4.31,2.36,57.91,2026-08-15T13:22:01Z,2026-08-15T14:12:54Z,USD
pay_81904160efc947518326,o_20260815_00000966,captured,apple_pay,42.1,2.63,3.49,2.6,0.0,50.82,2026-08-15T19:11:37Z,2026-08-15T19:48:07Z,USD
pay_c1cbfafcd08e403f89ff,o_20260815_00000967,captured,paypal,87.76,1.15,10.88,7.69,0.0,107.48,2026-08-15T18:27:23Z,2026-08-15T19:12:53Z,USD
pay_9446e3240adf498aadd4,o_20260815_00000968,captured,card,49.2,4.04,4.08,3.86,7.38,53.8,2026-08-15T19:28:20Z,2026-08-15T20:15:02Z,USD
pay_ad16758ea31b4bf4868e,o_20260815_00000969,captured,paypal,115.7,3.61,11.49,9.2,17.36,122.64,2026-08-15T20:40:27Z,2026-08-15T21:31:16Z,USD
pay_2c256aa3a4a74ec2b57b,o_20260815_00000970,captured,paypal,23.31,1.49,2.31,1.64,1.17,27.58,2026-08-15T20:27:49Z,2026-08-15T21:27:23Z,USD
pay_717d0f4313ff4795a414,o_20260815_00000971,captured,card,55.63,2.01,8.16,5.05,2.78,68.07,2026-08-15T19:06:36Z,2026-08-15T19:45:23Z,USD
pay_f5b7a47b05d7454fa5fd,o_20260815_00000972,captured,card,10.85,2.59,1.23,0.8,1.08,14.39,2026-08-15T19:43:45Z,2026-08-15T20:28:23Z,USD
pay_b5e25141561048a8ae71,o_20260815_00000973,captured,wallet,27.8,6.43,3.86,2.19,1.39,38.89,2026-08-15T13:25:41Z,2026-08-15T14:03:15Z,USD
pay_ca6b535a821f415682ab,o_20260815_00000974,captured,paypal,13.16,4.05,1.77,1.28,0.0,20.26,2026-08-15T11:49:27Z,2026-08-15T12:36:16Z,USD
pay_8ff094cd8d2c4d49ac58,o_20260815_00000975,captured,paypal,22.78,3.79,2.3,1.51,0.0,30.38,2026-08-15T12:35:09Z,2026-08-15T13:39:55Z,USD
pay_7f23c55316134ccb94a8,o_20260815_00000976,captured,wallet,9.7,1.59,0.99,0.69,0.0,12.97,2026-08-15T11:42:40Z,2026-08-15T12:24:33Z,USD
pay_e79e7b5af4ce4edf8345,o_20260815_00000977,captured,card,141.22,4.82,19.28,10.95,7.06,169.21,2026-08-15T13:08:26Z,2026-08-15T14:07:14Z,USD
pay_c9f1af9a57f54f2f8764,o_20260815_00000978,captured,card,78.94,4.4,10.01,4.49,11.84,86.0,2026-08-15T14:00:03Z,2026-08-15T14:59:22Z,USD
pay_3e1e8b73670748b3a6b6,o_20260815_00000979,captured,wallet,26.64,5.19,2.79,2.63,0.0,37.25,2026-08-15T11:42:06Z,2026-08-15T12:18:21Z,USD
pay_d7d76d0263ed4fe3b0fd,o_20260815_00000980,captured,paypal,72.38,2.38,8.17,4.43,0.0,87.36,2026-08-15T12:03:58Z,2026-08-15T12:37:13Z,USD
pay_74e5290c5cc14a339d59,o_20260815_00000981,captured,paypal,48.75,2.74,7.59,3.71,0.0,62.79,2026-08-15T13:53:40Z,2026-08-15T15:05:20Z,USD
pay_6a983101bf8b4d718c67,o_20260815_00000982,captured,apple_pay,60.45,1.17,8.57,4.54,6.05,68.68,2026-08-15T18:14:35Z,2026-08-15T18:51:40Z,USD
pay_5509e96ad23c404e9ee9,o_20260815_00000983,captured,apple_pay,105.0,0.62,11.62,6.73,0.0,123.97,2026-08-15T08:09:49Z,2026-08-15T09:13:59Z,USD
pay_8d10ef2750254ef49146,o_20260815_00000984,captured,card,62.67,5.72,7.17,4.03,3.13,76.46,2026-08-15T20:08:48Z,2026-08-15T20:57:35Z,USD
pay_bd905e67a5c6498b9a20,o_20260815_00000985,captured,wallet,27.27,0.74,3.98,1.69,0.0,33.68,2026-08-15T20:46:23Z,2026-08-15T21:51:10Z,USD
pay_c3b93caac1dd48b2968c,o_20260815_00000986,captured,card,7.31,1.78,1.04,0.38,1.1,9.41,2026-08-15T20:15:31Z,2026-08-15T20:39:29Z,USD
pay_f01a0f945ef44218be41,o_20260815_00000987,captured,apple_pay,28.12,3.62,3.78,2.07,1.41,36.18,2026-08-15T18:31:27Z,2026-08-15T19:19:18Z,USD
pay_52db1ce9fbe5429d8dac,o_20260815_00000988,captured,wallet,103.53,0.92,12.47,8.94,15.53,110.33,2026-08-15T12:55:07Z,2026-08-15T13:53:28Z,USD
pay_3aab91e2de1145ba8a43,o_20260815_00000989,voided,wallet,33.53,4.77,2.96,2.98,1.68,42.56,2026-08-15T13:01:52Z,,USD
pay_391921f7c1e04b19a01b,o_20260815_00000990,captured,paypal,33.12,4.56,3.21,3.3,0.0,44.19,2026-08-15T18:09:55Z,2026-08-15T18:53:10Z,USD
pay_023774ee28d641d98e28,o_20260815_00000991,captured,paypal,24.44,4.83,2.0,1.53,0.0,32.8,2026-08-15T08:26:51Z,2026-08-15T09:05:44Z,USD
pay_a78f3175c3c94c1f8eb3,o_20260815_00000992,captured,paypal,44.16,5.22,6.21,2.79,0.0,58.38,2026-08-15T11:35:51Z,2026-08-15T12:13:31Z,USD
pay_aae96c9068214764ad7d,o_20260815_00000993,captured,card,53.82,6.97,4.62,3.95,0.0,69.36,2026-08-15T11:48:25Z,2026-08-15T12:32:08Z,USD
pay_edd004e70ba7457d8a44,o_20260815_00000994,captured,paypal,140.86,2.61,22.44,11.21,0.0,177.12,2026-08-15T11:15:30Z,2026-08-15T12:37:06Z,USD
pay_755b42ae7a5d4213a8ca,o_20260815_00000995,captured,card,17.68,1.26,1.66,1.5,0.0,22.1,2026-08-15T20:09:46Z,2026-08-15T20:53:32Z,USD
pay_27371776240544efbb84,o_20260815_00000996,captured,apple_pay,65.69,1.07,8.89,6.16,0.0,81.81,2026-08-15T18:07:17Z,2026-08-15T18:56:36Z,USD
pay_6934cbe9574449bb9c51,o_20260815_00000997,captured,wallet,54.87,3.76,7.9,3.13,5.49,64.17,2026-08-15T20:43:00Z,2026-08-15T21:30:44Z,USD
pay_1ab8bcb7483945b5b71a,o_20260815_00000998,captured,card,71.09,4.07,7.42,6.06,0.0,88.64,2026-08-15T12:02:41Z,2026-08-15T12:42:21Z,USD
pay_5f3d7dfdee2f43a5bcff,o_20260815_00000999,captured,card,57.52,4.12,9.07,3.46,0.0,74.17,2026-08-15T20:17:55Z,2026-08-15T20:53:35Z,USD
pay_a437d47acb5e458aa79e,o_20260815_00001000,captured,paypal,22.02,1.53,3.19,1.26,2.2,25.8,2026-08-15T11:12:47Z,2026-08-15T11:46:07Z,USD
pay_fc90e4e01f1945a9907f,o_20260815_00001001,captured,wallet,22.06,6.01,3.3,1.86,3.31,29.92,2026-08-15T19:15:15Z,2026-08-15T20:08:46Z,USD
pay_efad82e8626946b287f1,o_20260815_00001002,captured,paypal,58.78,2.07,5.31,4.32,0.0,70.48,2026-08-15T12:33:02Z,2026-08-15T13:10:49Z,USD
pay_9dd26e095ebe46009054,o_20260815_00001003,captured,wallet,82.62,5.85,11.2,4.62,12.39,91.9,2026-08-15T20:15:10Z,2026-08-15T20:55:44Z,USD
pay_429f74d0d41b4c5dafbd,o_20260815_00001004,captured,paypal,88.89,5.26,11.81,5.22,8.89,102.29,2026-08-15T19:17:56Z,2026-08-15T20:11:50Z,USD
pay_a382a81be5f247ef9f13,o_20260815_00001005,captured,wallet,67.94,2.37,6.99,4.69,0.0,81.99,2026-08-15T18:21:42Z,2026-08-15T18:59:05Z,USD
pay_a1ceab4540824df68808,o_20260815_00001006,captured,apple_pay,19.99,3.72,2.05,1.76,0.0,27.52,2026-08-15T11:21:24Z,2026-08-15T11:45:56Z,USD
pay_b880a4f9f7fb46d4a0ea,o_20260815_00001007,captured,paypal,93.24,4.96,9.91,6.84,0.0,114.95,2026-08-15T12:34:46Z,2026-08-15T13:17:23Z,USD
pay_2d64f64ebf5f491eb057,o_20260815_00001008,captured,wallet,40.68,0.65,6.49,2.21,6.1,43.93,2026-08-15T12:09:22Z,2026-08-15T12:51:08Z,USD
pay_dbd4d2ae577043359a0e,o_20260815_00001009,captured,apple_pay,20.76,6.89,2.63,1.38,0.0,31.66,2026-08-15T13:11:36Z,2026-08-15T13:57:10Z,USD
pay_c406f4c43281475fb5ed,o_20260815_00001010,captured,apple_pay,82.98,1.79,12.28,7.47,4.15,100.37,2026-08-15T18:39:24Z,2026-08-15T19:33:10Z,USD
pay_d8229691965d446cbb15,o_20260815_00001011,captured,paypal,36.18,3.74,5.01,3.69,0.0,48.62,2026-08-15T18:35:30Z,2026-08-15T19:40:44Z,USD
pay_821f24c110a345f1b4b2,o_20260815_00001012,refunded,apple_pay,30.03,6.9,3.36,1.86,0.0,42.15,2026-08-15T12:59:58Z,,USD
pay_8b91f70b84c746949353,o_20260815_00001013,captured,apple_pay,99.87,5.81,15.44,6.8,9.99,117.93,2026-08-15T12:05:58Z,2026-08-15T12:32:36Z,USD
pay_d7807f4eba7d4a86b469,o_20260815_00001014,captured,wallet,47.71,6.39,5.7,4.52,0.0,64.32,2026-08-15T13:36:52Z,2026-08-15T14:23:21Z,USD
pay_c26e403166c14ff48cd4,o_20260815_00001015,captured,apple_pay,129.45,6.98,13.98,9.33,0.0,159.74,2026-08-15T13:01:00Z,2026-08-15T13:37:16Z,USD
pay_8dfe5c87153e44d0a748,o_20260815_00001016,captured,paypal,51.75,2.3,5.78,3.27,7.76,55.34,2026-08-15T18:03:30Z,2026-08-15T19:07:02Z,USD
pay_d54a06392d8d405581b9,o_20260815_00001017,captured,wallet,18.87,0.83,2.74,1.59,0.0,24.03,2026-08-15T18:12:30Z,2026-08-15T18:46:47Z,USD
pay_b48d314c241c47988f32,o_20260815_00001018,captured,card,42.99,5.96,4.85,2.82,0.0,56.62,2026-08-15T12:13:17Z,2026-08-15T13:01:53Z,USD
pay_402d2b8f6b834a6a8f3c,o_20260815_00001019,captured,apple_pay,151.29,1.94,23.25,11.83,0.0,188.31,2026-08-15T19:07:57Z,2026-08-15T19:55:29Z,USD
pay_7eb0f2caa8124457acd8,o_20260815_00001020,captured,wallet,67.49,2.25,6.36,5.32,10.12,71.3,2026-08-15T11:35:39Z,2026-08-15T12:34:20Z,USD
pay_c6d1a591413a4712beb7,o_20260815_00001021,captured,apple_pay,27.88,0.95,4.02,2.24,0.0,35.09,2026-08-15T12:54:35Z,2026-08-15T13:28:57Z,USD
pay_f4e14d4308c44e2b89f7,o_20260815_00001022,captured,apple_pay,139.86,3.91,14.23,9.12,0.0,167.12,2026-08-15T19:42:05Z,2026-08-15T20:20:31Z,USD
pay_f6399dfd448e467f8657,o_20260815_00001023,captured,card,33.07,6.13,4.12,2.0,1.65,43.67,2026-08-15T19:22:45Z,2026-08-15T20:19:47Z,USD
pay_1199240749d84a429f4a,o_20260815_00001024,voided,apple_pay,70.37,1.12,10.61,6.89,0.0,88.99,2026-08-15T20:02:09Z,,USD
pay_61944c3af20347399509,o_20260815_00001025,captured,wallet,103.25,3.08,9.61,6.77,0.0,122.71,2026-08-15T18:54:02Z,2026-08-15T19:45:28Z,USD
pay_97ee8c04e03e4bad92e3,o_20260815_00001026,captured,card,20.24,3.17,2.33,2.04,0.0,27.78,2026-08-15T11:31:11Z,2026-08-15T12:01:50Z,USD
pay_2dd2dc32497d4319ba98,o_20260815_00001027,captured,paypal,41.53,2.14,5.25,3.84,0.0,52.76,2026-08-15T11:52:18Z,2026-08-15T12:47:06Z,USD
pay_03be065e00734f198fa5,o_20260815_00001028,captured,paypal,106.38,5.4,16.96,6.76,0.0,135.5,2026-08-15T18:13:30Z,2026-08-15T18:53:26Z,USD
pay_135bcdbcef1f46eb93a4,o_20260815_00001029,captured,wallet,87.64,2.45,14.0,4.85,8.76,100.18,2026-08-15T19:57:19Z,2026-08-15T21:02:03Z,USD
pay_1e64f24c0e28448e9b04,o_20260815_00001030,voided,wallet,74.8,2.37,11.37,4.6,0.0,93.14,2026-08-15T08:25:51Z,,USD
pay_b0f2533eb9c04b8a8119,o_20260815_00001031,captured,apple_pay,85.75,0.69,9.49,5.78,8.58,93.13,2026-08-15T19:17:38Z,2026-08-15T20:02:13Z,USD
pay_cc09c7c989cb4202a90e,o_20260815_00001032,refunded,paypal,63.9,1.25,6.22,4.85,0.0,76.22,2026-08-15T13:46:02Z,,USD
pay_a40b162803614f5e863b,o_20260815_00001033,captured,card,87.25,1.38,12.36,7.9,0.0,108.89,2026-08-15T08:06:24Z,2026-08-15T08:57:55Z,USD
pay_6ae734678f4c4f79b1e6,o_20260815_00001034,captured,paypal,99.87,4.92,10.57,10.21,0.0,125.57,2026-08-15T12:44:12Z,2026-08-15T13:32:37Z,USD
pay_984e733d0b474222a9ad,o_20260815_00001035,captured,card,105.9,5.0,13.45,6.69,0.0,131.04,2026-08-15T18:59:48Z,2026-08-15T19:31:21Z,USD
pay_9365542b0b454d22bc62,o_20260815_00001036,captured,card,21.63,4.91,2.32,1.58,0.0,30.44,2026-08-15T12:42:06Z,2026-08-15T13:31:47Z,USD
pay_ded959b3e08d4741889d,o_20260815_00001037,captured,paypal,28.92,5.78,4.0,2.63,0.0,41.33,2026-08-15T19:12:12Z,2026-08-15T19:55:00Z,USD
pay_e8c2a8563b704c5c89e0,o_20260815_00001038,captured,wallet,122.13,4.12,19.08,10.27,18.32,137.28,2026-08-15T19:39:37Z,2026-08-15T20:15:20Z,USD
pay_3c22975b06e44e3383a3,o_20260815_00001039,captured,wallet,31.2,3.48,4.92,2.68,0.0,42.28,2026-08-15T12:29:02Z,2026-08-15T13:12:38Z,USD
pay_e95e78faa88641a4bee6,o_20260815_00001040,captured,paypal,44.46,0.8,4.35,4.09,0.0,53.7,2026-08-15T13:15:59Z,2026-08-15T14:16:36Z,USD
pay_9bd39b13fb0049238e66,o_20260815_00001041,voided,apple_pay,37.74,1.15,4.02,2.37,5.66,39.62,2026-08-15T20:39:15Z,,USD
pay_819d7e78451743e2818b,o_20260815_00001042,captured,paypal,30.52,0.69,4.28,2.53,0.0,38.02,2026-08-15T12:05:11Z,2026-08-15T13:00:17Z,USD
pay_6ca687df023b49e2a014,o_20260815_00001043,refunded,wallet,45.05,5.46,5.33,3.48,4.51,54.81,2026-08-15T12:11:18Z,,USD
pay_7d960d1516b84f3baa0e,o_20260815_00001044,captured,apple_pay,23.98,5.5,3.0,1.77,1.2,33.05,2026-08-15T12:51:51Z,2026-08-15T13:52:43Z,USD
pay_90fe67f849fd47288e6e,o_20260815_00001045,captured,apple_pay,78.03,6.75,6.94,5.86,3.9,93.68,2026-08-15T18:41:04Z,2026-08-15T19:27:57Z,USD
pay_7f0c1798b3f647d89647,o_20260815_00001046,voided,card,101.42,4.77,15.83,7.93,10.14,119.81,2026-08-15T11:30:35Z,,USD
pay_1a1347d0e3ec48178bb3,o_20260815_00001047,refunded,wallet,58.27,5.5,7.06,3.25,8.74,65.34,2026-08-15T11:09:59Z,,USD
pay_7ecf4a6c21d94984904d,o_20260815_00001048,captured,card,32.64,2.18,3.34,2.19,0.0,40.35,2026-08-15T13:42:15Z,2026-08-15T14:42:30Z,USD
pay_60bc5bd09c5a46a1b675,o_20260815_00001049,captured,card,132.02,3.19,14.51,12.51,0.0,162.23,2026-08-15T08:06:56Z,2026-08-15T08:40:39Z,USD
pay_f810ffc1d43a45f38838,o_20260815_00001050,captured,paypal,52.47,3.97,8.15,3.82,0.0,68.41,2026-08-15T13:37:11Z,2026-08-15T14:23:48Z,USD
pay_89e43c4e27f94f76b138,o_20260815_00001051,captured,paypal,97.39,2.62,14.42,9.48,0.0,123.91,2026-08-15T18:52:46Z,2026-08-15T19:15:19Z,USD
pay_567353a03eab4f9d867e,o_20260815_00001052,captured,wallet,48.36,3.59,4.05,4.7,0.0,60.7,2026-08-15T12:15:11Z,2026-08-15T12:57:45Z,USD
pay_d12bd936cd374a9caca8,o_20260815_00001053,captured,wallet,103.98,2.76,10.93,6.29,15.6,108.36,2026-08-15T18:44:49Z,2026-08-15T19:21:04Z,USD
pay_0c17850da89d440988af,o_20260815_00001054,captured,apple_pay,130.64,3.08,12.89,12.64,0.0,159.25,2026-08-15T18:01:43Z,2026-08-15T18:29:37Z,USD
pay_e13f26e29d4f422899e3,o_20260815_00001055,captured,apple_pay,42.3,2.28,4.42,3.6,4.23,48.37,2026-08-15T13:01:01Z,2026-08-15T13:39:44Z,USD
pay_05e7c58a50ce44fa9552,o_20260815_00001056,captured,paypal,42.62,3.23,6.54,2.93,0.0,55.32,2026-08-15T11:47:10Z,2026-08-15T13:02:04Z,USD
pay_f2206aab6c6c4a33b1ae,o_20260815_00001057,captured,paypal,37.61,3.17,5.15,2.94,5.64,43.23,2026-08-15T11:14:59Z,2026-08-15T12:00:01Z,USD
pay_f541937d16e64ff2aa3b,o_20260815_00001058,captured,wallet,30.74,2.36,2.62,2.73,3.07,35.38,2026-08-15T19:02:10Z,2026-08-15T19:41:56Z,USD
pay_8a7b102d377a4ec685d4,o_20260815_00001059,refunded,card,16.17,1.08,1.87,1.3,0.0,20.42,2026-08-15T11:33:56Z,,USD
pay_fd28d2c5fb5841cdbfed,o_20260815_00001060,captured,paypal,149.73,6.04,18.03,11.81,14.97,170.64,2026-08-15T20:54:41Z,2026-08-15T21:46:23Z,USD
pay_4f15b5c54ecb420e9a21,o_20260815_00001061,captured,wallet,14.1,1.14,1.48,0.81,0.71,16.82,2026-08-15T19:41:38Z,2026-08-15T20:24:52Z,USD
pay_17a0b4e4c33c44e18311,o_20260815_00001062,captured,wallet,76.28,1.87,9.94,4.93,0.0,93.02,2026-08-15T12:35:57Z,2026-08-15T13:16:31Z,USD
pay_e0930db05e954cd2afef,o_20260815_00001063,captured,card,66.59,5.51,7.34,4.37,6.66,77.15,2026-08-15T18:56:00Z,2026-08-15T19:50:42Z,USD
pay_6cd69c73056d47c8b4f7,o_20260815_00001064,captured,apple_pay,42.78,3.79,5.6,4.07,0.0,56.24,2026-08-15T08:36:45Z,2026-08-15T09:47:27Z,USD
pay_7cb2f0bd5c21474fa410,o_20260815_00001065,voided,card,18.79,6.72,2.23,1.26,0.0,29.0,2026-08-15T13:01:23Z,,USD
pay_266ab1323dc84b0a8dd4,o_20260815_00001066,captured,paypal,41.52,5.87,3.43,2.93,6.23,47.52,2026-08-15T19:57:23Z,2026-08-15T20:17:56Z,USD
pay_687a60775d9e49dbbc79,o_20260815_00001067,captured,paypal,50.19,3.68,7.1,3.94,2.51,62.4,2026-08-15T18:35:01Z,2026-08-15T19:02:11Z,USD
pay_66cd40cdc95249f6bc11,o_20260815_00001068,captured,card,63.69,1.01,5.74,4.42,0.0,74.86,2026-08-15T13:56:36Z,2026-08-15T14:38:47Z,USD
pay_5739f01bb8ba4920ae21,o_20260815_00001069,voided,paypal,73.18,6.29,8.29,3.96,7.32,84.4,2026-08-15T19:52:40Z,,USD
pay_79282663e2b44e0880e0,o_20260815_00001070,captured,wallet,17.75,2.42,2.36,1.75,0.0,24.28,2026-08-15T18:59:07Z,2026-08-15T19:50:35Z,USD
pay_154613202cd842ca8bd2,o_20260815_00001071,captured,wallet,113.78,4.9,17.58,7.92,11.38,132.8,2026-08-15T13:03:50Z,2026-08-15T13:52:38Z,USD
pay_bc57055095ff476fbb1e,o_20260815_00001072,captured,card,37.05,1.2,5.61,3.12,0.0,46.98,2026-08-15T19:15:32Z,2026-08-15T19:55:26Z,USD
pay_ff3ec697f6cb4742ba9d,o_20260815_00001073,captured,card,96.53,6.29,7.76,9.84,0.0,120.42,2026-08-15T08:44:50Z,2026-08-15T09:22:41Z,USD
pay_b9b5153c657e4eef9324,o_20260815_00001074,captured,apple_pay,101.8,4.26,15.6,8.08,5.09,124.65,2026-08-15T19:54:34Z,2026-08-15T20:36:45Z,USD
pay_dfd245255a66458d9f05,o_20260815_00001075,captured,wallet,85.67,5.53,8.21,7.32,0.0,106.73,2026-08-15T18:23:01Z,2026-08-15T18:48:32Z,USD
pay_910f88c1f51140d7b7ee,o_20260815_00001076,captured,apple_pay,97.49,6.87,8.45,5.53,9.75,108.59,2026-08-15T13:13:53Z,2026-08-15T13:55:38Z,USD
pay_f055c035632c410d9228,o_20260815_00001077,captured,wallet,62.97,5.26,9.98,6.07,0.0,84.28,2026-08-15T13:38:43Z,2026-08-15T14:05:53Z,USD
pay_61befa24c50846e0bcd8,o_20260815_00001078,captured,card,37.48,1.64,3.68,2.93,5.62,40.11,2026-08-15T11:05:50Z,2026-08-15T11:40:36Z,USD
pay_f47dc49ad20d4c6ab248,o_20260815_00001079,captured,wallet,11.7,5.03,1.79,0.96,0.58,18.9,2026-08-15T08:15:05Z,2026-08-15T09:12:12Z,USD
pay_4b932c0c55a2488f9e47,o_20260815_00001080,captured,card,18.6,6.88,1.81,1.29,0.93,27.65,2026-08-15T11:21:34Z,2026-08-15T12:19:43Z,USD
pay_5ecfd97b258f46fc8c2f,o_20260815_00001081,captured,wallet,39.82,2.64,5.29,2.87,5.97,44.65,2026-08-15T08:17:39Z,2026-08-15T09:06:11Z,USD
pay_68e62309c822408d92f5,o_20260815_00001082,captured,apple_pay,50.19,3.42,4.6,2.61,7.53,53.29,2026-08-15T13:58:21Z,2026-08-15T14:59:49Z,USD
pay_67fb03620dd64452a1d8,o_20260815_00001083,captured,apple_pay,39.79,2.86,5.92,3.18,1.99,49.76,2026-08-15T18:28:48Z,2026-08-15T18:58:24Z,USD
pay_8402a1833390444b9697,o_20260815_00001084,refunded,card,70.34,2.97,5.7,5.43,7.03,77.41,2026-08-15T11:59:02Z,,USD
pay_be9a0f5396084296a310,o_20260815_00001085,refunded,wallet,86.87,4.78,10.62,4.81,8.69,98.39,2026-08-15T19:26:10Z,,USD
pay_8c3f0b8fc11e434ca498,o_20260815_00001086,captured,paypal,49.2,3.08,4.43,2.77,4.92,54.56,2026-08-15T08:22:37Z,2026-08-15T09:14:52Z,USD
pay_5835238eade0463383e1,o_20260815_00001087,captured,apple_pay,110.25,4.66,12.14,8.28,16.54,118.79,2026-08-15T12:03:15Z,2026-08-15T13:00:58Z,USD
pay_472d9995432c4ad78305,o_20260815_00001088,captured,apple_pay,145.47,3.5,22.7,13.46,7.27,177.86,2026-08-15T08:31:30Z,2026-08-15T09:05:59Z,USD
pay_2aba411e569f4d1c8ebb,o_20260815_00001089,captured,wallet,84.26,1.36,9.15,5.98,12.64,88.11,2026-08-15T20:01:28Z,2026-08-15T20:49:01Z,USD
pay_92d267df6eee4da09897,o_20260815_00001090,captured,card,87.46,6.5,12.63,6.69,0.0,113.28,2026-08-15T13:41:58Z,2026-08-15T14:24:33Z,USD
pay_c8ce407d05a44051a8a5,o_20260815_00001091,captured,paypal,57.98,5.14,6.68,5.82,0.0,75.62,2026-08-15T13:03:05Z,2026-08-15T14:32:29Z,USD
pay_e4c809ffbb9c4fdfa2b9,o_20260815_00001092,captured,apple_pay,22.8,5.34,2.06,2.28,0.0,32.48,2026-08-15T19:31:04Z,2026-08-15T20:09:47Z,USD
pay_48b515f9b9e34df8811f,o_20260815_00001093,captured,paypal,71.58,4.86,6.23,5.29,3.58,84.38,2026-08-15T12:39:53Z,2026-08-15T13:26:54Z,USD
pay_b6d2a26aea9e4b17b4cd,o_20260815_00001094,captured,paypal,82.62,0.86,12.72,4.81,4.13,96.88,2026-08-15T11:56:32Z,2026-08-15T12:41:30Z,USD
pay_e9da3a6744f84f2ab74d,o_20260815_00001095,captured,paypal,97.47,5.2,11.09,6.13,0.0,119.89,2026-08-15T18:30:09Z,2026-08-15T19:34:22Z,USD
pay_16f650986b294ea3a530,o_20260815_00001096,captured,card,80.76,1.99,7.2,7.13,0.0,97.08,2026-08-15T13:17:37Z,2026-08-15T13:50:25Z,USD
pay_863c0c0104df4d788e52,o_20260815_00001097,captured,apple_pay,79.57,0.59,6.7,6.39,0.0,93.25,2026-08-15T18:18:47Z,2026-08-15T19:03:31Z,USD
pay_fe34574ad8044a2fb772,o_20260815_00001098,voided,card,59.96,4.93,9.21,4.83,6.0,72.93,2026-08-15T12:03:40Z,,USD
pay_703fb672f55844b28c59,o_20260815_00001099,captured,apple_pay,66.51,4.31,6.25,6.17,0.0,83.24,2026-08-15T18:02:10Z,2026-08-15T18:37:48Z,USD
pay_469c191632e840059cf3,o_20260815_00001100,captured,paypal,30.25,5.81,4.44,2.4,4.54,38.36,2026-08-15T12:21:02Z,2026-08-15T12:58:51Z,USD
pay_042a06b88f4346a79237,o_20260815_00001101,captured,apple_pay,89.48,3.6,7.97,6.54,4.47,103.12,2026-08-15T18:13:51Z,2026-08-15T18:45:22Z,USD
pay_6a118ac22fec4398914b,o_20260815_00001102,captured,paypal,47.01,5.29,7.26,3.93,7.05,56.44,2026-08-15T19:50:08Z,2026-08-15T20:31:16Z,USD
pay_c5fe1f1010054fff84e2,o_20260815_00001103,captured,card,14.33,4.34,2.27,0.78,1.43,20.29,2026-08-15T20:44:20Z,2026-08-15T21:35:35Z,USD
pay_6facf8cd23c44c789872,o_20260815_00001104,refunded,card,73.49,5.19,6.0,5.02,11.02,78.68,2026-08-15T11:17:17Z,,USD
pay_2c6c7786d0b1429ba5dd,o_20260815_00001105,captured,paypal,98.1,3.14,10.68,6.48,0.0,118.4,2026-08-15T18:58:56Z,2026-08-15T19:50:26Z,USD
pay_bbde132a50cb4a138778,o_20260815_00001106,captured,wallet,102.29,6.48,14.14,10.37,0.0,133.28,2026-08-15T18:09:19Z,2026-08-15T18:44:54Z,USD
pay_67be0c43f5eb49eaa199,o_20260815_00001107,captured,apple_pay,25.82,2.1,3.33,2.01,2.58,30.68,2026-08-15T19:42:41Z,2026-08-15T20:42:24Z,USD
pay_fd64cd7af2e243f98214,o_20260815_00001108,refunded,card,41.34,5.59,5.8,2.91,0.0,55.64,2026-08-15T20:45:29Z,,USD
pay_dc66165eb2bb49cb89ee,o_20260815_00001109,captured,paypal,79.7,2.59,10.61,5.51,0.0,98.41,2026-08-15T08:28:40Z,2026-08-15T09:03:39Z,USD
pay_4981bc9beebd4cafa4a5,o_20260815_00001110,captured,apple_pay,25.82,6.55,2.55,2.54,0.0,37.46,2026-08-15T13:08:07Z,2026-08-15T13:41:12Z,USD
pay_d3696b603b9b41a1b292,o_20260815_00001111,captured,wallet,68.18,5.32,10.79,4.88,0.0,89.17,2026-08-15T08:14:17Z,2026-08-15T09:03:16Z,USD
pay_883eb83045a8412790b0,o_20260815_00001112,captured,apple_pay,35.59,2.45,5.53,3.0,3.56,43.01,2026-08-15T19:57:34Z,2026-08-15T20:53:03Z,USD
pay_2c54675c81e84b23905d,o_20260815_00001113,captured,card,117.28,0.68,15.58,9.89,11.73,131.7,2026-08-15T12:34:01Z,2026-08-15T13:31:31Z,USD
pay_1f5b917b982d4aa59a93,o_20260815_00001114,captured,apple_pay,52.75,6.31,6.15,5.16,0.0,70.37,2026-08-15T18:57:44Z,2026-08-15T19:58:36Z,USD
pay_5e04b05856a24a86881a,o_20260815_00001115,captured,apple_pay,23.05,1.96,2.14,1.78,3.46,25.47,2026-08-15T18:07:52Z,2026-08-15T19:03:26Z,USD
pay_14596dfac55b45679fd6,o_20260815_00001116,captured,wallet,21.75,3.74,2.03,1.88,0.0,29.4,2026-08-15T19:39:08Z,2026-08-15T20:38:00Z,USD
pay_68470b7cb11647f483fe,o_20260815_00001117,refunded,apple_pay,17.84,5.0,2.35,1.26,0.0,26.45,2026-08-15T18:02:50Z,,USD
pay_1028c220fd354b0e8ae2,o_20260815_00001118,captured,wallet,96.85,4.46,13.03,6.75,9.69,111.4,2026-08-15T18:31:08Z,2026-08-15T19:18:53Z,USD
pay_59480d0b96b3468b9dd0,o_20260815_00001119,captured,apple_pay,67.05,4.32,6.88,4.69,0.0,82.94,2026-08-15T13:14:31Z,2026-08-15T14:00:20Z,USD
pay_64ede9556a2a43e9a4a6,o_20260815_00001120,captured,apple_pay,28.92,6.29,4.2,1.78,1.45,39.74,2026-08-15T20:25:24Z,2026-08-15T21:24:06Z,USD
pay_84a2f3c88074454d98fb,o_20260815_00001121,captured,apple_pay,35.68,0.88,4.03,2.3,0.0,42.89,2026-08-15T08:41:30Z,2026-08-15T09:14:23Z,USD
pay_88a4a0be421e469ebdba,o_20260815_00001122,captured,paypal,71.7,0.74,6.81,4.63,0.0,83.88,2026-08-15T11:29:17Z,2026-08-15T12:54:59Z,USD
pay_d16dbf5620164e368a2f,o_20260815_00001123,captured,apple_pay,42.32,3.8,5.02,2.38,6.35,47.17,2026-08-15T12:37:50Z,2026-08-15T13:42:00Z,USD
pay_22cf329af50e4e8ea062,o_20260815_00001124,captured,card,35.0,6.21,4.29,2.44,0.0,47.94,2026-08-15T13:30:11Z,2026-08-15T14:27:50Z,USD
pay_d2b21e494dc5459c8f36,o_20260815_00001125,refunded,wallet,21.14,2.55,1.96,1.7,2.11,25.24,2026-08-15T19:28:04Z,,USD
pay_d62d1f30f45b44e99f58,o_20260815_00001126,captured,apple_pay,13.69,5.81,1.56,1.21,1.37,20.9,2026-08-15T13:35:52Z,2026-08-15T14:06:23Z,USD
pay_48c46dcbb8734e4e8ba4,o_20260815_00001127,refunded,apple_pay,21.63,6.94,2.66,1.8,0.0,33.03,2026-08-15T18:14:33Z,,USD
pay_c7c38199bb44439ea29e,o_20260815_00001128,captured,apple_pay,49.52,2.86,6.14,3.89,4.95,57.46,2026-08-15T18:34:32Z,2026-08-15T19:14:56Z,USD
pay_408d577a7e064eebbf52,o_20260815_00001129,captured,paypal,58.77,6.93,8.95,5.0,0.0,79.65,2026-08-15T18:41:01Z,2026-08-15T19:27:50Z,USD
pay_3fef24276c7142bcb4ea,o_20260815_00001130,captured,apple_pay,39.46,0.69,4.36,3.1,0.0,47.61,2026-08-15T08:09:37Z,2026-08-15T08:36:13Z,USD
pay_bba3be4630264f7f9c21,o_20260815_00001131,captured,wallet,62.26,5.82,6.09,5.47,3.11,76.53,2026-08-15T19:56:23Z,2026-08-15T20:55:04Z,USD
pay_d80998834c954b8fba29,o_20260815_00001132,captured,paypal,56.97,1.11,6.94,4.1,8.55,60.57,2026-08-15T18:43:39Z,2026-08-15T19:49:29Z,USD
pay_36794339d04f490f9882,o_20260815_00001133,captured,apple_pay,19.74,5.76,1.79,1.47,0.99,27.77,2026-08-15T18:37:59Z,2026-08-15T19:28:34Z,USD
pay_2a940451ab394ed683e4,o_20260815_00001134,captured,apple_pay,95.53,1.59,10.11,7.42,14.33,100.32,2026-08-15T11:17:54Z,2026-08-15T12:12:36Z,USD
pay_15dbe4c50f714db3a5dc,o_20260815_00001135,captured,card,110.19,5.43,17.21,7.04,0.0,139.87,2026-08-15T13:26:14Z,2026-08-15T14:18:56Z,USD
pay_07082a59bf3346a6b936,o_20260815_00001136,voided,paypal,86.2,0.89,12.29,7.39,12.93,93.84,2026-08-15T18:36:23Z,,USD
pay_234cf91ebd6d4c11b67b,o_20260815_00001137,captured,wallet,91.75,2.37,12.76,5.8,0.0,112.68,2026-08-15T18:50:02Z,2026-08-15T19:22:52Z,USD
pay_d688ded757a6472398d7,o_20260815_00001138,captured,wallet,18.58,0.8,1.77,1.72,0.0,22.87,2026-08-15T11:34:15Z,2026-08-15T12:19:32Z,USD
pay_45383cbafe024b0a8aca,o_20260815_00001139,captured,card,89.32,0.94,13.35,5.85,0.0,109.46,2026-08-15T11:18:23Z,2026-08-15T12:01:51Z,USD
pay_eef8af5cfd844e11860a,o_20260815_00001140,voided,wallet,34.02,3.94,3.27,2.54,5.1,38.67,2026-08-15T20:34:15Z,,USD
pay_1b277f0a34a04008bc49,o_20260815_00001141,captured,wallet,74.21,6.39,6.64,4.14,7.42,83.96,2026-08-15T19:30:13Z,2026-08-15T20:20:41Z,USD
pay_db294eb768164847b12d,o_20260815_00001142,captured,wallet,22.06,3.39,3.43,1.81,3.31,27.38,2026-08-15T11:19:00Z,2026-08-15T12:13:56Z,USD
pay_07720335db594772b6d0,o_20260815_00001143,captured,paypal,58.04,3.62,5.88,4.8,0.0,72.34,2026-08-15T19:50:21Z,2026-08-15T20:18:08Z,USD
pay_b5cbe2c902cd41acbe47,o_20260815_00001144,captured,paypal,156.72,5.95,15.13,10.38,0.0,188.18,2026-08-15T18:36:18Z,2026-08-15T19:25:52Z,USD
pay_b8f482ca44e74e038062,o_20260815_00001145,captured,card,63.57,1.81,7.74,3.94,9.54,67.52,2026-08-15T19:31:32Z,2026-08-15T19:55:02Z,USD
pay_4ca3a3c03222424b8c33,o_20260815_00001146,refunded,paypal,116.87,0.71,17.36,8.56,5.84,137.66,2026-08-15T20:06:31Z,,USD
pay_7146090be69b4b5395bf,o_20260815_00001147,captured,paypal,74.37,5.87,9.39,5.63,11.16,84.1,2026-08-15T12:39:22Z,2026-08-15T13:31:55Z,USD
pay_7c6bf091969b427e8103,o_20260815_00001148,captured,wallet,83.31,2.57,8.13,5.44,4.17,95.28,2026-08-15T12:47:08Z,2026-08-15T13:24:42Z,USD
pay_e3338bb7066b4409baa8,o_20260815_00001149,captured,wallet,34.5,3.52,3.93,2.7,0.0,44.65,2026-08-15T12:40:19Z,2026-08-15T13:35:59Z,USD
pay_ac749002441b479bba70,o_20260815_00001150,voided,paypal,68.91,5.09,7.72,5.62,0.0,87.34,2026-08-15T18:29:48Z,,USD
pay_7af74d7d6a224da3b92d,o_20260815_00001151,voided,card,93.45,5.02,14.9,5.38,9.34,109.41,2026-08-15T12:15:05Z,,USD
pay_649db1e755d04b05a426,o_20260815_00001152,captured,paypal,97.82,4.18,9.63,6.99,0.0,118.62,2026-08-15T18:19:53Z,2026-08-15T19:17:30Z,USD
pay_5cff2dd9d0de45b4a9ff,o_20260815_00001153,captured,apple_pay,49.29,0.84,4.76,4.89,0.0,59.78,2026-08-15T11:26:08Z,2026-08-15T12:04:51Z,USD
pay_2aff2ceffbc844b5b397,o_20260815_00001154,captured,card,21.33,4.22,2.69,1.8,0.0,30.04,2026-08-15T11:10:21Z,2026-08-15T12:00:53Z,USD
pay_fec7da0cbcc043e399bf,o_20260815_00001155,captured,card,28.84,1.33,3.51,2.19,0.0,35.87,2026-08-15T11:11:00Z,2026-08-15T11:39:35Z,USD
pay_93d84617b60940bb9fda,o_20260815_00001156,captured,paypal,74.32,3.83,8.04,5.41,0.0,91.6,2026-08-15T12:24:55Z,2026-08-15T12:59:38Z,USD
pay_58702d10726b4ae29818,o_20260815_00001157,captured,paypal,32.32,5.99,4.58,3.09,0.0,45.98,2026-08-15T11:38:45Z,2026-08-15T12:05:28Z,USD
pay_c794d2f43c354374b8b4,o_20260815_00001158,captured,apple_pay,72.08,6.69,6.3,6.43,0.0,91.5,2026-08-15T12:10:53Z,2026-08-15T12:50:20Z,USD
pay_1a15d6902c224230823a,o_20260815_00001159,captured,paypal,17.02,3.54,2.69,1.03,0.0,24.28,2026-08-15T13:49:24Z,2026-08-15T14:56:54Z,USD
pay_95ca42e03d1e4bb3bda2,o_20260815_00001160,captured,wallet,30.71,2.44,4.32,2.4,4.61,35.26,2026-08-15T13:06:56Z,2026-08-15T13:55:08Z,USD
pay_aca614376f15477ead83,o_20260815_00001161,refunded,card,31.59,3.03,2.97,2.94,0.0,40.53,2026-08-15T13:33:17Z,,USD
pay_1c02575a62a24a7884b4,o_20260815_00001162,captured,paypal,91.18,2.34,8.77,7.83,0.0,110.12,2026-08-15T18:04:33Z,2026-08-15T18:34:12Z,USD
pay_02048ec7c6fb41c39ba4,o_20260815_00001163,captured,paypal,11.9,6.03,1.66,1.21,0.0,20.8,2026-08-15T18:51:40Z,2026-08-15T19:51:18Z,USD
pay_143ae095a90b4c499234,o_20260815_00001164,captured,card,36.48,3.7,3.88,3.72,0.0,47.78,2026-08-15T18:38:49Z,2026-08-15T19:19:15Z,USD
pay_c7a6311f4b39484f9804,o_20260815_00001165,captured,wallet,19.91,5.31,2.95,1.46,1.0,28.63,2026-08-15T11:11:58Z,2026-08-15T12:11:20Z,USD
pay_ddbc690f422e49b3af0f,o_20260815_00001166,captured,paypal,89.64,6.14,9.51,6.74,4.48,107.55,2026-08-15T13:31:15Z,2026-08-15T14:08:28Z,USD
pay_6a85b16f1125403fbc4a,o_20260815_00001167,captured,apple_pay,52.52,1.05,5.62,3.6,0.0,62.79,2026-08-15T12:38:09Z,2026-08-15T13:13:39Z,USD
pay_9c229731e51d44e69224,o_20260815_00001168,refunded,paypal,71.25,6.94,8.92,5.24,0.0,92.35,2026-08-15T18:06:14Z,,USD
pay_a82320070a35438c9b39,o_20260815_00001169,captured,card,32.55,3.09,3.38,2.43,0.0,41.45,2026-08-15T13:45:48Z,2026-08-15T14:38:20Z,USD
pay_d605ec2d3d8b4d6ab669,o_20260815_00001170,captured,apple_pay,61.13,6.6,6.55,4.66,0.0,78.94,2026-08-15T19:38:40Z,2026-08-15T20:38:31Z,USD
pay_ea28beb44a0949e0a8cf,o_20260815_00001171,captured,apple_pay,44.3,4.51,6.73,3.32,6.65,52.21,2026-08-15T08:14:55Z,2026-08-15T09:17:53Z,USD
pay_23fbfb3882bb459fbd1d,o_20260815_00001172,voided,paypal,64.5,6.63,7.75,6.48,0.0,85.36,2026-08-15T19:33:00Z,,USD
pay_a9bd1886684c40b49f1c,o_20260815_00001173,captured,apple_pay,109.01,4.68,12.78,7.57,5.45,128.59,2026-08-15T19:52:49Z,2026-08-15T21:01:57Z,USD
pay_1ebdb8f5a3044c69b85d,o_20260815_00001174,captured,wallet,58.76,5.78,6.34,5.15,0.0,76.03,2026-08-15T12:05:58Z,2026-08-15T13:23:26Z,USD
pay_dcae6b19ba2b474c9eef,o_20260815_00001175,captured,apple_pay,61.05,4.2,6.39,5.79,0.0,77.43,2026-08-15T20:52:49Z,2026-08-15T21:51:04Z,USD
pay_f86453f93a734177bc52,o_20260815_00001176,captured,apple_pay,20.24,6.2,1.8,1.29,2.02,27.51,2026-08-15T12:49:07Z,2026-08-15T13:31:55Z,USD
pay_06ab1c56ed974a2cb373,o_20260815_00001177,voided,wallet,108.27,3.86,10.29,6.63,0.0,129.05,2026-08-15T19:50:49Z,,USD
pay_f1365c8a1edb4d47913f,o_20260815_00001178,voided,paypal,97.21,1.08,9.24,7.68,0.0,115.21,2026-08-15T12:01:30Z,,USD
pay_ebd96b400ad74fc5bfea,o_20260815_00001179,captured,paypal,62.24,3.86,8.23,5.19,0.0,79.52,2026-08-15T11:25:46Z,2026-08-15T12:10:07Z,USD
pay_b1613d48af774286b3e1,o_20260815_00001180,refunded,paypal,95.69,6.37,11.54,8.91,0.0,122.51,2026-08-15T12:14:51Z,,USD
pay_94731f3bd3aa43f7941b,o_20260815_00001181,captured,apple_pay,7.73,0.92,0.86,0.5,0.0,10.01,2026-08-15T18:58:34Z,2026-08-15T19:41:37Z,USD
pay_37aac5da24cb4460b2cd,o_20260815_00001182,captured,wallet,75.66,3.86,7.58,5.72,7.57,85.25,2026-08-15T19:02:55Z,2026-08-15T19:51:15Z,USD
pay_fb025a793f1444a7a591,o_20260815_00001183,captured,wallet,58.12,3.57,6.76,5.69,0.0,74.14,2026-08-15T11:40:30Z,2026-08-15T12:47:17Z,USD
pay_929199bd84804d298082,o_20260815_00001184,captured,apple_pay,108.99,2.74,8.79,9.74,5.45,124.81,2026-08-15T11:26:08Z,2026-08-15T12:14:08Z,USD
pay_c7443fe6cc1f47b48166,o_20260815_00001185,captured,paypal,71.67,2.33,6.09,6.87,0.0,86.96,2026-08-15T12:40:10Z,2026-08-15T13:28:01Z,USD
pay_9d9b550001a1450ea6a6,o_20260815_00001186,captured,paypal,14.5,5.65,1.57,1.03,0.0,22.75,2026-08-15T18:36:19Z,2026-08-15T19:17:52Z,USD
pay_7c642b670ce14a5592e9,o_20260815_00001187,captured,wallet,71.71,4.73,10.65,4.73,3.59,88.23,2026-08-15T18:50:27Z,2026-08-15T19:44:19Z,USD
pay_5244f1ff3e204b7494e4,o_20260815_00001188,captured,apple_pay,31.82,6.87,4.6,3.17,0.0,46.46,2026-08-15T19:05:03Z,2026-08-15T19:44:19Z,USD
pay_32277ae9a2ba4f439c55,o_20260815_00001189,captured,card,37.87,5.82,4.0,2.18,1.89,47.98,2026-08-15T11:16:28Z,2026-08-15T11:57:56Z,USD
pay_5867e8040c4440258524,o_20260815_00001190,captured,apple_pay,104.99,5.05,9.99,6.93,15.75,111.21,2026-08-15T18:00:14Z,2026-08-15T18:44:09Z,USD
pay_d9bc9f3ccdb84f1086b3,o_20260815_00001191,captured,paypal,126.12,4.93,19.51,11.61,0.0,162.17,2026-08-15T12:37:31Z,2026-08-15T13:19:28Z,USD
pay_2241ccdcd7f1432a9d00,o_20260815_00001192,captured,paypal,14.93,2.66,2.03,0.99,2.24,18.37,2026-08-15T12:23:48Z,2026-08-15T13:09:28Z,USD
pay_083c8fe07cff41ab91e0,o_20260815_00001193,captured,wallet,77.55,6.94,8.92,4.71,3.88,94.24,2026-08-15T20:47:20Z,2026-08-15T21:31:08Z,USD
pay_be5e8ec7d08a44a78b4e,o_20260815_00001194,captured,apple_pay,16.47,2.51,2.49,1.02,0.0,22.49,2026-08-15T13:32:36Z,2026-08-15T14:16:22Z,USD
pay_d7ea300a4c1643eab641,o_20260815_00001195,captured,wallet,21.75,1.02,3.29,1.74,2.18,25.62,2026-08-15T18:51:21Z,2026-08-15T19:57:11Z,USD
pay_eb936822f7484bdc8a3c,o_20260815_00001196,captured,wallet,39.87,2.19,6.24,2.6,0.0,50.9,2026-08-15T11:02:40Z,2026-08-15T12:08:08Z,USD
pay_a75f45ce7d9b455ab8f5,o_20260815_00001197,captured,card,82.16,5.11,8.03,5.5,12.32,88.48,2026-08-15T12:40:41Z,2026-08-15T13:23:11Z,USD
pay_f1bcdd9b943e421cb35c,o_20260815_00001198,captured,wallet,14.6,1.62,1.98,1.13,0.73,18.6,2026-08-15T12:21:58Z,2026-08-15T13:10:48Z,USD
pay_3ca6d6e7bed24e248750,o_20260815_00001199,captured,apple_pay,101.8,3.06,8.59,8.43,0.0,121.88,2026-08-15T20:49:00Z,2026-08-15T21:29:31Z,USD
pay_beba2cc130a84fa7bcfa,o_20260815_00001200,captured,paypal,96.15,0.83,14.17,5.6,4.81,111.94,2026-08-15T18:05:28Z,2026-08-15T19:09:59Z,USD
