payment_id,order_id,payment_status,payment_method,subtotal_amount,delivery_fee,service_fee,tax_amount,discount_amount,total_amount,authorized_at,captured_at,currency
pay_f3a986cec047449b9c6a,o_20260820_00006001,captured,apple_pay,83.61,4.73,11.88,7.56,8.36,99.42,2026-08-20T18:26:06Z,2026-08-20T18:54:12Z,USD
pay_d145e265782849fdb5c5,o_20260820_00006002,captured,wallet,46.88,1.18,6.49,3.79,0.0,58.34,2026-08-20T12:37:24Z,2026-08-20T13:22:01Z,USD
pay_e40b941a9fd14f929307,o_20260820_00006003,captured,wallet,44.6,2.42,6.36,4.24,0.0,57.62,2026-08-20T19:23:32Z,2026-08-20T20:23:03Z,USD
pay_72d0b8bf5d454b4a949f,o_20260820_00006004,captured,paypal,40.91,6.34,5.01,3.08,6.14,49.2,2026-08-20T11:04:20Z,2026-08-20T11:59:31Z,USD
pay_02c9d127bc2547e192b1,o_20260820_00006005,captured,apple_pay,99.76,5.38,14.31,6.54,0.0,125.99,2026-08-20T18:21:29Z,2026-08-20T19:11:13Z,USD
pay_8c8b43ad073249538697,o_20260820_00006006,captured,apple_pay,62.39,5.84,6.74,5.22,6.24,73.95,2026-08-20T20:49:40Z,2026-08-20T21:38:10Z,USD
pay_2fc3d51557f241dc88f2,o_20260820_00006007,captured,wallet,55.23,5.76,8.53,4.03,0.0,73.55,2026-08-20T20:02:01Z,2026-08-20T20:59:45Z,USD
pay_315d49ff730d4bf38aa0,o_20260820_00006008,captured,apple_pay,91.91,5.68,12.88,6.58,13.79,103.26,2026-08-20T12:58:42Z,2026-08-20T13:46:14Z,USD
pay_5181b76ef60144db84c9,o_20260820_00006009,captured,apple_pay,174.48,0.72,18.83,15.6,0.0,209.63,2026-08-20T18:42:54Z,2026-08-20T19:39:46Z,USD
pay_5f4d9a92e4834c27a608,o_20260820_00006010,captured,apple_pay,63.48,5.97,6.87,5.66,3.17,78.81,2026-08-20T19:51:56Z,2026-08-20T20:42:34Z,USD
pay_0e65678b614d4accbfeb,o_20260820_00006011,captured,wallet,109.89,6.65,14.84,8.91,10.99,129.3,2026-08-20T12:01:24Z,2026-08-20T12:52:09Z,USD
pay_c9dd809c67394b34b1ec,o_20260820_00006012,captured,paypal,35.71,5.65,3.41,1.93,5.36,41.34,2026-08-20T11:50:59Z,2026-08-20T12:45:33Z,USD
pay_9d72e3fe198c49da8794,o_20260820_00006013,captured,paypal,7.25,6.08,0.72,0.54,1.09,13.5,2026-08-20T19:53:43Z,2026-08-20T20:49:58Z,USD
pay_83caab92a98f4f18858d,o_20260820_00006014,captured,wallet,81.73,4.42,7.23,5.54,4.09,94.83,2026-08-20T08:49:00Z,2026-08-20T09:49:17Z,USD
pay_d83b844691cb4e74877a,o_20260820_00006015,captured,apple_pay,22.92,4.71,3.64,1.47,2.29,30.45,2026-08-20T11:56:04Z,2026-08-20T12:36:15Z,USD
pay_f0f0c000a60f4263995a,o_20260820_00006016,captured,wallet,87.71,6.54,7.91,5.42,4.39,103.19,2026-08-20T12:13:23Z,2026-08-20T12:52:02Z,USD
pay_dc596d61b0944c699f1a,o_20260820_00006017,captured,card,30.03,3.17,3.06,2.04,3.0,35.3,2026-08-20T20:48:47Z,2026-08-20T21:18:42Z,USD
pay_fcec072b36c740589814,o_20260820_00006018,captured,apple_pay,8.88,3.98,1.27,0.6,0.0,14.73,2026-08-20T18:55:37Z,2026-08-20T19:35:17Z,USD
pay_91701df7d846477abd2e,o_20260820_00006019,captured,card,41.39,6.05,4.4,3.24,0.0,55.08,2026-08-20T20:34:55Z,2026-08-20T21:24:37Z,USD
pay_d011a087b8874169acb2,o_20260820_00006020,captured,wallet,67.86,6.03,7.19,4.07,3.39,81.76,2026-08-20T08:18:11Z,2026-08-20T09:01:02Z,USD
pay_87aab1ed583c44918fa7,o_20260820_00006021,captured,paypal,60.05,4.2,6.55,3.52,6.0,68.32,2026-08-20T12:18:56Z,2026-08-20T13:13:44Z,USD
pay_163e90ce48a742d185db,o_20260820_00006022,captured,card,76.62,6.68,6.96,5.79,3.83,92.22,2026-08-20T18:43:17Z,2026-08-20T19:18:19Z,USD
pay_631427213776441aab37,o_20260820_00006023,captured,wallet,108.99,6.28,12.72,7.32,10.9,124.41,2026-08-20T12:22:03Z,2026-08-20T13:11:52Z,USD
pay_ecc202f12f6e401c90c0,o_20260820_00006024,captured,card,51.21,5.57,7.7,3.58,0.0,68.06,2026-08-20T19:41:02Z,2026-08-20T20:47:30Z,USD
pay_8a6f744b249f4f189191,o_20260820_00006025,captured,paypal,73.94,6.42,11.73,6.52,7.39,91.22,2026-08-20T19:50:43Z,2026-08-20T20:45:33Z,USD
pay_482c899981d5437a9f48,o_20260820_00006026,captured,wallet,103.82,6.2,16.18,8.57,0.0,134.77,2026-08-20T12:32:27Z,2026-08-20T13:25:32Z,USD
pay_354746f4c7fa473c8d3a,o_20260820_00006027,captured,wallet,72.56,1.45,8.92,6.36,7.26,82.03,2026-08-20T20:29:31Z,2026-08-20T21:08:14Z,USD
pay_fbe59407acbe48d98e66,o_20260820_00006028,captured,wallet,21.73,1.76,2.84,1.79,0.0,28.12,2026-08-20T08:02:40Z,2026-08-20T08:52:32Z,USD
pay_560c22b8b456432a872b,o_20260820_00006029,captured,apple_pay,18.79,5.71,1.85,1.27,1.88,25.74,2026-08-20T18:42:08Z,2026-08-20T19:52:59Z,USD
pay_94d916c46b9a40eea9b3,o_20260820_00006030,captured,wallet,81.29,5.17,10.01,5.97,4.06,98.38,2026-08-20T11:10:35Z,2026-08-20T11:48:26Z,USD
pay_b62eaa5ea53c47fcbf03,o_20260820_00006031,captured,apple_pay,21.93,2.79,1.98,1.83,2.19,26.34,2026-08-20T19:57:37Z,2026-08-20T20:34:15Z,USD
pay_3a491fcbe4fb4c55a50e,o_20260820_00006032,captured,apple_pay,100.83,5.82,8.09,6.39,10.08,111.05,2026-08-20T19:41:49Z,2026-08-20T20:20:57Z,USD
pay_af22aef85d5c4e8abcf0,o_20260820_00006033,refunded,apple_pay,14.93,5.41,1.58,1.38,0.0,23.3,2026-08-20T18:33:58Z,,USD
pay_84cfc37725344b328c54,o_20260820_00006034,captured,wallet,68.94,3.25,8.0,5.21,0.0,85.4,2026-08-20T19:14:18Z,2026-08-20T19:56:50Z,USD
pay_ce06bc51453d4b1e9b95,o_20260820_00006035,captured,apple_pay,9.64,5.76,1.4,0.74,0.0,17.54,2026-08-20T19:23:26Z,2026-08-20T20:27:19Z,USD
pay_9647ad8c9c2d4c04bf93,o_20260820_00006036,captured,apple_pay,78.48,6.07,9.54,6.02,0.0,100.11,2026-08-20T13:40:48Z,2026-08-20T14:30:17Z,USD
pay_74cc9514135a4ebcb571,o_20260820_00006037,captured,apple_pay,80.4,0.56,8.37,6.38,0.0,95.71,2026-08-20T19:05:00Z,2026-08-20T19:50:33Z,USD
pay_2be1b094503f4f25baa3,o_20260820_00006038,captured,wallet,144.66,6.49,17.92,14.22,0.0,183.29,2026-08-20T12:37:33Z,2026-08-20T13:06:37Z,USD
pay_60397359169b4753ab2b,o_20260820_00006039,captured,paypal,110.98,5.36,12.21,7.77,5.55,130.77,2026-08-20T11:12:17Z,2026-08-20T12:06:57Z,USD
pay_b810fd704abf4fd5a7c7,o_20260820_00006040,captured,paypal,12.91,2.33,1.52,0.96,0.0,17.72,2026-08-20T18:41:14Z,2026-08-20T19:30:26Z,USD
pay_d577ab7c96cd4f568e7f,o_20260820_00006041,captured,apple_pay,65.74,5.62,6.6,5.1,9.86,73.2,2026-08-20T12:41:08Z,2026-08-20T13:33:35Z,USD
pay_c6329b2bb4754abc9798,o_20260820_00006042,captured,card,29.66,5.62,2.64,1.88,0.0,39.8,2026-08-20T12:59:03Z,2026-08-20T14:10:50Z,USD
pay_44f131e6ada94dc6a6ad,o_20260820_00006043,captured,apple_pay,21.63,1.48,1.76,1.65,0.0,26.52,2026-08-20T11:24:05Z,2026-08-20T11:46:13Z,USD
pay_7bdcc0c4011949b7b108,o_20260820_00006044,captured,wallet,40.56,1.62,4.3,2.2,6.08,42.6,2026-08-20T12:07:10Z,2026-08-20T12:53:41Z,USD
pay_42ac8e801d10465c9190,o_20260820_00006045,captured,wallet,131.4,6.02,20.97,10.74,0.0,169.13,2026-08-20T13:49:43Z,2026-08-20T14:35:34Z,USD
pay_8a6860d489204ae1ac09,o_20260820_00006046,captured,apple_pay,7.46,2.23,1.1,0.46,1.12,10.13,2026-08-20T20:29:00Z,2026-08-20T21:20:19Z,USD
pay_55fd9b0739e44313a520,o_20260820_00006047,voided,paypal,70.25,1.19,6.41,4.93,0.0,82.78,2026-08-20T19:39:26Z,,USD
pay_6b1075bb15874f61857d,o_20260820_00006048,captured,card,95.92,2.03,14.88,8.51,9.59,111.75,2026-08-20T18:17:32Z,2026-08-20T19:00:27Z,USD
pay_167908d5b57643cb8b7b,o_20260820_00006049,captured,card,66.15,1.89,6.54,6.35,3.31,77.62,2026-08-20T18:29:52Z,2026-08-20T19:29:26Z,USD
pay_5506a0d25aef409e84d8,o_20260820_00006050,captured,wallet,81.81,4.5,12.74,7.59,0.0,106.64,2026-08-20T13:55:43Z,2026-08-20T14:59:07Z,USD
pay_41f205a435aa49aab4ec,o_20260820_00006051,captured,apple_pay,51.15,5.37,5.04,3.47,5.12,59.91,2026-08-20T18:06:04Z,2026-08-20T18:43:27Z,USD
pay_ded68ef1afb84a32bd10,o_20260820_00006052,captured,apple_pay,47.58,6.94,4.72,4.85,0.0,64.09,2026-08-20T08:52:35Z,2026-08-20T09:27:18Z,USD
pay_b57a5e6fcf4f44e59cc9,o_20260820_00006053,captured,paypal,89.38,4.31,13.54,7.62,0.0,114.85,2026-08-20T11:19:50Z,2026-08-20T12:09:44Z,USD
pay_40d40bb1b4464b4aa309,o_20260820_00006054,captured,apple_pay,98.8,1.46,9.88,7.72,14.82,103.04,2026-08-20T19:11:32Z,2026-08-20T20:16:36Z,USD
pay_834d11caafa34f3984b2,o_20260820_00006055,captured,wallet,88.93,6.71,7.34,6.61,8.89,100.7,2026-08-20T18:56:16Z,2026-08-20T19:24:43Z,USD
pay_1d9183c77d0b4827a337,o_20260820_00006056,captured,card,56.37,6.14,7.93,5.47,0.0,75.91,2026-08-20T18:54:27Z,2026-08-20T19:16:06Z,USD
pay_928ecd849d0a4eb3b99d,o_20260820_00006057,captured,wallet,34.25,1.19,4.94,2.98,0.0,43.36,2026-08-20T11:57:51Z,2026-08-20T12:42:10Z,USD
pay_ef0124122a774e1a9947,o_20260820_00006058,captured,apple_pay,24.7,6.95,3.12,2.17,0.0,36.94,2026-08-20T12:50:54Z,2026-08-20T13:52:24Z,USD
pay_b7606e4956204ec19793,o_20260820_00006059,captured,apple_pay,82.19,2.66,7.54,7.89,0.0,100.28,2026-08-20T13:33:24Z,2026-08-20T14:08:22Z,USD
pay_8f9afc11a0944c639c11,o_20260820_00006060,captured,card,152.61,0.61,17.49,11.36,22.89,159.18,2026-08-20T20:21:44Z,2026-08-20T21:07:23Z,USD
pay_bbae35bea9c446968c17,o_20260820_00006061,captured,apple_pay,31.47,2.65,4.18,2.95,0.0,41.25,2026-08-20T18:31:48Z,2026-08-20T19:21:05Z,USD
pay_65164adb454a44d89539,o_20260820_00006062,captured,wallet,102.24,5.04,11.9,9.84,0.0,129.02,2026-08-20T12:30:17Z,2026-08-20T13:05:25Z,USD
pay_8bd712e33bb4415eaf21,o_20260820_00006063,captured,paypal,48.8,1.07,4.77,4.21,0.0,58.85,2026-08-20T12:56:51Z,2026-08-20T13:58:03Z,USD
pay_45fa1af7f73342028547,o_20260820_00006064,voided,wallet,10.35,2.67,1.06,0.88,0.0,14.96,2026-08-20T19:34:16Z,,USD
pay_74078d9ecb644df3804b,o_20260820_00006065,refunded,apple_pay,154.6,4.6,19.17,14.52,0.0,192.89,2026-08-20T20:48:25Z,,USD
pay_417892451f324a41b7b4,o_20260820_00006066,captured,wallet,60.16,1.05,4.84,5.87,0.0,71.92,2026-08-20T18:02:48Z,2026-08-20T19:11:26Z,USD
pay_4f60c768c51b4fbbbc1e,o_20260820_00006067,refunded,card,65.7,5.71,10.16,6.42,0.0,87.99,2026-08-20T12:12:09Z,,USD
pay_3cb80f07b5d0453084da,o_20260820_00006068,captured,card,68.91,5.07,7.86,6.42,3.45,84.81,2026-08-20T18:07:16Z,2026-08-20T19:07:58Z,USD
pay_92e89bf73f8f4bb38726,o_20260820_00006069,captured,wallet,92.49,0.62,14.47,8.99,0.0,116.57,2026-08-20T18:05:53Z,2026-08-20T18:51:31Z,USD
pay_b7e47a667ba94e0487bf,o_20260820_00006070,captured,wallet,89.34,3.99,12.88,6.63,0.0,112.84,2026-08-20T08:40:27Z,2026-08-20T09:13:22Z,USD
pay_e0c251a74b394d84ba96,o_20260820_00006071,captured,card,111.3,3.88,10.37,5.94,16.7,114.79,2026-08-20T20:00:21Z,2026-08-20T20:28:55Z,USD
pay_d483891952e148888708,o_20260820_00006072,captured,wallet,12.35,5.68,1.08,1.02,0.0,20.13,2026-08-20T18:40:56Z,2026-08-20T19:32:43Z,USD
pay_2e3b1ad87c56452f88ec,o_20260820_00006073,captured,apple_pay,8.85,3.11,0.73,0.81,0.44,13.06,2026-08-20T19:41:01Z,2026-08-20T20:22:08Z,USD
pay_f5e747df4d334713b150,o_20260820_00006074,captured,apple_pay,73.49,6.82,7.26,4.71,7.35,84.93,2026-08-20T19:25:31Z,2026-08-20T19:55:14Z,USD
pay_597b004a7f1e49c48861,o_20260820_00006075,captured,wallet,33.4,4.84,4.47,2.6,5.01,40.3,2026-08-20T19:52:21Z,2026-08-20T20:44:10Z,USD
pay_04f2d15440504fa980b2,o_20260820_00006076,captured,card,131.53,6.04,12.34,12.9,0.0,162.81,2026-08-20T19:04:43Z,2026-08-20T19:53:18Z,USD
pay_6b1bc64d042a4ccd9601,o_20260820_00006077,captured,apple_pay,49.36,3.04,4.06,4.59,0.0,61.05,2026-08-20T13:19:46Z,2026-08-20T14:06:41Z,USD
pay_1bf9a298570649c9b94d,o_20260820_00006078,captured,wallet,28.12,2.29,4.17,1.92,0.0,36.5,2026-08-20T19:11:11Z,2026-08-20T20:05:35Z,USD
pay_a32c085e7b4a48329aa7,o_20260820_00006079,captured,wallet,54.48,5.66,6.72,3.99,5.45,65.4,2026-08-20T20:56:17Z,2026-08-20T21:37:14Z,USD
pay_d38ecb74f0cd4ec0be67,o_20260820_00006080,captured,card,85.69,0.75,11.64,6.57,0.0,104.65,2026-08-20T13:06:44Z,2026-08-20T13:44:22Z,USD
pay_86b8b1f0955e4a59954a,o_20260820_00006081,captured,wallet,23.9,4.15,2.88,1.8,0.0,32.73,2026-08-20T13:54:15Z,2026-08-20T14:44:42Z,USD
pay_3377caa1d41d441abadf,o_20260820_00006082,captured,card,87.85,6.71,13.21,8.68,0.0,116.45,2026-08-20T11:15:41Z,2026-08-20T11:37:04Z,USD
pay_8b9f4218ff8549edab11,o_20260820_00006083,captured,apple_pay,93.08,1.62,10.03,8.42,0.0,113.15,2026-08-20T20:42:40Z,2026-08-20T21:51:20Z,USD
pay_594e5406a6234172b113,o_20260820_00006084,captured,card,136.87,2.96,16.41,10.64,13.69,153.19,2026-08-20T12:36:17Z,2026-08-20T13:17:30Z,USD
pay_02d1920df7534a83b25a,o_20260820_00006085,captured,wallet,62.27,4.19,8.89,5.16,0.0,80.51,2026-08-20T20:06:55Z,2026-08-20T20:47:48Z,USD
pay_84815bec8d424e139699,o_20260820_00006086,captured,apple_pay,47.96,3.54,6.9,3.96,7.19,55.17,2026-08-20T08:34:56Z,2026-08-20T09:12:35Z,USD
pay_5029884ac73f4c438140,o_20260820_00006087,captured,card,76.77,1.19,9.84,6.41,0.0,94.21,2026-08-20T12:29:16Z,2026-08-20T13:32:56Z,USD
pay_df45a2708326404583bc,o_20260820_00006088,captured,apple_pay,61.62,5.21,7.47,4.74,0.0,79.04,2026-08-20T19:08:55Z,2026-08-20T19:33:07Z,USD
pay_c41dcff815c74082910b,o_20260820_00006089,captured,paypal,53.52,4.26,4.79,4.34,0.0,66.91,2026-08-20T12:49:57Z,2026-08-20T13:29:56Z,USD
pay_96237ef9b3654654830f,o_20260820_00006090,captured,card,60.18,2.62,5.81,5.29,0.0,73.9,2026-08-20T19:53:57Z,2026-08-20T20:41:37Z,USD
pay_24fe47343746498b98c6,o_20260820_00006091,captured,card,30.45,2.79,3.39,2.09,4.57,34.15,2026-08-20T11:15:49Z,2026-08-20T11:59:08Z,USD
pay_d13d4ef8d1c142178144,o_20260820_00006092,captured,apple_pay,23.9,1.72,3.72,1.67,2.39,28.62,2026-08-20T19:06:58Z,2026-08-20T19:55:56Z,USD
pay_4a95f467ef3e4eb59b4d,o_20260820_00006093,captured,apple_pay,46.54,2.55,6.15,2.57,4.65,53.16,2026-08-20T18:36:05Z,2026-08-20T19:25:40Z,USD
pay_7da498c20cd64ea381cf,o_20260820_00006094,captured,card,14.25,3.15,1.2,0.88,0.0,19.48,2026-08-20T11:00:26Z,2026-08-20T11:38:09Z,USD
pay_6f32ea9b6ef64fefbfa9,o_20260820_00006095,captured,card,66.04,2.16,9.72,5.91,0.0,83.83,2026-08-20T12:15:33Z,2026-08-20T12:49:47Z,USD
pay_73af328e34b74aa6aa0e,o_20260820_00006096,captured,apple_pay,39.81,6.65,4.67,3.99,0.0,55.12,2026-08-20T18:18:14Z,2026-08-20T18:55:08Z,USD
pay_c3f5b8e7e0b2428fb0ad,o_20260820_00006097,captured,wallet,75.1,1.79,7.04,6.81,0.0,90.74,2026-08-20T11:54:25Z,2026-08-20T12:32:09Z,USD
pay_4058113611d245a1bc12,o_20260820_00006098,voided,card,121.68,4.06,12.28,7.8,0.0,145.82,2026-08-20T19:50:58Z,,USD
pay_b2925eaf92f44076bcc6,o_20260820_00006099,captured,apple_pay,70.08,6.39,8.55,4.63,0.0,89.65,2026-08-20T20:37:10Z,2026-08-20T21:43:41Z,USD
pay_efa759f290d4435abb3b,o_20260820_00006100,captured,wallet,43.62,0.91,3.91,4.28,0.0,52.72,2026-08-20T13:19:55Z,2026-08-20T14:10:32Z,USD
pay_358dd31d5b5645f59dd6,o_20260820_00006101,captured,paypal,26.19,5.54,2.54,2.51,1.31,35.47,2026-08-20T19:06:08Z,2026-08-20T19:44:01Z,USD
pay_d8d0f5c3e339457a9a26,o_20260820_00006102,captured,paypal,99.41,5.02,12.93,9.71,0.0,127.07,2026-08-20T11:17:43Z,2026-08-20T11:58:36Z,USD
pay_a267422e6a29434f970b,o_20260820_00006103,captured,wallet,39.52,6.37,5.03,2.26,1.98,51.2,2026-08-20T13:02:17Z,2026-08-20T13:43:47Z,USD
pay_548adec906084aeaaeb5,o_20260820_00006104,captured,paypal,7.31,0.62,1.03,0.67,0.0,9.63,2026-08-20T18:11:43Z,2026-08-20T18:54:25Z,USD
pay_92efe3aae0ce4504b99c,o_20260820_00006105,captured,apple_pay,66.09,4.12,10.3,4.64,6.61,78.54,2026-08-20T19:15:39Z,2026-08-20T20:04:22Z,USD
pay_d9be390872214434959d,o_20260820_00006106,refunded,card,91.36,6.06,9.23,9.29,0.0,115.94,2026-08-20T11:11:17Z,,USD
pay_851570ddcbf24503a465,o_20260820_00006107,captured,apple_pay,29.5,3.38,2.47,2.29,0.0,37.64,2026-08-20T11:11:18Z,2026-08-20T11:41:55Z,USD
pay_96cd8b1a7e3e4c19a2ae,o_20260820_00006108,voided,apple_pay,133.6,2.62,16.64,12.94,0.0,165.8,2026-08-20T11:44:38Z,,USD
pay_e1a4332c0b9e40899986,o_20260820_00006109,captured,apple_pay,150.39,6.66,21.54,9.39,7.52,180.46,2026-08-20T20:11:47Z,2026-08-20T21:13:54Z,USD
pay_0c7765ca24c54d3cabae,o_20260820_00006110,captured,paypal,33.4,2.63,3.45,2.98,0.0,42.46,2026-08-20T18:35:46Z,2026-08-20T19:16:21Z,USD
pay_118e50e92e1f402789fd,o_20260820_00006111,captured,wallet,60.2,4.62,7.37,3.3,6.02,69.47,2026-08-20T12:54:07Z,2026-08-20T13:28:34Z,USD
pay_879a9553d8de48f69b63,o_20260820_00006112,captured,paypal,122.42,2.67,12.16,7.67,0.0,144.92,2026-08-20T19:31:57Z,2026-08-20T20:28:37Z,USD
pay_6982d89dfcb8408e8a80,o_20260820_00006113,captured,wallet,50.4,0.5,7.48,3.48,0.0,61.86,2026-08-20T19:08:35Z,2026-08-20T19:38:04Z,USD
pay_6186226c09384eb291ad,o_20260820_00006114,captured,apple_pay,44.55,5.59,7.02,2.93,2.23,57.86,2026-08-20T13:07:52Z,2026-08-20T13:33:42Z,USD
pay_9eba827763464e15b898,o_20260820_00006115,captured,card,44.25,2.74,5.28,4.37,0.0,56.64,2026-08-20T13:43:30Z,2026-08-20T14:31:11Z,USD
pay_6e9e08724dbd4d9091c7,o_20260820_00006116,captured,apple_pay,57.68,6.17,6.12,4.86,0.0,74.83,2026-08-20T20:08:34Z,2026-08-20T20:46:29Z,USD
pay_072afc757a0d48a8963b,o_20260820_00006117,captured,wallet,21.55,6.0,2.82,1.51,2.16,29.72,2026-08-20T11:18:13Z,2026-08-20T11:51:51Z,USD
pay_2e78175b00b6473e843a,o_20260820_00006118,captured,apple_pay,54.21,4.84,7.2,4.93,2.71,68.47,2026-08-20T08:38:42Z,2026-08-20T09:29:15Z,USD
pay_2ce194e2eac149fdbdd3,o_20260820_00006119,captured,wallet,61.07,3.04,7.62,5.56,0.0,77.29,2026-08-20T18:38:02Z,2026-08-20T19:10:47Z,USD
pay_3a3f3f0db7df4193aa5e,o_20260820_00006120,captured,wallet,62.18,5.18,6.39,3.89,9.33,68.31,2026-08-20T13:03:25Z,2026-08-20T13:46:56Z,USD
pay_cb49df3135ae4ffba7eb,o_20260820_00006121,refunded,card,29.76,1.11,2.88,1.98,0.0,35.73,2026-08-20T13:00:28Z,,USD
pay_a91e2acd0da04132ba88,o_20260820_00006122,captured,apple_pay,61.35,0.71,9.53,4.9,0.0,76.49,2026-08-20T11:53:28Z,2026-08-20T12:57:51Z,USD
pay_25d6447c115e4263a794,o_20260820_00006123,captured,wallet,70.19,5.39,5.98,4.62,7.02,79.16,2026-08-20T18:12:05Z,2026-08-20T18:55:37Z,USD
pay_536e0825448f4d7ca3c1,o_20260820_00006124,voided,apple_pay,54.21,0.55,5.57,3.82,8.13,56.02,2026-08-20T18:11:31Z,,USD
pay_c8d6205d2a094eea96d1,o_20260820_00006125,voided,apple_pay,56.62,5.22,8.88,4.21,0.0,74.93,2026-08-20T11:45:00Z,,USD
pay_72fb572189b745e2af23,o_20260820_00006126,refunded,apple_pay,41.9,0.74,4.26,3.21,6.28,43.83,2026-08-20T13:40:10Z,,USD
pay_a2b2a4faee914aafa106,o_20260820_00006127,captured,card,59.85,4.79,5.01,4.19,2.99,70.85,2026-08-20T12:32:16Z,2026-08-20T13:27:03Z,USD
pay_31b6e1975bae4a138693,o_20260820_00006128,captured,card,81.26,1.52,11.82,6.71,4.06,97.25,2026-08-20T13:28:59Z,2026-08-20T14:28:42Z,USD
pay_a3f3d9cbed5e411db5f3,o_20260820_00006129,refunded,apple_pay,131.4,5.07,19.6,8.19,0.0,164.26,2026-08-20T18:27:57Z,,USD
pay_aec127f92bb74cebb024,o_20260820_00006130,voided,card,20.92,2.0,3.21,1.84,2.09,25.88,2026-08-20T11:48:19Z,,USD
pay_3323b79667ab461e97fb,o_20260820_00006131,captured,card,37.28,5.89,3.47,3.41,0.0,50.05,2026-08-20T12:33:47Z,2026-08-20T13:22:37Z,USD
pay_ac593b46365748358ba5,o_20260820_00006132,captured,apple_pay,115.14,6.94,13.62,7.9,11.51,132.09,2026-08-20T12:37:28Z,2026-08-20T13:19:02Z,USD
pay_b73cc3b31be845029de0,o_20260820_00006133,captured,paypal,56.88,6.18,8.92,4.51,2.84,73.65,2026-08-20T18:08:40Z,2026-08-20T18:54:43Z,USD
pay_aee0d3dc59974f789063,o_20260820_00006134,captured,apple_pay,23.88,5.98,3.41,1.97,0.0,35.24,2026-08-20T08:49:41Z,2026-08-20T09:47:31Z,USD
pay_aa4cac5966d745beb7c8,o_20260820_00006135,captured,apple_pay,103.62,0.51,9.12,8.06,5.18,116.13,2026-08-20T18:02:38Z,2026-08-20T18:41:16Z,USD
pay_9c040b6758324aab8b64,o_20260820_00006136,captured,paypal,47.54,2.27,6.66,3.76,4.75,55.48,2026-08-20T19:19:44Z,2026-08-20T20:14:55Z,USD
pay_e1f01c405a89403b9809,o_20260820_00006137,captured,card,22.92,2.13,1.9,1.43,0.0,28.38,2026-08-20T12:47:49Z,2026-08-20T13:23:35Z,USD
pay_eaa724e402b9410e94f2,o_20260820_00006138,captured,apple_pay,42.54,2.47,5.33,2.76,4.25,48.85,2026-08-20T19:48:22Z,2026-08-20T20:41:07Z,USD
pay_0c875bc9d9114634a3b5,o_20260820_00006139,captured,wallet,89.9,5.25,10.22,9.1,0.0,114.47,2026-08-20T18:46:29Z,2026-08-20T19:35:20Z,USD
pay_93726f0953e2423f888c,o_20260820_00006140,captured,apple_pay,90.18,1.65,10.04,5.35,13.53,93.69,2026-08-20T18:35:29Z,2026-08-20T19:01:32Z,USD
pay_451e702f71164fac88f5,o_20260820_00006141,captured,card,55.44,3.95,7.2,5.64,0.0,72.23,2026-08-20T13:24:33Z,2026-08-20T14:08:31Z,USD
pay_45a3e1140a4e47869f4a,o_20260820_00006142,captured,card,116.82,6.45,17.28,10.09,0.0,150.64,2026-08-20T08:14:01Z,2026-08-20T08:50:32Z,USD
pay_5de090ca22a84c46956e,o_20260820_00006143,captured,wallet,28.84,1.47,3.25,1.7,1.44,33.82,2026-08-20T20:53:30Z,2026-08-20T21:25:30Z,USD
pay_35d8db2aaf4d413d8c92,o_20260820_00006144,captured,wallet,20.15,4.47,2.91,1.25,0.0,28.78,2026-08-20T19:55:07Z,2026-08-20T20:51:46Z,USD
pay_56bc4b9ef57441e795e0,o_20260820_00006145,captured,paypal,129.39,1.2,15.39,10.15,19.41,136.72,2026-08-20T13:41:20Z,2026-08-20T14:26:50Z,USD
pay_05d6f34e8cd74c1ea28a,o_20260820_00006146,captured,card,46.96,0.76,4.33,2.92,4.7,50.27,2026-08-20T12:40:21Z,2026-08-20T13:32:47Z,USD
pay_e57943361185465990ea,o_20260820_00006147,captured,apple_pay,31.2,5.22,3.3,3.11,0.0,42.83,2026-08-20T12:28:21Z,2026-08-20T13:10:25Z,USD
pay_68a5b9ec5290405f8bc2,o_20260820_00006148,captured,paypal,31.7,2.81,4.48,2.22,1.58,39.63,2026-08-20T18:34:11Z,2026-08-20T19:46:38Z,USD
pay_cadededed0a94207a46a,o_20260820_00006149,captured,wallet,20.02,6.56,1.81,1.08,3.0,26.47,2026-08-20T19:19:10Z,2026-08-20T20:03:06Z,USD
pay_a962749299f24410b189,o_20260820_00006150,captured,card,44.1,1.16,6.09,2.41,4.41,49.35,2026-08-20T12:41:16Z,2026-08-20T13:32:10Z,USD
pay_5d7f61840eda4dd4ba0e,o_20260820_00006151,captured,wallet,47.88,4.96,5.36,2.97,7.18,53.99,2026-08-20T13:25:32Z,2026-08-20T14:17:53Z,USD
pay_110214cb889c472baeae,o_20260820_00006152,captured,apple_pay,55.08,3.35,5.63,3.38,8.26,59.18,2026-08-20T11:03:55Z,2026-08-20T11:45:06Z,USD
pay_252b29bf4b4848768c03,o_20260820_00006153,captured,wallet,60.01,3.43,9.5,5.12,6.0,72.06,2026-08-20T18:40:47Z,2026-08-20T19:28:10Z,USD
pay_1b57aa4f01594049a33a,o_20260820_00006154,refunded,card,16.73,1.15,1.82,1.05,1.67,19.08,2026-08-20T12:35:37Z,,USD
pay_2595518b04ef44099773,o_20260820_00006155,captured,wallet,14.92,4.37,1.53,1.42,0.0,22.24,2026-08-20T13:50:56Z,2026-08-20T14:53:08Z,USD
pay_eacd58d40cfb4e6294c7,o_20260820_00006156,captured,card,23.9,1.13,3.48,2.01,0.0,30.52,2026-08-20T20:56:24Z,2026-08-20T21:36:45Z,USD
pay_489efa12cbfd4e849de5,o_20260820_00006157,captured,apple_pay,24.42,4.83,3.85,1.74,2.44,32.4,2026-08-20T12:26:53Z,2026-08-20T13:16:35Z,USD
pay_a60a67fd086c4cccbcc9,o_20260820_00006158,captured,card,13.22,0.68,1.45,0.91,1.98,14.28,2026-08-20T11:39:49Z,2026-08-20T12:29:30Z,USD
pay_348a98b6fbf94001816a,o_20260820_00006159,refunded,paypal,25.53,2.33,2.41,1.82,2.55,29.54,2026-08-20T19:30:10Z,,USD
pay_453ec451767345d8bb9d,o_20260820_00006160,captured,card,106.83,2.88,13.05,8.79,5.34,126.21,2026-08-20T13:13:01Z,2026-08-20T14:09:55Z,USD
pay_e48f41de82d44dd499a7,o_20260820_00006161,captured,apple_pay,105.0,6.35,11.68,8.05,10.5,120.58,2026-08-20T12:30:00Z,2026-08-20T13:16:36Z,USD
pay_2b05895044914ae48633,o_20260820_00006162,captured,wallet,101.93,4.28,14.53,9.18,0.0,129.92,2026-08-20T19:23:21Z,2026-08-20T20:04:37Z,USD
pay_b26f819e6db8459292ff,o_20260820_00006163,voided,card,84.43,5.49,10.98,7.85,0.0,108.75,2026-08-20T12:52:22Z,,USD
pay_74d1602921444bdeb519,o_20260820_00006164,captured,apple_pay,58.68,5.49,5.51,4.25,0.0,73.93,2026-08-20T19:34:46Z,2026-08-20T20:14:58Z,USD
pay_357d34915cc64ea7a2ca,o_20260820_00006165,captured,card,85.53,4.97,12.16,7.11,8.55,101.22,2026-08-20T18:49:40Z,2026-08-20T19:30:22Z,USD
pay_c6b34c5e80c441a7ad89,o_20260820_00006166,captured,apple_pay,33.53,2.73,4.97,2.68,1.68,42.23,2026-08-20T08:39:05Z,2026-08-20T09:52:54Z,USD
pay_0cbe2cfca5964beda586,o_20260820_00006167,captured,wallet,83.95,2.81,7.14,7.09,12.59,88.4,2026-08-20T18:04:09Z,2026-08-20T18:41:50Z,USD
pay_2e060dee94b3451da0a0,o_20260820_00006168,captured,card,62.43,0.84,9.99,4.7,0.0,77.96,2026-08-20T11:39:01Z,2026-08-20T12:22:47Z,USD
pay_173e4e0ff8f64808b520,o_20260820_00006169,captured,paypal,94.32,4.89,13.5,7.51,4.72,115.5,2026-08-20T08:46:15Z,2026-08-20T09:53:28Z,USD
pay_691522a784ac487199bb,o_20260820_00006170,refunded,apple_pay,27.32,6.81,2.47,2.07,1.37,37.3,2026-08-20T18:31:00Z,,USD
pay_2b5d85399a14449193fa,o_20260820_00006171,captured,paypal,78.67,1.0,7.6,5.15,3.93,88.49,2026-08-20T12:01:20Z,2026-08-20T12:27:51Z,USD
pay_8d031d17f11c44338cff,o_20260820_00006172,captured,card,67.35,3.14,6.48,4.7,0.0,81.67,2026-08-20T19:27:32Z,2026-08-20T19:58:11Z,USD
pay_ead0628967244d60a1b0,o_20260820_00006173,captured,wallet,52.38,5.77,7.07,5.09,2.62,67.69,2026-08-20T13:10:27Z,2026-08-20T13:40:00Z,USD
pay_632f6a7344ea4949af09,o_20260820_00006174,captured,paypal,88.38,1.28,12.61,6.69,4.42,104.54,2026-08-20T19:16:59Z,2026-08-20T19:57:46Z,USD
pay_361d9db4d39d46a78386,o_20260820_00006175,voided,wallet,47.55,1.25,6.77,3.12,0.0,58.69,2026-08-20T13:40:19Z,,USD
pay_e3c5fcd113484aacad55,o_20260820_00006176,captured,card,71.25,2.27,8.75,6.08,0.0,88.35,2026-08-20T13:49:12Z,2026-08-20T14:14:26Z,USD
pay_2f08c557a8a445118e35,o_20260820_00006177,captured,wallet,65.19,2.59,6.72,3.64,9.78,68.36,2026-08-20T20:55:03Z,2026-08-20T21:58:06Z,USD
pay_11379fc3d27f4483a638,o_20260820_00006178,captured,wallet,48.75,0.63,4.72,4.91,0.0,59.01,2026-08-20T12:33:58Z,2026-08-20T13:24:27Z,USD
pay_ac111e71e34b49b49ef5,o_20260820_00006179,captured,card,7.3,3.58,1.16,0.67,0.0,12.71,2026-08-20T20:28:41Z,2026-08-20T21:17:16Z,USD
pay_8111c408b4e6425cb720,o_20260820_00006180,captured,card,91.75,1.9,7.4,7.94,13.76,95.23,2026-08-20T18:31:09Z,2026-08-20T18:54:04Z,USD
pay_c58c5666e32b4b7d8345,o_20260820_00006181,captured,paypal,55.23,1.36,4.6,5.29,0.0,66.48,2026-08-20T19:17:17Z,2026-08-20T19:54:09Z,USD
pay_f1dd74ab1d71455ca111,o_20260820_00006182,captured,paypal,44.79,2.08,4.36,3.55,6.72,48.06,2026-08-20T13:00:07Z,2026-08-20T13:46:39Z,USD
pay_1e6de618994a437594e1,o_20260820_00006183,captured,wallet,47.97,6.32,6.94,3.84,7.2,57.87,2026-08-20T12:44:12Z,2026-08-20T13:24:22Z,USD
pay_302c52e7a4564e85bbbd,o_20260820_00006184,captured,wallet,8.92,4.91,0.74,0.57,1.34,13.8,2026-08-20T08:45:08Z,2026-08-20T09:32:25Z,USD
pay_c5344f53fa7b49e78d57,o_20260820_00006185,captured,wallet,26.02,6.6,2.79,2.64,0.0,38.05,2026-08-20T12:05:52Z,2026-08-20T13:15:02Z,USD
pay_da763947c7e44255bf31,o_20260820_00006186,captured,apple_pay,36.91,0.84,4.98,3.4,0.0,46.13,2026-08-20T11:22:44Z,2026-08-20T11:48:45Z,USD
pay_ce90f9a93ff74196be63,o_20260820_00006187,captured,wallet,63.6,6.26,6.09,4.62,9.54,71.03,2026-08-20T11:10:13Z,2026-08-20T11:58:01Z,USD
pay_562a7c9b58d54f5a864e,o_20260820_00006188,captured,paypal,10.4,1.26,1.2,0.62,0.52,12.96,2026-08-20T12:24:25Z,2026-08-20T13:16:58Z,USD
pay_c1ba673d1b59426181d5,o_20260820_00006189,captured,wallet,13.44,5.99,1.97,1.19,1.34,21.25,2026-08-20T11:16:33Z,2026-08-20T11:57:54Z,USD
pay_bbbc7e47dc454adf92a1,o_20260820_00006190,captured,apple_pay,52.89,3.6,8.05,3.34,0.0,67.88,2026-08-20T18:28:20Z,2026-08-20T19:07:25Z,USD
pay_0a76ca4d3f8842a0af01,o_20260820_00006191,captured,wallet,43.66,5.4,6.97,4.21,0.0,60.24,2026-08-20T20:31:17Z,2026-08-20T21:15:58Z,USD
pay_4034b950ed354bdeae52,o_20260820_00006192,refunded,wallet,144.97,3.71,12.12,9.46,21.75,148.51,2026-08-20T13:12:35Z,,USD
pay_7457b5cb735f4511b781,o_20260820_00006193,captured,card,84.38,2.12,6.88,7.81,4.22,96.97,2026-08-20T18:54:55Z,2026-08-20T19:44:07Z,USD
pay_ef8307eb29a24e999378,o_20260820_00006194,captured,apple_pay,39.82,2.34,6.15,2.83,3.98,47.16,2026-08-20T11:57:01Z,2026-08-20T12:36:43Z,USD
pay_7301880781e245719186,o_20260820_00006195,captured,card,102.27,6.37,13.42,7.93,0.0,129.99,2026-08-20T18:13:17Z,2026-08-20T19:05:11Z,USD
pay_0c70e57b46d247b69c09,o_20260820_00006196,captured,apple_pay,53.82,3.1,8.18,3.97,2.69,66.38,2026-08-20T20:08:25Z,2026-08-20T20:51:36Z,USD
pay_fcac7b9e0aa2452fae4d,o_20260820_00006197,captured,apple_pay,17.5,5.62,1.45,1.79,0.0,26.36,2026-08-20T12:31:15Z,2026-08-20T13:27:14Z,USD
pay_e3a6353755c044ed86ec,o_20260820_00006198,captured,apple_pay,89.44,1.73,12.17,7.23,0.0,110.57,2026-08-20T18:29:49Z,2026-08-20T19:20:17Z,USD
pay_2d73886d2c944d9ba320,o_20260820_00006199,captured,apple_pay,34.25,4.55,2.76,3.41,0.0,44.97,2026-08-20T11:55:40Z,2026-08-20T12:45:55Z,USD
pay_b5b4484675554d6294b7,o_20260820_00006200,captured,wallet,43.53,0.89,4.1,4.33,0.0,52.85,2026-08-20T08:13:30Z,2026-08-20T09:17:18Z,USD
pay_441e7543d4d64c0eb8c5,o_20260820_00006201,refunded,card,89.21,3.2,12.42,6.88,0.0,111.71,2026-08-20T18:02:32Z,,USD
pay_ffe4173eeded41f98e61,o_20260820_00006202,captured,wallet,84.28,5.59,12.64,5.07,0.0,107.58,2026-08-20T13:31:43Z,2026-08-20T14:33:26Z,USD
pay_84f36c70b1f341179309,o_20260820_00006203,captured,paypal,33.12,6.76,3.53,1.8,3.31,41.9,2026-08-20T08:04:06Z,2026-08-20T08:57:33Z,USD
pay_8b8d66a3fe634aeab15b,o_20260820_00006204,captured,paypal,43.26,2.68,5.59,4.02,0.0,55.55,2026-08-20T12:11:54Z,2026-08-20T13:09:28Z,USD
pay_1c61acbbadbc48a2aad4,o_20260820_00006205,captured,apple_pay,59.67,6.87,5.66,3.87,2.98,73.09,2026-08-20T12:30:52Z,2026-08-20T13:19:34Z,USD
pay_bd096746837d4659b569,o_20260820_00006206,captured,paypal,73.79,5.66,7.21,6.52,3.69,89.49,2026-08-20T18:32:18Z,2026-08-20T19:31:45Z,USD
pay_a9be081aaa7d421da59c,o_20260820_00006207,captured,paypal,47.58,2.98,7.38,4.13,2.38,59.69,2026-08-20T20:49:49Z,2026-08-20T21:17:56Z,USD
pay_cd667b7d8004482dbee8,o_20260820_00006208,captured,apple_pay,11.44,2.47,1.39,0.81,0.0,16.11,2026-08-20T18:17:30Z,2026-08-20T19:22:34Z,USD
pay_7aa62117b48f4335a206,o_20260820_00006209,voided,apple_pay,44.82,1.81,3.75,3.24,0.0,53.62,2026-08-20T20:25:18Z,,USD
pay_6da998df2efa4043a95b,o_20260820_00006210,captured,paypal,103.25,0.5,11.21,8.8,15.49,108.27,2026-08-20T13:23:00Z,2026-08-20T14:08:33Z,USD
pay_5d565c8b7d72442fa731,o_20260820_00006211,captured,wallet,21.7,2.21,3.47,1.7,2.17,26.91,2026-08-20T08:47:11Z,2026-08-20T09:20:23Z,USD
pay_c87b1a071b7747678673,o_20260820_00006212,refunded,paypal,51.23,3.49,5.52,3.4,0.0,63.64,2026-08-20T18:34:15Z,,USD
pay_17d7691527244cbd9df2,o_20260820_00006213,captured,card,105.0,3.77,10.87,8.88,0.0,128.52,2026-08-20T20:15:06Z,2026-08-20T21:14:57Z,USD
pay_47d8736bd051461b9bd7,o_20260820_00006214,captured,card,59.03,6.82,9.43,3.96,0.0,79.24,2026-08-20T18:57:04Z,2026-08-20T19:35:12Z,USD
pay_1b6338e27fe14de98935,o_20260820_00006215,voided,wallet,89.75,3.77,12.88,8.02,4.49,109.93,2026-08-20T18:50:33Z,,USD
pay_c977cacaf1c24ebbb1df,o_20260820_00006216,captured,paypal,77.75,2.05,7.83,7.14,3.89,90.88,2026-08-20T18:03:24Z,2026-08-20T18:23:43Z,USD
pay_5439c2991a744fc5803c,o_20260820_00006217,captured,paypal,15.86,1.22,1.57,1.34,0.0,19.99,2026-08-20T13:36:59Z,2026-08-20T14:13:58Z,USD
pay_a44107f59e044d5283fa,o_20260820_00006218,captured,card,103.82,4.44,9.19,10.3,0.0,127.75,2026-08-20T12:59:36Z,2026-08-20T13:49:55Z,USD
pay_35bdc8df4c354201b07c,o_20260820_00006219,captured,wallet,21.23,2.35,3.35,1.54,3.18,25.29,2026-08-20T19:52:24Z,2026-08-20T20:36:01Z,USD
pay_3e62c449445f40038ef5,o_20260820_00006220,voided,card,77.27,2.1,10.27,7.11,0.0,96.75,2026-08-20T18:45:11Z,,USD
pay_5a683e457b3442f998f1,o_20260820_00006221,captured,card,76.66,2.41,12.25,6.14,0.0,97.46,2026-08-20T11:54:57Z,2026-08-20T12:43:09Z,USD
pay_447e5245cf714da69165,o_20260820_00006222,refunded,apple_pay,86.42,3.74,7.77,7.99,0.0,105.92,2026-08-20T13:19:52Z,,USD
pay_a6b866e7ac7e4cf5bbbb,o_20260820_00006223,captured,paypal,25.82,5.05,2.17,2.23,3.87,31.4,2026-08-20T08:15:59Z,2026-08-20T09:16:13Z,USD
pay_f15e76018aaa480c9f64,o_20260820_00006224,captured,paypal,65.19,5.61,10.37,4.45,6.52,79.1,2026-08-20T13:42:39Z,2026-08-20T14:36:08Z,USD
pay_3f6e0687b57c4ac3ba02,o_20260820_00006225,captured,apple_pay,52.47,5.09,5.23,3.51,2.62,63.68,2026-08-20T08:13:16Z,2026-08-20T08:43:31Z,USD
pay_d062d0f03a9d4e1fab9c,o_20260820_00006226,captured,paypal,48.94,5.92,5.76,3.12,4.89,58.85,2026-08-20T11:08:23Z,2026-08-20T12:02:17Z,USD
pay_227f58f1b8a34992bb80,o_20260820_00006227,voided,apple_pay,73.83,6.92,7.76,5.11,3.69,89.93,2026-08-20T11:42:49Z,,USD
pay_34b33035eed04d84893d,o_20260820_00006228,captured,card,32.8,5.66,4.32,2.2,1.64,43.34,2026-08-20T13:56:48Z,2026-08-20T14:33:20Z,USD
pay_50529d857a0549c1ba88,o_20260820_00006229,voided,apple_pay,96.37,2.38,9.18,6.7,9.64,104.99,2026-08-20T19:14:52Z,,USD
pay_9935b4f1fcf946ea828b,o_20260820_00006230,captured,paypal,66.32,5.09,10.14,6.68,0.0,88.23,2026-08-20T13:35:42Z,2026-08-20T14:03:40Z,USD
pay_1251b7ad04f748d1b122,o_20260820_00006231,captured,apple_pay,18.58,1.86,1.73,0.97,2.79,20.35,2026-08-20T12:08:50Z,2026-08-20T12:48:45Z,USD
pay_ad94c3e4fc3741cd9125,o_20260820_00006232,refunded,paypal,22.78,1.46,3.55,1.81,0.0,29.6,2026-08-20T11:44:25Z,,USD
pay_7b2992602e194917a00b,o_20260820_00006233,voided,paypal,79.59,3.28,6.73,8.1,0.0,97.7,2026-08-20T12:58:23Z,,USD
pay_8922c6699a0e4ddbadea,o_20260820_00006234,captured,paypal,21.87,2.2,2.22,1.36,0.0,27.65,2026-08-20T18:16:36Z,2026-08-20T19:08:22Z,USD
pay_38585d3fa4d1478b94eb,o_20260820_00006235,captured,wallet,20.92,4.85,2.31,1.28,1.05,28.31,2026-08-20T18:46:21Z,2026-08-20T19:15:05Z,USD
pay_97863261cc3f4997b613,o_20260820_00006236,captured,apple_pay,26.53,4.92,3.31,1.48,3.98,32.26,2026-08-20T19:21:27Z,2026-08-20T19:55:32Z,USD
pay_1680a727bf6a4d298abe,o_20260820_00006237,captured,paypal,44.37,6.02,4.43,3.66,2.22,56.26,2026-08-20T11:37:03Z,2026-08-20T12:30:40Z,USD
pay_e724eac028674d40b6e8,o_20260820_00006238,captured,apple_pay,56.02,1.92,8.82,5.43,0.0,72.19,2026-08-20T20:52:35Z,2026-08-20T21:41:07Z,USD
pay_eb61ab36f0c94a1b869f,o_20260820_00006239,captured,paypal,76.47,5.9,9.0,4.4,7.65,88.12,2026-08-20T20:11:54Z,2026-08-20T21:12:06Z,USD
pay_deba2433effd4abfb11f,o_20260820_00006240,captured,paypal,60.72,5.68,5.83,3.67,3.04,72.86,2026-08-20T20:16:49Z,2026-08-20T21:03:39Z,USD
pay_d0b496fbb6934672957d,o_20260820_00006241,captured,paypal,18.07,1.8,2.15,1.15,0.0,23.17,2026-08-20T19:30:22Z,2026-08-20T20:04:39Z,USD
pay_e9ae8a51eb5d4e4d89cb,o_20260820_00006242,captured,paypal,35.68,5.18,2.89,2.64,5.35,41.04,2026-08-20T19:22:38Z,2026-08-20T20:05:54Z,USD
pay_ae764ca0f0694c58aa39,o_20260820_00006243,captured,card,47.88,3.75,5.98,2.58,7.18,53.01,2026-08-20T18:05:30Z,2026-08-20T19:00:19Z,USD
pay_006eb84a4c8d4eaebe0b,o_20260820_00006244,captured,apple_pay,122.0,0.81,15.11,6.61,18.3,126.23,2026-08-20T19:23:34Z,2026-08-20T20:04:59Z,USD
pay_cdb26ddfd7d94cd6b0ad,o_20260820_00006245,captured,paypal,30.03,5.6,4.14,2.09,0.0,41.86,2026-08-20T11:15:26Z,2026-08-20T11:40:12Z,USD
pay_8e65e5e3ab1f4865bdba,o_20260820_00006246,captured,wallet,46.43,5.87,3.92,4.11,0.0,60.33,2026-08-20T20:49:49Z,2026-08-20T21:34:26Z,USD
pay_a57c234b10a046b4b293,o_20260820_00006247,captured,wallet,35.25,3.21,5.25,3.22,3.53,43.4,2026-08-20T13:29:28Z,2026-08-20T14:08:22Z,USD
pay_2417e2df46c8480f88ae,o_20260820_00006248,captured,paypal,28.84,5.47,3.62,2.46,4.33,36.06,2026-08-20T11:22:05Z,2026-08-20T11:50:06Z,USD
pay_74d89a1c7e4c4fd185ea,o_20260820_00006249,captured,card,48.48,1.88,4.71,3.48,0.0,58.55,2026-08-20T11:58:33Z,2026-08-20T12:34:21Z,USD
pay_d642ec8d3469444f84a2,o_20260820_00006250,captured,apple_pay,90.97,0.61,7.64,6.23,0.0,105.45,2026-08-20T13:33:09Z,2026-08-20T14:20:54Z,USD
pay_33f33966671945a39d2f,o_20260820_00006251,captured,wallet,84.08,4.61,13.34,5.19,8.41,98.81,2026-08-20T18:02:37Z,2026-08-20T18:40:37Z,USD
pay_6739b1ba46e94707977a,o_20260820_00006252,captured,paypal,8.92,0.73,0.79,0.6,0.45,10.59,2026-08-20T19:44:39Z,2026-08-20T20:44:56Z,USD
pay_bda74e543c644071a746,o_20260820_00006253,captured,paypal,137.83,5.57,21.43,11.79,0.0,176.62,2026-08-20T11:57:20Z,2026-08-20T12:46:52Z,USD
pay_4361dbdf51384ccfb251,o_20260820_00006254,captured,wallet,70.86,0.72,9.61,6.89,0.0,88.08,2026-08-20T20:12:29Z,2026-08-20T20:56:05Z,USD
pay_0531e798af3b48d795a2,o_20260820_00006255,captured,wallet,32.93,0.87,2.89,2.45,0.0,39.14,2026-08-20T08:35:23Z,2026-08-20T09:13:52Z,USD
pay_dc47733a4cee40f7a731,o_20260820_00006256,captured,card,16.4,1.9,1.76,1.18,0.0,21.24,2026-08-20T18:05:12Z,2026-08-20T19:01:14Z,USD
pay_35cd5be7138c49638ee8,o_20260820_00006257,captured,wallet,43.86,2.96,6.63,3.29,4.39,52.35,2026-08-20T19:40:52Z,2026-08-20T20:19:08Z,USD
pay_60a185208f7a4d50be37,o_20260820_00006258,captured,wallet,38.85,4.65,4.62,2.99,0.0,51.11,2026-08-20T18:22:17Z,2026-08-20T18:55:14Z,USD
pay_faad7c7d30a64f1cbbe0,o_20260820_00006259,captured,card,50.31,3.27,5.02,4.29,0.0,62.89,2026-08-20T18:10:11Z,2026-08-20T18:41:03Z,USD
pay_c60fe3f018c64abdbd3b,o_20260820_00006260,captured,apple_pay,30.03,3.83,3.93,1.91,4.5,35.2,2026-08-20T11:57:34Z,2026-08-20T12:35:05Z,USD
pay_9bcae3186af244b2a9a4,o_20260820_00006261,captured,paypal,79.34,4.65,11.97,7.69,0.0,103.65,2026-08-20T11:30:45Z,2026-08-20T12:32:00Z,USD
pay_f50a0fc2fcc54f9c8a3d,o_20260820_00006262,captured,paypal,20.33,2.62,1.86,1.2,1.02,24.99,2026-08-20T13:04:41Z,2026-08-20T13:40:12Z,USD
pay_1bfb615ef0724b55a4de,o_20260820_00006263,captured,wallet,87.38,4.66,12.4,7.96,0.0,112.4,2026-08-20T12:04:17Z,2026-08-20T12:58:00Z,USD
pay_1a65d0f5b7b84400bf5b,o_20260820_00006264,captured,wallet,120.64,6.27,18.23,9.2,18.1,136.24,2026-08-20T19:19:22Z,2026-08-20T20:07:58Z,USD
pay_dc9b816c480540e9a1e9,o_20260820_00006265,captured,card,7.25,4.9,0.74,0.63,1.09,12.43,2026-08-20T08:04:25Z,2026-08-20T08:52:56Z,USD
pay_0fdd459aa378478492be,o_20260820_00006266,captured,wallet,109.98,1.26,16.48,8.02,16.5,119.24,2026-08-20T18:05:11Z,2026-08-20T18:53:33Z,USD
pay_3d68d1c6fff14bf0a656,o_20260820_00006267,captured,apple_pay,62.71,2.9,5.59,6.37,0.0,77.57,2026-08-20T19:22:46Z,2026-08-20T20:28:26Z,USD
pay_5885237c580c44b389bc,o_20260820_00006268,captured,card,102.24,6.65,8.28,6.83,0.0,124.0,2026-08-20T12:10:22Z,2026-08-20T12:55:39Z,USD
pay_56aad2d497e9401b8a75,o_20260820_00006269,captured,apple_pay,93.58,4.47,10.28,8.34,0.0,116.67,2026-08-20T18:59:51Z,2026-08-20T20:04:34Z,USD
pay_3900962ec9204d1181b0,o_20260820_00006270,captured,card,17.76,6.26,2.11,1.61,1.78,25.96,2026-08-20T08:16:28Z,2026-08-20T08:51:04Z,USD
pay_acba10b46c2f481187fe,o_20260820_00006271,captured,wallet,69.48,3.75,10.21,4.82,10.42,77.84,2026-08-20T20:01:43Z,2026-08-20T20:34:08Z,USD
pay_bca529553f694aa9bbdf,o_20260820_00006272,captured,wallet,91.32,5.92,7.94,7.56,13.7,99.04,2026-08-20T12:52:49Z,2026-08-20T13:21:28Z,USD
pay_0a44355d7a384db0933b,o_20260820_00006273,captured,apple_pay,103.58,4.05,12.92,7.9,0.0,128.45,2026-08-20T13:40:15Z,2026-08-20T14:17:26Z,USD
pay_8f67ec139047471c8530,o_20260820_00006274,captured,apple_pay,117.1,2.92,15.27,7.93,0.0,143.22,2026-08-20T20:44:37Z,2026-08-20T21:24:30Z,USD
pay_a004bc9f55fe4e199299,o_20260820_00006275,voided,card,84.76,1.28,11.91,7.37,0.0,105.32,2026-08-20T12:30:04Z,,USD
pay_b30139da40cf4e09815b,o_20260820_00006276,captured,apple_pay,45.39,3.15,7.04,4.29,0.0,59.87,2026-08-20T19:08:17Z,2026-08-20T19:56:36Z,USD
pay_4dc5d2a02b0244ee9264,o_20260820_00006277,captured,card,45.27,0.56,4.2,3.96,0.0,53.99,2026-08-20T13:05:20Z,2026-08-20T13:41:04Z,USD
pay_abe6765d3e5c40dea3c7,o_20260820_00006278,captured,apple_pay,44.55,3.38,6.04,3.72,0.0,57.69,2026-08-20T20:46:45Z,2026-08-20T21:38:22Z,USD
pay_34d490cb58a04ac09f5e,o_20260820_00006279,captured,card,89.54,6.42,9.74,7.96,8.95,104.71,2026-08-20T13:47:30Z,2026-08-20T14:18:36Z,USD
pay_1322759eda3144c89530,o_20260820_00006280,captured,apple_pay,17.51,4.0,1.82,1.79,0.0,25.12,2026-08-20T19:18:38Z,2026-08-20T20:04:44Z,USD
pay_8805b8be7a7a41c0bc28,o_20260820_00006281,captured,wallet,115.53,2.97,11.69,8.57,17.33,121.43,2026-08-20T12:33:15Z,2026-08-20T13:28:49Z,USD
pay_0c92411322d14812a57d,o_20260820_00006282,captured,apple_pay,98.63,5.69,10.76,9.07,0.0,124.15,2026-08-20T11:43:12Z,2026-08-20T12:32:08Z,USD
pay_30103ee08a1b4052b8cc,o_20260820_00006283,captured,paypal,47.5,3.48,5.03,3.49,2.38,57.12,2026-08-20T11:18:08Z,2026-08-20T12:04:17Z,USD
pay_7bfe2bd2b83844e7a5bf,o_20260820_00006284,captured,paypal,62.06,4.17,7.24,5.52,0.0,78.99,2026-08-20T19:08:32Z,2026-08-20T19:56:04Z,USD
pay_46f4a3bfef744361a3d6,o_20260820_00006285,captured,paypal,79.67,5.22,8.25,8.07,0.0,101.21,2026-08-20T19:37:56Z,2026-08-20T20:08:22Z,USD
pay_d36aa223dd194c88a0ba,o_20260820_00006286,captured,wallet,61.12,1.91,6.43,5.18,0.0,74.64,2026-08-20T18:17:29Z,2026-08-20T19:10:00Z,USD
pay_481150577d294051b347,o_20260820_00006287,captured,card,42.77,4.0,6.02,3.92,0.0,56.71,2026-08-20T12:32:31Z,2026-08-20T13:06:06Z,USD
pay_c3af60ac1be94af4b3b5,o_20260820_00006288,captured,paypal,40.71,1.3,5.0,3.42,4.07,46.36,2026-08-20T12:13:05Z,2026-08-20T12:40:44Z,USD
pay_8d38677d25ad4bd79775,o_20260820_00006289,captured,wallet,36.78,6.69,5.85,2.91,3.68,48.55,2026-08-20T08:20:50Z,2026-08-20T08:49:19Z,USD
pay_ecc487ede3a3499d82c1,o_20260820_00006290,captured,wallet,71.7,6.07,10.19,5.47,3.59,89.84,2026-08-20T11:28:39Z,2026-08-20T12:13:18Z,USD
pay_bb6c1f7810a44a02b898,o_20260820_00006291,refunded,wallet,32.94,4.07,3.79,2.42,4.94,38.28,2026-08-20T19:45:39Z,,USD
pay_10d9e105cf34487c9f6b,o_20260820_00006292,captured,apple_pay,69.75,1.5,7.47,6.24,0.0,84.96,2026-08-20T13:55:56Z,2026-08-20T14:44:40Z,USD
pay_052d0d65ecbe4f1f908b,o_20260820_00006293,captured,apple_pay,90.93,6.51,9.8,8.92,0.0,116.16,2026-08-20T11:30:45Z,2026-08-20T12:03:49Z,USD
pay_418dccd794834c22a9d7,o_20260820_00006294,voided,apple_pay,83.02,4.3,12.03,4.97,12.45,91.87,2026-08-20T19:29:34Z,,USD
pay_ca280cef7baf46e5aa7b,o_20260820_00006295,captured,paypal,37.25,6.65,3.4,2.54,5.59,44.25,2026-08-20T18:53:42Z,2026-08-20T19:53:31Z,USD
pay_9fc6cdcaab0d4f16ba4f,o_20260820_00006296,captured,wallet,30.25,6.23,3.46,2.57,0.0,42.51,2026-08-20T11:43:11Z,2026-08-20T12:25:47Z,USD
pay_aaa05db329c04609ab8c,o_20260820_00006297,captured,paypal,62.46,6.43,5.25,6.04,0.0,80.18,2026-08-20T19:05:46Z,2026-08-20T19:42:22Z,USD
pay_07b691179fbb4e619ca5,o_20260820_00006298,captured,card,62.3,1.26,7.35,4.7,6.23,69.38,2026-08-20T12:26:00Z,2026-08-20T13:19:07Z,USD
pay_e5e508602bbe48908ead,o_20260820_00006299,captured,apple_pay,43.25,4.77,3.79,2.4,4.33,49.88,2026-08-20T20:49:42Z,2026-08-20T21:42:04Z,USD
pay_c97dda85dd4c49f39121,o_20260820_00006300,captured,apple_pay,69.4,1.39,9.48,3.75,10.41,73.61,2026-08-20T13:38:18Z,2026-08-20T14:24:56Z,USD
pay_d1332e575eff4f7aa8d5,o_20260820_00006301,captured,wallet,93.11,5.83,13.87,8.18,0.0,120.99,2026-08-20T11:37:14Z,2026-08-20T12:24:08Z,USD
pay_e96ed9736b704bb8859d,o_20260820_00006302,captured,card,124.38,1.14,11.95,11.99,0.0,149.46,2026-08-20T11:40:11Z,2026-08-20T12:34:06Z,USD
pay_ecdffc33d9574534b1c5,o_20260820_00006303,captured,paypal,60.56,1.92,7.2,3.67,9.08,64.27,2026-08-20T20:28:26Z,2026-08-20T21:20:35Z,USD
pay_e1eedd9f441143e6854b,o_20260820_00006304,captured,paypal,19.74,6.4,2.46,1.79,1.97,28.42,2026-08-20T19:56:07Z,2026-08-20T20:34:16Z,USD
pay_6bd71444ed584e06abbd,o_20260820_00006305,captured,paypal,50.84,0.68,7.57,3.07,5.08,57.08,2026-08-20T19:51:35Z,2026-08-20T20:16:51Z,USD
pay_7929022ec3744238ab1e,o_20260820_00006306,captured,apple_pay,44.74,0.94,4.8,2.72,2.24,50.96,2026-08-20T13:57:26Z,2026-08-20T14:35:17Z,USD
pay_3f95bba4efd24544b3b3,o_20260820_00006307,captured,paypal,8.43,2.17,1.31,0.61,0.0,12.52,2026-08-20T18:16:17Z,2026-08-20T19:12:56Z,USD
pay_b17587ccb0124b1ea651,o_20260820_00006308,captured,paypal,40.78,3.78,5.87,3.62,2.04,52.01,2026-08-20T18:42:29Z,2026-08-20T19:16:31Z,USD
pay_7c4971361a9d4d7787d2,o_20260820_00006309,captured,card,68.94,5.93,10.1,4.55,0.0,89.52,2026-08-20T18:42:19Z,2026-08-20T19:19:04Z,USD
pay_1895c60767ab4a12a280,o_20260820_00006310,captured,apple_pay,60.05,0.8,8.9,5.52,0.0,75.27,2026-08-20T19:40:10Z,2026-08-20T20:19:09Z,USD
pay_11fb3932a19c4414be18,o_20260820_00006311,captured,wallet,95.85,6.57,15.1,7.05,14.38,110.19,2026-08-20T19:30:45Z,2026-08-20T20:15:31Z,USD
pay_0f1efed87417418896f3,o_20260820_00006312,captured,apple_pay,20.55,4.46,2.03,1.66,3.08,25.62,2026-08-20T12:38:18Z,2026-08-20T13:34:49Z,USD
pay_d9881a85e6f44d4cbea7,o_20260820_00006313,captured,apple_pay,172.89,3.41,26.76,15.88,0.0,218.94,2026-08-20T12:05:49Z,2026-08-20T12:29:01Z,USD
pay_a39f614715b44fa0a629,o_20260820_00006314,captured,apple_pay,45.05,6.48,6.81,2.74,0.0,61.08,2026-08-20T13:53:45Z,2026-08-20T14:30:35Z,USD
pay_be6bdaf560da417f936c,o_20260820_00006315,captured,card,14.93,0.75,2.14,1.07,0.0,18.89,2026-08-20T18:23:57Z,2026-08-20T19:06:50Z,USD
pay_d21082d97793415fb3b8,o_20260820_00006316,captured,card,86.1,4.58,9.81,5.28,4.31,101.46,2026-08-20T08:45:06Z,2026-08-20T09:50:21Z,USD
pay_a90ed49375de4276b750,o_20260820_00006317,captured,paypal,60.87,4.02,7.1,4.44,6.09,70.34,2026-08-20T08:12:16Z,2026-08-20T09:17:22Z,USD
pay_da77164b945b4943a068,o_20260820_00006318,captured,apple_pay,89.91,5.18,13.83,7.39,0.0,116.31,2026-08-20T19:38:27Z,2026-08-20T20:16:19Z,USD
pay_730a503896a04722874f,o_20260820_00006319,captured,card,51.18,2.34,8.02,3.95,7.68,57.81,2026-08-20T19:17:59Z,2026-08-20T20:09:50Z,USD
pay_3305b4faf6dc4c8c920c,o_20260820_00006320,captured,wallet,37.32,3.62,4.0,3.23,5.6,42.57,2026-08-20T19:30:53Z,2026-08-20T20:30:04Z,USD
pay_671f97748b1642f3aae2,o_20260820_00006321,captured,paypal,52.25,2.91,5.2,3.24,0.0,63.6,2026-08-20T18:29:46Z,2026-08-20T19:29:23Z,USD
pay_c76ba9527b5842c88b75,o_20260820_00006322,captured,card,48.8,6.34,6.43,2.85,4.88,59.54,2026-08-20T20:07:32Z,2026-08-20T21:04:16Z,USD
pay_07197826ddd84d728a05,o_20260820_00006323,captured,paypal,53.41,0.82,5.39,4.71,0.0,64.33,2026-08-20T11:14:51Z,2026-08-20T11:48:54Z,USD
pay_88c882545e1649cb93d7,o_20260820_00006324,captured,apple_pay,107.04,3.39,13.36,10.52,0.0,134.31,2026-08-20T20:24:04Z,2026-08-20T21:44:58Z,USD
pay_a90374c5035b416a9c4f,o_20260820_00006325,captured,apple_pay,31.2,5.07,3.11,2.47,1.56,40.29,2026-08-20T08:40:41Z,2026-08-20T09:21:07Z,USD
pay_cbd19d343a19484ba84d,o_20260820_00006326,captured,wallet,34.92,4.04,3.79,2.41,5.24,39.92,2026-08-20T12:54:37Z,2026-08-20T13:30:00Z,USD
pay_36f5bc13e6714660824e,o_20260820_00006327,captured,wallet,90.92,2.18,9.43,7.71,9.09,101.15,2026-08-20T19:17:04Z,2026-08-20T20:22:47Z,USD
pay_c72042a9b6d54865891b,o_20260820_00006328,captured,paypal,53.41,2.84,7.86,5.04,2.67,66.48,2026-08-20T19:36:34Z,2026-08-20T20:18:35Z,USD
pay_e4875807610f49b9b7fa,o_20260820_00006329,captured,card,103.95,2.88,12.94,7.98,0.0,127.75,2026-08-20T13:10:30Z,2026-08-20T13:59:39Z,USD
pay_578cb9e6c80e4349860d,o_20260820_00006330,refunded,apple_pay,40.48,6.96,3.87,2.46,2.02,51.75,2026-08-20T11:45:55Z,,USD
pay_e8a0e0eab7a2430898f4,o_20260820_00006331,captured,wallet,120.44,0.66,11.65,10.73,0.0,143.48,2026-08-20T12:47:48Z,2026-08-20T13:15:44Z,USD
pay_4764641999434e5dbd9a,o_20260820_00006332,captured,apple_pay,95.92,4.36,14.91,8.18,4.8,118.57,2026-08-20T13:59:09Z,2026-08-20T14:25:56Z,USD
pay_6d39f17af2924ceeb41a,o_20260820_00006333,captured,paypal,140.02,5.59,20.08,10.81,0.0,176.5,2026-08-20T11:39:20Z,2026-08-20T12:10:15Z,USD
pay_c6f0a9f3209c41df866d,o_20260820_00006334,captured,paypal,97.52,4.83,9.48,8.82,4.88,115.77,2026-08-20T12:26:55Z,2026-08-20T12:54:30Z,USD
pay_cbbae91301b2439b8d13,o_20260820_00006335,captured,apple_pay,52.41,6.04,5.54,3.91,7.86,60.04,2026-08-20T19:03:07Z,2026-08-20T19:53:41Z,USD
pay_b08f75d287b94842a923,o_20260820_00006336,captured,paypal,86.45,2.32,10.94,5.29,0.0,105.0,2026-08-20T12:40:06Z,2026-08-20T13:27:53Z,USD
pay_a43a568222da4b4a87bb,o_20260820_00006337,captured,paypal,34.32,4.43,2.89,2.73,1.72,42.65,2026-08-20T12:06:00Z,2026-08-20T13:05:56Z,USD
pay_2d6534f854ea49d7a613,o_20260820_00006338,captured,wallet,39.19,3.67,5.78,3.76,0.0,52.4,2026-08-20T13:57:54Z,2026-08-20T14:47:47Z,USD
pay_416d3bab7ebe482b870f,o_20260820_00006339,captured,wallet,119.26,5.71,11.22,10.26,0.0,146.45,2026-08-20T13:24:02Z,2026-08-20T14:19:56Z,USD
pay_fdc778e390de4a24ab58,o_20260820_00006340,captured,card,64.89,2.46,7.06,5.22,3.24,76.39,2026-08-20T20:30:56Z,2026-08-20T21:16:12Z,USD
pay_6adeb8a6d89b4a029468,o_20260820_00006341,captured,wallet,57.31,5.07,5.28,4.18,0.0,71.84,2026-08-20T12:27:31Z,2026-08-20T13:32:17Z,USD
pay_93d30387856d4c3bbf3a,o_20260820_00006342,captured,apple_pay,92.33,6.03,10.31,6.25,4.62,110.3,2026-08-20T11:03:58Z,2026-08-20T11:42:51Z,USD
pay_27fcade66e9e42eabca2,o_20260820_00006343,captured,card,83.3,4.11,6.7,6.49,0.0,100.6,2026-08-20T11:12:16Z,2026-08-20T12:04:03Z,USD
pay_c70b8874ff644f8096be,o_20260820_00006344,captured,paypal,99.77,2.71,9.27,9.38,0.0,121.13,2026-08-20T12:44:18Z,2026-08-20T13:26:08Z,USD
pay_a6a06f0620d64780919f,o_20260820_00006345,captured,wallet,88.53,5.13,8.04,8.36,0.0,110.06,2026-08-20T13:22:54Z,2026-08-20T13:57:37Z,USD
pay_dd08b46c424647c594f0,o_20260820_00006346,captured,paypal,43.69,2.24,5.06,2.79,0.0,53.78,2026-08-20T08:33:03Z,2026-08-20T09:25:09Z,USD
pay_ce836e158812489da9d2,o_20260820_00006347,captured,card,82.44,6.41,7.63,4.55,12.37,88.66,2026-08-20T13:14:13Z,2026-08-20T14:22:51Z,USD
pay_5f520508dae14e8aa9c7,o_20260820_00006348,captured,paypal,31.8,4.45,3.16,2.09,1.59,39.91,2026-08-20T19:58:46Z,2026-08-20T21:01:06Z,USD
pay_cf0ae887e29a41fcb821,o_20260820_00006349,voided,paypal,130.38,4.7,17.18,11.07,0.0,163.33,2026-08-20T11:55:20Z,,USD
pay_979723e32bca4e5d8e57,o_20260820_00006350,captured,apple_pay,64.32,6.05,5.82,4.6,0.0,80.79,2026-08-20T19:34:39Z,2026-08-20T20:06:51Z,USD
pay_75794b5971754e709023,o_20260820_00006351,captured,wallet,18.64,3.86,1.88,1.8,0.0,26.18,2026-08-20T11:24:48Z,2026-08-20T11:57:23Z,USD
pay_e8ab936cb3284ddc9e33,o_20260820_00006352,captured,apple_pay,37.88,6.06,3.2,3.31,0.0,50.45,2026-08-20T19:25:44Z,2026-08-20T20:21:52Z,USD
pay_f0ff2292f75246d7825b,o_20260820_00006353,captured,paypal,53.76,3.6,8.16,3.23,2.69,66.06,2026-08-20T19:45:41Z,2026-08-20T20:54:58Z,USD
pay_0a0dde44950441398797,o_20260820_00006354,captured,card,72.52,2.83,8.61,4.9,0.0,88.86,2026-08-20T13:09:47Z,2026-08-20T13:42:05Z,USD
pay_aff82f5b26ae496a85ad,o_20260820_00006355,captured,wallet,14.92,0.96,1.8,1.43,0.75,18.36,2026-08-20T12:33:07Z,2026-08-20T13:34:48Z,USD
pay_1b2d692c007741cab09a,o_20260820_00006356,captured,paypal,56.64,3.26,7.12,5.47,0.0,72.49,2026-08-20T18:47:34Z,2026-08-20T19:56:17Z,USD
pay_f953d23e538a4174b95c,o_20260820_00006357,captured,paypal,127.0,6.96,16.37,11.74,0.0,162.07,2026-08-20T18:03:38Z,2026-08-20T18:50:59Z,USD
pay_90b6c0eb92c44f2fb51d,o_20260820_00006358,captured,card,84.12,3.49,6.79,8.06,0.0,102.46,2026-08-20T11:04:10Z,2026-08-20T12:10:00Z,USD
pay_166af5096fcc449ca6b2,o_20260820_00006359,captured,paypal,29.8,4.87,4.24,2.09,0.0,41.0,2026-08-20T18:27:28Z,2026-08-20T18:50:04Z,USD
pay_208151a8b8be40fdb22e,o_20260820_00006360,refunded,wallet,48.48,1.1,7.61,4.04,2.42,58.81,2026-08-20T11:45:26Z,,USD
pay_8481ef260ac24f7ba4e0,o_20260820_00006361,captured,paypal,110.43,2.79,8.91,9.14,0.0,131.27,2026-08-20T19:05:30Z,2026-08-20T20:12:31Z,USD
pay_b6d5bf5f231a43d59562,o_20260820_00006362,refunded,card,112.27,5.73,17.58,9.59,11.23,133.94,2026-08-20T12:56:19Z,,USD
pay_83dd59a6ea1b492eafab,o_20260820_00006363,captured,wallet,82.82,3.22,7.4,5.32,12.42,86.34,2026-08-20T13:17:21Z,2026-08-20T14:01:25Z,USD
pay_006885555e8a4acc8207,o_20260820_00006364,captured,paypal,104.53,4.51,13.72,8.48,10.45,120.79,2026-08-20T19:54:51Z,2026-08-20T20:51:23Z,USD
pay_97e0b52fe44e43568546,o_20260820_00006365,captured,apple_pay,80.87,3.53,11.41,7.44,4.04,99.21,2026-08-20T08:12:51Z,2026-08-20T09:12:40Z,USD
pay_7a893009988e4325969e,o_20260820_00006366,captured,paypal,69.62,2.0,9.34,3.93,6.96,77.93,2026-08-20T20:15:55Z,2026-08-20T20:56:27Z,USD
pay_d035e47d43e542a2a343,o_20260820_00006367,captured,wallet,24.44,2.43,2.34,1.72,0.0,30.93,2026-08-20T20:14:39Z,2026-08-20T20:52:41Z,USD
pay_c917e3930b6f43168946,o_20260820_00006368,captured,card,47.14,5.88,5.89,2.9,4.71,57.1,2026-08-20T13:21:40Z,2026-08-20T14:22:11Z,USD
pay_ded0f13becd24efeaa3e,o_20260820_00006369,captured,wallet,15.6,2.64,2.05,1.3,1.56,20.03,2026-08-20T12:45:11Z,2026-08-20T13:28:45Z,USD
pay_ae2093178ae542f0ab10,o_20260820_00006370,captured,paypal,93.76,1.61,11.57,8.23,9.38,105.79,2026-08-20T13:46:41Z,2026-08-20T14:32:11Z,USD
pay_792855fffaae4aa79a78,o_20260820_00006371,captured,apple_pay,68.5,5.44,7.41,6.9,0.0,88.25,2026-08-20T11:08:06Z,2026-08-20T12:37:08Z,USD
pay_64a1f1672c954ce898ce,o_20260820_00006372,captured,wallet,62.94,1.82,8.42,3.86,3.15,73.89,2026-08-20T13:52:07Z,2026-08-20T14:24:50Z,USD
pay_e232872b046543b98613,o_20260820_00006373,captured,wallet,65.69,3.37,6.17,4.39,9.85,69.77,2026-08-20T20:13:46Z,2026-08-20T21:10:18Z,USD
pay_9037940a71704e60b644,o_20260820_00006374,captured,wallet,52.33,5.34,4.53,3.57,0.0,65.77,2026-08-20T19:01:19Z,2026-08-20T20:10:00Z,USD
pay_2416515481704705a1f7,o_20260820_00006375,captured,wallet,33.18,1.26,3.42,1.96,4.98,34.84,2026-08-20T11:28:10Z,2026-08-20T12:17:30Z,USD
pay_31f6718b7cf04f3bacff,o_20260820_00006376,captured,wallet,42.85,5.45,4.03,3.25,6.43,49.15,2026-08-20T13:08:37Z,2026-08-20T13:48:10Z,USD
pay_801657a8d1cc4b178c1e,o_20260820_00006377,captured,wallet,43.47,1.87,4.3,2.96,6.52,46.08,2026-08-20T12:57:38Z,2026-08-20T14:04:08Z,USD
pay_e93b8107c36e46a6b00a,o_20260820_00006378,captured,paypal,21.06,4.75,2.34,2.13,0.0,30.28,2026-08-20T12:27:09Z,2026-08-20T13:30:06Z,USD
pay_1c4b3232f5ec489cae39,o_20260820_00006379,captured,apple_pay,49.88,3.79,7.97,2.97,2.49,62.12,2026-08-20T18:59:01Z,2026-08-20T19:45:06Z,USD
pay_44fb0b82564e4c92b625,o_20260820_00006380,captured,card,165.96,6.69,16.65,10.0,0.0,199.3,2026-08-20T19:39:37Z,2026-08-20T20:15:46Z,USD
pay_46e2e43091eb45a980f5,o_20260820_00006381,captured,paypal,58.77,3.9,8.93,4.12,2.94,72.78,2026-08-20T13:28:54Z,2026-08-20T14:06:06Z,USD
pay_03a6c5039e85484d9600,o_20260820_00006382,captured,apple_pay,108.99,1.09,13.56,8.82,10.9,121.56,2026-08-20T18:06:55Z,2026-08-20T18:59:35Z,USD
pay_7777be98902346cf86f5,o_20260820_00006383,captured,wallet,31.44,3.42,3.63,2.26,0.0,40.75,2026-08-20T18:59:32Z,2026-08-20T19:53:34Z,USD
pay_549ed68f196a4f9aa18d,o_20260820_00006384,captured,card,19.14,2.28,2.24,1.16,0.0,24.82,2026-08-20T11:41:23Z,2026-08-20T12:36:01Z,USD
pay_04994a5b87854646bb18,o_20260820_00006385,captured,card,92.48,4.65,14.07,8.41,0.0,119.61,2026-08-20T18:26:39Z,2026-08-20T19:05:38Z,USD
pay_2eee94ce57e84ef8a4ad,o_20260820_00006386,captured,wallet,63.75,1.62,5.53,5.91,0.0,76.81,2026-08-20T08:58:52Z,2026-08-20T10:00:44Z,USD
pay_9ff2c70c32554c89826f,o_20260820_00006387,captured,wallet,56.94,3.47,6.94,5.03,0.0,72.38,2026-08-20T12:22:57Z,2026-08-20T13:15:39Z,USD
pay_523f666e1a714d4fa94a,o_20260820_00006388,captured,card,62.54,6.79,5.44,4.12,6.25,72.64,2026-08-20T12:23:17Z,2026-08-20T13:04:05Z,USD
pay_43255a51485f46549c2d,o_20260820_00006389,captured,card,37.74,2.81,5.86,2.4,3.77,45.04,2026-08-20T19:40:23Z,2026-08-20T20:21:48Z,USD
pay_98b9ceeac8f741d99883,o_20260820_00006390,voided,paypal,75.91,2.25,6.74,7.16,0.0,92.06,2026-08-20T12:36:45Z,,USD
pay_c0b15bbffd4f4afd9628,o_20260820_00006391,captured,paypal,58.35,1.78,7.21,4.22,0.0,71.56,2026-08-20T18:18:06Z,2026-08-20T19:03:00Z,USD
pay_bbcae5ea611f46efa75e,o_20260820_00006392,captured,paypal,42.94,1.75,6.2,3.81,0.0,54.7,2026-08-20T20:57:38Z,2026-08-20T21:46:27Z,USD
pay_53aa89b7dee0402b99ac,o_20260820_00006393,voided,wallet,52.53,5.57,7.0,4.61,2.63,67.08,2026-08-20T11:48:26Z,,USD
pay_bdfff1df3c524bccbf86,o_20260820_00006394,captured,paypal,10.29,4.74,1.41,0.91,1.03,16.32,2026-08-20T13:29:46Z,2026-08-20T14:06:59Z,USD
pay_a4b7fc71f46f4ecda4b5,o_20260820_00006395,captured,apple_pay,57.52,1.1,7.79,4.32,8.63,62.1,2026-08-20T18:34:00Z,2026-08-20T19:04:45Z,USD
pay_2adea08820ea4dabae82,o_20260820_00006396,captured,paypal,6.61,3.83,0.6,0.62,0.0,11.66,2026-08-20T19:50:33Z,2026-08-20T20:45:55Z,USD
pay_5b7b236496f04abd854c,o_20260820_00006397,captured,card,78.46,4.33,11.33,6.77,7.85,93.04,2026-08-20T13:09:46Z,2026-08-20T14:14:38Z,USD
pay_2237da9584b64069b9d6,o_20260820_00006398,captured,apple_pay,136.38,4.99,17.02,12.95,0.0,171.34,2026-08-20T19:07:59Z,2026-08-20T19:42:43Z,USD
pay_e0c83a33f4684b639152,o_20260820_00006399,captured,apple_pay,79.23,5.18,7.0,6.78,3.96,94.23,2026-08-20T11:25:29Z,2026-08-20T11:55:54Z,USD
pay_5f51d679b25749aea2e2,o_20260820_00006400,captured,card,78.78,5.11,7.86,7.72,0.0,99.47,2026-08-20T11:48:05Z,2026-08-20T12:13:24Z,USD
pay_3469e8945ada4924ae00,o_20260820_00006401,captured,card,65.43,3.79,5.38,3.91,6.54,71.97,2026-08-20T19:03:18Z,2026-08-20T19:47:12Z,USD
pay_96a76dc292fa49689a57,o_20260820_00006402,captured,apple_pay,53.58,3.54,8.51,3.24,8.04,60.83,2026-08-20T13:54:30Z,2026-08-20T14:36:38Z,USD
pay_d4b14df190144106b070,o_20260820_00006403,captured,wallet,59.85,4.17,8.86,4.6,8.98,68.5,2026-08-20T19:20:52Z,2026-08-20T20:07:21Z,USD
pay_80649dce03bb478c8f60,o_20260820_00006404,captured,card,61.36,5.23,5.27,5.59,0.0,77.45,2026-08-20T19:48:47Z,2026-08-20T20:45:46Z,USD
pay_795dc24de6594fbe8caa,o_20260820_00006405,captured,paypal,7.34,5.15,1.13,0.48,1.1,13.0,2026-08-20T18:10:33Z,2026-08-20T18:41:28Z,USD
pay_a9ce5486c66c44dba8ff,o_20260820_00006406,voided,wallet,55.0,4.35,7.64,3.79,0.0,70.78,2026-08-20T11:55:54Z,,USD
pay_26d2be6f46fb4389828f,o_20260820_00006407,captured,card,105.9,2.94,12.81,10.66,0.0,132.31,2026-08-20T19:54:12Z,2026-08-20T20:42:04Z,USD
pay_0226487268544a85924e,o_20260820_00006408,captured,card,11.79,5.23,0.99,0.94,0.59,18.36,2026-08-20T18:54:49Z,2026-08-20T19:42:58Z,USD
pay_1ce8b8e302a04cf0b662,o_20260820_00006409,captured,paypal,92.48,5.72,10.83,9.33,0.0,118.36,2026-08-20T18:29:19Z,2026-08-20T19:25:02Z,USD
pay_f8970f0fb712457088d9,o_20260820_00006410,captured,apple_pay,90.75,4.67,12.58,9.19,0.0,117.19,2026-08-20T13:34:49Z,2026-08-20T14:33:25Z,USD
pay_0feaccc1ff544a52b0e3,o_20260820_00006411,captured,paypal,77.42,1.75,6.22,5.56,3.87,87.08,2026-08-20T12:39:59Z,2026-08-20T13:12:37Z,USD
pay_289c0d3b7cbb4670a39a,o_20260820_00006412,captured,paypal,24.46,6.84,3.63,1.58,0.0,36.51,2026-08-20T12:12:24Z,2026-08-20T13:01:04Z,USD
pay_b0f173d045574cc1ad60,o_20260820_00006413,captured,wallet,107.25,4.58,11.36,7.5,16.09,114.6,2026-08-20T08:06:02Z,2026-08-20T08:48:10Z,USD
pay_d991e7ff369d4767a785,o_20260820_00006414,captured,paypal,69.05,2.98,10.55,6.71,0.0,89.29,2026-08-20T11:05:18Z,2026-08-20T12:11:52Z,USD
pay_c596c5c1f17d4b4b929a,o_20260820_00006415,captured,paypal,10.89,3.21,1.01,0.85,0.54,15.42,2026-08-20T12:28:10Z,2026-08-20T13:28:59Z,USD
pay_800f1914f0224319b8e0,o_20260820_00006416,captured,paypal,37.32,1.99,5.6,3.21,5.6,42.52,2026-08-20T13:03:38Z,2026-08-20T13:50:51Z,USD
pay_2ae3e7df1b174b23959a,o_20260820_00006417,captured,wallet,12.94,4.63,1.44,0.88,0.0,19.89,2026-08-20T13:26:39Z,2026-08-20T14:04:25Z,USD
pay_a444da434a714eb3b14c,o_20260820_00006418,captured,card,74.37,6.57,6.45,7.39,0.0,94.78,2026-08-20T19:12:37Z,2026-08-20T20:24:27Z,USD
pay_b16d0d29828844e2b9e5,o_20260820_00006419,captured,apple_pay,63.09,4.07,9.01,3.93,9.46,70.64,2026-08-20T18:22:12Z,2026-08-20T19:23:44Z,USD
pay_fd7174e0e1674e68b92b,o_20260820_00006420,captured,card,127.0,0.66,16.54,9.48,12.7,140.98,2026-08-20T20:24:21Z,2026-08-20T21:19:13Z,USD
pay_36accde058ad406b96a2,o_20260820_00006421,captured,apple_pay,74.68,1.32,11.43,6.47,7.47,86.43,2026-08-20T12:28:14Z,2026-08-20T13:10:58Z,USD
pay_1cba89ecede64ed5b499,o_20260820_00006422,captured,wallet,49.88,6.69,5.3,3.32,7.48,57.71,2026-08-20T11:25:48Z,2026-08-20T12:20:33Z,USD
pay_1536d7dea5f445299c5f,o_20260820_00006423,captured,paypal,123.0,1.71,13.35,6.42,18.45,126.03,2026-08-20T18:56:03Z,2026-08-20T19:52:09Z,USD
pay_741b319b9a5e4005aa0c,o_20260820_00006424,captured,wallet,32.94,4.38,4.27,2.56,0.0,44.15,2026-08-20T13:37:25Z,2026-08-20T14:17:15Z,USD
pay_828022288c9e46358f19,o_20260820_00006425,refunded,wallet,78.38,4.71,11.1,6.52,0.0,100.71,2026-08-20T19:28:54Z,,USD
pay_2726f5b5bf2e4a8f917c,o_20260820_00006426,voided,wallet,18.24,0.53,2.6,1.73,0.0,23.1,2026-08-20T08:01:34Z,,USD
pay_a8472e26ee714989918d,o_20260820_00006427,captured,apple_pay,112.29,3.38,10.08,7.46,16.84,116.37,2026-08-20T19:05:47Z,2026-08-20T20:00:43Z,USD
pay_1a963cf4800741799460,o_20260820_00006428,captured,wallet,126.58,6.79,18.83,8.17,0.0,160.37,2026-08-20T12:25:46Z,2026-08-20T13:06:52Z,USD
pay_c0eb153d8e4a49b5af34,o_20260820_00006429,captured,paypal,63.09,1.52,6.78,3.9,0.0,75.29,2026-08-20T18:12:54Z,2026-08-20T18:46:01Z,USD
pay_a9fe618cbb1f4f2293d9,o_20260820_00006430,captured,wallet,56.41,2.99,4.95,4.15,0.0,68.5,2026-08-20T13:37:32Z,2026-08-20T14:40:27Z,USD
pay_0c42d962d5274fccba85,o_20260820_00006431,captured,paypal,44.04,4.09,5.14,3.16,4.4,52.03,2026-08-20T20:53:56Z,2026-08-20T22:09:47Z,USD
pay_4ab6ae0843a947738dfe,o_20260820_00006432,captured,apple_pay,19.83,4.66,2.64,1.04,2.97,25.2,2026-08-20T18:34:55Z,2026-08-20T19:33:32Z,USD
pay_aa6f50f0c4114cf286cb,o_20260820_00006433,captured,apple_pay,9.29,1.47,1.34,0.76,1.39,11.47,2026-08-20T12:46:20Z,2026-08-20T13:13:46Z,USD
pay_25b53c3a7e4a40c8aada,o_20260820_00006434,refunded,paypal,67.12,1.57,7.7,4.15,0.0,80.54,2026-08-20T13:49:26Z,,USD
pay_9bfff5bcce884b918639,o_20260820_00006435,captured,wallet,82.78,3.82,11.32,7.18,8.28,96.82,2026-08-20T08:40:23Z,2026-08-20T09:30:03Z,USD
pay_4475de4e20e3450b87b9,o_20260820_00006436,captured,card,27.24,4.74,3.3,2.1,0.0,37.38,2026-08-20T13:17:36Z,2026-08-20T14:10:56Z,USD
pay_cac0892bcbd848ef8895,o_20260820_00006437,captured,apple_pay,26.48,4.14,3.85,1.84,0.0,36.31,2026-08-20T19:13:42Z,2026-08-20T19:46:42Z,USD
pay_138af979571c470d99cd,o_20260820_00006438,captured,apple_pay,69.76,4.48,5.77,4.48,10.46,74.03,2026-08-20T11:48:40Z,2026-08-20T12:51:41Z,USD
pay_432a7246d3a746878232,o_20260820_00006439,captured,wallet,6.82,1.34,0.78,0.4,0.34,9.0,2026-08-20T11:17:13Z,2026-08-20T12:15:45Z,USD
pay_0693cd0830ff47c7a819,o_20260820_00006440,captured,wallet,35.19,6.25,3.46,2.67,0.0,47.57,2026-08-20T11:18:44Z,2026-08-20T12:00:01Z,USD
pay_64cb3cbdbabd4f748fff,o_20260820_00006441,captured,apple_pay,39.52,6.27,4.65,2.18,5.93,46.69,2026-08-20T12:09:14Z,2026-08-20T13:24:48Z,USD
pay_2d91ad8edd5d469b90eb,o_20260820_00006442,captured,wallet,44.82,4.36,6.64,4.04,0.0,59.86,2026-08-20T19:29:31Z,2026-08-20T20:18:56Z,USD
pay_9ee3fd752a1647ad9206,o_20260820_00006443,captured,apple_pay,80.98,0.57,6.93,6.12,8.1,86.5,2026-08-20T19:29:07Z,2026-08-20T20:17:41Z,USD
pay_70ac34c9578548c5a1fc,o_20260820_00006444,refunded,apple_pay,87.49,1.15,13.8,4.83,8.75,98.52,2026-08-20T19:37:37Z,,USD
pay_ebb52ed79c044f7f9896,o_20260820_00006445,captured,card,40.98,0.88,4.8,3.12,0.0,49.78,2026-08-20T12:24:38Z,2026-08-20T13:21:24Z,USD
pay_5eee8727d81b43d8b6a7,o_20260820_00006446,captured,apple_pay,70.68,1.6,5.99,6.07,0.0,84.34,2026-08-20T19:50:50Z,2026-08-20T20:38:31Z,USD
pay_19a34dd7a6214cbf9c86,o_20260820_00006447,captured,paypal,53.72,4.09,5.64,3.55,0.0,67.0,2026-08-20T12:51:15Z,2026-08-20T13:39:23Z,USD
pay_9bc01eea2ae1487a848c,o_20260820_00006448,captured,card,71.88,1.95,8.12,4.44,7.19,79.2,2026-08-20T11:39:46Z,2026-08-20T12:40:27Z,USD
pay_b713426e7d7f48cea6ab,o_20260820_00006449,captured,apple_pay,68.87,4.03,7.05,5.05,0.0,85.0,2026-08-20T13:04:12Z,2026-08-20T13:48:38Z,USD
pay_a96b5cf8ea964012a791,o_20260820_00006450,captured,paypal,116.55,6.12,18.22,10.98,0.0,151.87,2026-08-20T12:24:01Z,2026-08-20T13:24:36Z,USD
pay_5e6d29e3e05a4325aa6d,o_20260820_00006451,captured,paypal,24.74,3.19,2.31,2.2,0.0,32.44,2026-08-20T08:07:39Z,2026-08-20T09:03:21Z,USD
pay_7940f6bb475c48199e5c,o_20260820_00006452,refunded,card,62.77,0.5,8.83,4.95,0.0,77.05,2026-08-20T11:46:20Z,,USD
pay_7f436847dcad43c4beae,o_20260820_00006453,captured,paypal,36.91,6.0,3.7,2.43,5.54,43.5,2026-08-20T12:54:31Z,2026-08-20T13:31:13Z,USD
pay_2a94e67c3bfc43a6b8f1,o_20260820_00006454,captured,apple_pay,23.4,1.15,2.47,1.99,1.17,27.84,2026-08-20T18:06:51Z,2026-08-20T18:54:23Z,USD
pay_16a2de115e2f4f58acfb,o_20260820_00006455,captured,wallet,66.97,1.94,8.86,4.54,0.0,82.31,2026-08-20T13:08:05Z,2026-08-20T14:19:44Z,USD
pay_b6ef3063835d48038ae2,o_20260820_00006456,captured,apple_pay,52.33,3.78,5.66,4.58,0.0,66.35,2026-08-20T18:56:04Z,2026-08-20T20:03:57Z,USD
pay_8ed13bd94542426aa81c,o_20260820_00006457,captured,paypal,23.71,0.58,2.51,2.33,0.0,29.13,2026-08-20T19:01:52Z,2026-08-20T19:42:10Z,USD
pay_f898d1ba5f694eadacc6,o_20260820_00006458,captured,apple_pay,31.44,1.7,4.38,2.04,0.0,39.56,2026-08-20T20:30:35Z,2026-08-20T21:27:25Z,USD
pay_71e689985f444e00a8ed,o_20260820_00006459,captured,apple_pay,55.42,3.54,5.17,3.21,8.31,59.03,2026-08-20T19:20:00Z,2026-08-20T19:55:52Z,USD
pay_88c30570d380485ea1b8,o_20260820_00006460,captured,card,52.33,3.86,6.14,3.2,5.23,60.3,2026-08-20T18:40:13Z,2026-08-20T19:47:46Z,USD
pay_c22a49b2bac341e68edc,o_20260820_00006461,captured,card,43.64,4.37,4.93,3.75,2.18,54.51,2026-08-20T18:13:45Z,2026-08-20T19:01:29Z,USD
pay_11b26565f4064dbb8c4d,o_20260820_00006462,refunded,paypal,13.21,5.16,1.55,0.83,0.66,20.09,2026-08-20T12:19:06Z,,USD
pay_4e187e95282a42cb93ee,o_20260820_00006463,captured,paypal,61.9,6.63,8.55,5.11,3.1,79.09,2026-08-20T13:27:31Z,2026-08-20T13:53:21Z,USD
pay_5388598bd1394387ab8f,o_20260820_00006464,captured,paypal,62.64,5.76,7.39,4.31,0.0,80.1,2026-08-20T19:37:53Z,2026-08-20T20:26:32Z,USD
pay_92e93becb5c44aeb8411,o_20260820_00006465,captured,paypal,68.54,1.56,10.79,4.33,0.0,85.22,2026-08-20T19:58:18Z,2026-08-20T20:32:39Z,USD
pay_4289c0f122014d16b502,o_20260820_00006466,captured,paypal,31.38,2.6,3.47,2.76,3.14,37.07,2026-08-20T08:40:08Z,2026-08-20T09:27:42Z,USD
pay_b73baab12e8b4f6ca568,o_20260820_00006467,captured,card,15.85,6.92,2.06,1.22,0.0,26.05,2026-08-20T19:48:36Z,2026-08-20T20:38:19Z,USD
pay_79ec160033994b269fd9,o_20260820_00006468,captured,paypal,9.72,2.41,1.34,0.83,0.97,13.33,2026-08-20T09:00:40Z,2026-08-20T09:52:51Z,USD
pay_9b451ddba5d4468d8b81,o_20260820_00006469,captured,card,16.36,6.54,2.02,1.18,0.0,26.1,2026-08-20T11:08:07Z,2026-08-20T11:44:01Z,USD
pay_4c1fc869a4bb46578def,o_20260820_00006470,captured,card,81.36,5.45,12.18,7.08,8.14,97.93,2026-08-20T11:00:15Z,2026-08-20T11:33:07Z,USD
pay_5f9de3c740c542fb9a09,o_20260820_00006471,voided,paypal,59.82,6.94,5.67,4.76,8.97,68.22,2026-08-20T12:06:23Z,,USD
pay_f117c0d91a494eda9a09,o_20260820_00006472,captured,apple_pay,87.32,5.14,9.27,7.69,0.0,109.42,2026-08-20T19:58:48Z,2026-08-20T20:51:23Z,USD
pay_27bac289357b44ff83eb,o_20260820_00006473,captured,wallet,42.72,5.1,5.14,3.05,4.27,51.74,2026-08-20T19:53:07Z,2026-08-20T20:41:52Z,USD
pay_c82234067be741ae933f,o_20260820_00006474,captured,wallet,114.32,6.58,13.52,10.66,0.0,145.08,2026-08-20T12:41:33Z,2026-08-20T13:24:53Z,USD
pay_d34ca969ce7d4d5a94d5,o_20260820_00006475,captured,wallet,9.3,1.69,1.34,0.74,0.47,12.6,2026-08-20T20:32:03Z,2026-08-20T21:05:47Z,USD
pay_e143848224d54c7da968,o_20260820_00006476,captured,wallet,94.23,6.13,14.58,6.2,4.71,116.43,2026-08-20T13:54:07Z,2026-08-20T14:30:01Z,USD
pay_1359b1e8ab1f4a278442,o_20260820_00006477,captured,card,69.84,4.81,6.91,6.75,3.49,84.82,2026-08-20T18:24:17Z,2026-08-20T19:26:41Z,USD
pay_eccb6d29a7f04c89ad9f,o_20260820_00006478,captured,wallet,77.77,5.26,12.31,7.52,3.89,98.97,2026-08-20T20:39:34Z,2026-08-20T21:18:14Z,USD
pay_6d27dc991ba24eb3ac99,o_20260820_00006479,captured,wallet,51.75,4.16,7.68,3.4,0.0,66.99,2026-08-20T11:48:34Z,2026-08-20T12:36:07Z,USD
pay_b6e86f1cc0654a3aad04,o_20260820_00006480,captured,paypal,65.79,1.97,8.88,4.25,0.0,80.89,2026-08-20T13:57:18Z,2026-08-20T14:59:07Z,USD
pay_12602a4f0406489b9b51,o_20260820_00006481,captured,wallet,65.61,4.34,9.43,6.15,0.0,85.53,2026-08-20T19:06:48Z,2026-08-20T19:38:43Z,USD
pay_2dd0f5c034f34fdca2bc,o_20260820_00006482,captured,paypal,19.95,5.96,2.36,1.5,1.0,28.77,2026-08-20T11:34:56Z,2026-08-20T12:27:47Z,USD
pay_7f1c31cefeda4aa7819d,o_20260820_00006483,voided,paypal,33.57,5.89,3.23,2.15,0.0,44.84,2026-08-20T12:05:04Z,,USD
pay_0a34e236c95e4b109c41,o_20260820_00006484,captured,card,73.09,4.22,11.24,7.22,0.0,95.77,2026-08-20T12:14:21Z,2026-08-20T12:56:59Z,USD
pay_ccb1f73cc3bc4866812b,o_20260820_00006485,captured,wallet,19.95,1.9,2.31,1.16,2.0,23.32,2026-08-20T20:32:35Z,2026-08-20T21:26:53Z,USD
pay_3f49f3c85c6e45bd82d0,o_20260820_00006486,captured,card,47.09,5.37,6.95,4.1,0.0,63.51,2026-08-20T19:14:21Z,2026-08-20T20:05:40Z,USD
pay_12a2d0b6f15c480aa65b,o_20260820_00006487,captured,paypal,24.36,3.93,3.2,1.91,1.22,32.18,2026-08-20T11:44:46Z,2026-08-20T12:14:35Z,USD
pay_915e004174b94191bf07,o_20260820_00006488,refunded,wallet,111.3,6.2,14.3,9.28,0.0,141.08,2026-08-20T11:48:03Z,,USD
pay_881d9cdcbc844f9bb2a4,o_20260820_00006489,captured,wallet,60.84,6.22,9.68,6.12,0.0,82.86,2026-08-20T18:59:23Z,2026-08-20T19:41:01Z,USD
pay_cba3053579be4e0ab371,o_20260820_00006490,captured,apple_pay,41.7,0.63,6.29,2.57,0.0,51.19,2026-08-20T20:58:29Z,2026-08-20T21:40:34Z,USD
pay_8154b2ab300143879fcf,o_20260820_00006491,captured,apple_pay,118.81,6.52,10.06,10.84,5.94,140.29,2026-08-20T12:46:34Z,2026-08-20T13:24:20Z,USD
pay_f127f9dcb6f94f93af2e,o_20260820_00006492,captured,card,47.55,2.45,5.78,3.51,0.0,59.29,2026-08-20T13:07:44Z,2026-08-20T13:56:06Z,USD
pay_6fdb13a4cf73480192e5,o_20260820_00006493,captured,wallet,34.73,2.03,2.79,2.19,0.0,41.74,2026-08-20T18:14:47Z,2026-08-20T19:02:36Z,USD
pay_2250f98435a94ec28dce,o_20260820_00006494,captured,wallet,75.34,4.78,10.8,6.02,0.0,96.94,2026-08-20T11:38:09Z,2026-08-20T12:23:58Z,USD
pay_5cb3ce40d7514afeba9f,o_20260820_00006495,captured,wallet,46.8,1.3,6.59,4.69,0.0,59.38,2026-08-20T18:51:05Z,2026-08-20T19:24:51Z,USD
pay_ae9b197afc8c4181bcbe,o_20260820_00006496,captured,wallet,95.51,3.68,8.42,7.25,4.78,110.08,2026-08-20T13:44:27Z,2026-08-20T14:27:12Z,USD
pay_2535daf537a34a7aafc8,o_20260820_00006497,captured,apple_pay,96.19,3.17,11.33,8.91,0.0,119.6,2026-08-20T20:37:07Z,2026-08-20T21:38:02Z,USD
pay_0421aed003c44709ba41,o_20260820_00006498,captured,apple_pay,67.52,3.34,6.73,4.83,10.13,72.29,2026-08-20T13:14:43Z,2026-08-20T14:11:03Z,USD
pay_84d3691fefe642ddbcfe,o_20260820_00006499,captured,apple_pay,55.56,6.0,6.73,4.74,8.33,64.7,2026-08-20T12:48:09Z,2026-08-20T13:32:53Z,USD
pay_7ffafbda89874472ab6c,o_20260820_00006500,captured,wallet,77.59,1.97,8.79,4.06,11.64,80.77,2026-08-20T11:31:11Z,2026-08-20T12:09:42Z,USD
pay_8fe1596ca01b40889b7f,o_20260820_00006501,captured,apple_pay,53.6,1.21,4.58,4.12,0.0,63.51,2026-08-20T20:50:09Z,2026-08-20T21:39:42Z,USD
pay_d27db009efc748a8a67a,o_20260820_00006502,captured,apple_pay,113.07,5.91,17.0,6.91,16.96,125.93,2026-08-20T19:21:24Z,2026-08-20T20:04:34Z,USD
pay_e3a3c0f7665c4c4f887c,o_20260820_00006503,captured,card,77.05,6.93,6.79,4.91,3.85,91.83,2026-08-20T19:13:51Z,2026-08-20T19:48:35Z,USD
pay_5ef7422af301487abfa1,o_20260820_00006504,captured,paypal,92.4,4.69,11.75,5.74,4.62,109.96,2026-08-20T11:38:28Z,2026-08-20T12:15:00Z,USD
pay_3301d02d1151455bb92b,o_20260820_00006505,captured,paypal,94.14,2.96,11.52,5.67,0.0,114.29,2026-08-20T19:59:41Z,2026-08-20T20:51:58Z,USD
pay_27e1847030d943d8a8f7,o_20260820_00006506,captured,wallet,106.22,4.69,12.32,8.3,15.93,115.6,2026-08-20T18:51:42Z,2026-08-20T19:39:07Z,USD
pay_8e95d1d540e441729994,o_20260820_00006507,captured,wallet,14.62,4.54,2.15,1.31,1.46,21.16,2026-08-20T19:28:22Z,2026-08-20T20:05:51Z,USD
pay_6eae21cb63d84f8fa215,o_20260820_00006508,captured,card,51.93,6.22,6.57,4.6,0.0,69.32,2026-08-20T12:56:21Z,2026-08-20T13:25:15Z,USD
pay_0eaf5abf0bc24043899e,o_20260820_00006509,captured,card,26.88,2.42,4.17,1.82,0.0,35.29,2026-08-20T20:28:50Z,2026-08-20T21:11:19Z,USD
pay_87ac844fb60e42f893d5,o_20260820_00006510,captured,apple_pay,75.92,4.12,8.53,5.97,3.8,90.74,2026-08-20T18:25:06Z,2026-08-20T19:12:47Z,USD
pay_2b7b3f1f4a154ab699ed,o_20260820_00006511,captured,card,55.5,1.54,7.07,3.84,0.0,67.95,2026-08-20T20:49:04Z,2026-08-20T21:29:57Z,USD
pay_57047ccd9c9d467eb207,o_20260820_00006512,captured,card,62.35,6.15,6.67,4.94,6.23,73.88,2026-08-20T08:31:01Z,2026-08-20T09:01:50Z,USD
pay_76b53961ff8b430ca9bb,o_20260820_00006513,voided,wallet,75.52,3.85,10.59,7.44,0.0,97.4,2026-08-20T12:31:55Z,,USD
pay_5ffb56cfe8c84e28b744,o_20260820_00006514,captured,paypal,33.46,5.68,2.94,2.43,0.0,44.51,2026-08-20T18:45:09Z,2026-08-20T19:22:29Z,USD
pay_93e6d3dd8021487fb486,o_20260820_00006515,refunded,apple_pay,82.58,3.71,8.22,6.02,0.0,100.53,2026-08-20T19:18:58Z,,USD
pay_eb0832f4f459473abbb9,o_20260820_00006516,captured,wallet,84.27,2.31,8.27,6.07,4.21,96.71,2026-08-20T19:07:04Z,2026-08-20T19:48:31Z,USD
pay_769c5436172d44678312,o_20260820_00006517,captured,paypal,7.29,1.62,0.82,0.55,1.09,9.19,2026-08-20T08:20:35Z,2026-08-20T09:28:49Z,USD
pay_939be8a8e53440f096c4,o_20260820_00006518,captured,card,32.8,3.84,4.88,2.68,1.64,42.56,2026-08-20T20:31:32Z,2026-08-20T21:08:11Z,USD
pay_0446809416eb42d98a96,o_20260820_00006519,captured,apple_pay,44.16,6.15,5.52,3.17,4.42,54.58,2026-08-20T11:02:00Z,2026-08-20T12:02:12Z,USD
pay_2a983e901b184231bba4,o_20260820_00006520,captured,wallet,46.0,6.12,4.91,2.75,4.6,55.18,2026-08-20T19:25:06Z,2026-08-20T20:26:48Z,USD
pay_4a1f5c2a598c4072932e,o_20260820_00006521,captured,wallet,33.27,5.62,4.27,2.38,0.0,45.54,2026-08-20T12:08:42Z,2026-08-20T12:50:25Z,USD
pay_ab0cf2efd5c64b92b432,o_20260820_00006522,refunded,paypal,119.26,6.65,13.21,9.4,0.0,148.52,2026-08-20T19:47:47Z,,USD
pay_2a7a40f00d9548f2add1,o_20260820_00006523,captured,wallet,40.9,3.68,4.57,3.69,4.09,48.75,2026-08-20T11:53:22Z,2026-08-20T12:25:04Z,USD
pay_0ff8848072204832b400,o_20260820_00006524,captured,wallet,10.86,2.32,1.12,0.93,0.0,15.23,2026-08-20T12:04:56Z,2026-08-20T12:25:46Z,USD
pay_069135d1818c4d20bba2,o_20260820_00006525,captured,apple_pay,67.26,5.87,5.97,5.98,0.0,85.08,2026-08-20T18:45:31Z,2026-08-20T19:47:39Z,USD
pay_eb6b85a3842d412d9c74,o_20260820_00006526,captured,paypal,59.82,2.06,5.95,4.36,0.0,72.19,2026-08-20T19:49:46Z,2026-08-20T20:25:49Z,USD
pay_72d034e83d4643c2a2c2,o_20260820_00006527,voided,wallet,16.92,3.07,1.91,1.23,0.85,22.28,2026-08-20T19:34:43Z,,USD
pay_414cc3d531ed430095e3,o_20260820_00006528,captured,card,152.98,4.13,19.7,13.11,0.0,189.92,2026-08-20T11:47:51Z,2026-08-20T12:29:13Z,USD
pay_f8dfcb8acd09480e9ac9,o_20260820_00006529,captured,apple_pay,55.17,4.96,5.76,4.46,2.76,67.59,2026-08-20T12:56:16Z,2026-08-20T13:21:53Z,USD
pay_f514ad8daf544c04a2f1,o_20260820_00006530,captured,paypal,72.66,4.55,10.78,6.1,0.0,94.09,2026-08-20T18:26:27Z,2026-08-20T19:11:18Z,USD
pay_703ce4250c3c4d518c8f,o_20260820_00006531,captured,paypal,71.82,2.92,8.44,5.62,0.0,88.8,2026-08-20T18:29:58Z,2026-08-20T19:36:23Z,USD
pay_2243ae2ec5b445e985cc,o_20260820_00006532,captured,wallet,71.52,6.65,7.33,4.4,10.73,79.17,2026-08-20T12:38:33Z,2026-08-20T13:07:44Z,USD
pay_51b5035adc7b4ba3a9b4,o_20260820_00006533,captured,paypal,66.15,4.2,10.0,4.11,0.0,84.46,2026-08-20T19:49:22Z,2026-08-20T20:39:16Z,USD
pay_1888c441bf6147f888f1,o_20260820_00006534,voided,wallet,26.52,2.89,3.61,2.34,2.65,32.71,2026-08-20T18:30:55Z,,USD
pay_dc76c54c1daf4f4195ef,o_20260820_00006535,captured,paypal,48.99,4.13,6.71,3.74,0.0,63.57,2026-08-20T18:49:00Z,2026-08-20T19:29:10Z,USD
pay_cf25c998ffaa45ecbe31,o_20260820_00006536,refunded,apple_pay,63.2,3.91,6.84,3.78,9.48,68.25,2026-08-20T19:30:12Z,,USD
pay_1da2e94738674a26b2ee,o_20260820_00006537,captured,paypal,13.9,6.71,1.57,0.84,0.0,23.02,2026-08-20T19:04:45Z,2026-08-20T19:46:42Z,USD
pay_78da27cd436f48c5a145,o_20260820_00006538,captured,wallet,88.5,5.09,8.15,7.44,4.42,104.76,2026-08-20T12:38:32Z,2026-08-20T13:27:03Z,USD
pay_b4fab4c1f022421a83ce,o_20260820_00006539,captured,card,70.25,6.59,10.24,6.36,3.51,89.93,2026-08-20T12:01:56Z,2026-08-20T12:54:42Z,USD
pay_423f5ef72a6d4a7bbcd5,o_20260820_00006540,captured,wallet,44.68,6.48,4.36,3.91,4.47,54.96,2026-08-20T13:54:29Z,2026-08-20T14:54:19Z,USD
pay_e296b8d746394fb4af41,o_20260820_00006541,captured,paypal,45.77,3.82,6.19,3.3,0.0,59.08,2026-08-20T11:34:42Z,2026-08-20T12:38:50Z,USD
pay_bd14f6185f16441db0e3,o_20260820_00006542,captured,card,109.18,1.92,9.36,9.32,0.0,129.78,2026-08-20T11:29:32Z,2026-08-20T11:56:40Z,USD
pay_2ead6b99f0394fa5aed2,o_20260820_00006543,captured,wallet,50.19,1.08,5.59,4.05,5.02,55.89,2026-08-20T08:10:24Z,2026-08-20T08:34:15Z,USD
pay_c74dd4649e45483ca00e,o_20260820_00006544,captured,wallet,23.16,5.13,2.9,1.57,0.0,32.76,2026-08-20T21:00:30Z,2026-08-20T21:37:34Z,USD
pay_4885da00781548278eb9,o_20260820_00006545,captured,apple_pay,28.53,2.9,4.12,2.27,1.43,36.39,2026-08-20T19:25:04Z,2026-08-20T20:01:59Z,USD
pay_849e3175d4a3488fbcdd,o_20260820_00006546,captured,paypal,42.69,2.29,3.56,2.84,0.0,51.38,2026-08-20T18:56:14Z,2026-08-20T19:34:32Z,USD
pay_2d64726482f2459580ec,o_20260820_00006547,captured,wallet,37.72,6.71,5.84,3.03,0.0,53.3,2026-08-20T13:02:47Z,2026-08-20T13:57:38Z,USD
pay_daebbc10708f4f85b297,o_20260820_00006548,captured,card,69.49,2.97,9.17,5.62,0.0,87.25,2026-08-20T12:46:20Z,2026-08-20T13:49:58Z,USD
pay_42059923b7c842649eb6,o_20260820_00006549,captured,paypal,100.62,6.84,9.43,10.08,0.0,126.97,2026-08-20T20:37:46Z,2026-08-20T21:33:23Z,USD
pay_fb212050afdd4a72b728,o_20260820_00006550,captured,apple_pay,75.23,4.31,6.45,6.67,3.76,88.9,2026-08-20T18:38:15Z,2026-08-20T19:49:31Z,USD
pay_c96dd8f3bd94444ba5dc,o_20260820_00006551,captured,apple_pay,101.01,0.97,14.7,9.12,5.05,120.75,2026-08-20T19:00:34Z,2026-08-20T19:56:54Z,USD
pay_4edb4bfc2fdd4b2d9416,o_20260820_00006552,captured,apple_pay,152.94,2.27,17.07,12.12,0.0,184.4,2026-08-20T18:44:11Z,2026-08-20T19:37:08Z,USD
pay_92d3f0bdf61d40a68d36,o_20260820_00006553,captured,wallet,22.8,5.51,3.4,1.82,2.28,31.25,2026-08-20T08:18:14Z,2026-08-20T08:58:55Z,USD
pay_4bed79a389264fbab35d,o_20260820_00006554,captured,apple_pay,113.47,0.59,12.69,7.62,11.35,123.02,2026-08-20T11:59:05Z,2026-08-20T12:38:55Z,USD
pay_c17d4dac34ef451c98eb,o_20260820_00006555,captured,card,91.37,3.2,9.82,5.37,9.14,100.62,2026-08-20T12:56:47Z,2026-08-20T13:36:30Z,USD
pay_88017edf108e4ded9570,o_20260820_00006556,captured,wallet,83.9,4.49,8.33,7.25,0.0,103.97,2026-08-20T12:28:42Z,2026-08-20T13:28:05Z,USD
pay_afd1c18b0ad94ad78c29,o_20260820_00006557,captured,apple_pay,96.61,3.73,12.63,6.88,4.83,115.02,2026-08-20T19:51:55Z,2026-08-20T20:22:55Z,USD
pay_999b0f9dd88445f4be4e,o_20260820_00006558,captured,card,45.04,4.93,4.09,4.03,0.0,58.09,2026-08-20T11:37:13Z,2026-08-20T12:28:23Z,USD
pay_604cf12a10b14f4b94fa,o_20260820_00006559,captured,apple_pay,22.62,2.12,3.13,2.21,0.0,30.08,2026-08-20T11:26:34Z,2026-08-20T12:26:28Z,USD
pay_50da9c18c55a473ea1f3,o_20260820_00006560,captured,card,14.06,2.89,1.92,0.96,2.11,17.72,2026-08-20T19:42:28Z,2026-08-20T20:37:28Z,USD
pay_b9dd876664754bcc86e3,o_20260820_00006561,captured,wallet,57.31,4.86,6.46,5.01,0.0,73.64,2026-08-20T13:34:23Z,2026-08-20T14:21:01Z,USD
pay_ad23e99e1f544d8e8771,o_20260820_00006562,captured,wallet,91.25,6.59,13.15,6.06,9.12,107.93,2026-08-20T11:03:40Z,2026-08-20T11:42:13Z,USD
pay_40814869a6014edc9640,o_20260820_00006563,captured,card,92.29,2.34,10.28,7.09,0.0,112.0,2026-08-20T18:04:47Z,2026-08-20T18:49:34Z,USD
pay_53dedf3beb2a45da93f6,o_20260820_00006564,captured,card,76.6,6.9,9.45,5.59,0.0,98.54,2026-08-20T19:27:27Z,2026-08-20T19:59:59Z,USD
pay_19f52b505b814f2c8716,o_20260820_00006565,captured,apple_pay,48.07,4.13,4.44,2.88,4.81,54.71,2026-08-20T13:20:58Z,2026-08-20T14:07:07Z,USD
pay_0507567837aa4d76a095,o_20260820_00006566,captured,card,92.1,0.54,7.89,6.01,9.21,97.33,2026-08-20T18:19:01Z,2026-08-20T19:31:47Z,USD
pay_632db47e73cb485282c1,o_20260820_00006567,voided,wallet,51.21,6.05,5.94,4.49,0.0,67.69,2026-08-20T12:50:20Z,,USD
pay_4fc6cdd1d169437cab12,o_20260820_00006568,captured,apple_pay,21.82,3.16,2.73,1.35,3.27,25.79,2026-08-20T18:02:04Z,2026-08-20T19:00:56Z,USD
pay_35bc061471244833ad8b,o_20260820_00006569,captured,card,139.16,6.94,13.52,14.03,0.0,173.65,2026-08-20T12:37:19Z,2026-08-20T13:12:05Z,USD
pay_48b45ac257264ff39a70,o_20260820_00006570,captured,paypal,43.01,2.8,3.76,4.03,0.0,53.6,2026-08-20T19:02:48Z,2026-08-20T19:43:00Z,USD
pay_bb2c2930f35046deb77b,o_20260820_00006571,captured,apple_pay,57.76,5.18,8.08,4.08,2.89,72.21,2026-08-20T19:46:55Z,2026-08-20T20:36:41Z,USD
pay_2d72875dedd14ef9b013,o_20260820_00006572,captured,card,92.82,2.58,8.08,8.15,0.0,111.63,2026-08-20T08:42:39Z,2026-08-20T09:32:21Z,USD
pay_27ba218843834069a51e,o_20260820_00006573,captured,apple_pay,22.38,2.02,3.3,1.45,0.0,29.15,2026-08-20T20:27:49Z,2026-08-20T21:26:17Z,USD
pay_b332bc7eb78a413896c1,o_20260820_00006574,captured,paypal,49.51,5.82,5.11,3.43,0.0,63.87,2026-08-20T11:42:08Z,2026-08-20T12:39:14Z,USD
pay_ba78bba989e948168c6b,o_20260820_00006575,captured,card,70.82,4.51,7.1,4.56,0.0,86.99,2026-08-20T18:04:28Z,2026-08-20T18:48:20Z,USD
pay_e025e156f0334c42bd8c,o_20260820_00006576,captured,paypal,34.5,5.75,4.65,3.31,0.0,48.21,2026-08-20T08:59:21Z,2026-08-20T09:32:04Z,USD
pay_807ff3a6b64146acb787,o_20260820_00006577,refunded,wallet,40.68,3.1,6.5,3.09,6.1,47.27,2026-08-20T13:11:28Z,,USD
pay_f44598ef9dce462ebfb8,o_20260820_00006578,captured,wallet,60.18,4.25,8.37,6.05,0.0,78.85,2026-08-20T13:18:18Z,2026-08-20T14:08:54Z,USD
pay_96a2e882f984488b9d89,o_20260820_00006579,captured,card,62.22,5.83,5.77,4.22,0.0,78.04,2026-08-20T11:55:46Z,2026-08-20T12:41:30Z,USD
pay_d362e7a1b249401f9146,o_20260820_00006580,captured,wallet,59.31,1.9,5.35,4.16,8.9,61.82,2026-08-20T19:08:03Z,2026-08-20T19:42:29Z,USD
pay_13e1dd182e2e49f4b18c,o_20260820_00006581,captured,apple_pay,101.93,6.4,10.67,7.08,0.0,126.08,2026-08-20T12:12:05Z,2026-08-20T12:52:52Z,USD
pay_ac27008e444a4e7080ab,o_20260820_00006582,captured,card,49.36,6.98,7.53,5.04,0.0,68.91,2026-08-20T13:23:58Z,2026-08-20T14:05:14Z,USD
pay_9579a50f19be421cab14,o_20260820_00006583,captured,card,32.8,1.72,3.44,2.49,0.0,40.45,2026-08-20T19:33:25Z,2026-08-20T20:01:03Z,USD
pay_defcb16ab50e4ac5b220,o_20260820_00006584,captured,wallet,75.9,2.33,10.48,6.46,11.38,83.79,2026-08-20T19:11:20Z,2026-08-20T19:41:06Z,USD
pay_9870abb01b4b43c19478,o_20260820_00006585,captured,paypal,79.43,3.0,7.9,5.59,0.0,95.92,2026-08-20T12:34:08Z,2026-08-20T13:29:00Z,USD
pay_87ed2b6f0fad42749cc1,o_20260820_00006586,captured,paypal,94.14,4.49,10.45,5.63,9.41,105.3,2026-08-20T20:21:04Z,2026-08-20T21:30:01Z,USD
pay_6701d188646c4cfe9b1d,o_20260820_00006587,captured,apple_pay,30.85,5.32,3.61,2.38,0.0,42.16,2026-08-20T13:16:45Z,2026-08-20T14:08:14Z,USD
pay_a0ee427cd62048a884f0,o_20260820_00006588,voided,apple_pay,27.9,4.01,3.94,2.4,2.79,35.46,2026-08-20T19:08:19Z,,USD
pay_e0b140b2f2c44fb9a077,o_20260820_00006589,captured,wallet,20.8,3.17,2.68,1.59,2.08,26.16,2026-08-20T12:53:48Z,2026-08-20T13:31:42Z,USD
pay_8448c7e99cbd45ce8ea9,o_20260820_00006590,captured,card,101.8,4.16,11.74,9.89,0.0,127.59,2026-08-20T12:53:49Z,2026-08-20T13:47:07Z,USD
pay_7e2fde38991e4f13a2ee,o_20260820_00006591,captured,card,48.48,4.4,4.19,4.37,2.42,59.02,2026-08-20T18:54:25Z,2026-08-20T19:33:45Z,USD
pay_da86e1faa3c3415484a3,o_20260820_00006592,captured,card,64.12,3.72,6.96,4.68,0.0,79.48,2026-08-20T13:03:23Z,2026-08-20T13:50:09Z,USD
pay_60f740d0bc8d4fd496fd,o_20260820_00006593,captured,apple_pay,86.21,3.02,7.34,7.55,8.62,95.5,2026-08-20T12:41:48Z,2026-08-20T13:36:19Z,USD
pay_497269ed473342f3b7ec,o_20260820_00006594,captured,card,36.58,6.19,5.04,2.29,0.0,50.1,2026-08-20T19:43:49Z,2026-08-20T20:36:28Z,USD
pay_c6f11b6097414a52abf0,o_20260820_00006595,captured,apple_pay,11.94,6.35,1.15,0.78,0.0,20.22,2026-08-20T12:55:53Z,2026-08-20T13:42:43Z,USD
pay_00baa2e7184f4312aef9,o_20260820_00006596,captured,card,108.78,1.07,8.97,9.18,0.0,128.0,2026-08-20T12:20:46Z,2026-08-20T13:06:13Z,USD
pay_9f360594ccb740078b31,o_20260820_00006597,captured,paypal,73.83,4.16,6.6,4.88,3.69,85.78,2026-08-20T18:25:18Z,2026-08-20T19:06:28Z,USD
pay_a6f3f44186894d04bcc6,o_20260820_00006598,refunded,wallet,68.83,2.08,7.43,6.13,6.88,77.59,2026-08-20T18:42:14Z,,USD
pay_56f71602f97847ceb8c3,o_20260820_00006599,captured,paypal,41.0,3.22,3.44,3.22,0.0,50.88,2026-08-20T11:22:35Z,2026-08-20T11:54:12Z,USD
pay_2e9ddcb4b2574a6e9198,o_20260820_00006600,captured,paypal,25.88,3.36,3.55,1.87,0.0,34.66,2026-08-20T19:08:38Z,2026-08-20T19:58:47Z,USD
pay_77721ee52ae9457891c4,o_20260820_00006601,captured,wallet,28.4,4.68,4.0,2.71,1.42,38.37,2026-08-20T13:11:27Z,2026-08-20T13:40:19Z,USD
pay_58b151b22f7846308d5e,o_20260820_00006602,captured,card,10.85,4.53,1.59,0.87,1.08,16.76,2026-08-20T13:00:23Z,2026-08-20T13:39:45Z,USD
pay_ba544677861d4108b5a0,o_20260820_00006603,captured,card,37.61,2.13,4.81,3.47,0.0,48.02,2026-08-20T12:32:17Z,2026-08-20T13:33:41Z,USD
pay_39e9d89745d64e19addb,o_20260820_00006604,captured,wallet,22.12,4.8,2.82,1.88,3.32,28.3,2026-08-20T18:38:11Z,2026-08-20T19:29:01Z,USD
pay_5743de21e3ed4a9eaf6f,o_20260820_00006605,captured,wallet,85.59,5.37,8.76,7.72,0.0,107.44,2026-08-20T18:59:01Z,2026-08-20T19:58:52Z,USD
pay_246bc8fd73fc4ebc9906,o_20260820_00006606,captured,card,18.52,6.42,2.53,1.82,0.0,29.29,2026-08-20T19:29:37Z,2026-08-20T20:23:20Z,USD
pay_a5dff31839ce48469cdc,o_20260820_00006607,captured,card,91.89,4.75,11.54,6.03,13.78,100.43,2026-08-20T11:37:47Z,2026-08-20T12:18:35Z,USD
pay_45fed8b80fbf42b592ec,o_20260820_00006608,captured,paypal,69.46,3.43,9.23,5.36,0.0,87.48,2026-08-20T19:30:53Z,2026-08-20T20:04:33Z,USD
pay_ba3fde56475b4d5db21f,o_20260820_00006609,captured,paypal,95.13,5.39,10.11,5.76,4.76,111.63,2026-08-20T13:40:09Z,2026-08-20T14:28:00Z,USD
pay_87bf678022604c76b9b9,o_20260820_00006610,voided,apple_pay,37.16,2.76,3.86,3.59,1.86,45.51,2026-08-20T13:23:24Z,,USD
pay_6b4220aa97c44f4ca484,o_20260820_00006611,captured,apple_pay,22.98,0.77,3.31,2.09,0.0,29.15,2026-08-20T08:24:48Z,2026-08-20T09:07:40Z,USD
pay_8e69c898e23d47ca945c,o_20260820_00006612,captured,apple_pay,65.3,3.6,8.59,6.0,3.27,80.22,2026-08-20T11:33:47Z,2026-08-20T12:28:28Z,USD
pay_1ec0910597c34f398770,o_20260820_00006613,captured,card,54.27,4.42,4.74,3.57,5.43,61.57,2026-08-20T20:05:47Z,2026-08-20T21:05:53Z,USD
pay_5ce1e2cc98bc41d5a441,o_20260820_00006614,captured,apple_pay,51.79,1.12,4.44,3.56,7.77,53.14,2026-08-20T12:21:14Z,2026-08-20T12:52:25Z,USD
pay_fcb1802ebe8d4be089ed,o_20260820_00006615,captured,wallet,37.48,0.76,5.41,2.49,0.0,46.14,2026-08-20T13:29:54Z,2026-08-20T13:51:26Z,USD
pay_b867a2b33a664f56b257,o_20260820_00006616,captured,wallet,26.42,2.29,2.31,1.7,0.0,32.72,2026-08-20T08:49:10Z,2026-08-20T09:46:54Z,USD
pay_2ab51875451a4f70be6a,o_20260820_00006617,captured,card,21.63,6.65,3.18,2.17,0.0,33.63,2026-08-20T11:17:00Z,2026-08-20T12:11:48Z,USD
pay_48b2079f210e4c96a351,o_20260820_00006618,captured,paypal,138.42,5.28,13.47,8.5,0.0,165.67,2026-08-20T18:45:40Z,2026-08-20T19:40:54Z,USD
pay_d6010176fd154a4b8536,o_20260820_00006619,captured,wallet,78.27,4.97,12.0,5.85,11.74,89.35,2026-08-20T11:07:10Z,2026-08-20T11:39:31Z,USD
pay_76bdfd45c00d4d799fda,o_20260820_00006620,captured,wallet,99.87,5.89,11.09,9.43,0.0,126.28,2026-08-20T18:55:19Z,2026-08-20T19:36:57Z,USD
pay_4912734970314c15a0c8,o_20260820_00006621,refunded,paypal,23.5,0.51,3.14,1.42,2.35,26.22,2026-08-20T12:26:12Z,,USD
pay_cba7f28125c24c8e96f3,o_20260820_00006622,captured,paypal,107.24,2.46,11.09,10.21,0.0,131.0,2026-08-20T08:59:28Z,2026-08-20T09:31:00Z,USD
pay_a8872c1a385c4e38bebf,o_20260820_00006623,captured,wallet,11.94,3.95,1.73,1.12,0.0,18.74,2026-08-20T11:41:19Z,2026-08-20T11:57:08Z,USD
pay_50cd656700d448129acc,o_20260820_00006624,captured,card,58.29,3.35,8.39,3.86,0.0,73.89,2026-08-20T11:23:01Z,2026-08-20T12:07:38Z,USD
pay_98b44c8f83724c44ad43,o_20260820_00006625,voided,apple_pay,35.0,6.42,4.33,3.22,3.5,45.47,2026-08-20T11:18:35Z,,USD
pay_9a0ccf5e25e64562b4d6,o_20260820_00006626,captured,card,151.46,1.2,17.48,10.37,0.0,180.51,2026-08-20T19:41:59Z,2026-08-20T20:21:21Z,USD
pay_7b66ed996a6b4376a0d3,o_20260820_00006627,captured,paypal,27.38,1.84,4.01,2.63,0.0,35.86,2026-08-20T20:29:47Z,2026-08-20T21:01:11Z,USD
pay_161fa5f44f2d4e8aa08a,o_20260820_00006628,captured,wallet,22.62,6.04,2.39,1.31,2.26,30.1,2026-08-20T20:10:53Z,2026-08-20T21:00:43Z,USD
pay_987802d6104c4c4cb296,o_20260820_00006629,captured,wallet,44.54,5.62,6.71,2.59,4.45,55.01,2026-08-20T20:00:21Z,2026-08-20T20:50:05Z,USD
pay_28fe2f3373cd4361a90f,o_20260820_00006630,captured,paypal,71.18,5.63,10.63,6.61,0.0,94.05,2026-08-20T19:06:18Z,2026-08-20T19:54:46Z,USD
pay_14d1b8103c5b4cc89933,o_20260820_00006631,captured,wallet,61.65,3.4,7.61,5.23,3.08,74.81,2026-08-20T20:08:10Z,2026-08-20T20:57:49Z,USD
pay_bc27bdbddd3a4d1c9601,o_20260820_00006632,captured,card,75.64,1.14,11.07,5.78,11.35,82.28,2026-08-20T19:27:33Z,2026-08-20T20:26:04Z,USD
pay_62d08a39d6f842c5ab95,o_20260820_00006633,captured,apple_pay,21.63,4.85,2.03,1.83,0.0,30.34,2026-08-20T19:41:06Z,2026-08-20T20:03:46Z,USD
pay_7ed5c6fcf24e447f84e1,o_20260820_00006634,captured,wallet,19.94,2.01,1.81,1.72,1.99,23.49,2026-08-20T19:05:46Z,2026-08-20T19:55:18Z,USD
pay_c6bb5737145f41388e49,o_20260820_00006635,captured,paypal,7.29,6.41,0.84,0.45,0.73,14.26,2026-08-20T12:41:44Z,2026-08-20T13:44:20Z,USD
pay_8c8b4324db8a44c49839,o_20260820_00006636,captured,paypal,35.82,2.62,3.55,3.09,0.0,45.08,2026-08-20T12:14:19Z,2026-08-20T13:20:58Z,USD
pay_474dc858f5034106a2e5,o_20260820_00006637,captured,apple_pay,40.56,2.24,4.93,2.64,4.06,46.31,2026-08-20T18:35:51Z,2026-08-20T19:14:42Z,USD
pay_b4955c9a8078486182f6,o_20260820_00006638,refunded,card,32.8,2.91,4.92,3.19,0.0,43.82,2026-08-20T13:27:27Z,,USD
pay_a40cb868f7524bc08f50,o_20260820_00006639,refunded,paypal,50.31,1.57,5.63,4.37,5.03,56.85,2026-08-20T12:23:14Z,,USD
pay_a99ad8f073884560a781,o_20260820_00006640,captured,paypal,7.25,4.43,0.73,0.74,0.0,13.15,2026-08-20T19:10:30Z,2026-08-20T20:07:33Z,USD
pay_d3ffa9c6caed4529a9a0,o_20260820_00006641,captured,paypal,62.3,2.74,9.83,4.17,6.23,72.81,2026-08-20T20:35:50Z,2026-08-20T21:39:00Z,USD
pay_07722f07423241169eaf,o_20260820_00006642,captured,apple_pay,66.51,5.72,5.71,5.62,0.0,83.56,2026-08-20T11:03:52Z,2026-08-20T11:31:40Z,USD
pay_202ac376f9034a599f29,o_20260820_00006643,captured,apple_pay,59.97,2.86,8.68,5.72,0.0,77.23,2026-08-20T11:29:21Z,2026-08-20T11:51:51Z,USD
pay_eb0aa804e4a64639b305,o_20260820_00006644,captured,apple_pay,51.02,1.6,4.1,3.58,5.1,55.2,2026-08-20T08:17:35Z,2026-08-20T09:26:09Z,USD
pay_9190658a271644ec868a,o_20260820_00006645,captured,paypal,19.05,0.91,1.88,1.77,0.0,23.61,2026-08-20T11:33:46Z,2026-08-20T12:26:18Z,USD
pay_fa90469a92964ccdb831,o_20260820_00006646,captured,wallet,57.23,0.87,7.93,4.91,8.58,62.36,2026-08-20T19:39:12Z,2026-08-20T20:17:39Z,USD
pay_7b6c55f42b2c4ec283dd,o_20260820_00006647,captured,paypal,107.04,5.97,13.08,7.77,0.0,133.86,2026-08-20T18:08:12Z,2026-08-20T19:07:10Z,USD
pay_53f65c5b848d4bab8f6b,o_20260820_00006648,captured,apple_pay,17.51,0.66,1.97,1.15,0.0,21.29,2026-08-20T08:10:01Z,2026-08-20T08:57:34Z,USD
pay_c153855a1d2c41bb8e9a,o_20260820_00006649,captured,wallet,71.82,5.84,9.98,4.79,0.0,92.43,2026-08-20T18:58:35Z,2026-08-20T19:44:17Z,USD
pay_82f681b63a7547078c94,o_20260820_00006650,captured,card,52.11,4.1,6.79,3.05,5.21,60.84,2026-08-20T18:19:26Z,2026-08-20T19:03:01Z,USD
pay_51efd52f0a16449cb55b,o_20260820_00006651,captured,wallet,11.7,1.86,1.07,0.83,0.58,14.88,2026-08-20T19:43:58Z,2026-08-20T20:22:11Z,USD
pay_8aabf32b80c344c7b294,o_20260820_00006652,captured,wallet,88.18,2.91,12.31,5.73,0.0,109.13,2026-08-20T19:37:32Z,2026-08-20T20:37:07Z,USD
pay_4c77d6139a89413d9f82,o_20260820_00006653,captured,wallet,11.39,1.93,1.39,0.82,0.0,15.53,2026-08-20T11:22:10Z,2026-08-20T12:25:10Z,USD
pay_f656b8fbacfb4ef88b12,o_20260820_00006654,captured,card,121.53,3.11,15.67,8.68,0.0,148.99,2026-08-20T18:56:48Z,2026-08-20T20:03:13Z,USD
pay_6057c7238b2e42bba265,o_20260820_00006655,captured,apple_pay,67.96,5.85,8.48,4.1,0.0,86.39,2026-08-20T18:51:41Z,2026-08-20T19:33:22Z,USD
pay_d783b8479efa493d9749,o_20260820_00006656,captured,paypal,132.71,2.15,16.9,11.28,0.0,163.04,2026-08-20T12:11:38Z,2026-08-20T13:03:24Z,USD
pay_19409f9dde734feeb02b,o_20260820_00006657,captured,apple_pay,22.12,5.71,3.2,1.37,2.21,30.19,2026-08-20T18:41:04Z,2026-08-20T19:37:42Z,USD
pay_022346e149a942788f15,o_20260820_00006658,captured,paypal,61.29,5.06,8.42,5.05,3.06,76.76,2026-08-20T18:19:32Z,2026-08-20T19:17:36Z,USD
pay_7fdbcb1529f7448a93cc,o_20260820_00006659,captured,wallet,78.65,4.8,8.66,4.67,3.93,92.85,2026-08-20T20:44:21Z,2026-08-20T21:17:30Z,USD
pay_f7c394ed89e740feb0e9,o_20260820_00006660,captured,wallet,145.08,3.66,13.63,11.54,0.0,173.91,2026-08-20T11:28:01Z,2026-08-20T12:34:19Z,USD
pay_1a82be30088a4746a5b1,o_20260820_00006661,captured,wallet,70.5,4.22,11.27,5.74,3.53,88.2,2026-08-20T13:26:47Z,2026-08-20T13:56:11Z,USD
pay_aaae7094eafe4d9eb967,o_20260820_00006662,captured,card,88.46,2.39,10.83,5.78,0.0,107.46,2026-08-20T20:50:36Z,2026-08-20T21:42:44Z,USD
pay_344273d165c247c9a4b1,o_20260820_00006663,captured,paypal,59.52,3.11,7.27,4.61,5.95,68.56,2026-08-20T19:38:59Z,2026-08-20T20:28:46Z,USD
pay_0b5d75edce2d4b6cb465,o_20260820_00006664,voided,card,76.04,3.46,10.54,4.79,7.6,87.23,2026-08-20T12:55:51Z,,USD
pay_0b5e3877b4ee449db9d0,o_20260820_00006665,captured,card,83.62,1.11,12.9,5.45,4.18,98.9,2026-08-20T18:37:26Z,2026-08-20T19:06:56Z,USD
pay_72b398d68a8946d790cb,o_20260820_00006666,captured,wallet,32.67,4.22,2.76,2.26,3.27,38.64,2026-08-20T11:19:19Z,2026-08-20T12:11:43Z,USD
pay_b58c4f9f51c840448c32,o_20260820_00006667,captured,wallet,39.9,1.5,3.82,2.91,3.99,44.14,2026-08-20T19:33:15Z,2026-08-20T20:30:08Z,USD
pay_03063e52f02242e081fa,o_20260820_00006668,captured,card,71.02,1.81,9.34,6.05,0.0,88.22,2026-08-20T20:10:07Z,2026-08-20T21:02:54Z,USD
pay_0d1357276de744ad8a12,o_20260820_00006669,captured,paypal,36.5,3.12,2.92,3.67,0.0,46.21,2026-08-20T12:38:30Z,2026-08-20T13:17:02Z,USD
pay_665059632f95416bafac,o_20260820_00006670,captured,wallet,9.57,4.85,1.1,0.72,1.44,14.8,2026-08-20T18:06:33Z,2026-08-20T18:47:14Z,USD
pay_d7d35b9ea3094725b812,o_20260820_00006671,captured,card,116.87,2.15,17.38,8.88,0.0,145.28,2026-08-20T13:48:52Z,2026-08-20T14:31:09Z,USD
pay_710f1713025e45a5a7d3,o_20260820_00006672,captured,card,52.5,6.29,7.45,3.32,7.88,61.68,2026-08-20T18:58:30Z,2026-08-20T19:41:21Z,USD
pay_54b23ba520244383bd91,o_20260820_00006673,captured,paypal,32.86,6.92,4.12,2.08,1.64,44.34,2026-08-20T20:41:24Z,2026-08-20T21:47:17Z,USD
pay_ce6ba134cecf42519e93,o_20260820_00006674,captured,card,61.12,1.46,7.06,3.9,9.17,64.37,2026-08-20T20:24:45Z,2026-08-20T21:13:58Z,USD
pay_36e1aa5571964383a251,o_20260820_00006675,captured,card,57.34,3.34,4.72,4.29,5.73,63.96,2026-08-20T20:04:09Z,2026-08-20T20:56:36Z,USD
pay_c73459e4371e4aba804f,o_20260820_00006676,captured,apple_pay,134.91,4.76,13.05,7.18,20.24,139.66,2026-08-20T12:15:57Z,2026-08-20T12:59:37Z,USD
pay_1dc16d3d73204a698597,o_20260820_00006677,captured,apple_pay,110.34,2.1,9.62,8.0,5.52,124.54,2026-08-20T11:04:13Z,2026-08-20T11:40:02Z,USD
pay_37ce4b3f2dbc4c6fa48d,o_20260820_00006678,captured,wallet,130.86,3.08,16.62,12.81,0.0,163.37,2026-08-20T11:49:21Z,2026-08-20T12:18:13Z,USD
pay_6407d754c0a4424b9ce2,o_20260820_00006679,captured,paypal,100.17,5.12,10.98,8.99,5.01,120.25,2026-08-20T11:45:07Z,2026-08-20T12:18:50Z,USD
pay_a1a895c4f94b4a149b55,o_20260820_00006680,captured,paypal,31.82,3.59,4.76,3.25,0.0,43.42,2026-08-20T19:25:38Z,2026-08-20T20:12:18Z,USD
pay_a1aea70ce5884818baaa,o_20260820_00006681,captured,wallet,29.86,1.67,3.31,1.73,1.49,35.08,2026-08-20T20:23:06Z,2026-08-20T21:09:21Z,USD
pay_05c8f0f97ea642b997db,o_20260820_00006682,captured,apple_pay,21.63,0.87,2.76,1.42,0.0,26.68,2026-08-20T19:30:42Z,2026-08-20T20:07:58Z,USD
pay_e10d0abb123146a5a2e0,o_20260820_00006683,captured,apple_pay,76.78,1.2,8.84,4.67,11.52,79.97,2026-08-20T18:21:24Z,2026-08-20T19:23:52Z,USD
pay_6a67a43f906844989d54,o_20260820_00006684,refunded,card,97.58,1.13,12.24,6.27,14.64,102.58,2026-08-20T11:48:46Z,,USD
pay_e6ea8ae13d0b47eba233,o_20260820_00006685,captured,paypal,62.94,5.16,5.24,5.38,0.0,78.72,2026-08-20T11:41:47Z,2026-08-20T12:28:25Z,USD
pay_678068e00cc5451da8df,o_20260820_00006686,captured,wallet,95.53,4.17,11.18,7.21,9.55,108.54,2026-08-20T18:28:38Z,2026-08-20T19:27:16Z,USD
pay_cada852dc10143b6817e,o_20260820_00006687,captured,apple_pay,73.48,6.56,9.69,6.7,0.0,96.43,2026-08-20T18:27:27Z,2026-08-20T19:31:04Z,USD
pay_deb26a5e026642f49815,o_20260820_00006688,captured,wallet,74.09,4.45,9.78,7.12,3.7,91.74,2026-08-20T18:10:02Z,2026-08-20T18:58:49Z,USD
pay_3bcf48c81f9c408bbb0d,o_20260820_00006689,captured,wallet,76.76,4.17,7.26,6.14,7.68,86.65,2026-08-20T13:54:21Z,2026-08-20T14:45:14Z,USD
pay_8d8ec441533f4ac581aa,o_20260820_00006690,captured,paypal,69.48,3.03,6.88,6.78,0.0,86.17,2026-08-20T11:15:10Z,2026-08-20T11:43:35Z,USD
pay_94259da5327842108227,o_20260820_00006691,voided,wallet,78.21,5.25,12.29,7.34,3.91,99.18,2026-08-20T18:14:50Z,,USD
pay_aa70f54ea51b4858b0de,o_20260820_00006692,captured,wallet,73.55,6.49,8.6,4.78,3.68,89.74,2026-08-20T08:01:58Z,2026-08-20T09:02:44Z,USD
pay_309a8751c87c499c8f60,o_20260820_00006693,voided,apple_pay,9.29,2.83,1.03,0.54,0.46,13.23,2026-08-20T11:11:36Z,,USD
pay_ed1814d4044f4d6fb3a0,o_20260820_00006694,captured,paypal,67.06,3.95,5.73,5.1,3.35,78.49,2026-08-20T12:14:33Z,2026-08-20T13:16:33Z,USD
pay_8ff7dbbe13eb49b08e72,o_20260820_00006695,captured,wallet,14.42,2.32,2.01,1.22,0.72,19.25,2026-08-20T19:57:46Z,2026-08-20T20:27:58Z,USD
pay_1739d1d2b14d4aa39ac2,o_20260820_00006696,captured,card,138.04,5.83,16.87,9.46,6.9,163.3,2026-08-20T18:08:02Z,2026-08-20T19:07:47Z,USD
pay_f83308b3d40e45e396ac,o_20260820_00006697,captured,paypal,18.08,5.21,2.58,1.38,1.81,25.44,2026-08-20T11:02:00Z,2026-08-20T12:03:52Z,USD
pay_0dce2c8c8b1749209e0a,o_20260820_00006698,voided,paypal,20.95,4.38,1.79,1.78,0.0,28.9,2026-08-20T18:33:47Z,,USD
pay_f543314c1e2f4c6e925a,o_20260820_00006699,captured,apple_pay,121.96,1.17,18.48,10.98,0.0,152.59,2026-08-20T08:12:57Z,2026-08-20T08:57:26Z,USD
pay_9c0bfee5af984800be23,o_20260820_00006700,captured,card,77.54,4.07,9.38,5.96,0.0,96.95,2026-08-20T12:37:23Z,2026-08-20T13:23:10Z,USD
pay_e7acd090b4e34792a87c,o_20260820_00006701,captured,card,91.47,5.76,7.41,8.58,4.57,108.65,2026-08-20T19:05:59Z,2026-08-20T20:04:36Z,USD
pay_9e6007501e754389822a,o_20260820_00006702,captured,paypal,61.11,2.91,7.94,5.32,0.0,77.28,2026-08-20T19:49:11Z,2026-08-20T20:35:50Z,USD
pay_84a214cb2b1747febedc,o_20260820_00006703,captured,paypal,63.28,0.66,8.94,4.29,0.0,77.17,2026-08-20T19:41:57Z,2026-08-20T20:18:01Z,USD
pay_0d93417f400247ee9b8a,o_20260820_00006704,refunded,apple_pay,42.42,3.97,6.47,3.19,0.0,56.05,2026-08-20T19:42:47Z,,USD
pay_bd99082147d6487d8ae0,o_20260820_00006705,captured,wallet,15.86,6.69,2.49,0.95,2.38,23.61,2026-08-20T19:33:37Z,2026-08-20T20:26:55Z,USD
pay_d41af46ffbd14e31827b,o_20260820_00006706,captured,wallet,62.94,4.68,5.62,4.52,3.15,74.61,2026-08-20T11:05:21Z,2026-08-20T11:33:32Z,USD
pay_22bddb36c2a24711a5c1,o_20260820_00006707,captured,wallet,69.42,3.92,9.46,5.42,10.41,77.81,2026-08-20T13:23:19Z,2026-08-20T14:25:18Z,USD
pay_e2f32064fa064c929619,o_20260820_00006708,captured,card,20.95,6.8,2.96,1.32,0.0,32.03,2026-08-20T08:02:20Z,2026-08-20T08:40:13Z,USD
pay_aa04351c72e349c2ae20,o_20260820_00006709,captured,apple_pay,174.48,2.11,14.98,14.41,26.17,179.81,2026-08-20T08:55:51Z,2026-08-20T09:50:42Z,USD
pay_95c41aca910f4c36ac47,o_20260820_00006710,captured,card,36.15,2.31,3.57,2.62,0.0,44.65,2026-08-20T19:34:49Z,2026-08-20T20:28:45Z,USD
pay_2ad990c43f914e469c88,o_20260820_00006711,captured,card,47.8,3.66,3.83,2.5,7.17,50.62,2026-08-20T12:18:06Z,2026-08-20T13:09:31Z,USD
pay_c0be7dcf6cab4adc9022,o_20260820_00006712,captured,card,129.69,0.8,10.9,12.58,6.48,147.49,2026-08-20T11:21:39Z,2026-08-20T12:23:12Z,USD
pay_aac5adb5e4ca472b8b46,o_20260820_00006713,captured,card,43.8,3.08,5.55,4.02,0.0,56.45,2026-08-20T19:59:53Z,2026-08-20T20:56:25Z,USD
pay_317713f18d844f9ea276,o_20260820_00006714,refunded,wallet,14.06,5.22,1.78,0.96,1.41,20.61,2026-08-20T18:41:21Z,,USD
pay_7d910551c53e498dab93,o_20260820_00006715,captured,paypal,60.99,5.61,7.98,3.84,6.1,72.32,2026-08-20T20:42:58Z,2026-08-20T21:07:32Z,USD
pay_fd8cef5e6b75485eacc8,o_20260820_00006716,captured,paypal,19.44,2.7,2.86,1.39,2.92,23.47,2026-08-20T13:00:38Z,2026-08-20T14:02:18Z,USD
pay_67bd3bbacc934ee2aae4,o_20260820_00006717,voided,card,48.99,5.3,4.64,4.45,0.0,63.38,2026-08-20T20:47:40Z,,USD
pay_adc2fabd629840c8bf8a,o_20260820_00006718,refunded,paypal,23.8,1.54,2.24,1.69,0.0,29.27,2026-08-20T19:45:34Z,,USD
pay_4e6b9551c11645dea20f,o_20260820_00006719,captured,wallet,15.86,1.88,1.57,1.57,0.0,20.88,2026-08-20T13:22:51Z,2026-08-20T14:02:34Z,USD
pay_91a60495b5934fd38f30,o_20260820_00006720,captured,paypal,86.45,5.72,7.72,8.63,0.0,108.52,2026-08-20T18:28:08Z,2026-08-20T18:47:17Z,USD
pay_54c5b7ffe5264d0885d3,o_20260820_00006721,captured,wallet,79.81,2.87,12.63,4.17,11.97,87.51,2026-08-20T12:19:35Z,2026-08-20T13:05:53Z,USD
pay_ac497c38da784faabeb6,o_20260820_00006722,captured,paypal,52.76,0.57,7.26,4.69,0.0,65.28,2026-08-20T13:43:33Z,2026-08-20T14:28:39Z,USD
pay_18452f03089249aa93b2,o_20260820_00006723,refunded,paypal,100.86,3.51,10.57,6.89,0.0,121.83,2026-08-20T11:26:24Z,,USD
pay_3ae64f0023ed4337b6d0,o_20260820_00006724,captured,paypal,33.27,6.54,4.29,3.07,1.66,45.51,2026-08-20T12:51:24Z,2026-08-20T13:36:54Z,USD
pay_0b1fcb4cb6514bbfa50c,o_20260820_00006725,captured,paypal,85.53,6.95,13.11,7.53,4.28,108.84,2026-08-20T18:40:49Z,2026-08-20T19:39:33Z,USD
pay_b853f595d24343ecaeb1,o_20260820_00006726,captured,paypal,66.86,4.02,5.79,4.41,0.0,81.08,2026-08-20T18:12:16Z,2026-08-20T19:01:02Z,USD
pay_e4c4a6fae3e34bfaaba0,o_20260820_00006727,voided,card,44.46,6.91,5.81,2.41,6.67,52.92,2026-08-20T19:32:20Z,,USD
pay_cedf41673713487ebee1,o_20260820_00006728,captured,apple_pay,65.69,0.6,10.36,5.78,6.57,75.86,2026-08-20T11:41:37Z,2026-08-20T12:37:29Z,USD
pay_d00150a6235b4a4cbde8,o_20260820_00006729,captured,card,48.63,2.9,6.17,3.47,7.29,53.88,2026-08-20T18:45:17Z,2026-08-20T19:29:16Z,USD
pay_4e74258c83f4461ca2f9,o_20260820_00006730,captured,card,55.84,5.3,7.84,3.87,5.58,67.27,2026-08-20T18:40:10Z,2026-08-20T19:37:54Z,USD
pay_db28008ed1f94da7b433,o_20260820_00006731,captured,card,21.21,5.92,3.11,1.85,0.0,32.09,2026-08-20T18:04:37Z,2026-08-20T19:13:19Z,USD
pay_8136acee2e164243aa57,o_20260820_00006732,captured,wallet,117.41,5.44,12.52,10.06,0.0,145.43,2026-08-20T13:28:00Z,2026-08-20T14:33:42Z,USD
pay_35a17eb752e242fe803f,o_20260820_00006733,captured,wallet,110.81,5.67,10.44,7.94,0.0,134.86,2026-08-20T19:58:50Z,2026-08-20T20:50:32Z,USD
pay_aedc61f5b6284aba9fbc,o_20260820_00006734,captured,card,109.55,6.03,16.76,7.24,0.0,139.58,2026-08-20T18:32:42Z,2026-08-20T19:46:27Z,USD
pay_3dab3b8a1c3d46c0a37d,o_20260820_00006735,captured,wallet,18.79,6.23,2.14,1.67,0.0,28.83,2026-08-20T19:20:09Z,2026-08-20T20:20:52Z,USD
pay_b6c32d909f1e4b09a817,o_20260820_00006736,refunded,apple_pay,71.82,1.16,7.51,6.77,3.59,83.67,2026-08-20T19:37:54Z,,USD
pay_357c6013414647dabc0c,o_20260820_00006737,captured,apple_pay,33.06,3.76,3.6,2.64,4.96,38.1,2026-08-20T12:22:18Z,2026-08-20T12:56:22Z,USD
pay_ca39a7d103ca465cade9,o_20260820_00006738,captured,paypal,80.98,6.44,9.55,7.29,8.1,96.16,2026-08-20T18:55:13Z,2026-08-20T19:28:54Z,USD
pay_4b047e72ebdb4e9ca6b6,o_20260820_00006739,captured,apple_pay,29.16,1.5,2.85,1.7,2.92,32.29,2026-08-20T19:48:29Z,2026-08-20T20:38:59Z,USD
pay_53d5e013e6f5469caf96,o_20260820_00006740,captured,card,38.86,5.72,5.45,3.56,0.0,53.59,2026-08-20T12:45:05Z,2026-08-20T13:39:19Z,USD
pay_97f32545bf1a41d8a32d,o_20260820_00006741,captured,card,31.05,6.39,4.16,2.49,4.66,39.43,2026-08-20T20:55:13Z,2026-08-20T21:39:51Z,USD
pay_211ad51b6ccb40568ec9,o_20260820_00006742,captured,wallet,83.61,1.18,7.85,6.96,12.54,87.06,2026-08-20T19:01:21Z,2026-08-20T19:25:13Z,USD
pay_524672979c1c446e8fea,o_20260820_00006743,captured,paypal,43.01,4.77,3.89,2.74,6.45,47.96,2026-08-20T11:45:19Z,2026-08-20T12:22:13Z,USD
pay_c2fa70278d6c40c8aa08,o_20260820_00006744,captured,card,90.77,2.12,8.52,6.6,13.62,94.39,2026-08-20T19:43:12Z,2026-08-20T20:35:48Z,USD
pay_82ec1380e52a4d9bb5f9,o_20260820_00006745,captured,paypal,14.62,6.81,1.25,1.1,2.19,21.59,2026-08-20T12:34:57Z,2026-08-20T13:32:56Z,USD
pay_ee57640eda224aca9378,o_20260820_00006746,captured,card,52.04,2.73,6.4,4.71,0.0,65.88,2026-08-20T11:47:35Z,2026-08-20T12:56:09Z,USD
pay_1a93377299794509a991,o_20260820_00006747,captured,wallet,49.08,2.06,5.37,3.89,0.0,60.4,2026-08-20T11:12:53Z,2026-08-20T11:54:49Z,USD
pay_4300fa33764e4725bdba,o_20260820_00006748,refunded,paypal,71.34,4.57,6.5,5.42,0.0,87.83,2026-08-20T19:44:21Z,,USD
pay_9f0acff52ad54f7b8603,o_20260820_00006749,captured,apple_pay,46.28,0.77,5.83,2.84,6.94,48.78,2026-08-20T11:41:17Z,2026-08-20T12:46:09Z,USD
pay_1942c92a59ca44a9ba79,o_20260820_00006750,captured,apple_pay,93.24,5.24,7.58,6.01,0.0,112.07,2026-08-20T18:12:52Z,2026-08-20T18:53:23Z,USD
pay_ca45b78ba3654a559a14,o_20260820_00006751,captured,card,138.73,1.04,21.12,11.33,0.0,172.22,2026-08-20T11:42:34Z,2026-08-20T12:06:24Z,USD
pay_f7bc4bbbc5464b9597e0,o_20260820_00006752,captured,card,55.4,6.64,6.08,4.02,8.31,63.83,2026-08-20T18:52:49Z,2026-08-20T19:38:09Z,USD
pay_15375cd9f97e45a49768,o_20260820_00006753,captured,wallet,110.91,0.74,11.86,6.92,0.0,130.43,2026-08-20T11:50:44Z,2026-08-20T12:38:18Z,USD
pay_9ecaded0d72044df958a,o_20260820_00006754,captured,wallet,116.08,4.26,11.25,9.09,11.61,129.07,2026-08-20T11:19:33Z,2026-08-20T12:23:02Z,USD
pay_ce3f9f930acb4fce9565,o_20260820_00006755,captured,wallet,31.5,3.97,3.44,2.52,0.0,41.43,2026-08-20T13:40:56Z,2026-08-20T14:25:19Z,USD
pay_7a8e26367f104e60830c,o_20260820_00006756,captured,card,79.27,2.06,6.84,5.5,0.0,93.67,2026-08-20T20:16:11Z,2026-08-20T21:16:43Z,USD
pay_207007bff74140948412,o_20260820_00006757,captured,wallet,60.28,4.54,5.42,5.74,0.0,75.98,2026-08-20T12:47:28Z,2026-08-20T13:52:04Z,USD
pay_3c7969bc9de94f9e87de,o_20260820_00006758,captured,card,51.75,4.89,5.9,4.25,5.18,61.61,2026-08-20T20:32:54Z,2026-08-20T21:07:13Z,USD
pay_631b2de4bfb145eaad00,o_20260820_00006759,captured,wallet,152.2,2.11,16.69,10.57,15.22,166.35,2026-08-20T12:40:13Z,2026-08-20T13:03:56Z,USD
pay_00af807a48be4962919e,o_20260820_00006760,captured,wallet,69.67,0.59,9.24,4.71,0.0,84.21,2026-08-20T18:49:58Z,2026-08-20T19:27:41Z,USD
pay_08b31701ec394ee78430,o_20260820_00006761,captured,wallet,76.14,6.1,8.33,6.79,0.0,97.36,2026-08-20T12:36:27Z,2026-08-20T13:26:17Z,USD
pay_724c927f367e4631b00f,o_20260820_00006762,captured,card,136.84,6.38,11.65,8.81,13.68,150.0,2026-08-20T12:52:42Z,2026-08-20T13:25:13Z,USD
pay_fa483600dc574f0ba570,o_20260820_00006763,captured,card,52.11,4.1,7.31,4.93,0.0,68.45,2026-08-20T08:10:36Z,2026-08-20T08:49:30Z,USD
pay_bfdbb4633a4e40ddbf33,o_20260820_00006764,captured,card,116.55,2.2,17.68,10.06,0.0,146.49,2026-08-20T18:57:15Z,2026-08-20T19:50:02Z,USD
pay_65e2e7a6fc694472bb49,o_20260820_00006765,captured,apple_pay,68.18,2.69,9.47,4.74,0.0,85.08,2026-08-20T20:51:01Z,2026-08-20T21:30:50Z,USD
pay_88eee6a9e1fe49c29738,o_20260820_00006766,captured,apple_pay,31.5,5.99,3.81,2.79,1.58,42.51,2026-08-20T18:55:35Z,2026-08-20T19:41:25Z,USD
pay_9d67eb836d40431eba50,o_20260820_00006767,captured,wallet,46.69,0.62,5.54,3.77,0.0,56.62,2026-08-20T19:43:28Z,2026-08-20T20:35:05Z,USD
pay_aae2c6b624284315a773,o_20260820_00006768,captured,card,69.42,4.63,6.3,6.61,0.0,86.96,2026-08-20T08:33:58Z,2026-08-20T09:12:42Z,USD
pay_40676b8f499f42e0b5cc,o_20260820_00006769,voided,wallet,12.94,5.47,1.51,1.01,1.94,18.99,2026-08-20T11:58:09Z,,USD
pay_f079936dfcb34b52bc57,o_20260820_00006770,captured,card,91.68,5.61,10.12,9.35,0.0,116.76,2026-08-20T19:45:43Z,2026-08-20T20:35:14Z,USD
pay_e6ca4d0e44cd47b6a421,o_20260820_00006771,captured,paypal,40.32,1.67,6.24,3.37,0.0,51.6,2026-08-20T11:10:24Z,2026-08-20T11:51:00Z,USD
pay_41b2b5266f014b768bf6,o_20260820_00006772,captured,card,11.94,5.95,1.47,0.88,1.79,18.45,2026-08-20T18:06:47Z,2026-08-20T18:53:51Z,USD
pay_2e0b5c32c6954a829505,o_20260820_00006773,captured,apple_pay,35.5,0.56,3.6,3.24,1.78,41.12,2026-08-20T13:58:17Z,2026-08-20T14:59:47Z,USD
pay_87ff07a2230c46788782,o_20260820_00006774,captured,wallet,32.72,6.28,3.18,2.59,4.91,39.86,2026-08-20T11:07:09Z,2026-08-20T11:44:38Z,USD
pay_485992cf05214d5fbbb5,o_20260820_00006775,captured,card,73.3,4.07,7.32,6.48,0.0,91.17,2026-08-20T20:27:11Z,2026-08-20T21:22:23Z,USD
pay_c0ace2552b574ab1ad9a,o_20260820_00006776,captured,card,54.78,4.55,7.31,3.14,5.48,64.3,2026-08-20T13:55:15Z,2026-08-20T14:50:28Z,USD
pay_a41605bc419241809f17,o_20260820_00006777,captured,wallet,160.36,4.87,23.49,13.84,24.05,178.51,2026-08-20T18:51:08Z,2026-08-20T19:11:23Z,USD
pay_7ea29a00287f4c1cafd0,o_20260820_00006778,captured,wallet,70.19,0.71,10.73,4.57,3.51,82.69,2026-08-20T13:27:01Z,2026-08-20T14:47:27Z,USD
pay_d5c763c1771940a7a34d,o_20260820_00006779,captured,card,69.49,6.98,6.07,4.59,0.0,87.13,2026-08-20T19:05:52Z,2026-08-20T19:48:18Z,USD
pay_e4f1f1ce44414185a7b2,o_20260820_00006780,captured,wallet,15.08,2.58,2.08,0.94,0.0,20.68,2026-08-20T19:17:02Z,2026-08-20T20:22:19Z,USD
pay_aa3774051e6542ff90f5,o_20260820_00006781,captured,wallet,104.55,3.2,10.59,7.9,15.68,110.56,2026-08-20T18:56:50Z,2026-08-20T19:23:27Z,USD
pay_9d9c54d0f2f64c6fb2da,o_20260820_00006782,captured,apple_pay,116.0,5.54,12.05,9.83,0.0,143.42,2026-08-20T19:25:28Z,2026-08-20T20:02:26Z,USD
pay_ccb3f4f9bfc64f04a3b7,o_20260820_00006783,captured,apple_pay,82.62,6.22,8.79,7.76,4.13,101.26,2026-08-20T12:18:33Z,2026-08-20T13:01:59Z,USD
pay_3c0b14cea9114e3b91dc,o_20260820_00006784,captured,apple_pay,19.05,2.73,2.5,1.35,0.0,25.63,2026-08-20T19:48:59Z,2026-08-20T20:20:40Z,USD
pay_2a73ee74c6ce4e778f6b,o_20260820_00006785,voided,wallet,110.2,4.63,12.71,8.95,11.02,125.47,2026-08-20T19:58:59Z,,USD
pay_80e74961dc444a168f7b,o_20260820_00006786,captured,card,78.26,4.38,8.1,4.16,11.74,83.16,2026-08-20T11:37:34Z,2026-08-20T12:31:51Z,USD
pay_f14ca03fd67649a4b5f0,o_20260820_00006787,captured,paypal,36.96,0.62,3.62,3.25,0.0,44.45,2026-08-20T12:55:00Z,2026-08-20T13:41:52Z,USD
pay_f2c8f4e9fed3496684fc,o_20260820_00006788,captured,apple_pay,23.28,4.02,2.11,1.75,0.0,31.16,2026-08-20T12:31:07Z,2026-08-20T12:59:44Z,USD
pay_3dbf75a485ef450a92ee,o_20260820_00006789,captured,paypal,54.55,0.73,6.43,3.37,0.0,65.08,2026-08-20T12:41:37Z,2026-08-20T13:29:29Z,USD
pay_37524e251ed649779953,o_20260820_00006790,captured,apple_pay,55.59,4.66,7.04,3.96,2.78,68.47,2026-08-20T11:57:21Z,2026-08-20T12:36:23Z,USD
pay_99eba33561e345d49a21,o_20260820_00006791,refunded,apple_pay,58.13,4.67,8.1,4.58,5.81,69.67,2026-08-20T18:15:32Z,,USD
pay_8aebb1826cb14b1cb2bb,o_20260820_00006792,captured,paypal,167.13,6.04,23.58,16.2,0.0,212.95,2026-08-20T20:53:23Z,2026-08-20T21:48:19Z,USD
pay_796f2ed87ce14804a0c5,o_20260820_00006793,captured,apple_pay,72.32,2.41,10.46,5.43,0.0,90.62,2026-08-20T19:12:02Z,2026-08-20T19:49:33Z,USD
pay_347536a38a384a168a4d,o_20260820_00006794,captured,card,30.05,3.44,2.82,2.3,4.51,34.1,2026-08-20T20:01:24Z,2026-08-20T20:53:01Z,USD
pay_51fc0ed41f3d45739859,o_20260820_00006795,captured,wallet,23.88,4.32,2.17,1.49,0.0,31.86,2026-08-20T12:26:49Z,2026-08-20T13:11:17Z,USD
pay_907b4b4004374cb192aa,o_20260820_00006796,refunded,wallet,83.64,3.19,12.23,5.38,4.18,100.26,2026-08-20T12:24:25Z,,USD
pay_d111986c96204e60afba,o_20260820_00006797,captured,apple_pay,32.67,3.21,3.73,2.69,0.0,42.3,2026-08-20T08:05:14Z,2026-08-20T08:57:56Z,USD
pay_3c3c653c5d0a42c58dc5,o_20260820_00006798,captured,card,41.15,6.83,4.59,3.76,0.0,56.33,2026-08-20T11:18:40Z,2026-08-20T12:33:32Z,USD
pay_e12d8bbc5e7e4e34be3c,o_20260820_00006799,captured,card,108.91,2.65,8.75,9.75,10.89,119.17,2026-08-20T11:56:10Z,2026-08-20T12:48:28Z,USD
pay_f0cbc7b5d27d45a3b9fc,o_20260820_00006800,captured,card,57.45,1.77,9.18,3.69,0.0,72.09,2026-08-20T19:23:42Z,2026-08-20T20:22:19Z,USD
pay_66ea3cfcef044a52886a,o_20260820_00006801,captured,paypal,126.47,6.66,17.36,10.58,6.32,154.75,2026-08-20T12:50:36Z,2026-08-20T13:32:57Z,USD
pay_04d065b7fd29448b889a,o_20260820_00006802,captured,wallet,52.97,1.9,7.23,3.03,5.3,59.83,2026-08-20T20:45:47Z,2026-08-20T21:37:44Z,USD
pay_bfe03e962ffb4e62b8ef,o_20260820_00006803,captured,wallet,39.63,6.86,4.61,2.22,3.96,49.36,2026-08-20T19:36:20Z,2026-08-20T20:13:54Z,USD
pay_86279c3e86dd431e8295,o_20260820_00006804,captured,card,131.94,2.6,18.12,11.34,6.6,157.4,2026-08-20T12:55:29Z,2026-08-20T13:26:07Z,USD
pay_7da858b5e9de4ae09a38,o_20260820_00006805,captured,wallet,79.33,5.3,7.59,5.88,11.9,86.2,2026-08-20T08:31:11Z,2026-08-20T09:11:35Z,USD
pay_58478f2166374e9f9382,o_20260820_00006806,captured,apple_pay,122.5,1.34,16.81,9.69,6.12,144.22,2026-08-20T12:16:54Z,2026-08-20T13:04:25Z,USD
pay_d822ea56d5e14890b726,o_20260820_00006807,captured,card,63.15,6.52,7.2,4.51,3.16,78.22,2026-08-20T12:59:08Z,2026-08-20T13:45:20Z,USD
pay_f0a241aa15a0447da85d,o_20260820_00006808,captured,card,68.5,6.63,8.65,5.02,10.28,78.52,2026-08-20T12:08:20Z,2026-08-20T12:50:08Z,USD
pay_30a86708f3ab412bb792,o_20260820_00006809,captured,apple_pay,61.26,0.76,6.31,5.08,0.0,73.41,2026-08-20T19:54:28Z,2026-08-20T20:38:50Z,USD
pay_d923fbb7b4b846c69f47,o_20260820_00006810,refunded,apple_pay,45.42,3.94,3.83,4.63,0.0,57.82,2026-08-20T18:11:27Z,,USD
pay_ba5c38dae73947cd98b8,o_20260820_00006811,captured,card,138.68,4.26,17.93,10.63,20.8,150.7,2026-08-20T11:55:39Z,2026-08-20T12:51:01Z,USD
pay_224fd0be2e364871bb44,o_20260820_00006812,captured,card,19.94,2.91,2.55,1.77,1.0,26.17,2026-08-20T11:40:02Z,2026-08-20T12:17:42Z,USD
pay_ff50f287fb114509bde7,o_20260820_00006813,captured,wallet,95.92,6.78,8.33,8.45,9.59,109.89,2026-08-20T09:00:05Z,2026-08-20T09:55:09Z,USD
pay_09904a5812c840978526,o_20260820_00006814,captured,paypal,95.56,6.88,10.85,6.49,0.0,119.78,2026-08-20T11:41:59Z,2026-08-20T12:31:35Z,USD
pay_38079c06ff1f4eac92ad,o_20260820_00006815,captured,paypal,110.91,4.13,11.17,7.94,11.09,123.06,2026-08-20T12:45:56Z,2026-08-20T13:24:43Z,USD
pay_d6b1c7f1810345cd92a8,o_20260820_00006816,captured,paypal,15.86,3.6,2.26,1.0,0.0,22.72,2026-08-20T12:45:34Z,2026-08-20T13:12:15Z,USD
pay_0d6ff37593c74316ab70,o_20260820_00006817,captured,wallet,65.12,1.35,10.12,5.62,9.77,72.44,2026-08-20T12:45:07Z,2026-08-20T13:18:20Z,USD
pay_3e48ee86002a41e6bea6,o_20260820_00006818,captured,apple_pay,54.72,4.84,8.1,4.86,0.0,72.52,2026-08-20T20:10:22Z,2026-08-20T21:08:06Z,USD
pay_7c4fb292d5fd4993a2eb,o_20260820_00006819,captured,wallet,7.29,4.01,0.69,0.64,0.0,12.63,2026-08-20T18:12:42Z,2026-08-20T19:06:12Z,USD
pay_9f5ba0f257ed43a89d51,o_20260820_00006820,voided,wallet,60.87,5.83,5.4,4.19,6.09,70.2,2026-08-20T11:50:26Z,,USD
pay_70e0fd0546564da18062,o_20260820_00006821,captured,apple_pay,60.84,1.37,7.47,4.25,0.0,73.93,2026-08-20T08:20:23Z,2026-08-20T09:13:03Z,USD
pay_3f8b2a2605a745438f51,o_20260820_00006822,captured,wallet,64.12,1.52,6.7,6.51,0.0,78.85,2026-08-20T18:07:52Z,2026-08-20T18:53:45Z,USD
pay_3339bba6169042fea760,o_20260820_00006823,captured,apple_pay,9.97,2.03,1.38,0.64,0.0,14.02,2026-08-20T18:07:40Z,2026-08-20T18:52:46Z,USD
pay_a2e83106d53d497b8e6b,o_20260820_00006824,captured,card,10.57,2.22,1.5,1.05,0.0,15.34,2026-08-20T08:23:39Z,2026-08-20T09:15:29Z,USD
pay_ba9ec2be952f42ae90e6,o_20260820_00006825,captured,paypal,92.55,4.99,9.75,8.56,4.63,111.22,2026-08-20T20:55:29Z,2026-08-20T21:30:04Z,USD
pay_2d3ae9a324e04cf996b1,o_20260820_00006826,captured,card,32.34,3.94,4.16,2.06,0.0,42.5,2026-08-20T18:52:52Z,2026-08-20T20:10:37Z,USD
pay_57d8b67b083c4fa6b833,o_20260820_00006827,captured,card,37.62,1.18,4.49,3.05,0.0,46.34,2026-08-20T13:55:39Z,2026-08-20T14:42:23Z,USD
pay_15020e728373445eab05,o_20260820_00006828,captured,card,59.73,0.99,9.43,5.65,0.0,75.8,2026-08-20T19:07:32Z,2026-08-20T19:56:55Z,USD
pay_e802be32abbc4b78ade2,o_20260820_00006829,captured,card,46.8,4.62,6.49,3.08,4.68,56.31,2026-08-20T20:07:26Z,2026-08-20T20:42:52Z,USD
pay_ca853095670e4344830b,o_20260820_00006830,captured,card,20.45,5.04,3.15,1.87,2.04,28.47,2026-08-20T12:35:57Z,2026-08-20T13:07:25Z,USD
pay_48c686b9ce2a4541a902,o_20260820_00006831,captured,paypal,70.13,4.72,8.92,5.15,3.51,85.41,2026-08-20T11:56:17Z,2026-08-20T12:58:21Z,USD
pay_8a6fa815464442c297a1,o_20260820_00006832,captured,card,132.78,4.18,12.74,8.07,6.64,151.13,2026-08-20T18:41:51Z,2026-08-20T19:46:30Z,USD
pay_0af7e616ae254f51b301,o_20260820_00006833,captured,wallet,15.86,2.83,1.66,1.25,0.0,21.6,2026-08-20T19:01:37Z,2026-08-20T19:59:03Z,USD
pay_a321743531ae46649c6b,o_20260820_00006834,captured,wallet,18.6,1.41,1.74,1.8,0.0,23.55,2026-08-20T13:54:16Z,2026-08-20T14:45:59Z,USD
pay_66cd0f7e61cb4785a1b8,o_20260820_00006835,captured,apple_pay,47.58,2.34,5.12,4.39,0.0,59.43,2026-08-20T13:33:09Z,2026-08-20T13:53:47Z,USD
pay_6109f69c434c4812816e,o_20260820_00006836,captured,apple_pay,97.53,6.7,15.45,8.78,9.75,118.71,2026-08-20T13:19:00Z,2026-08-20T13:58:28Z,USD
pay_abc5107b59f0454ebdb1,o_20260820_00006837,captured,card,30.03,3.21,4.32,1.55,4.5,34.61,2026-08-20T11:33:58Z,2026-08-20T11:49:00Z,USD
pay_4fe7d79386b947c4a9ed,o_20260820_00006838,captured,paypal,54.72,4.37,6.52,3.34,0.0,68.95,2026-08-20T12:08:55Z,2026-08-20T12:58:49Z,USD
pay_d34a1045fffc4507b683,o_20260820_00006839,captured,wallet,40.56,1.2,4.9,3.0,0.0,49.66,2026-08-20T11:16:09Z,2026-08-20T12:07:12Z,USD
pay_b6767808cc70478298a5,o_20260820_00006840,refunded,apple_pay,55.5,1.28,7.17,5.31,0.0,69.26,2026-08-20T20:11:53Z,,USD
pay_acfa19424ffe4003b57a,o_20260820_00006841,captured,wallet,83.34,3.67,9.75,5.94,0.0,102.7,2026-08-20T12:03:28Z,2026-08-20T13:04:24Z,USD
pay_18dd390c191b44d7ad69,o_20260820_00006842,captured,card,50.73,6.18,6.15,4.43,2.54,64.95,2026-08-20T09:00:02Z,2026-08-20T09:35:17Z,USD
pay_4d6f1cd83484457ea47b,o_20260820_00006843,captured,card,79.98,6.97,12.22,7.56,4.0,102.73,2026-08-20T12:50:04Z,2026-08-20T13:54:10Z,USD
pay_5cc4848b523a49808f66,o_20260820_00006844,captured,paypal,102.02,6.86,10.91,7.21,0.0,127.0,2026-08-20T18:39:22Z,2026-08-20T19:16:05Z,USD
pay_d54dd96590e847dfa42d,o_20260820_00006845,refunded,paypal,100.17,5.06,15.21,9.89,0.0,130.33,2026-08-20T18:32:55Z,,USD
pay_af5d13626ef64650a983,o_20260820_00006846,refunded,paypal,38.1,6.97,3.31,3.38,0.0,51.76,2026-08-20T13:05:55Z,,USD
pay_70c07c20d7464e69a1e2,o_20260820_00006847,refunded,wallet,10.46,3.76,0.98,0.64,1.05,14.79,2026-08-20T18:11:45Z,,USD
pay_88930de0e4bf476b8476,o_20260820_00006848,captured,apple_pay,88.72,6.39,14.16,5.12,8.87,105.52,2026-08-20T19:11:13Z,2026-08-20T20:06:59Z,USD
pay_6ff04e95a9264155a34c,o_20260820_00006849,captured,apple_pay,71.24,4.76,10.41,6.42,0.0,92.83,2026-08-20T19:32:07Z,2026-08-20T20:12:00Z,USD
pay_25165487a6d443cba7e4,o_20260820_00006850,captured,paypal,66.15,2.28,7.56,6.17,0.0,82.16,2026-08-20T20:00:41Z,2026-08-20T20:51:25Z,USD
pay_0270c6b6fca34e8cb5f8,o_20260820_00006851,captured,apple_pay,70.6,4.35,9.12,5.14,3.53,85.68,2026-08-20T13:32:45Z,2026-08-20T14:36:27Z,USD
pay_7fd5e94eef3c48138b94,o_20260820_00006852,voided,wallet,36.27,2.32,3.75,2.93,1.81,43.46,2026-08-20T11:06:40Z,,USD
pay_b8c474ab92194d6580ab,o_20260820_00006853,captured,card,20.8,3.5,1.73,1.63,1.04,26.62,2026-08-20T18:53:46Z,2026-08-20T19:37:24Z,USD
pay_6060fd9915814fbc9a32,o_20260820_00006854,captured,card,13.9,6.49,2.15,1.4,0.0,23.94,2026-08-20T11:28:54Z,2026-08-20T12:25:32Z,USD
pay_a6732cedae8842d9ab5a,o_20260820_00006855,voided,wallet,13.69,0.53,1.58,0.94,0.0,16.74,2026-08-20T12:49:57Z,,USD
pay_1b9753d3ff8549a0ae1b,o_20260820_00006856,captured,card,61.36,3.03,6.2,5.28,9.2,66.67,2026-08-20T08:22:11Z,2026-08-20T09:12:35Z,USD
pay_05e01785d9194f66b05f,o_20260820_00006857,captured,paypal,24.7,2.28,3.89,2.16,0.0,33.03,2026-08-20T20:49:00Z,2026-08-20T21:34:40Z,USD
pay_2135c2aefe904892b0f1,o_20260820_00006858,captured,paypal,59.61,6.9,4.84,3.72,8.94,66.13,2026-08-20T18:23:00Z,2026-08-20T19:11:32Z,USD
pay_fe75369069634a49b476,o_20260820_00006859,captured,card,43.08,6.31,3.82,2.31,6.46,49.06,2026-08-20T18:30:42Z,2026-08-20T19:16:02Z,USD
pay_d621c27557c04affb090,o_20260820_00006860,voided,paypal,64.51,3.49,8.43,5.56,3.23,78.76,2026-08-20T20:04:35Z,,USD
pay_673e11b6e92048388ae0,o_20260820_00006861,captured,wallet,106.38,1.95,12.29,5.82,15.96,110.48,2026-08-20T19:52:11Z,2026-08-20T20:41:36Z,USD
pay_fd7e641665f04925afb3,o_20260820_00006862,voided,paypal,95.25,2.53,9.24,7.39,0.0,114.41,2026-08-20T18:14:13Z,,USD
pay_1bf16563021048afadbc,o_20260820_00006863,captured,paypal,45.16,6.62,4.18,3.5,0.0,59.46,2026-08-20T19:16:45Z,2026-08-20T20:07:55Z,USD
pay_3292800e649b42a492eb,o_20260820_00006864,captured,apple_pay,54.77,3.62,4.82,3.85,2.74,64.32,2026-08-20T11:25:40Z,2026-08-20T12:10:48Z,USD
pay_384292a17e3b458c9be3,o_20260820_00006865,captured,card,58.2,5.93,4.86,4.35,2.91,70.43,2026-08-20T18:50:13Z,2026-08-20T19:40:26Z,USD
pay_61d905271fe34c7a986b,o_20260820_00006866,captured,wallet,75.9,2.0,7.21,7.4,0.0,92.51,2026-08-20T11:31:32Z,2026-08-20T12:06:38Z,USD
pay_2f607d174cd947b3a523,o_20260820_00006867,captured,apple_pay,66.15,3.14,6.02,4.78,0.0,80.09,2026-08-20T08:23:31Z,2026-08-20T09:05:54Z,USD
pay_17ae0ef00b6e4aeb8003,o_20260820_00006868,captured,apple_pay,78.54,2.53,7.5,7.35,3.93,91.99,2026-08-20T11:16:04Z,2026-08-20T11:55:36Z,USD
pay_0fb1d8995fa844508189,o_20260820_00006869,captured,card,36.91,2.55,4.59,3.49,0.0,47.54,2026-08-20T12:24:28Z,2026-08-20T13:17:52Z,USD
pay_374b82ef18f6472d9be2,o_20260820_00006870,captured,card,57.31,4.25,6.63,4.62,5.73,67.08,2026-08-20T13:53:06Z,2026-08-20T14:32:21Z,USD
pay_0665f6c9355b45048de8,o_20260820_00006871,captured,card,70.9,5.81,5.8,4.44,7.09,79.86,2026-08-20T12:03:25Z,2026-08-20T12:47:09Z,USD
pay_cf74aec911e94b3da833,o_20260820_00006872,captured,card,103.55,2.79,9.23,7.61,0.0,123.18,2026-08-20T12:24:31Z,2026-08-20T12:57:23Z,USD
pay_67d666bd93554e99bc1d,o_20260820_00006873,captured,paypal,8.51,0.66,1.11,0.73,0.85,10.16,2026-08-20T12:02:16Z,2026-08-20T12:38:47Z,USD
pay_e0af3f54c1684e568219,o_20260820_00006874,captured,paypal,47.58,3.25,4.6,2.69,7.14,50.98,2026-08-20T19:18:14Z,2026-08-20T19:40:12Z,USD
pay_e19825bce2dd495695dd,o_20260820_00006875,captured,paypal,58.8,5.58,7.84,4.3,0.0,76.52,2026-08-20T08:47:27Z,2026-08-20T09:40:16Z,USD
pay_003e815d21834d609238,o_20260820_00006876,captured,card,21.73,4.98,3.17,1.4,0.0,31.28,2026-08-20T19:14:48Z,2026-08-20T20:03:51Z,USD
pay_67feaff22d29481980d6,o_20260820_00006877,captured,card,72.38,5.83,6.82,6.23,7.24,84.02,2026-08-20T18:11:18Z,2026-08-20T18:59:13Z,USD
pay_e38eba01155a4457ad8c,o_20260820_00006878,captured,wallet,46.1,6.84,5.41,3.68,0.0,62.03,2026-08-20T13:29:15Z,2026-08-20T14:25:58Z,USD
pay_2221a39c5d6f44689ae2,o_20260820_00006879,captured,paypal,32.86,3.07,2.99,3.15,1.64,40.43,2026-08-20T13:49:13Z,2026-08-20T14:48:04Z,USD
pay_e8d4b7c2bfc84e5ca1e7,o_20260820_00006880,captured,card,95.63,2.56,14.09,8.71,0.0,120.99,2026-08-20T19:27:29Z,2026-08-20T20:01:16Z,USD
pay_ba05ce49842c4ad4b4c0,o_20260820_00006881,captured,card,55.5,4.53,6.01,3.53,0.0,69.57,2026-08-20T12:17:43Z,2026-08-20T13:05:16Z,USD
pay_cd13196032d544fa82a1,o_20260820_00006882,captured,wallet,41.31,5.32,3.64,2.53,4.13,48.67,2026-08-20T08:16:05Z,2026-08-20T08:44:02Z,USD
pay_62f08d52109f4c7d833f,o_20260820_00006883,captured,wallet,101.12,1.34,14.87,9.88,0.0,127.21,2026-08-20T19:11:09Z,2026-08-20T19:57:44Z,USD
pay_5f03349366fe4279be4c,o_20260820_00006884,captured,card,39.82,2.86,5.71,3.06,0.0,51.45,2026-08-20T13:19:00Z,2026-08-20T14:05:32Z,USD
pay_ac415a411ac64fe08cca,o_20260820_00006885,captured,card,99.19,1.93,10.56,6.25,0.0,117.93,2026-08-20T18:59:38Z,2026-08-20T20:05:37Z,USD
pay_35e0d727bbe54fd6a188,o_20260820_00006886,captured,card,111.99,0.57,15.26,8.46,0.0,136.28,2026-08-20T18:36:37Z,2026-08-20T19:28:28Z,USD
pay_74a7e911c74442629f9b,o_20260820_00006887,captured,card,33.46,5.51,4.93,2.2,0.0,46.1,2026-08-20T08:31:49Z,2026-08-20T09:20:12Z,USD
pay_616aa231c9104a7f8930,o_20260820_00006888,captured,apple_pay,122.0,6.71,11.3,8.37,0.0,148.38,2026-08-20T11:59:47Z,2026-08-20T12:47:36Z,USD
pay_20e369ac6bc84248abb0,o_20260820_00006889,captured,apple_pay,50.1,6.76,7.75,2.67,7.51,59.77,2026-08-20T18:21:03Z,2026-08-20T19:01:10Z,USD
pay_06662798c8ab4177b82e,o_20260820_00006890,captured,paypal,56.1,4.1,5.99,4.1,8.41,61.88,2026-08-20T19:36:11Z,2026-08-20T20:27:48Z,USD
pay_c4267ee7acd04946ad9d,o_20260820_00006891,refunded,card,67.05,3.7,9.41,5.8,3.35,82.61,2026-08-20T13:15:44Z,,USD
pay_eb797abbebff430f9aff,o_20260820_00006892,captured,paypal,18.98,6.08,2.52,1.14,0.0,28.72,2026-08-20T12:20:20Z,2026-08-20T13:21:20Z,USD
pay_4efc0460a9d143f9a828,o_20260820_00006893,captured,apple_pay,79.27,3.29,6.78,4.31,11.89,81.76,2026-08-20T18:59:24Z,2026-08-20T19:24:39Z,USD
pay_6f891eced5b442fb84c7,o_20260820_00006894,captured,paypal,96.54,1.21,12.36,5.97,0.0,116.08,2026-08-20T11:41:47Z,2026-08-20T12:35:30Z,USD
pay_f36f8308d8f94197ba2b,o_20260820_00006895,refunded,apple_pay,36.86,6.78,5.0,2.44,5.53,45.55,2026-08-20T19:21:10Z,,USD
pay_3dab7a58934341b5bc07,o_20260820_00006896,captured,wallet,105.75,3.78,13.71,6.25,5.29,124.2,2026-08-20T13:44:41Z,2026-08-20T14:38:20Z,USD
pay_847baddf378345e3b712,o_20260820_00006897,captured,paypal,18.79,4.31,1.76,1.54,0.0,26.4,2026-08-20T20:00:27Z,2026-08-20T20:47:52Z,USD
pay_a95f8b919e0b43f69017,o_20260820_00006898,captured,card,37.58,1.32,3.82,3.81,0.0,46.53,2026-08-20T19:22:26Z,2026-08-20T20:15:04Z,USD
pay_6fc00e7250864bd99936,o_20260820_00006899,captured,paypal,78.8,6.55,9.95,5.73,0.0,101.03,2026-08-20T12:10:22Z,2026-08-20T13:03:52Z,USD
pay_f069505543094fcb8a7c,o_20260820_00006900,captured,paypal,76.14,2.2,11.12,4.97,7.61,86.82,2026-08-20T12:56:24Z,2026-08-20T13:36:54Z,USD
pay_27d6ad832ee1482ebcca,o_20260820_00006901,captured,card,97.36,1.94,14.87,7.85,0.0,122.02,2026-08-20T19:02:46Z,2026-08-20T19:39:42Z,USD
pay_1e0da62351af43cdb532,o_20260820_00006902,captured,paypal,50.75,0.57,5.86,4.08,2.54,58.72,2026-08-20T08:57:57Z,2026-08-20T09:46:49Z,USD
pay_cc774e39d6c84b2d9442,o_20260820_00006903,captured,card,95.59,6.3,14.41,7.41,0.0,123.71,2026-08-20T13:27:20Z,2026-08-20T14:10:42Z,USD
pay_f94fcbb20cf546d4b426,o_20260820_00006904,captured,paypal,40.61,1.44,6.01,3.13,2.03,49.16,2026-08-20T11:57:47Z,2026-08-20T13:04:24Z,USD
pay_affd7146d926480680a5,o_20260820_00006905,captured,wallet,36.32,2.58,4.64,3.27,0.0,46.81,2026-08-20T08:05:29Z,2026-08-20T08:48:28Z,USD
pay_72ce55d0dcde4e37942e,o_20260820_00006906,captured,wallet,60.84,5.7,8.18,4.22,3.04,75.9,2026-08-20T13:18:02Z,2026-08-20T13:58:55Z,USD
pay_f6cab706814941c1a56f,o_20260820_00006907,voided,apple_pay,70.44,2.73,7.38,5.43,0.0,85.98,2026-08-20T11:35:17Z,,USD
pay_d363c8ab5cf74558ad9c,o_20260820_00006908,captured,wallet,95.93,6.96,14.57,7.03,9.59,114.9,2026-08-20T19:28:25Z,2026-08-20T20:15:11Z,USD
pay_f1dd25b145174fe1a4b0,o_20260820_00006909,captured,card,42.18,5.48,6.62,3.45,4.22,53.51,2026-08-20T18:38:54Z,2026-08-20T19:32:12Z,USD
pay_28e50f3fb6a64027bd86,o_20260820_00006910,captured,apple_pay,61.07,6.33,8.13,5.7,0.0,81.23,2026-08-20T08:50:41Z,2026-08-20T09:53:55Z,USD
pay_a1459aca26e1434fb519,o_20260820_00006911,captured,card,47.88,1.91,5.67,4.59,0.0,60.05,2026-08-20T19:31:48Z,2026-08-20T20:30:07Z,USD
pay_558cbb4db33844759f65,o_20260820_00006912,captured,wallet,104.55,6.48,15.88,6.32,0.0,133.23,2026-08-20T18:56:54Z,2026-08-20T19:39:51Z,USD
pay_f9f7ed9c33204257b7c5,o_20260820_00006913,captured,apple_pay,73.48,1.72,8.23,4.49,3.67,84.25,2026-08-20T11:29:44Z,2026-08-20T12:22:46Z,USD
pay_56752d47c14f45eda5f2,o_20260820_00006914,captured,wallet,100.55,2.49,12.08,6.04,5.03,116.13,2026-08-20T18:40:48Z,2026-08-20T19:38:41Z,USD
pay_8310e5ac558b42c8b16b,o_20260820_00006915,captured,card,68.77,2.61,10.87,4.69,0.0,86.94,2026-08-20T18:46:58Z,2026-08-20T19:54:45Z,USD
pay_6188ec72cfd64c5baca5,o_20260820_00006916,voided,paypal,74.56,6.54,9.97,6.02,3.73,93.36,2026-08-20T12:24:56Z,,USD
pay_539b11af5b7344fd93c4,o_20260820_00006917,captured,wallet,71.82,2.29,11.15,7.14,0.0,92.4,2026-08-20T13:42:21Z,2026-08-20T14:50:44Z,USD
pay_e9d5bf40928947bd99c8,o_20260820_00006918,captured,paypal,49.65,3.6,4.45,3.79,0.0,61.49,2026-08-20T12:03:51Z,2026-08-20T12:47:25Z,USD
pay_6d5c3457505d4339ada9,o_20260820_00006919,voided,wallet,10.86,2.97,1.27,0.65,1.63,14.12,2026-08-20T19:19:27Z,,USD
pay_ed3dc7affdcc4d24acf2,o_20260820_00006920,captured,apple_pay,56.62,3.57,7.23,3.55,5.66,65.31,2026-08-20T20:31:30Z,2026-08-20T21:03:17Z,USD
pay_28e5d28d690847b6916e,o_20260820_00006921,refunded,wallet,18.52,1.43,2.33,1.84,0.0,24.12,2026-08-20T11:32:04Z,,USD
pay_0566f09047644483b21e,o_20260820_00006922,captured,paypal,68.13,6.28,6.73,4.53,10.22,75.45,2026-08-20T19:23:00Z,2026-08-20T19:53:43Z,USD
pay_a086e256dee3400798fc,o_20260820_00006923,captured,wallet,79.68,3.14,6.74,7.63,0.0,97.19,2026-08-20T11:19:11Z,2026-08-20T12:16:50Z,USD
pay_6c7a016c179c46dd9c84,o_20260820_00006924,captured,apple_pay,67.96,6.47,5.62,6.7,0.0,86.75,2026-08-20T12:05:02Z,2026-08-20T13:00:37Z,USD
pay_9cc4e110a53c4d8b879d,o_20260820_00006925,captured,wallet,24.64,6.4,2.41,2.2,1.23,34.42,2026-08-20T19:36:22Z,2026-08-20T20:10:14Z,USD
pay_06fe04f3459844018b71,o_20260820_00006926,captured,paypal,26.42,6.65,4.02,2.68,0.0,39.77,2026-08-20T11:56:45Z,2026-08-20T13:02:31Z,USD
pay_c6202a8fbefc40eab11a,o_20260820_00006927,captured,apple_pay,98.02,0.51,15.57,7.86,0.0,121.96,2026-08-20T18:05:36Z,2026-08-20T18:43:45Z,USD
pay_ea4777c36790491ab55a,o_20260820_00006928,captured,wallet,42.1,0.67,5.24,3.21,6.32,44.9,2026-08-20T13:00:18Z,2026-08-20T13:35:21Z,USD
pay_25e4c8bd940e462e8629,o_20260820_00006929,captured,card,16.56,4.7,2.08,0.97,0.83,23.48,2026-08-20T18:35:35Z,2026-08-20T19:08:28Z,USD
pay_3f97aad57aea4faba76f,o_20260820_00006930,captured,paypal,21.63,1.7,2.88,2.15,0.0,28.36,2026-08-20T12:49:41Z,2026-08-20T13:13:35Z,USD
pay_643af64f77654677b260,o_20260820_00006931,captured,wallet,58.6,3.96,5.54,4.55,0.0,72.65,2026-08-20T11:14:17Z,2026-08-20T12:12:20Z,USD
pay_42c5246e5a4c468788a9,o_20260820_00006932,voided,wallet,123.0,6.51,18.73,8.55,0.0,156.79,2026-08-20T20:38:28Z,,USD
pay_0acb29c0b9ff4e44bcd0,o_20260820_00006933,captured,wallet,99.89,2.8,13.3,9.56,0.0,125.55,2026-08-20T12:05:48Z,2026-08-20T12:47:04Z,USD
pay_d4bc76cf0fd84703b8d6,o_20260820_00006934,captured,apple_pay,78.24,5.89,11.6,7.15,3.91,98.97,2026-08-20T19:09:07Z,2026-08-20T20:13:39Z,USD
pay_c9535f4a606d46b88ebc,o_20260820_00006935,captured,apple_pay,93.48,0.85,11.14,6.05,9.35,102.17,2026-08-20T11:02:38Z,2026-08-20T11:27:18Z,USD
pay_f613584925764a04800d,o_20260820_00006936,captured,wallet,71.48,1.23,10.5,5.06,0.0,88.27,2026-08-20T20:10:30Z,2026-08-20T21:26:38Z,USD
pay_427b55684e294b8a9bdc,o_20260820_00006937,captured,card,7.46,5.96,0.76,0.58,0.0,14.76,2026-08-20T20:57:26Z,2026-08-20T21:52:20Z,USD
pay_958f9a6b00484436aaeb,o_20260820_00006938,captured,paypal,12.35,6.61,1.7,0.93,1.24,20.35,2026-08-20T20:14:05Z,2026-08-20T20:57:28Z,USD
pay_d9f1f7b8a1c14a1fb56d,o_20260820_00006939,captured,paypal,98.71,6.17,12.19,8.07,0.0,125.14,2026-08-20T18:41:39Z,2026-08-20T19:03:17Z,USD
pay_988a3198dbb24397a378,o_20260820_00006940,captured,wallet,36.78,6.1,5.33,2.56,5.52,45.25,2026-08-20T19:47:07Z,2026-08-20T20:39:17Z,USD
pay_5b89c2becd9947b8ae2d,o_20260820_00006941,captured,wallet,45.54,4.04,6.78,3.46,2.28,57.54,2026-08-20T19:41:04Z,2026-08-20T20:10:05Z,USD
pay_d3a8d80a2a8f4546a3ff,o_20260820_00006942,captured,paypal,129.64,2.48,16.62,9.43,0.0,158.17,2026-08-20T08:12:42Z,2026-08-20T08:43:23Z,USD
pay_5b8da03507fc412180b4,o_20260820_00006943,captured,card,121.17,4.96,11.32,10.51,18.18,129.78,2026-08-20T13:34:19Z,2026-08-20T14:26:50Z,USD
pay_c7b7d6a3dc7c4584a486,o_20260820_00006944,captured,paypal,112.27,5.29,15.92,7.09,5.61,134.96,2026-08-20T18:30:19Z,2026-08-20T19:36:56Z,USD
pay_fd3180e0110f45ccaeb1,o_20260820_00006945,captured,paypal,34.5,4.34,4.24,1.79,5.17,39.7,2026-08-20T20:58:55Z,2026-08-20T22:05:19Z,USD
pay_2ca6f0710e8f48019ec1,o_20260820_00006946,captured,card,81.73,6.09,7.56,6.93,0.0,102.31,2026-08-20T12:15:28Z,2026-08-20T13:00:03Z,USD
pay_308708ef4bef43978297,o_20260820_00006947,captured,wallet,21.63,5.69,1.93,1.44,1.08,29.61,2026-08-20T12:43:24Z,2026-08-20T13:24:58Z,USD
pay_02385515cc0e49aab6cc,o_20260820_00006948,captured,paypal,127.85,2.59,18.5,11.79,0.0,160.73,2026-08-20T19:50:33Z,2026-08-20T20:44:05Z,USD
pay_6fc39f7061224fa49167,o_20260820_00006949,captured,paypal,32.94,3.22,4.14,2.13,1.65,40.78,2026-08-20T12:32:09Z,2026-08-20T13:16:09Z,USD
pay_25c2218a3eae495a8229,o_20260820_00006950,voided,card,73.73,4.8,8.86,4.79,3.69,88.49,2026-08-20T12:51:11Z,,USD
pay_47ebe9b917ab40a5bb70,o_20260820_00006951,voided,card,66.21,6.03,6.1,6.33,0.0,84.67,2026-08-20T12:20:41Z,,USD
pay_f9c94026f432407fbfd3,o_20260820_00006952,captured,wallet,23.94,2.58,2.02,1.51,2.39,27.66,2026-08-20T12:02:28Z,2026-08-20T12:50:30Z,USD
pay_eb70dc0eaf2941daa7d3,o_20260820_00006953,captured,wallet,20.24,5.42,2.39,1.76,1.01,28.8,2026-08-20T18:10:55Z,2026-08-20T18:45:48Z,USD
pay_32b3a152adbc455fb979,o_20260820_00006954,refunded,apple_pay,6.58,5.22,0.82,0.48,0.0,13.1,2026-08-20T11:46:20Z,,USD
pay_19bb80c97f4a49378bf1,o_20260820_00006955,captured,card,57.59,4.7,7.91,5.75,0.0,75.95,2026-08-20T11:56:50Z,2026-08-20T12:47:36Z,USD
pay_0250124391c14056ae75,o_20260820_00006956,captured,apple_pay,154.6,0.99,14.47,11.62,0.0,181.68,2026-08-20T11:41:59Z,2026-08-20T12:47:02Z,USD
pay_1c47645664c84a549b0a,o_20260820_00006957,refunded,paypal,43.53,2.97,4.85,3.19,0.0,54.54,2026-08-20T18:31:08Z,,USD
pay_69d5bcc3b5764f639a7a,o_20260820_00006958,voided,paypal,80.12,0.73,12.42,6.72,12.02,87.97,2026-08-20T19:17:05Z,,USD
pay_0d4deb5b4e3142988062,o_20260820_00006959,captured,apple_pay,30.32,6.33,4.02,2.3,3.03,39.94,2026-08-20T11:28:23Z,2026-08-20T11:54:16Z,USD
pay_39f41e44843245b0b07c,o_20260820_00006960,captured,card,134.16,2.29,17.79,13.55,0.0,167.79,2026-08-20T13:39:46Z,2026-08-20T14:16:31Z,USD
pay_5f589f3b85544840861d,o_20260820_00006961,captured,paypal,69.62,3.75,10.47,5.0,0.0,88.84,2026-08-20T19:26:19Z,2026-08-20T20:23:38Z,USD
pay_42ce372fc9754e7d8de9,o_20260820_00006962,captured,paypal,46.54,3.75,6.65,3.24,6.98,53.2,2026-08-20T20:41:56Z,2026-08-20T21:32:38Z,USD
pay_d01614ba2425420c9202,o_20260820_00006963,captured,apple_pay,81.73,6.0,7.84,4.94,0.0,100.51,2026-08-20T13:42:36Z,2026-08-20T14:23:22Z,USD
pay_9e9bd38edb074233964e,o_20260820_00006964,captured,card,90.42,1.79,11.69,5.24,4.52,104.62,2026-08-20T18:36:44Z,2026-08-20T19:10:25Z,USD
pay_cb6cb330f637480aa090,o_20260820_00006965,captured,paypal,12.44,2.7,1.54,0.84,1.87,15.65,2026-08-20T18:20:08Z,2026-08-20T19:07:45Z,USD
pay_df39612f877c4819a7cd,o_20260820_00006966,captured,card,85.14,5.65,8.24,7.35,0.0,106.38,2026-08-20T11:18:07Z,2026-08-20T12:05:45Z,USD
pay_4df165171e9d4b478f37,o_20260820_00006967,captured,apple_pay,91.42,4.11,11.68,6.96,0.0,114.17,2026-08-20T11:30:01Z,2026-08-20T12:15:03Z,USD
pay_d2541dfcf101482b843c,o_20260820_00006968,captured,wallet,82.87,4.62,10.01,6.46,0.0,103.96,2026-08-20T11:34:37Z,2026-08-20T12:00:26Z,USD
pay_5aea8ebeb34c48fea86a,o_20260820_00006969,captured,card,71.02,5.9,6.06,5.08,0.0,88.06,2026-08-20T20:58:02Z,2026-08-20T22:05:18Z,USD
pay_d0e3933a7225448aa66e,o_20260820_00006970,voided,card,55.98,3.57,8.41,5.17,2.8,70.33,2026-08-20T18:46:39Z,,USD
pay_7d9b05841ca54770bf76,o_20260820_00006971,captured,paypal,49.31,2.71,5.24,4.59,0.0,61.85,2026-08-20T19:58:21Z,2026-08-20T20:26:21Z,USD
pay_4dfa1ac41fae4cbcb9aa,o_20260820_00006972,captured,paypal,57.76,0.83,8.51,4.63,8.66,63.07,2026-08-20T08:40:12Z,2026-08-20T09:39:58Z,USD
pay_af30918d7c1147ec8b8b,o_20260820_00006973,captured,wallet,84.38,1.33,13.4,6.73,0.0,105.84,2026-08-20T12:59:06Z,2026-08-20T13:43:04Z,USD
pay_6bd2974151f5483ba166,o_20260820_00006974,captured,paypal,64.89,5.94,8.66,3.77,3.24,80.02,2026-08-20T12:06:02Z,2026-08-20T12:20:19Z,USD
pay_2f848fd7b3624961bdcd,o_20260820_00006975,captured,paypal,44.58,1.96,4.4,3.24,0.0,54.18,2026-08-20T13:30:22Z,2026-08-20T14:28:07Z,USD
pay_1270fda320184b34ac83,o_20260820_00006976,captured,wallet,22.86,5.83,1.92,1.4,1.14,30.87,2026-08-20T11:16:02Z,2026-08-20T12:03:33Z,USD
pay_c2c6a5c554c64154b6d6,o_20260820_00006977,captured,apple_pay,16.47,4.38,2.23,1.5,0.0,24.58,2026-08-20T11:55:58Z,2026-08-20T12:43:34Z,USD
pay_368d0466db604b82b090,o_20260820_00006978,captured,card,33.18,5.55,3.62,1.89,4.98,39.26,2026-08-20T11:09:54Z,2026-08-20T11:33:45Z,USD
pay_4d05a99842d344d4bc06,o_20260820_00006979,captured,card,34.5,6.01,3.75,2.65,3.45,43.46,2026-08-20T20:27:44Z,2026-08-20T20:59:45Z,USD
pay_4515ce0c36a3478eaaed,o_20260820_00006980,captured,apple_pay,22.92,2.31,3.65,1.41,3.44,26.85,2026-08-20T11:40:01Z,2026-08-20T12:24:19Z,USD
pay_513ea2ac53d74c0fbc13,o_20260820_00006981,captured,apple_pay,42.99,3.43,4.96,2.68,4.3,49.76,2026-08-20T19:40:58Z,2026-08-20T20:25:50Z,USD
pay_07b887456c564a8d97c0,o_20260820_00006982,captured,wallet,53.37,1.06,4.69,4.84,0.0,63.96,2026-08-20T13:41:12Z,2026-08-20T14:25:53Z,USD
pay_ba534d30efaf403d917e,o_20260820_00006983,captured,card,87.04,4.45,7.37,5.49,0.0,104.35,2026-08-20T12:02:56Z,2026-08-20T13:04:23Z,USD
pay_d454dab485374ea28005,o_20260820_00006984,captured,card,21.93,0.64,2.41,1.55,0.0,26.53,2026-08-20T20:01:32Z,2026-08-20T20:36:45Z,USD
pay_f326b14993e04fb39e18,o_20260820_00006985,voided,apple_pay,33.39,5.03,4.2,2.62,0.0,45.24,2026-08-20T13:25:09Z,,USD
pay_ec52fcfef1c146b59104,o_20260820_00006986,voided,apple_pay,80.89,4.48,6.7,6.16,0.0,98.23,2026-08-20T12:03:56Z,,USD
pay_c483d30b2fc34e0183b2,o_20260820_00006987,captured,card,88.46,4.58,10.2,6.23,13.27,96.2,2026-08-20T08:59:50Z,2026-08-20T09:47:10Z,USD
pay_f59ce70725ff4014be95,o_20260820_00006988,captured,apple_pay,65.79,0.58,8.02,4.33,0.0,78.72,2026-08-20T19:12:17Z,2026-08-20T20:00:04Z,USD
pay_b5f47fb00ad94b52ade7,o_20260820_00006989,captured,wallet,87.45,5.96,7.19,7.96,4.37,104.19,2026-08-20T12:00:29Z,2026-08-20T12:55:35Z,USD
pay_614b70fa34bc4acb8a72,o_20260820_00006990,captured,card,86.02,2.15,7.99,6.38,8.6,93.94,2026-08-20T11:36:48Z,2026-08-20T12:13:10Z,USD
pay_c9991d29f9bd4417b0a7,o_20260820_00006991,voided,apple_pay,48.99,2.42,7.68,4.72,0.0,63.81,2026-08-20T13:09:54Z,,USD
pay_7d7f6f8b153243a4b332,o_20260820_00006992,captured,apple_pay,76.96,4.46,6.16,5.15,0.0,92.73,2026-08-20T18:09:31Z,2026-08-20T19:06:24Z,USD
pay_71b0ac92f44e443ba0f1,o_20260820_00006993,captured,paypal,42.66,0.5,3.93,3.48,6.4,44.17,2026-08-20T11:19:38Z,2026-08-20T12:13:14Z,USD
pay_f65c9f3f5dec4f689f96,o_20260820_00006994,captured,wallet,32.42,5.4,2.97,3.19,0.0,43.98,2026-08-20T12:30:49Z,2026-08-20T13:09:02Z,USD
pay_c098ec276da64bee99ee,o_20260820_00006995,captured,apple_pay,54.48,6.11,6.11,4.09,0.0,70.79,2026-08-20T19:31:03Z,2026-08-20T20:03:44Z,USD
pay_6d5edd08aa9d4cf1b3f6,o_20260820_00006996,refunded,paypal,78.96,4.15,6.45,6.59,7.9,88.25,2026-08-20T18:47:31Z,,USD
pay_a23c66a119ef4f25938a,o_20260820_00006997,captured,paypal,88.0,2.16,11.34,6.29,0.0,107.79,2026-08-20T11:18:42Z,2026-08-20T12:12:02Z,USD
pay_17f1dd2e2c784866b206,o_20260820_00006998,captured,paypal,50.76,2.17,7.88,3.3,0.0,64.11,2026-08-20T12:25:47Z,2026-08-20T13:28:20Z,USD
pay_36e7bd3bf68548a68cf3,o_20260820_00006999,voided,card,138.73,5.59,22.18,9.42,0.0,175.92,2026-08-20T18:49:12Z,,USD
pay_7ed19d941dad45b78925,o_20260820_00007000,captured,paypal,68.58,4.98,9.63,5.07,0.0,88.26,2026-08-20T12:35:02Z,2026-08-20T13:05:34Z,USD
pay_7dec4fe1740a4ec39555,o_20260820_00007001,captured,apple_pay,65.24,6.82,8.23,4.52,9.79,75.02,2026-08-20T18:05:05Z,2026-08-20T18:27:24Z,USD
pay_8973b9d1e70641b6990b,o_20260820_00007002,voided,apple_pay,61.85,2.32,5.58,3.82,6.19,67.38,2026-08-20T13:12:18Z,,USD
pay_6f3e19c3b29c441fbd03,o_20260820_00007003,captured,wallet,87.0,1.93,9.73,7.7,8.7,97.66,2026-08-20T08:36:21Z,2026-08-20T09:40:48Z,USD
pay_f6ccddd475f245e4a40d,o_20260820_00007004,captured,paypal,103.97,5.74,8.91,9.34,0.0,127.96,2026-08-20T13:13:46Z,2026-08-20T14:08:38Z,USD
pay_8acec2f19f674149ae56,o_20260820_00007005,captured,card,67.69,5.06,9.55,4.83,0.0,87.13,2026-08-20T12:14:07Z,2026-08-20T12:57:37Z,USD
pay_55804bd505ee48c29ccc,o_20260820_00007006,captured,wallet,96.89,3.93,8.69,6.9,9.69,106.72,2026-08-20T08:59:07Z,2026-08-20T10:04:19Z,USD
pay_989ac6c7268b477a92cb,o_20260820_00007007,voided,paypal,20.92,1.92,2.67,1.46,0.0,26.97,2026-08-20T18:04:59Z,,USD
pay_d0a0ab73854644b78a15,o_20260820_00007008,captured,apple_pay,22.8,0.74,1.89,1.99,0.0,27.42,2026-08-20T20:44:28Z,2026-08-20T21:18:21Z,USD
pay_671573de5b034b2195ce,o_20260820_00007009,captured,apple_pay,27.55,0.98,2.96,2.43,0.0,33.92,2026-08-20T12:56:41Z,2026-08-20T14:03:14Z,USD
pay_ea56fdfa52494f859eed,o_20260820_00007010,captured,card,40.56,3.02,5.37,3.91,2.03,50.83,2026-08-20T18:54:26Z,2026-08-20T19:36:20Z,USD
pay_5fbd6433f42748e6bddf,o_20260820_00007011,voided,paypal,13.98,1.29,1.57,0.78,1.4,16.22,2026-08-20T20:05:59Z,,USD
pay_a1ebdcc0f9834a27b07c,o_20260820_00007012,captured,paypal,7.46,1.79,0.86,0.41,0.75,9.77,2026-08-20T18:26:37Z,2026-08-20T19:12:20Z,USD
pay_565c5fe36efb477795a6,o_20260820_00007013,captured,paypal,39.18,0.76,5.0,2.5,1.96,45.48,2026-08-20T13:36:39Z,2026-08-20T14:20:27Z,USD
pay_c2518e8ff83b488e8c69,o_20260820_00007014,captured,paypal,40.32,1.15,4.47,3.61,4.03,45.52,2026-08-20T13:29:34Z,2026-08-20T14:04:03Z,USD
pay_f108287f37134d72a52c,o_20260820_00007015,voided,card,56.56,0.9,8.85,4.82,0.0,71.13,2026-08-20T20:52:12Z,,USD
pay_942815bd985244b5aad7,o_20260820_00007016,captured,card,66.04,6.63,9.19,5.64,0.0,87.5,2026-08-20T12:32:03Z,2026-08-20T13:17:44Z,USD
pay_1c31803b67b144d6aa9f,o_20260820_00007017,captured,paypal,51.23,6.05,7.44,3.3,0.0,68.02,2026-08-20T18:03:53Z,2026-08-20T18:50:50Z,USD
pay_7f4b6950c0ef4d5b81ef,o_20260820_00007018,captured,wallet,113.29,1.22,13.27,8.96,0.0,136.74,2026-08-20T13:36:37Z,2026-08-20T14:21:18Z,USD
pay_f2a683448ae243b69b01,o_20260820_00007019,captured,apple_pay,18.94,3.97,1.72,1.21,0.95,24.89,2026-08-20T18:32:40Z,2026-08-20T19:23:31Z,USD
pay_13d3300b2e414edeb71d,o_20260820_00007020,captured,wallet,20.95,5.67,1.9,1.47,2.1,27.89,2026-08-20T12:34:12Z,2026-08-20T13:08:55Z,USD
pay_6e181b0ebabe4bc4b81a,o_20260820_00007021,captured,apple_pay,57.63,4.74,7.57,3.82,5.76,68.0,2026-08-20T19:56:24Z,2026-08-20T20:42:24Z,USD
pay_e8251c8fceb440edad8f,o_20260820_00007022,captured,wallet,44.37,3.35,6.18,4.17,0.0,58.07,2026-08-20T11:57:06Z,2026-08-20T12:53:50Z,USD
pay_5cac7ada03db4e9b8e7f,o_20260820_00007023,captured,paypal,62.01,1.27,8.17,6.07,0.0,77.52,2026-08-20T18:17:50Z,2026-08-20T18:53:00Z,USD
pay_c9f1d3fa207840ada7f6,o_20260820_00007024,captured,paypal,61.35,3.59,4.93,5.02,3.07,71.82,2026-08-20T12:44:38Z,2026-08-20T13:15:03Z,USD
pay_bcf70d25195c42adace1,o_20260820_00007025,captured,card,12.37,3.82,1.31,0.96,1.86,16.6,2026-08-20T13:11:59Z,2026-08-20T13:47:27Z,USD
pay_4bc7786c23a644b4b024,o_20260820_00007026,captured,apple_pay,16.56,5.79,2.37,1.52,0.83,25.41,2026-08-20T12:53:36Z,2026-08-20T13:44:20Z,USD
pay_b80642f436224e7c81ec,o_20260820_00007027,captured,apple_pay,38.82,6.04,5.77,3.36,3.88,50.11,2026-08-20T18:58:51Z,2026-08-20T19:47:27Z,USD
pay_18a51bd1ad994bc6a42e,o_20260820_00007028,captured,apple_pay,78.38,5.88,7.97,5.95,0.0,98.18,2026-08-20T18:37:25Z,2026-08-20T19:12:48Z,USD
pay_79a9ab4ec87d4319a0f8,o_20260820_00007029,captured,wallet,9.72,6.51,1.24,0.58,0.0,18.05,2026-08-20T13:08:52Z,2026-08-20T14:22:51Z,USD
pay_315146ec166e4bdbb583,o_20260820_00007030,captured,apple_pay,58.51,4.55,6.74,5.5,2.93,72.37,2026-08-20T19:28:34Z,2026-08-20T20:17:26Z,USD
pay_2ab4b051167b48ae856d,o_20260820_00007031,captured,paypal,39.21,1.32,5.11,2.69,0.0,48.33,2026-08-20T08:57:54Z,2026-08-20T09:29:43Z,USD
pay_76cc6234a5a24ac89ab1,o_20260820_00007032,captured,paypal,95.18,5.47,11.64,8.02,0.0,120.31,2026-08-20T11:35:09Z,2026-08-20T12:20:55Z,USD
pay_68441b14f909435495b2,o_20260820_00007033,captured,wallet,43.53,0.56,5.75,3.33,0.0,53.17,2026-08-20T12:23:37Z,2026-08-20T13:22:46Z,USD
pay_2f63a9cf533242959237,o_20260820_00007034,captured,wallet,49.29,1.11,6.98,3.12,2.46,58.04,2026-08-20T19:41:43Z,2026-08-20T20:46:14Z,USD
pay_45612730a7b346f28ca1,o_20260820_00007035,voided,wallet,6.58,6.32,0.97,0.45,0.33,13.99,2026-08-20T11:59:12Z,,USD
pay_a3c06b6bfed347629ce4,o_20260820_00007036,refunded,paypal,17.25,6.58,2.66,1.62,0.0,28.11,2026-08-20T19:36:59Z,,USD
pay_7bc6a1e070d2424094b4,o_20260820_00007037,captured,paypal,18.98,2.91,2.88,1.33,0.0,26.1,2026-08-20T19:50:35Z,2026-08-20T20:50:23Z,USD
pay_f96580250bb34cdbb433,o_20260820_00007038,captured,wallet,47.8,5.69,4.09,3.9,0.0,61.48,2026-08-20T18:35:31Z,2026-08-20T19:26:03Z,USD
pay_00cb9befa13a462983e1,o_20260820_00007039,captured,paypal,33.57,6.3,4.64,3.37,0.0,47.88,2026-08-20T18:03:04Z,2026-08-20T18:43:43Z,USD
pay_bcdda355ec844d188963,o_20260820_00007040,captured,wallet,87.29,4.74,9.55,6.98,13.09,95.47,2026-08-20T12:39:26Z,2026-08-20T13:20:54Z,USD
pay_3e95cc2e81bc488d8a70,o_20260820_00007041,captured,paypal,47.96,2.72,6.76,2.93,7.19,53.18,2026-08-20T19:19:12Z,2026-08-20T20:14:45Z,USD
pay_5a4c96bfd1a34db292ce,o_20260820_00007042,captured,wallet,33.55,1.44,4.4,3.01,3.35,39.05,2026-08-20T08:53:11Z,2026-08-20T09:29:06Z,USD
pay_db5aa65aed0d4e4d8480,o_20260820_00007043,voided,paypal,98.36,2.73,11.76,9.69,0.0,122.54,2026-08-20T11:31:39Z,,USD
pay_9a4fee8323dc4314aba4,o_20260820_00007044,captured,wallet,53.83,5.45,5.98,4.26,5.38,64.14,2026-08-20T20:54:31Z,2026-08-20T22:12:08Z,USD
pay_ea669f09ded84749b5d8,o_20260820_00007045,captured,apple_pay,27.77,3.28,3.4,1.66,1.39,34.72,2026-08-20T19:49:28Z,2026-08-20T20:22:46Z,USD
pay_ebb024e903c8445fb719,o_20260820_00007046,captured,paypal,19.44,3.28,2.31,1.02,2.92,23.13,2026-08-20T18:28:48Z,2026-08-20T19:21:31Z,USD
pay_39756c69f4c4493b9ca9,o_20260820_00007047,captured,apple_pay,60.99,5.86,6.06,5.58,3.05,75.44,2026-08-20T20:19:28Z,2026-08-20T21:20:13Z,USD
pay_4bd076610c9148539faa,o_20260820_00007048,captured,wallet,87.75,4.82,7.57,6.89,0.0,107.03,2026-08-20T11:00:35Z,2026-08-20T12:02:26Z,USD
pay_9d99d173c29242f7ba3c,o_20260820_00007049,captured,card,66.63,1.05,6.2,6.68,0.0,80.56,2026-08-20T19:29:37Z,2026-08-20T20:14:55Z,USD
pay_93b378b55bf6489eb474,o_20260820_00007050,captured,card,39.89,6.87,3.77,2.61,3.99,49.15,2026-08-20T11:17:43Z,2026-08-20T11:59:52Z,USD
pay_fb9f383993b14773b1ec,o_20260820_00007051,captured,apple_pay,44.79,6.05,6.92,3.25,0.0,61.01,2026-08-20T18:47:59Z,2026-08-20T19:30:52Z,USD
pay_69a3a97136834e3c89f8,o_20260820_00007052,captured,wallet,31.5,3.9,2.77,1.83,3.15,36.85,2026-08-20T13:13:44Z,2026-08-20T14:01:29Z,USD
pay_12914341821d4463a59c,o_20260820_00007053,captured,apple_pay,20.08,2.62,2.78,1.79,1.0,26.27,2026-08-20T19:37:49Z,2026-08-20T20:27:32Z,USD
pay_378588d45d2b43879ec5,o_20260820_00007054,captured,card,9.3,2.86,1.0,0.86,0.0,14.02,2026-08-20T19:00:17Z,2026-08-20T19:54:24Z,USD
pay_f6ce5dff79584115a48e,o_20260820_00007055,captured,wallet,37.61,0.57,3.66,3.05,5.64,39.25,2026-08-20T18:34:40Z,2026-08-20T19:35:36Z,USD
pay_b168c25a1bbc43709368,o_20260820_00007056,voided,card,79.43,5.72,7.74,6.52,0.0,99.41,2026-08-20T13:10:31Z,,USD
pay_002fe5145ad14da78f86,o_20260820_00007057,captured,paypal,48.92,3.74,7.08,3.41,2.45,60.7,2026-08-20T18:15:25Z,2026-08-20T19:01:57Z,USD
pay_aa470f791eb546afbe98,o_20260820_00007058,captured,apple_pay,121.53,5.22,17.36,10.5,12.15,142.46,2026-08-20T12:46:20Z,2026-08-20T13:46:13Z,USD
pay_4c0af332b4dd4e49acc0,o_20260820_00007059,captured,apple_pay,42.14,5.42,4.28,3.57,4.21,51.2,2026-08-20T19:20:02Z,2026-08-20T20:23:37Z,USD
pay_0b3b6ca16e4e476aba74,o_20260820_00007060,captured,card,8.43,3.24,1.01,0.75,0.84,12.59,2026-08-20T11:28:13Z,2026-08-20T12:14:44Z,USD
pay_b906f3d97b3140848f97,o_20260820_00007061,captured,apple_pay,78.96,2.53,9.78,6.72,0.0,97.99,2026-08-20T18:22:15Z,2026-08-20T19:27:52Z,USD
pay_ae527ec2856e418f9bf9,o_20260820_00007062,captured,paypal,123.81,2.59,16.18,11.34,6.19,147.73,2026-08-20T13:27:24Z,2026-08-20T14:05:51Z,USD
pay_4859e35e3c40477a89f6,o_20260820_00007063,captured,wallet,98.1,5.34,13.71,8.61,0.0,125.76,2026-08-20T12:08:50Z,2026-08-20T12:49:33Z,USD
pay_50ea09bf3b1e4f75bacd,o_20260820_00007064,captured,card,54.84,5.57,6.22,4.45,0.0,71.08,2026-08-20T18:49:34Z,2026-08-20T19:35:10Z,USD
pay_79dd28f2465342639331,o_20260820_00007065,captured,card,39.82,3.02,3.87,4.07,0.0,50.78,2026-08-20T18:35:19Z,2026-08-20T19:17:33Z,USD
pay_25fb79b4a12c49229762,o_20260820_00007066,captured,card,96.82,0.76,10.2,8.37,14.52,101.63,2026-08-20T12:38:25Z,2026-08-20T13:37:37Z,USD
pay_1c8d45bd1c0d469fbb9d,o_20260820_00007067,captured,paypal,96.18,1.89,14.41,8.47,0.0,120.95,2026-08-20T12:50:33Z,2026-08-20T13:42:30Z,USD
pay_f8f09486e771431f899f,o_20260820_00007068,captured,paypal,131.29,5.96,15.41,10.82,0.0,163.48,2026-08-20T08:11:52Z,2026-08-20T09:02:14Z,USD
pay_9edf440d91fd48719d24,o_20260820_00007069,captured,card,13.42,4.09,1.78,0.91,0.67,19.53,2026-08-20T18:10:14Z,2026-08-20T19:00:51Z,USD
pay_dd85087bc6d043768fd9,o_20260820_00007070,captured,apple_pay,79.37,4.25,12.42,6.68,7.94,94.78,2026-08-20T11:30:29Z,2026-08-20T12:29:21Z,USD
pay_1abac95d62024e4fb6a4,o_20260820_00007071,captured,apple_pay,55.08,4.72,8.35,3.25,5.51,65.89,2026-08-20T20:08:10Z,2026-08-20T20:53:59Z,USD
pay_ae4f7ac2308345ee864e,o_20260820_00007072,captured,apple_pay,115.08,2.4,14.6,10.85,5.75,137.18,2026-08-20T18:21:39Z,2026-08-20T19:06:11Z,USD
pay_70234e00678f412ebfb8,o_20260820_00007073,refunded,apple_pay,37.11,5.3,3.8,3.25,0.0,49.46,2026-08-20T12:44:04Z,,USD
pay_ed96e0500891498aafa2,o_20260820_00007074,captured,apple_pay,45.03,3.13,6.73,3.88,4.5,54.27,2026-08-20T12:58:46Z,2026-08-20T13:43:10Z,USD
pay_ccdcbd2fd2b94e4e9be2,o_20260820_00007075,captured,wallet,55.07,3.62,7.67,4.01,8.26,62.11,2026-08-20T12:54:00Z,2026-08-20T13:49:59Z,USD
pay_ed27f4f74ccc4176885a,o_20260820_00007076,captured,apple_pay,30.26,4.77,2.88,1.6,4.54,34.97,2026-08-20T13:58:16Z,2026-08-20T14:58:27Z,USD
pay_a5505f67c6b34673b568,o_20260820_00007077,captured,card,77.7,5.81,11.32,6.4,3.89,97.34,2026-08-20T19:33:40Z,2026-08-20T20:11:35Z,USD
pay_603eed7956cf4229bf95,o_20260820_00007078,captured,paypal,71.48,3.81,10.08,5.15,0.0,90.52,2026-08-20T19:59:53Z,2026-08-20T20:42:30Z,USD
pay_44a31af1aeb745fc927d,o_20260820_00007079,captured,card,6.58,1.97,0.9,0.4,0.99,8.86,2026-08-20T20:52:32Z,2026-08-20T21:25:34Z,USD
pay_9c0966f9b31d490fbed6,o_20260820_00007080,captured,apple_pay,128.12,4.03,11.23,9.46,19.22,133.62,2026-08-20T11:01:45Z,2026-08-20T11:53:38Z,USD
pay_7eddca59779a4a7f8466,o_20260820_00007081,captured,paypal,23.19,1.03,2.78,1.78,1.16,27.62,2026-08-20T13:17:47Z,2026-08-20T13:57:43Z,USD
pay_d454d586dc8f4db9b02e,o_20260820_00007082,captured,apple_pay,59.33,2.29,4.79,4.15,0.0,70.56,2026-08-20T20:06:43Z,2026-08-20T20:47:25Z,USD
pay_1da8e31b840141d48fd7,o_20260820_00007083,captured,wallet,94.86,1.22,10.12,7.11,0.0,113.31,2026-08-20T18:20:05Z,2026-08-20T19:30:28Z,USD
pay_c5ebe8091c044b689551,o_20260820_00007084,captured,wallet,97.2,1.14,13.05,6.32,0.0,117.71,2026-08-20T13:24:56Z,2026-08-20T14:08:36Z,USD
pay_db03f3fd41e44134a499,o_20260820_00007085,captured,paypal,89.48,5.07,10.14,5.84,8.95,101.58,2026-08-20T13:24:26Z,2026-08-20T13:46:31Z,USD
pay_15561d60f1664172a957,o_20260820_00007086,voided,wallet,72.25,1.14,6.74,6.08,0.0,86.21,2026-08-20T08:17:11Z,,USD
pay_391ac64fd4de43eda946,o_20260820_00007087,captured,wallet,39.11,2.38,4.13,2.71,3.91,44.42,2026-08-20T19:08:00Z,2026-08-20T20:02:50Z,USD
pay_b9b4260ed59d4fd492bd,o_20260820_00007088,captured,wallet,26.32,5.47,2.55,1.69,0.0,36.03,2026-08-20T12:26:23Z,2026-08-20T13:32:11Z,USD
pay_461695b0ec044b10b443,o_20260820_00007089,refunded,apple_pay,58.23,3.84,7.28,5.87,0.0,75.22,2026-08-20T13:30:13Z,,USD
pay_7ee29e38c874447dad8d,o_20260820_00007090,captured,wallet,55.41,1.62,5.29,4.06,0.0,66.38,2026-08-20T18:48:08Z,2026-08-20T19:40:06Z,USD
pay_a13ec6a52f3e4070a949,o_20260820_00007091,captured,wallet,90.5,4.16,10.97,6.57,13.57,98.63,2026-08-20T20:52:36Z,2026-08-20T21:47:07Z,USD
pay_f88b1ba4a54044008db7,o_20260820_00007092,captured,wallet,47.97,0.56,4.61,3.94,0.0,57.08,2026-08-20T18:08:39Z,2026-08-20T19:02:51Z,USD
pay_358d5760d44f4b5a8131,o_20260820_00007093,captured,card,15.08,3.62,2.32,1.33,0.75,21.6,2026-08-20T20:46:52Z,2026-08-20T21:44:07Z,USD
pay_b0f6646327d5492c8bf6,o_20260820_00007094,captured,apple_pay,21.75,1.83,1.82,1.57,0.0,26.97,2026-08-20T19:04:05Z,2026-08-20T19:44:49Z,USD
pay_59d4d31731094071b178,o_20260820_00007095,captured,card,40.03,3.31,5.16,3.93,0.0,52.43,2026-08-20T19:59:21Z,2026-08-20T20:31:03Z,USD
pay_56607512f8d44b9aa02c,o_20260820_00007096,captured,card,48.48,0.92,6.45,4.62,0.0,60.47,2026-08-20T19:50:16Z,2026-08-20T20:39:03Z,USD
pay_460c26f7f88a4d9cac32,o_20260820_00007097,captured,paypal,68.94,3.86,10.11,5.16,3.45,84.62,2026-08-20T12:33:17Z,2026-08-20T13:24:02Z,USD
pay_4f0106c12f7b4e70b6c7,o_20260820_00007098,captured,apple_pay,41.63,6.19,4.07,2.79,0.0,54.68,2026-08-20T13:45:05Z,2026-08-20T14:31:24Z,USD
pay_68f436e959f742249231,o_20260820_00007099,refunded,apple_pay,119.36,3.51,16.7,6.23,17.9,127.9,2026-08-20T18:05:56Z,,USD
pay_202e53f71bf04aac9963,o_20260820_00007100,captured,apple_pay,106.28,6.4,11.38,7.65,0.0,131.71,2026-08-20T18:45:58Z,2026-08-20T19:37:02Z,USD
pay_c04a0ace7ad74fdc824d,o_20260820_00007101,captured,wallet,96.52,6.41,14.42,9.36,0.0,126.71,2026-08-20T19:47:36Z,2026-08-20T20:18:30Z,USD
pay_9edd2b50b60f45c0b8f4,o_20260820_00007102,captured,apple_pay,35.99,3.87,4.35,2.72,5.4,41.53,2026-08-20T18:16:36Z,2026-08-20T19:14:26Z,USD
pay_42f757fe7d474a77b470,o_20260820_00007103,captured,wallet,143.03,4.21,19.08,11.63,0.0,177.95,2026-08-20T13:48:45Z,2026-08-20T14:19:26Z,USD
pay_552d35945cad4de692b3,o_20260820_00007104,captured,card,82.19,3.01,12.35,5.47,0.0,103.02,2026-08-20T12:40:48Z,2026-08-20T13:17:49Z,USD
pay_b08baec4c3e84fb39125,o_20260820_00007105,captured,apple_pay,92.59,3.57,12.81,6.26,0.0,115.23,2026-08-20T19:59:40Z,2026-08-20T20:30:37Z,USD
pay_55216ae024464fa7b30c,o_20260820_00007106,voided,wallet,61.35,4.18,9.3,4.35,0.0,79.18,2026-08-20T12:44:56Z,,USD
pay_e6bafd7191a04c03b13d,o_20260820_00007107,captured,wallet,97.9,6.58,13.07,6.31,4.89,118.97,2026-08-20T13:47:40Z,2026-08-20T14:24:43Z,USD
pay_69d87bdac4734eb78b46,o_20260820_00007108,captured,card,14.2,3.92,1.48,1.19,1.42,19.37,2026-08-20T20:45:37Z,2026-08-20T21:16:18Z,USD
pay_2ddefdbd73ce4beaa431,o_20260820_00007109,captured,paypal,58.94,3.11,7.78,4.13,5.89,68.07,2026-08-20T18:30:15Z,2026-08-20T19:12:03Z,USD
pay_2cc0f79c16f44702bce8,o_20260820_00007110,captured,wallet,37.36,2.06,5.64,2.48,0.0,47.54,2026-08-20T08:27:40Z,2026-08-20T09:29:11Z,USD
pay_64f328adcecb456d9446,o_20260820_00007111,captured,wallet,55.23,2.21,7.47,5.03,5.52,64.42,2026-08-20T20:36:29Z,2026-08-20T21:26:39Z,USD
pay_ee333d5b701243738403,o_20260820_00007112,captured,wallet,35.1,6.85,2.91,2.52,0.0,47.38,2026-08-20T19:07:14Z,2026-08-20T19:51:10Z,USD
pay_9fc2a01149bc44dca711,o_20260820_00007113,captured,apple_pay,73.01,6.78,8.39,4.59,0.0,92.77,2026-08-20T12:39:41Z,2026-08-20T13:32:25Z,USD
pay_7a60f2990e6c4fa8948c,o_20260820_00007114,captured,apple_pay,45.9,5.85,4.08,3.44,6.88,52.39,2026-08-20T18:50:21Z,2026-08-20T19:55:51Z,USD
pay_763f5b18d8d24bfeb488,o_20260820_00007115,captured,paypal,77.59,6.8,11.78,5.98,0.0,102.15,2026-08-20T12:48:51Z,2026-08-20T13:43:55Z,USD
pay_3b9522d1023641b29374,o_20260820_00007116,captured,apple_pay,54.84,5.64,6.28,3.42,5.48,64.7,2026-08-20T12:56:37Z,2026-08-20T13:54:35Z,USD
pay_f4bd699363f24d5a915f,o_20260820_00007117,captured,paypal,61.29,5.28,7.07,4.99,3.06,75.57,2026-08-20T19:44:54Z,2026-08-20T20:33:27Z,USD
pay_83a7ad0ecb9c43938172,o_20260820_00007118,refunded,apple_pay,96.37,0.82,14.57,6.94,0.0,118.7,2026-08-20T20:52:59Z,,USD
pay_af2aff856c03480da82e,o_20260820_00007119,captured,wallet,29.18,1.56,4.62,2.09,1.46,35.99,2026-08-20T18:35:18Z,2026-08-20T19:22:53Z,USD
pay_3e4cd3828ad140d2a72f,o_20260820_00007120,captured,wallet,85.98,5.03,12.28,7.56,4.3,106.55,2026-08-20T18:01:33Z,2026-08-20T18:28:22Z,USD
pay_692780867cd54031a1e3,o_20260820_00007121,voided,apple_pay,7.46,3.56,1.06,0.58,1.12,11.54,2026-08-20T11:33:41Z,,USD
pay_c773f28593754ca39355,o_20260820_00007122,captured,wallet,113.15,5.42,17.89,8.47,0.0,144.93,2026-08-20T11:17:18Z,2026-08-20T11:42:26Z,USD
pay_76b316311cb34d5a8acb,o_20260820_00007123,voided,paypal,41.52,6.72,6.32,3.11,0.0,57.67,2026-08-20T12:21:04Z,,USD
pay_3f59c5eb4cc64d9d8e2d,o_20260820_00007124,captured,paypal,28.32,2.5,2.39,1.8,2.83,32.18,2026-08-20T11:13:49Z,2026-08-20T11:47:37Z,USD
pay_bc03702fb64e43e1bf43,o_20260820_00007125,captured,apple_pay,110.81,5.99,13.53,10.18,5.54,134.97,2026-08-20T12:15:05Z,2026-08-20T13:09:53Z,USD
pay_7b8f4461e14b4b24b40a,o_20260820_00007126,captured,card,47.55,5.21,4.85,2.61,7.13,53.09,2026-08-20T11:35:09Z,2026-08-20T12:23:28Z,USD
pay_e06464cf505f47c4a918,o_20260820_00007127,captured,wallet,48.46,5.45,6.09,3.14,4.85,58.29,2026-08-20T08:21:34Z,2026-08-20T09:02:18Z,USD
pay_2f54cf6e2f934e4cb05d,o_20260820_00007128,refunded,wallet,54.75,4.41,5.07,5.22,2.74,66.71,2026-08-20T19:36:42Z,,USD
pay_e2ee1629803e4b02b1de,o_20260820_00007129,voided,card,21.75,1.03,3.12,1.37,3.26,24.01,2026-08-20T11:20:19Z,,USD
pay_d8dc0bc402f44a5bab20,o_20260820_00007130,captured,paypal,11.9,1.0,1.27,0.94,1.78,13.33,2026-08-20T20:49:25Z,2026-08-20T21:07:17Z,USD
pay_2f5bf594a8204e0abd49,o_20260820_00007131,captured,card,95.51,6.02,9.67,6.85,9.55,108.5,2026-08-20T19:08:18Z,2026-08-20T20:08:33Z,USD
pay_38f8a25695c447908cfe,o_20260820_00007132,captured,paypal,41.15,2.83,5.7,2.39,2.06,50.01,2026-08-20T13:15:25Z,2026-08-20T14:08:03Z,USD
pay_2609a16947e94bb0a8fd,o_20260820_00007133,captured,apple_pay,37.72,0.62,4.12,2.15,5.66,38.95,2026-08-20T12:48:58Z,2026-08-20T13:29:52Z,USD
pay_6e238a94b9d64ff29537,o_20260820_00007134,refunded,apple_pay,59.62,2.08,6.73,4.29,5.96,66.76,2026-08-20T18:11:14Z,,USD
pay_66b637dfacf64db58365,o_20260820_00007135,captured,card,14.6,2.11,1.18,1.36,0.0,19.25,2026-08-20T12:37:12Z,2026-08-20T13:13:39Z,USD
pay_63fa6a59ec6c4d21bb18,o_20260820_00007136,captured,wallet,70.37,4.16,7.01,3.66,10.56,74.64,2026-08-20T08:23:13Z,2026-08-20T09:22:55Z,USD
pay_2602c01ea61b423eb759,o_20260820_00007137,captured,paypal,86.6,3.97,9.61,4.88,12.99,92.07,2026-08-20T19:58:46Z,2026-08-20T20:23:31Z,USD
pay_ed74266c82e9496da92d,o_20260820_00007138,captured,card,111.18,6.58,12.28,9.53,0.0,139.57,2026-08-20T18:48:24Z,2026-08-20T19:45:19Z,USD
pay_b523588049b944afa247,o_20260820_00007139,captured,wallet,23.9,3.74,3.42,1.71,0.0,32.77,2026-08-20T11:05:50Z,2026-08-20T11:59:20Z,USD
pay_a2d3ff9f22c94c47874e,o_20260820_00007140,captured,card,96.24,6.72,12.9,5.47,9.62,111.71,2026-08-20T08:53:20Z,2026-08-20T09:48:56Z,USD
pay_43bdfcc0402546dc83aa,o_20260820_00007141,captured,paypal,70.77,3.69,9.03,5.8,10.62,78.67,2026-08-20T18:02:55Z,2026-08-20T19:13:17Z,USD
pay_02bb5dec67e54eb19e75,o_20260820_00007142,captured,card,102.3,2.42,8.27,9.34,0.0,122.33,2026-08-20T11:24:27Z,2026-08-20T12:11:03Z,USD
pay_dc26bd7e6d6d4c06a816,o_20260820_00007143,captured,apple_pay,53.58,6.18,5.16,4.22,5.36,63.78,2026-08-20T13:05:15Z,2026-08-20T13:36:02Z,USD
pay_be2b3b3f8a7545d1b777,o_20260820_00007144,refunded,wallet,40.16,0.52,4.79,3.12,0.0,48.59,2026-08-20T08:09:02Z,,USD
pay_e217b28f7ee34e24a394,o_20260820_00007145,voided,card,61.9,1.12,4.98,4.27,6.19,66.08,2026-08-20T19:38:16Z,,USD
pay_cfb9ba70a6714847b05b,o_20260820_00007146,captured,paypal,58.68,5.17,6.36,4.27,0.0,74.48,2026-08-20T12:17:51Z,2026-08-20T13:30:16Z,USD
pay_8d43617afd94490ba6f2,o_20260820_00007147,captured,wallet,92.49,1.73,14.14,7.73,9.25,106.84,2026-08-20T19:16:47Z,2026-08-20T19:39:32Z,USD
pay_2bdd66043d8f43d49bd9,o_20260820_00007148,refunded,wallet,53.9,5.43,7.34,3.27,0.0,69.94,2026-08-20T19:10:39Z,,USD
pay_7ab3f5cbd4994d63bbbb,o_20260820_00007149,captured,card,62.33,6.04,6.86,5.26,3.12,77.37,2026-08-20T18:29:05Z,2026-08-20T19:12:37Z,USD
pay_df8856d5dfd34f168958,o_20260820_00007150,captured,paypal,36.66,4.34,3.49,2.39,5.5,41.38,2026-08-20T19:54:42Z,2026-08-20T20:28:25Z,USD
pay_03303a0a5b8e468c8bcf,o_20260820_00007151,captured,wallet,10.89,5.51,1.2,1.0,0.0,18.6,2026-08-20T11:48:29Z,2026-08-20T12:38:03Z,USD
pay_7ecae8606fc745d3a021,o_20260820_00007152,captured,apple_pay,20.67,1.82,2.7,2.0,0.0,27.19,2026-08-20T19:41:28Z,2026-08-20T20:18:36Z,USD
pay_bd0b88af585e4dad8b96,o_20260820_00007153,captured,paypal,112.0,5.09,16.53,7.58,11.2,130.0,2026-08-20T11:03:44Z,2026-08-20T12:02:45Z,USD
pay_3899c681584841219ae8,o_20260820_00007154,captured,paypal,6.58,2.05,1.01,0.47,0.33,9.78,2026-08-20T19:24:42Z,2026-08-20T20:04:10Z,USD
pay_ebf467e56bf946b3ae97,o_20260820_00007155,captured,card,76.3,4.46,9.41,5.46,0.0,95.63,2026-08-20T19:15:22Z,2026-08-20T20:00:14Z,USD
pay_ea46d6db92e6429bbe05,o_20260820_00007156,captured,paypal,33.46,3.09,4.2,2.34,3.35,39.74,2026-08-20T12:44:21Z,2026-08-20T13:45:47Z,USD
pay_5dfcc6a49bd84dd59401,o_20260820_00007157,captured,paypal,57.62,5.09,4.64,4.85,0.0,72.2,2026-08-20T19:52:01Z,2026-08-20T20:32:54Z,USD
pay_98dcb61216cd4531906b,o_20260820_00007158,captured,card,50.76,4.38,5.66,4.21,5.08,59.93,2026-08-20T11:21:16Z,2026-08-20T12:25:28Z,USD
pay_290bcc755e8046c18d8c,o_20260820_00007159,captured,paypal,59.01,4.28,8.71,3.16,8.85,66.31,2026-08-20T11:37:01Z,2026-08-20T12:15:40Z,USD
pay_6acda95897804e3bb071,o_20260820_00007160,captured,apple_pay,86.58,2.11,8.79,5.77,4.33,98.92,2026-08-20T11:24:44Z,2026-08-20T12:15:19Z,USD
pay_c97170f2dbcb42e79bc1,o_20260820_00007161,captured,apple_pay,36.18,1.83,3.4,3.66,0.0,45.07,2026-08-20T20:04:53Z,2026-08-20T20:49:07Z,USD
pay_4039cb0484f642eea814,o_20260820_00007162,captured,paypal,78.38,2.63,8.05,7.53,0.0,96.59,2026-08-20T13:48:41Z,2026-08-20T14:52:17Z,USD
pay_8aee0b820b714830a5c7,o_20260820_00007163,captured,paypal,89.48,0.77,10.11,5.42,0.0,105.78,2026-08-20T13:04:34Z,2026-08-20T14:08:06Z,USD
pay_b5a57f49ea7546a4857c,o_20260820_00007164,captured,paypal,75.9,6.37,6.09,6.15,11.38,83.13,2026-08-20T11:36:54Z,2026-08-20T12:20:37Z,USD
pay_d25a597a47d7427d97fb,o_20260820_00007165,refunded,paypal,20.13,1.24,3.07,1.59,0.0,26.03,2026-08-20T18:33:27Z,,USD
pay_823a7c97a18e4acd8f10,o_20260820_00007166,captured,card,169.57,2.6,26.95,13.35,0.0,212.47,2026-08-20T18:41:33Z,2026-08-20T19:32:03Z,USD
pay_4c5558dc57cb49588b85,o_20260820_00007167,captured,card,58.24,2.55,8.94,4.68,0.0,74.41,2026-08-20T18:51:09Z,2026-08-20T19:15:41Z,USD
pay_c1b60e9b18b84cedab1d,o_20260820_00007168,captured,card,40.56,3.91,3.45,4.1,0.0,52.02,2026-08-20T18:56:03Z,2026-08-20T19:54:54Z,USD
pay_cdf74f8a2134487daab5,o_20260820_00007169,refunded,card,64.08,5.31,7.7,6.07,0.0,83.16,2026-08-20T12:37:26Z,,USD
pay_6733bb3b4fcf401498b1,o_20260820_00007170,captured,apple_pay,66.26,2.25,10.17,6.68,0.0,85.36,2026-08-20T13:47:04Z,2026-08-20T14:28:53Z,USD
pay_bedf8253b6f74a638ae5,o_20260820_00007171,captured,apple_pay,150.39,1.3,23.24,11.94,0.0,186.87,2026-08-20T11:14:23Z,2026-08-20T12:17:57Z,USD
pay_11ef641c6a5049bf8583,o_20260820_00007172,captured,apple_pay,25.29,5.13,2.81,1.69,0.0,34.92,2026-08-20T19:52:50Z,2026-08-20T20:42:32Z,USD
pay_27436e977f5b48eaa896,o_20260820_00007173,captured,card,33.13,2.07,3.41,2.34,3.31,37.64,2026-08-20T19:49:09Z,2026-08-20T20:32:36Z,USD
pay_456b05743cc94539ac4c,o_20260820_00007174,captured,apple_pay,54.28,5.18,6.85,4.12,8.14,62.29,2026-08-20T12:42:54Z,2026-08-20T13:11:17Z,USD
pay_9e55a1e1793e47daaa1f,o_20260820_00007175,captured,apple_pay,45.08,2.74,6.53,3.5,0.0,57.85,2026-08-20T12:28:36Z,2026-08-20T13:09:43Z,USD
pay_72a8155de5b3471d891f,o_20260820_00007176,voided,wallet,7.31,3.65,1.04,0.61,0.73,11.88,2026-08-20T19:55:52Z,,USD
pay_b3a8c008b1ea4cb1892c,o_20260820_00007177,captured,apple_pay,90.47,6.78,8.42,6.88,0.0,112.55,2026-08-20T12:57:37Z,2026-08-20T13:50:58Z,USD
pay_8cdadc82b5cf4b8b9d73,o_20260820_00007178,captured,paypal,108.67,6.73,15.37,8.24,0.0,139.01,2026-08-20T19:25:17Z,2026-08-20T20:20:48Z,USD
pay_944bce3b5d2c4c32abef,o_20260820_00007179,captured,apple_pay,25.29,2.41,2.74,1.64,1.26,30.82,2026-08-20T11:01:18Z,2026-08-20T11:39:46Z,USD
pay_c4d896161e554c528701,o_20260820_00007180,captured,apple_pay,40.86,5.35,4.17,3.78,2.04,52.12,2026-08-20T18:57:16Z,2026-08-20T19:41:30Z,USD
pay_335c6d97e8704b62af7e,o_20260820_00007181,captured,card,75.77,3.82,9.6,6.37,7.58,87.98,2026-08-20T19:12:17Z,2026-08-20T20:14:21Z,USD
pay_441d009bbea441e38422,o_20260820_00007182,captured,apple_pay,65.46,5.21,9.55,4.04,6.55,77.71,2026-08-20T11:32:05Z,2026-08-20T12:08:26Z,USD
pay_26d1e2af08cc4b7494fa,o_20260820_00007183,captured,paypal,22.38,3.56,3.57,1.71,2.24,28.98,2026-08-20T19:24:27Z,2026-08-20T20:21:53Z,USD
pay_d63eaec2c7e94972a7b3,o_20260820_00007184,captured,card,11.7,5.29,1.45,0.81,0.0,19.25,2026-08-20T08:55:40Z,2026-08-20T09:38:59Z,USD
pay_a7786615a17e4300abeb,o_20260820_00007185,captured,card,19.95,4.95,2.7,1.66,2.0,27.26,2026-08-20T08:03:24Z,2026-08-20T09:07:14Z,USD
pay_3867f4290af845528806,o_20260820_00007186,captured,card,126.26,1.85,16.73,11.79,0.0,156.63,2026-08-20T12:18:03Z,2026-08-20T13:00:57Z,USD
pay_3bda18462d354901bcd1,o_20260820_00007187,captured,paypal,62.84,5.63,7.52,6.26,0.0,82.25,2026-08-20T19:11:44Z,2026-08-20T20:09:16Z,USD
pay_993a50633d6a4b64b639,o_20260820_00007188,captured,wallet,73.87,4.4,6.83,5.97,0.0,91.07,2026-08-20T12:05:54Z,2026-08-20T13:02:30Z,USD
pay_128637f5301645269bde,o_20260820_00007189,captured,paypal,122.58,4.54,17.52,6.93,18.39,133.18,2026-08-20T12:01:42Z,2026-08-20T12:43:28Z,USD
pay_dfbc86a5e7e149f8aa14,o_20260820_00007190,captured,wallet,144.66,5.06,14.98,9.82,7.23,167.29,2026-08-20T11:16:40Z,2026-08-20T11:44:18Z,USD
pay_e693eb65465641deb791,o_20260820_00007191,captured,apple_pay,89.38,6.31,7.76,5.62,0.0,109.07,2026-08-20T11:18:06Z,2026-08-20T11:49:34Z,USD
pay_58b4fc3b30e64bb98b60,o_20260820_00007192,refunded,apple_pay,88.0,4.82,10.88,6.3,0.0,110.0,2026-08-20T11:52:57Z,,USD
pay_bdabeaf3294f47738cb7,o_20260820_00007193,voided,card,80.73,1.49,11.8,5.86,0.0,99.88,2026-08-20T18:15:05Z,,USD
pay_76081ab0ac7b4ea7bf1c,o_20260820_00007194,captured,paypal,12.35,3.53,1.72,1.11,0.62,18.09,2026-08-20T13:09:11Z,2026-08-20T14:01:29Z,USD
pay_a40f27fb302a4c6096ac,o_20260820_00007195,captured,paypal,22.02,2.03,2.1,1.49,1.1,26.54,2026-08-20T13:06:52Z,2026-08-20T13:53:18Z,USD
pay_f66375047e8142ee8fb6,o_20260820_00007196,captured,apple_pay,39.2,4.99,5.46,2.95,5.88,46.72,2026-08-20T08:23:25Z,2026-08-20T09:29:39Z,USD
pay_8608245844784622849c,o_20260820_00007197,captured,apple_pay,15.91,0.73,2.05,1.49,0.0,20.18,2026-08-20T12:30:39Z,2026-08-20T13:04:30Z,USD
pay_3092283926b14171b2d8,o_20260820_00007198,captured,wallet,45.6,4.05,4.2,3.31,0.0,57.16,2026-08-20T11:18:56Z,2026-08-20T12:14:00Z,USD
pay_00cae46becf047e9923f,o_20260820_00007199,captured,card,32.66,4.27,4.63,2.88,0.0,44.44,2026-08-20T18:05:39Z,2026-08-20T18:53:29Z,USD
pay_c91a025b9474428e834e,o_20260820_00007200,captured,wallet,58.46,1.44,7.77,4.03,2.92,68.78,2026-08-20T13:19:09Z,2026-08-20T13:37:16Z,USD
