payment_id,order_id,payment_status,payment_method,subtotal_amount,delivery_fee,service_fee,tax_amount,discount_amount,total_amount,authorized_at,captured_at,currency
pay_cae09b7708fc4ab695ff,o_20260816_00001201,captured,paypal,86.6,4.27,8.48,5.12,12.99,91.48,2026-08-16T11:37:11Z,2026-08-16T12:22:49Z,USD
pay_68690597caab43a28b84,o_20260816_00001202,captured,paypal,128.79,4.42,14.69,10.9,0.0,158.8,2026-08-16T12:10:12Z,2026-08-16T12:46:40Z,USD
pay_d08251ae53c24be68e70,o_20260816_00001203,captured,card,20.7,0.77,3.28,1.43,3.1,23.08,2026-08-16T21:00:11Z,2026-08-16T21:59:56Z,USD
pay_e0f27f6d356a4c608505,o_20260816_00001204,captured,paypal,44.79,2.79,5.66,2.85,6.72,49.37,2026-08-16T13:23:32Z,2026-08-16T14:16:12Z,USD
pay_af89914b85664c4ca8ca,o_20260816_00001205,captured,paypal,56.88,2.43,5.61,3.36,5.69,62.59,2026-08-16T18:17:34Z,2026-08-16T19:21:53Z,USD
pay_f1ad6ae524b740cdb3e1,o_20260816_00001206,captured,apple_pay,89.08,1.58,7.18,5.89,0.0,103.73,2026-08-16T13:47:36Z,2026-08-16T14:36:17Z,USD
pay_715b5d445e554722b6f5,o_20260816_00001207,captured,paypal,77.05,5.49,11.91,5.69,0.0,100.14,2026-08-16T18:01:01Z,2026-08-16T18:52:53Z,USD
pay_374be59c52c749b78d9c,o_20260816_00001208,captured,apple_pay,58.6,2.16,8.67,5.73,0.0,75.16,2026-08-16T13:04:52Z,2026-08-16T14:01:19Z,USD
pay_73a0d9c0b5ef46678240,o_20260816_00001209,refunded,paypal,131.75,1.45,20.28,9.47,0.0,162.95,2026-08-16T18:01:21Z,,USD
pay_c9a965c1d51e4c09bd2c,o_20260816_00001210,captured,paypal,62.92,5.4,6.81,4.18,0.0,79.31,2026-08-16T19:38:36Z,2026-08-16T20:17:28Z,USD
pay_8e77db0a3e7b4a80a755,o_20260816_00001211,captured,apple_pay,116.0,3.76,14.48,10.44,0.0,144.68,2026-08-16T13:25:22Z,2026-08-16T14:14:08Z,USD
pay_3b7bf19301484522b8bd,o_20260816_00001212,captured,paypal,63.99,5.67,10.24,5.15,3.2,81.85,2026-08-16T12:30:10Z,2026-08-16T13:24:41Z,USD
pay_6a1e000c665c46888f93,o_20260816_00001213,captured,apple_pay,23.75,4.11,3.64,1.96,2.38,31.08,2026-08-16T18:36:14Z,2026-08-16T19:11:23Z,USD
pay_e7609a2df4e342d5b4ea,o_20260816_00001214,captured,apple_pay,15.08,1.34,2.37,1.28,0.75,19.32,2026-08-16T18:26:34Z,2026-08-16T19:19:03Z,USD
pay_37e47975279d411282da,o_20260816_00001215,refunded,paypal,24.64,5.36,2.33,1.76,1.23,32.86,2026-08-16T18:16:24Z,,USD
pay_5562261b99dc40508c73,o_20260816_00001216,captured,apple_pay,19.59,2.6,1.8,1.25,1.96,23.28,2026-08-16T11:42:09Z,2026-08-16T12:05:51Z,USD
pay_3d4a5bad159e4deeb2b5,o_20260816_00001217,captured,card,42.06,6.97,5.83,3.81,0.0,58.67,2026-08-16T11:12:56Z,2026-08-16T11:57:37Z,USD
pay_8ccb37f4b3cf44488523,o_20260816_00001218,captured,apple_pay,106.22,3.51,9.97,7.93,0.0,127.63,2026-08-16T12:45:56Z,2026-08-16T13:24:48Z,USD
pay_b4ce269d046447038a7a,o_20260816_00001219,captured,card,68.91,1.43,9.36,5.43,0.0,85.13,2026-08-16T19:36:55Z,2026-08-16T20:10:15Z,USD
pay_1a968340814f43d78abe,o_20260816_00001220,captured,apple_pay,47.56,2.25,7.21,2.88,4.76,55.14,2026-08-16T18:46:44Z,2026-08-16T19:52:24Z,USD
pay_659d273d63744b128c49,o_20260816_00001221,captured,paypal,76.62,4.37,10.8,6.69,0.0,98.48,2026-08-16T18:20:49Z,2026-08-16T18:59:15Z,USD
pay_8a634fa5e7a542598246,o_20260816_00001222,captured,card,51.93,4.49,4.25,4.42,2.6,62.49,2026-08-16T11:25:27Z,2026-08-16T12:00:08Z,USD
pay_ae2e38f8d2e64d759f74,o_20260816_00001223,captured,paypal,84.38,3.92,7.17,7.65,0.0,103.12,2026-08-16T13:20:45Z,2026-08-16T14:09:39Z,USD
pay_91d68a52b11642c3b903,o_20260816_00001224,captured,wallet,100.78,5.72,12.31,10.31,0.0,129.12,2026-08-16T18:10:20Z,2026-08-16T18:55:05Z,USD
pay_70578f0263d2489d81ce,o_20260816_00001225,captured,paypal,46.76,2.44,7.1,4.74,0.0,61.04,2026-08-16T13:35:04Z,2026-08-16T14:06:18Z,USD
pay_dada9cffefc24de6b864,o_20260816_00001226,captured,apple_pay,12.94,3.14,2.02,0.89,0.0,18.99,2026-08-16T11:20:50Z,2026-08-16T11:56:29Z,USD
pay_f217ffcd187943cfa6b8,o_20260816_00001227,captured,wallet,40.3,1.6,6.29,2.7,0.0,50.89,2026-08-16T19:32:55Z,2026-08-16T20:09:35Z,USD
pay_a788fd7ec9fd442db4e1,o_20260816_00001228,captured,wallet,73.73,6.95,10.75,5.77,3.69,93.51,2026-08-16T11:33:21Z,2026-08-16T12:24:51Z,USD
pay_905f7357702c41f0bf89,o_20260816_00001229,captured,paypal,61.11,1.31,8.86,3.51,6.11,68.68,2026-08-16T12:18:19Z,2026-08-16T13:12:22Z,USD
pay_75b6bc6db7b842829903,o_20260816_00001230,refunded,card,62.29,5.58,5.57,3.91,3.11,74.24,2026-08-16T18:31:25Z,,USD
pay_0d8be80a9bb44213935a,o_20260816_00001231,captured,wallet,35.02,3.11,3.9,3.13,1.75,43.41,2026-08-16T21:00:15Z,2026-08-16T21:45:57Z,USD
pay_e4aa1aa0af7e4dbb8f92,o_20260816_00001232,captured,card,92.58,5.16,9.19,5.41,13.89,98.45,2026-08-16T11:08:56Z,2026-08-16T11:53:59Z,USD
pay_727d6b76bc7844bfab33,o_20260816_00001233,captured,card,101.77,2.97,11.19,6.92,0.0,122.85,2026-08-16T12:38:48Z,2026-08-16T13:34:23Z,USD
pay_14e0c8961c2b4df4915e,o_20260816_00001234,captured,card,32.86,5.75,3.19,2.2,0.0,44.0,2026-08-16T11:26:23Z,2026-08-16T12:24:37Z,USD
pay_4fd1a18d486943298dc8,o_20260816_00001235,captured,card,58.76,2.77,9.24,4.38,5.88,69.27,2026-08-16T18:28:18Z,2026-08-16T19:25:03Z,USD
pay_a4e42e77d03f4ee4b787,o_20260816_00001236,captured,apple_pay,113.93,6.03,12.04,10.06,11.39,130.67,2026-08-16T11:01:57Z,2026-08-16T12:14:28Z,USD
pay_d5b3242adaf64b4a9784,o_20260816_00001237,captured,paypal,59.32,4.79,7.67,4.57,8.9,67.45,2026-08-16T11:59:19Z,2026-08-16T12:30:09Z,USD
pay_efe0f9528f3a428986a1,o_20260816_00001238,captured,card,50.44,1.51,7.77,4.26,0.0,63.98,2026-08-16T18:38:10Z,2026-08-16T19:19:28Z,USD
pay_82f88c9eecf94b42bdb3,o_20260816_00001239,captured,wallet,56.37,3.54,7.1,3.51,2.82,67.7,2026-08-16T18:46:13Z,2026-08-16T19:33:51Z,USD
pay_9161d9b5e4734c5a8995,o_20260816_00001240,captured,apple_pay,68.94,2.91,10.85,5.07,3.45,84.32,2026-08-16T19:53:38Z,2026-08-16T20:44:25Z,USD
pay_c7703b2aac7b4b6cb593,o_20260816_00001241,captured,paypal,77.75,5.09,7.54,7.1,7.78,89.7,2026-08-16T08:44:56Z,2026-08-16T09:16:36Z,USD
pay_2c5c8f63d62544d28f33,o_20260816_00001242,captured,card,19.02,2.1,2.61,1.65,0.0,25.38,2026-08-16T19:07:13Z,2026-08-16T19:56:33Z,USD
pay_652757eb8dbd46bb946d,o_20260816_00001243,captured,apple_pay,103.76,3.64,16.25,8.51,15.56,116.6,2026-08-16T18:03:33Z,2026-08-16T18:38:13Z,USD
pay_d035ed835ae2404bb305,o_20260816_00001244,captured,apple_pay,58.27,6.2,8.3,3.94,0.0,76.71,2026-08-16T20:28:02Z,2026-08-16T21:29:40Z,USD
pay_ceb4b8bc332f495a952f,o_20260816_00001245,captured,card,73.62,3.25,6.94,6.02,11.04,78.79,2026-08-16T18:33:43Z,2026-08-16T19:36:25Z,USD
pay_c87a9f765a3e4f45ab78,o_20260816_00001246,captured,card,126.12,0.99,15.7,7.99,6.31,144.49,2026-08-16T18:12:04Z,2026-08-16T18:38:51Z,USD
pay_c242769e76334f258199,o_20260816_00001247,captured,apple_pay,18.09,6.58,2.47,1.05,2.71,25.48,2026-08-16T19:05:48Z,2026-08-16T20:00:34Z,USD
pay_9eaa2a199edd4386902e,o_20260816_00001248,captured,wallet,62.39,2.57,7.71,5.2,0.0,77.87,2026-08-16T20:29:40Z,2026-08-16T21:17:05Z,USD
pay_0223ac77968a44de8240,o_20260816_00001249,captured,paypal,58.15,1.37,6.39,3.55,0.0,69.46,2026-08-16T19:11:01Z,2026-08-16T20:03:20Z,USD
pay_8bce2c13d35546bbb890,o_20260816_00001250,captured,paypal,27.54,1.67,3.17,1.73,0.0,34.11,2026-08-16T20:50:37Z,2026-08-16T21:27:23Z,USD
pay_31c28869d14d4dd49e0b,o_20260816_00001251,captured,apple_pay,84.19,3.81,12.32,5.96,4.21,102.07,2026-08-16T08:53:38Z,2026-08-16T09:33:42Z,USD
pay_4d70c7b273dc427a9923,o_20260816_00001252,refunded,card,78.68,1.34,7.13,7.0,0.0,94.15,2026-08-16T19:07:31Z,,USD
pay_3acb895bb0a34fd5b64d,o_20260816_00001253,captured,card,36.27,6.04,5.32,3.4,0.0,51.03,2026-08-16T13:52:54Z,2026-08-16T14:36:06Z,USD
pay_71de98108abf44e8be5c,o_20260816_00001254,voided,paypal,74.0,4.25,6.21,6.6,0.0,91.06,2026-08-16T20:39:39Z,,USD
pay_a9c41e94f31f47e083e4,o_20260816_00001255,voided,paypal,58.12,6.61,6.81,3.77,8.72,66.59,2026-08-16T18:07:02Z,,USD
pay_c5094bf8e35e4cedad5d,o_20260816_00001256,captured,paypal,50.73,5.78,8.08,3.48,0.0,68.07,2026-08-16T20:15:29Z,2026-08-16T20:57:13Z,USD
pay_5605db3d26374bb88b10,o_20260816_00001257,captured,card,58.77,3.13,5.45,3.65,5.88,65.12,2026-08-16T11:57:51Z,2026-08-16T12:41:24Z,USD
pay_a824a2be420c4a30bc28,o_20260816_00001258,captured,paypal,147.35,5.81,15.71,13.92,0.0,182.79,2026-08-16T08:23:56Z,2026-08-16T09:03:46Z,USD
pay_625da9b192fc4070a389,o_20260816_00001259,voided,wallet,12.22,6.52,1.95,1.1,0.0,21.79,2026-08-16T18:13:30Z,,USD
pay_e2c348826f484653a91a,o_20260816_00001260,captured,wallet,22.38,6.79,2.99,1.88,3.36,30.68,2026-08-16T12:52:44Z,2026-08-16T13:39:25Z,USD
pay_b9cd3466843a4fd2b5d0,o_20260816_00001261,captured,card,16.21,5.9,2.3,0.86,2.43,22.84,2026-08-16T19:30:28Z,2026-08-16T20:11:37Z,USD
pay_6e574eba86ba4b6a8b4e,o_20260816_00001262,voided,paypal,70.13,1.01,8.14,6.31,0.0,85.59,2026-08-16T18:13:28Z,,USD
pay_28999691e0ba4bb5ae07,o_20260816_00001263,captured,card,18.6,4.46,1.65,1.43,0.0,26.14,2026-08-16T19:02:22Z,2026-08-16T20:14:15Z,USD
pay_30c2e2c18b8b4d908c51,o_20260816_00001264,captured,apple_pay,14.58,6.83,1.42,1.27,0.73,23.37,2026-08-16T12:32:50Z,2026-08-16T13:10:05Z,USD
pay_3402a79d76234bf085d3,o_20260816_00001265,captured,apple_pay,23.58,4.2,2.18,1.6,2.36,29.2,2026-08-16T12:46:07Z,2026-08-16T13:05:23Z,USD
pay_84e7261c5a874b219c57,o_20260816_00001266,captured,apple_pay,11.04,0.67,1.08,0.96,0.55,13.2,2026-08-16T18:08:48Z,2026-08-16T19:03:31Z,USD
pay_e62aedd675274039846d,o_20260816_00001267,captured,paypal,63.63,2.1,9.44,5.08,0.0,80.25,2026-08-16T19:39:21Z,2026-08-16T20:20:35Z,USD
pay_98ed8f3ff82c46caa2b6,o_20260816_00001268,refunded,apple_pay,109.97,5.22,11.8,9.99,0.0,136.98,2026-08-16T20:02:16Z,,USD
pay_1496e0503bf943c0bb3b,o_20260816_00001269,captured,apple_pay,78.74,2.84,10.06,4.98,11.81,84.81,2026-08-16T20:54:11Z,2026-08-16T21:12:53Z,USD
pay_40977706aff2458aa131,o_20260816_00001270,captured,card,67.19,5.95,7.07,4.36,6.72,77.85,2026-08-16T18:08:32Z,2026-08-16T18:59:16Z,USD
pay_45d3affef8ea4c5a90f4,o_20260816_00001271,captured,apple_pay,56.18,1.12,5.59,5.52,0.0,68.41,2026-08-16T20:55:06Z,2026-08-16T21:22:38Z,USD
pay_a1d5d5b00bf54aa9b47b,o_20260816_00001272,captured,card,124.17,2.55,19.75,8.26,12.42,142.31,2026-08-16T20:15:43Z,2026-08-16T21:08:30Z,USD
pay_66f8dd8836934bf1a00c,o_20260816_00001273,captured,paypal,47.54,2.76,5.55,4.17,2.38,57.64,2026-08-16T13:31:38Z,2026-08-16T14:39:39Z,USD
pay_4d733764ff324933b13d,o_20260816_00001274,captured,card,36.32,4.98,4.74,2.97,0.0,49.01,2026-08-16T20:25:23Z,2026-08-16T21:11:09Z,USD
pay_b5e2afc8ccde4d9f9add,o_20260816_00001275,captured,apple_pay,139.75,1.09,22.23,13.82,0.0,176.89,2026-08-16T12:47:52Z,2026-08-16T13:45:23Z,USD
pay_ea9219d218044024874a,o_20260816_00001276,captured,paypal,82.16,6.35,7.03,6.2,0.0,101.74,2026-08-16T19:37:40Z,2026-08-16T20:16:35Z,USD
pay_f56a28ea6e464935b5f2,o_20260816_00001277,captured,wallet,67.14,2.65,7.13,6.19,6.71,76.4,2026-08-16T13:44:12Z,2026-08-16T14:14:53Z,USD
pay_dcc92e38edb54dac8b5e,o_20260816_00001278,captured,card,90.16,1.23,10.2,7.64,13.52,95.71,2026-08-16T13:15:56Z,2026-08-16T14:27:18Z,USD
pay_8833775884e34953a63c,o_20260816_00001279,voided,card,60.16,5.59,5.81,4.05,9.02,66.59,2026-08-16T20:05:01Z,,USD
pay_c423455fb6d443529b91,o_20260816_00001280,captured,wallet,50.4,4.71,5.86,5.01,0.0,65.98,2026-08-16T18:27:04Z,2026-08-16T19:04:33Z,USD
pay_4a4a27aabeb94b4392b3,o_20260816_00001281,voided,apple_pay,98.63,1.16,12.31,5.37,14.79,102.68,2026-08-16T12:44:40Z,,USD
pay_04719434e64d4dbca354,o_20260816_00001282,captured,paypal,139.69,5.74,12.97,8.39,20.95,145.84,2026-08-16T08:33:24Z,2026-08-16T09:22:05Z,USD
pay_e2b556ed89094ecb93ba,o_20260816_00001283,refunded,card,70.37,3.88,10.75,5.35,10.56,79.79,2026-08-16T18:20:55Z,,USD
pay_61abdacc0e0a454ab7bc,o_20260816_00001284,captured,paypal,38.99,0.5,4.32,3.33,5.85,41.29,2026-08-16T13:15:20Z,2026-08-16T14:08:00Z,USD
pay_7320edd766bf434199c1,o_20260816_00001285,captured,apple_pay,59.73,2.83,4.88,5.05,5.97,66.52,2026-08-16T12:41:20Z,2026-08-16T13:26:28Z,USD
pay_9be6487fc2364267ad7c,o_20260816_00001286,captured,wallet,43.53,1.73,4.93,2.24,6.53,45.9,2026-08-16T20:52:05Z,2026-08-16T21:52:34Z,USD
pay_f1d7b920113d4e7e8d95,o_20260816_00001287,refunded,paypal,28.92,3.51,2.79,2.72,1.45,36.49,2026-08-16T12:19:20Z,,USD
pay_4ff33151de2f4df7bcfc,o_20260816_00001288,captured,card,81.89,6.94,12.16,6.49,0.0,107.48,2026-08-16T13:04:45Z,2026-08-16T13:53:24Z,USD
pay_2c33c30860eb4bfd984d,o_20260816_00001289,captured,paypal,12.37,3.99,1.61,1.18,0.0,19.15,2026-08-16T08:36:46Z,2026-08-16T09:45:14Z,USD
pay_a27a83a772104773abc1,o_20260816_00001290,captured,card,69.51,1.16,5.76,4.05,6.95,73.53,2026-08-16T18:14:15Z,2026-08-16T19:01:34Z,USD
pay_7daa21eab06641208bbc,o_20260816_00001291,captured,apple_pay,105.64,3.23,11.38,7.74,5.28,122.71,2026-08-16T18:39:39Z,2026-08-16T19:22:20Z,USD
pay_c314a29962474f13aac8,o_20260816_00001292,captured,apple_pay,9.51,4.22,1.3,0.53,0.95,14.61,2026-08-16T13:01:50Z,2026-08-16T13:41:53Z,USD
pay_ff0733b19c254e62b200,o_20260816_00001293,captured,wallet,80.51,5.55,8.15,6.29,12.08,88.42,2026-08-16T13:13:22Z,2026-08-16T13:44:45Z,USD
pay_4734c3fc0e7843c58970,o_20260816_00001294,captured,paypal,28.46,2.03,3.43,2.9,0.0,36.82,2026-08-16T20:00:19Z,2026-08-16T21:00:27Z,USD
pay_2abf3c1eb1ee43158676,o_20260816_00001295,captured,wallet,20.7,3.09,1.95,1.48,3.1,24.12,2026-08-16T11:37:55Z,2026-08-16T12:29:41Z,USD
pay_339aaa1d15c34f47bc88,o_20260816_00001296,captured,paypal,65.94,5.16,8.14,5.61,0.0,84.85,2026-08-16T12:11:00Z,2026-08-16T12:55:20Z,USD
pay_7bde45b4fe784463b201,o_20260816_00001297,captured,apple_pay,40.51,0.95,5.11,3.71,4.05,46.23,2026-08-16T12:06:51Z,2026-08-16T12:53:33Z,USD
pay_4b25c07fa6634a19a92a,o_20260816_00001298,captured,wallet,103.74,3.35,12.04,6.18,15.56,109.75,2026-08-16T18:27:02Z,2026-08-16T19:17:54Z,USD
pay_f218d5adb94f49e68d7b,o_20260816_00001299,captured,paypal,51.58,5.74,6.93,3.44,5.16,62.53,2026-08-16T08:08:22Z,2026-08-16T08:44:12Z,USD
pay_174023b2e7314219b033,o_20260816_00001300,captured,apple_pay,88.96,0.81,10.17,5.48,0.0,105.42,2026-08-16T12:42:34Z,2026-08-16T13:28:06Z,USD
pay_25a5fb0ea39e403e8f58,o_20260816_00001301,voided,wallet,27.32,5.44,2.39,1.99,0.0,37.14,2026-08-16T18:25:34Z,,USD
pay_cf3fb165d9284b3898e0,o_20260816_00001302,captured,card,106.28,6.77,14.34,10.22,5.31,132.3,2026-08-16T18:51:14Z,2026-08-16T19:27:44Z,USD
pay_7fa910127b534811ab59,o_20260816_00001303,captured,card,136.84,4.31,19.7,11.51,20.53,151.83,2026-08-16T13:51:32Z,2026-08-16T14:37:06Z,USD
pay_0483169c0bfd4f609ccf,o_20260816_00001304,captured,wallet,54.55,6.45,6.92,5.06,0.0,72.98,2026-08-16T19:03:14Z,2026-08-16T20:00:54Z,USD
pay_100c62fac4ec4b478e01,o_20260816_00001305,captured,apple_pay,32.42,5.04,4.39,2.33,0.0,44.18,2026-08-16T08:01:57Z,2026-08-16T08:24:35Z,USD
pay_7f9fe8f5ba154b6294eb,o_20260816_00001306,captured,wallet,63.36,5.46,7.76,5.35,0.0,81.93,2026-08-16T19:15:26Z,2026-08-16T20:19:59Z,USD
pay_a543f524799a4c988d20,o_20260816_00001307,captured,card,49.95,2.15,5.92,4.97,0.0,62.99,2026-08-16T18:34:11Z,2026-08-16T19:06:24Z,USD
pay_6b1b1204244742bbbe60,o_20260816_00001308,captured,wallet,23.8,1.52,2.11,1.96,1.19,28.2,2026-08-16T11:37:50Z,2026-08-16T12:04:29Z,USD
pay_a4db8d4e6b574934bece,o_20260816_00001309,captured,paypal,97.36,4.02,9.01,8.05,14.6,103.84,2026-08-16T12:34:04Z,2026-08-16T13:29:44Z,USD
pay_f432d51d82eb402a960d,o_20260816_00001310,captured,wallet,56.93,0.58,8.24,5.49,0.0,71.24,2026-08-16T08:08:40Z,2026-08-16T08:38:15Z,USD
pay_156c4ebc637940529bb4,o_20260816_00001311,captured,paypal,60.18,4.92,8.64,4.9,0.0,78.64,2026-08-16T20:19:58Z,2026-08-16T21:21:09Z,USD
pay_8b853b7951464a3788cf,o_20260816_00001312,captured,apple_pay,64.65,1.41,10.11,4.92,9.7,71.39,2026-08-16T19:00:11Z,2026-08-16T19:43:45Z,USD
pay_a51fb5837d5348b4a310,o_20260816_00001313,captured,paypal,94.01,3.89,10.16,6.81,0.0,114.87,2026-08-16T20:39:01Z,2026-08-16T21:13:59Z,USD
pay_226b7d45b09e4a9ba49a,o_20260816_00001314,captured,wallet,58.55,5.56,7.75,4.31,0.0,76.17,2026-08-16T08:36:10Z,2026-08-16T09:24:57Z,USD
pay_596b816d44064963b860,o_20260816_00001315,captured,apple_pay,23.8,4.22,3.51,2.43,0.0,33.96,2026-08-16T13:30:31Z,2026-08-16T14:11:30Z,USD
pay_e1f3c90103f148d38131,o_20260816_00001316,captured,card,63.69,1.93,6.09,5.23,0.0,76.94,2026-08-16T19:03:36Z,2026-08-16T19:49:18Z,USD
pay_25f3f3420390487c993f,o_20260816_00001317,captured,apple_pay,57.99,4.53,5.88,4.85,8.7,64.55,2026-08-16T19:09:04Z,2026-08-16T19:52:09Z,USD
pay_9e1e9bb4000d4ec89e18,o_20260816_00001318,captured,apple_pay,46.76,3.02,3.99,2.51,7.01,49.27,2026-08-16T20:53:47Z,2026-08-16T21:39:42Z,USD
pay_0ad35edfa2d34a4bb94d,o_20260816_00001319,captured,paypal,103.04,4.15,13.07,10.55,0.0,130.81,2026-08-16T21:00:40Z,2026-08-16T21:50:30Z,USD
pay_d40eda78fa6a41459a14,o_20260816_00001320,captured,apple_pay,142.25,2.68,14.37,13.54,0.0,172.84,2026-08-16T11:01:51Z,2026-08-16T12:13:28Z,USD
pay_82d0dd8327de49609105,o_20260816_00001321,captured,card,97.36,1.01,10.57,7.44,14.6,101.78,2026-08-16T18:32:40Z,2026-08-16T19:21:51Z,USD
pay_81ce89d89cdc42ec9650,o_20260816_00001322,captured,paypal,65.79,4.76,6.04,4.09,9.87,70.81,2026-08-16T20:02:26Z,2026-08-16T20:52:20Z,USD
pay_4eac74a54bb74d56b01f,o_20260816_00001323,captured,apple_pay,145.59,1.0,20.07,11.23,14.56,163.33,2026-08-16T11:21:37Z,2026-08-16T11:49:48Z,USD
pay_09e956f632ef4a2bb4d1,o_20260816_00001324,captured,paypal,120.63,5.54,17.4,10.73,0.0,154.3,2026-08-16T12:54:11Z,2026-08-16T13:53:03Z,USD
pay_6b5e174ea2994962b4fd,o_20260816_00001325,captured,apple_pay,37.92,3.51,3.85,2.99,3.79,44.48,2026-08-16T12:39:54Z,2026-08-16T13:26:49Z,USD
pay_4c17a3aa514b4bd7965f,o_20260816_00001326,captured,paypal,20.08,3.59,1.88,1.56,1.0,26.11,2026-08-16T13:48:04Z,2026-08-16T14:29:49Z,USD
pay_cd06b4516369487ca3a4,o_20260816_00001327,captured,wallet,15.46,1.97,1.9,1.13,0.0,20.46,2026-08-16T18:09:28Z,2026-08-16T18:51:06Z,USD
pay_2f123c48c83246bba219,o_20260816_00001328,captured,card,64.89,6.61,8.42,4.2,0.0,84.12,2026-08-16T11:43:02Z,2026-08-16T12:27:42Z,USD
pay_fc95fcc9606a4cb080d6,o_20260816_00001329,captured,wallet,115.74,2.01,13.95,8.51,0.0,140.21,2026-08-16T13:01:05Z,2026-08-16T13:44:46Z,USD
pay_dabc371c65194e56a1a7,o_20260816_00001330,voided,apple_pay,31.85,2.01,3.98,2.73,0.0,40.57,2026-08-16T20:37:14Z,,USD
pay_63134ca96ddd40fdb9d8,o_20260816_00001331,captured,apple_pay,28.09,5.8,2.66,1.96,4.21,34.3,2026-08-16T19:31:43Z,2026-08-16T20:49:49Z,USD
pay_b90fafdc105b4d2a97f1,o_20260816_00001332,captured,apple_pay,16.43,3.97,2.08,1.15,0.82,22.81,2026-08-16T18:54:16Z,2026-08-16T19:48:21Z,USD
pay_929aa8372b7642eeb04f,o_20260816_00001333,captured,card,73.3,5.97,8.44,4.63,3.67,88.67,2026-08-16T18:58:03Z,2026-08-16T19:40:35Z,USD
pay_60aee84071d744e5b075,o_20260816_00001334,captured,paypal,67.69,4.6,9.48,4.86,6.77,79.86,2026-08-16T18:23:37Z,2026-08-16T18:50:07Z,USD
pay_46e849af8ab44f2b827d,o_20260816_00001335,captured,apple_pay,58.2,6.3,8.67,3.48,8.73,67.92,2026-08-16T12:53:20Z,2026-08-16T13:18:02Z,USD
pay_2d661a9838f24ee29ee1,o_20260816_00001336,captured,card,9.97,5.06,1.43,0.73,0.0,17.19,2026-08-16T11:18:35Z,2026-08-16T12:08:26Z,USD
pay_9e42978adf71471d996c,o_20260816_00001337,captured,apple_pay,109.65,5.86,15.27,11.18,0.0,141.96,2026-08-16T12:35:42Z,2026-08-16T13:25:26Z,USD
pay_e4d20f5fa68144f28371,o_20260816_00001338,captured,paypal,29.86,6.52,3.96,2.9,0.0,43.24,2026-08-16T08:05:15Z,2026-08-16T08:42:09Z,USD
pay_a2653dc1c01b40b9be52,o_20260816_00001339,captured,wallet,49.82,6.64,7.37,3.92,0.0,67.75,2026-08-16T14:00:31Z,2026-08-16T14:56:14Z,USD
pay_5982861ee86048778eab,o_20260816_00001340,captured,wallet,23.78,4.47,3.08,1.61,0.0,32.94,2026-08-16T13:35:58Z,2026-08-16T14:22:27Z,USD
pay_ba446a9d13274923bf5a,o_20260816_00001341,captured,wallet,29.75,6.79,2.47,2.62,2.98,38.65,2026-08-16T13:21:36Z,2026-08-16T14:01:21Z,USD
pay_4fe796dcaeeb4943ad2b,o_20260816_00001342,captured,apple_pay,7.05,6.35,0.98,0.63,0.35,14.66,2026-08-16T19:31:42Z,2026-08-16T20:23:10Z,USD
pay_b7c8bb46cff6418d984c,o_20260816_00001343,captured,paypal,54.4,6.73,8.47,5.04,0.0,74.64,2026-08-16T13:52:31Z,2026-08-16T14:06:08Z,USD
pay_e325fa77f5dc424b8176,o_20260816_00001344,captured,paypal,44.46,1.65,6.5,3.68,0.0,56.29,2026-08-16T18:51:31Z,2026-08-16T19:37:05Z,USD
pay_a2587e76c678450e83ec,o_20260816_00001345,captured,paypal,41.34,6.08,4.07,2.72,2.07,52.14,2026-08-16T12:12:57Z,2026-08-16T12:37:28Z,USD
pay_1831bbf9d84e447091b8,o_20260816_00001346,captured,apple_pay,8.51,6.43,0.79,0.51,1.28,14.96,2026-08-16T13:09:52Z,2026-08-16T13:56:58Z,USD
pay_99fe2ff41d5f449ba2f2,o_20260816_00001347,captured,apple_pay,125.0,3.04,18.64,7.99,0.0,154.67,2026-08-16T11:10:01Z,2026-08-16T12:02:39Z,USD
pay_bdd5c6f089434827887f,o_20260816_00001348,captured,wallet,6.61,5.19,1.01,0.43,0.33,12.91,2026-08-16T19:41:37Z,2026-08-16T20:36:35Z,USD
pay_88f26bb318be40e7896f,o_20260816_00001349,captured,apple_pay,12.35,3.64,1.97,0.94,1.85,17.05,2026-08-16T08:53:40Z,2026-08-16T09:43:05Z,USD
pay_f806025b0c584e169c6b,o_20260816_00001350,captured,wallet,49.88,5.97,4.86,3.73,4.99,59.45,2026-08-16T19:08:04Z,2026-08-16T19:50:42Z,USD
pay_e968b43d04af4d009f0e,o_20260816_00001351,voided,paypal,7.54,3.4,0.91,0.47,0.0,12.32,2026-08-16T11:03:46Z,,USD
pay_03b93782a936491eb8aa,o_20260816_00001352,captured,wallet,67.16,6.41,10.67,4.49,10.07,78.66,2026-08-16T11:10:51Z,2026-08-16T11:50:09Z,USD
pay_36e7e61f375545f787c6,o_20260816_00001353,captured,wallet,114.1,4.97,17.55,8.32,11.41,133.53,2026-08-16T11:50:00Z,2026-08-16T12:54:21Z,USD
pay_83c41a16b83f457ab139,o_20260816_00001354,captured,card,65.31,3.36,6.43,5.33,0.0,80.43,2026-08-16T12:50:24Z,2026-08-16T13:29:27Z,USD
pay_6741bc90381f436b8e37,o_20260816_00001355,captured,paypal,6.58,6.52,0.59,0.64,0.0,14.33,2026-08-16T11:45:21Z,2026-08-16T12:34:00Z,USD
pay_430984c410554321b6f8,o_20260816_00001356,captured,card,108.91,0.84,9.49,11.04,0.0,130.28,2026-08-16T18:56:28Z,2026-08-16T19:20:47Z,USD
pay_43d0eafd607a49d49e73,o_20260816_00001357,captured,apple_pay,51.72,2.87,5.9,3.57,2.59,61.47,2026-08-16T18:06:13Z,2026-08-16T18:45:02Z,USD
pay_620cddec604a499db0e7,o_20260816_00001358,captured,card,11.44,1.05,1.23,0.85,0.0,14.57,2026-08-16T08:40:25Z,2026-08-16T09:34:02Z,USD
pay_7f321c26953348c0b190,o_20260816_00001359,captured,apple_pay,14.58,1.1,1.22,1.46,0.0,18.36,2026-08-16T11:26:21Z,2026-08-16T12:08:37Z,USD
pay_061517b12e2c43d782cd,o_20260816_00001360,captured,wallet,105.81,3.78,9.01,7.02,15.87,109.75,2026-08-16T18:35:04Z,2026-08-16T19:33:11Z,USD
pay_cf37e85bf95545e48a9f,o_20260816_00001361,captured,wallet,17.46,3.43,1.87,1.57,1.75,22.58,2026-08-16T12:14:35Z,2026-08-16T12:40:09Z,USD
pay_3881505acaae4e28ab38,o_20260816_00001362,captured,wallet,24.88,2.86,3.32,1.89,1.24,31.71,2026-08-16T08:20:25Z,2026-08-16T09:06:03Z,USD
pay_854f5643c92c47e88b2e,o_20260816_00001363,captured,wallet,99.52,5.63,12.78,5.86,4.98,118.81,2026-08-16T19:58:24Z,2026-08-16T20:37:02Z,USD
pay_6cdb358ad987441bb791,o_20260816_00001364,captured,apple_pay,89.05,6.09,8.96,7.04,13.36,97.78,2026-08-16T13:07:09Z,2026-08-16T13:49:24Z,USD
pay_867c871eb3374837bc7d,o_20260816_00001365,captured,apple_pay,95.3,5.09,11.87,6.73,4.76,114.23,2026-08-16T12:53:06Z,2026-08-16T13:36:19Z,USD
pay_06f4f88ad1a549f4bf6c,o_20260816_00001366,voided,wallet,41.4,0.55,6.38,2.95,0.0,51.28,2026-08-16T12:56:51Z,,USD
pay_3d94677d8ae74134997b,o_20260816_00001367,captured,paypal,17.68,5.22,1.98,1.55,0.0,26.43,2026-08-16T11:23:46Z,2026-08-16T12:17:35Z,USD
pay_a6a2cfcb584643f2ae0e,o_20260816_00001368,captured,apple_pay,11.79,5.78,1.08,0.98,1.18,18.45,2026-08-16T13:27:20Z,2026-08-16T14:13:13Z,USD
pay_65d141c02ece446181e4,o_20260816_00001369,captured,wallet,22.8,3.2,1.9,1.69,2.28,27.31,2026-08-16T13:45:24Z,2026-08-16T14:30:10Z,USD
pay_8d3722e44ff545a0a2f5,o_20260816_00001370,captured,paypal,118.16,6.12,16.73,8.28,11.82,137.47,2026-08-16T11:46:14Z,2026-08-16T12:24:09Z,USD
pay_a507019ebc9d44f7b540,o_20260816_00001371,captured,wallet,74.18,6.78,10.0,4.29,3.71,91.54,2026-08-16T11:07:33Z,2026-08-16T11:59:05Z,USD
pay_33c4279bff1b43b9a8c8,o_20260816_00001372,captured,card,30.63,2.4,3.42,2.91,0.0,39.36,2026-08-16T20:35:39Z,2026-08-16T20:57:59Z,USD
pay_ba870dfcafcb43b59575,o_20260816_00001373,captured,card,18.09,5.09,2.66,1.25,1.81,25.28,2026-08-16T12:42:48Z,2026-08-16T13:38:18Z,USD
pay_c34eb6daca894964903d,o_20260816_00001374,captured,apple_pay,85.57,1.92,12.67,7.09,0.0,107.25,2026-08-16T18:24:24Z,2026-08-16T19:04:52Z,USD
pay_833295fbb4514c7f906e,o_20260816_00001375,captured,apple_pay,67.72,4.63,5.71,5.34,0.0,83.4,2026-08-16T19:00:58Z,2026-08-16T19:45:48Z,USD
pay_a0514e2ab6c240aeaa7e,o_20260816_00001376,captured,paypal,30.7,6.47,3.84,2.36,0.0,43.37,2026-08-16T11:46:55Z,2026-08-16T12:27:08Z,USD
pay_4c7869e2f50e4d82b411,o_20260816_00001377,captured,paypal,134.33,3.61,18.51,11.87,0.0,168.32,2026-08-16T18:44:40Z,2026-08-16T19:17:34Z,USD
pay_19b0acce6ee44613af0b,o_20260816_00001378,captured,paypal,101.94,6.9,13.28,7.63,0.0,129.75,2026-08-16T20:08:25Z,2026-08-16T21:12:12Z,USD
pay_d4e0430663a64fe187d1,o_20260816_00001379,voided,paypal,62.87,5.75,6.21,4.63,0.0,79.46,2026-08-16T11:28:34Z,,USD
pay_43dba111808045d59cff,o_20260816_00001380,captured,wallet,55.59,1.13,6.41,4.84,5.56,62.41,2026-08-16T13:21:40Z,2026-08-16T14:09:31Z,USD
pay_fd618b90f1804e72b803,o_20260816_00001381,captured,card,172.03,0.74,18.83,12.4,0.0,204.0,2026-08-16T19:04:41Z,2026-08-16T20:07:01Z,USD
pay_7af19d6e71df42babe6e,o_20260816_00001382,captured,paypal,21.16,4.57,2.52,1.58,3.17,26.66,2026-08-16T18:46:08Z,2026-08-16T19:40:01Z,USD
pay_0e165ef0734c4f7dbafa,o_20260816_00001383,captured,apple_pay,33.53,3.79,5.24,2.61,0.0,45.17,2026-08-16T18:06:34Z,2026-08-16T19:01:07Z,USD
pay_a11567d73446478caf7d,o_20260816_00001384,captured,paypal,86.66,2.21,10.81,7.32,0.0,107.0,2026-08-16T11:33:08Z,2026-08-16T12:12:41Z,USD
pay_395ac89a8cc1487c93c7,o_20260816_00001385,captured,card,42.37,2.56,6.74,2.76,0.0,54.43,2026-08-16T19:02:32Z,2026-08-16T20:09:12Z,USD
pay_24208d8b38ae4245a6bb,o_20260816_00001386,refunded,paypal,61.65,2.38,7.51,3.52,6.17,68.89,2026-08-16T12:52:59Z,,USD
pay_537eca5519bd44c69ea3,o_20260816_00001387,captured,card,66.46,1.14,7.51,4.68,6.65,73.14,2026-08-16T12:19:01Z,2026-08-16T12:49:39Z,USD
pay_867faeab25fa4fd0b8f3,o_20260816_00001388,captured,card,20.06,1.44,2.25,1.27,1.0,24.02,2026-08-16T18:34:55Z,2026-08-16T19:30:28Z,USD
pay_001bc4389bfa4b289712,o_20260816_00001389,captured,wallet,18.87,5.58,2.67,1.19,0.0,28.31,2026-08-16T18:36:40Z,2026-08-16T19:09:13Z,USD
pay_cd9407db7b344dafaeb2,o_20260816_00001390,captured,wallet,9.51,1.88,1.01,0.57,1.43,11.54,2026-08-16T19:11:11Z,2026-08-16T19:55:00Z,USD
pay_48981a6a41364e86ba7c,o_20260816_00001391,captured,card,36.32,2.54,4.06,3.32,0.0,46.24,2026-08-16T12:43:38Z,2026-08-16T13:22:42Z,USD
pay_d5ef529945ff43d1b8bc,o_20260816_00001392,captured,card,111.18,6.85,12.9,6.32,11.12,126.13,2026-08-16T19:36:02Z,2026-08-16T20:13:47Z,USD
pay_2b6d5b3fee9e44739465,o_20260816_00001393,captured,card,73.07,1.28,8.37,5.39,0.0,88.11,2026-08-16T20:11:23Z,2026-08-16T21:16:02Z,USD
pay_293c6141e5c040f58e7c,o_20260816_00001394,refunded,apple_pay,20.45,6.93,2.04,1.7,0.0,31.12,2026-08-16T12:25:47Z,,USD
pay_33d317a50b214d77bdef,o_20260816_00001395,captured,card,33.39,3.35,4.45,2.8,0.0,43.99,2026-08-16T13:01:59Z,2026-08-16T13:34:50Z,USD
pay_392e4c04cdf44d0a97a9,o_20260816_00001396,captured,paypal,89.15,1.36,8.05,7.09,4.46,101.19,2026-08-16T19:57:05Z,2026-08-16T20:39:37Z,USD
pay_b2729620552f4181bfa9,o_20260816_00001397,captured,apple_pay,59.89,6.15,7.39,4.13,8.98,68.58,2026-08-16T13:58:01Z,2026-08-16T15:08:42Z,USD
pay_56418485b225468d8502,o_20260816_00001398,captured,card,82.64,2.87,12.47,6.32,8.26,96.04,2026-08-16T18:37:28Z,2026-08-16T19:28:05Z,USD
pay_5b8394604d2d4f8a9c97,o_20260816_00001399,captured,card,70.2,5.98,9.68,6.76,3.51,89.11,2026-08-16T19:49:38Z,2026-08-16T20:56:19Z,USD
pay_eed149f2eea54ea39508,o_20260816_00001400,captured,paypal,66.37,1.2,7.47,4.44,9.96,69.52,2026-08-16T11:14:25Z,2026-08-16T11:31:16Z,USD
pay_d2ad990e509a4a219898,o_20260816_00001401,captured,paypal,29.86,3.33,2.96,3.06,0.0,39.21,2026-08-16T20:09:09Z,2026-08-16T20:42:59Z,USD
pay_5012142fe59e49eeb6d9,o_20260816_00001402,captured,wallet,111.16,3.01,10.84,9.14,0.0,134.15,2026-08-16T19:17:10Z,2026-08-16T20:05:59Z,USD
pay_74a817b47be24194a7c5,o_20260816_00001403,captured,apple_pay,75.27,6.48,6.14,5.46,3.76,89.59,2026-08-16T20:31:44Z,2026-08-16T21:13:31Z,USD
pay_6d5d0528db374d52ab4a,o_20260816_00001404,captured,apple_pay,10.57,4.59,0.97,0.79,1.06,15.86,2026-08-16T18:43:31Z,2026-08-16T19:41:52Z,USD
pay_bdfa2f25a69d4e67868d,o_20260816_00001405,captured,paypal,22.62,2.46,2.75,1.85,3.39,26.29,2026-08-16T19:46:28Z,2026-08-16T20:28:46Z,USD
pay_49740c46d17b435a9b3e,o_20260816_00001406,captured,paypal,103.62,1.18,13.82,7.91,5.18,121.35,2026-08-16T18:59:24Z,2026-08-16T19:54:59Z,USD
pay_6d9459528586491e94d5,o_20260816_00001407,captured,card,42.4,3.83,5.03,2.8,6.36,47.7,2026-08-16T08:16:49Z,2026-08-16T08:46:36Z,USD
pay_e44ebf3a021e4c16ae4b,o_20260816_00001408,captured,wallet,54.76,3.39,7.82,4.52,0.0,70.49,2026-08-16T12:15:50Z,2026-08-16T13:01:05Z,USD
pay_35dbe995deaf463d9f91,o_20260816_00001409,captured,card,28.28,4.46,3.48,1.75,0.0,37.97,2026-08-16T18:28:46Z,2026-08-16T19:39:17Z,USD
pay_0a8c59bab2214ddc9be8,o_20260816_00001410,captured,apple_pay,21.9,2.15,3.29,2.17,0.0,29.51,2026-08-16T12:20:33Z,2026-08-16T13:12:21Z,USD
pay_76c831d1e6a84e05b986,o_20260816_00001411,captured,wallet,42.18,1.73,5.69,3.68,0.0,53.28,2026-08-16T20:47:06Z,2026-08-16T21:35:41Z,USD
pay_cabe3505d6ef4a8b8ad8,o_20260816_00001412,captured,card,113.96,2.07,12.32,8.63,17.09,119.89,2026-08-16T20:33:20Z,2026-08-16T21:38:51Z,USD
pay_45e0ff40a48e4054ae86,o_20260816_00001413,captured,card,103.94,3.06,14.33,6.35,5.2,122.48,2026-08-16T20:47:27Z,2026-08-16T21:09:32Z,USD
pay_ca34e70573d44845b817,o_20260816_00001414,captured,card,79.5,5.6,12.61,4.29,7.95,94.05,2026-08-16T11:52:27Z,2026-08-16T12:37:58Z,USD
pay_c30d9f9c390847068fab,o_20260816_00001415,refunded,apple_pay,138.11,0.61,19.01,9.13,20.72,146.14,2026-08-16T12:35:43Z,,USD
pay_af1e0c81cecf4f03ae22,o_20260816_00001416,captured,wallet,107.51,6.34,14.97,6.55,0.0,135.37,2026-08-16T19:36:28Z,2026-08-16T20:26:13Z,USD
pay_819d9f100bbb41d88294,o_20260816_00001417,captured,paypal,97.22,5.34,13.15,7.75,0.0,123.46,2026-08-16T12:08:31Z,2026-08-16T13:04:59Z,USD
pay_eb5316c490d04abe9cd3,o_20260816_00001418,captured,paypal,52.76,5.31,6.55,2.84,7.91,59.55,2026-08-16T11:17:57Z,2026-08-16T11:58:28Z,USD
pay_eb3dc8ceddb34357aa6b,o_20260816_00001419,captured,wallet,18.52,1.83,2.21,1.5,1.85,22.21,2026-08-16T19:46:10Z,2026-08-16T20:46:02Z,USD
pay_675280df7d6a4b7db933,o_20260816_00001420,voided,card,56.97,5.65,7.54,4.61,0.0,74.77,2026-08-16T19:32:09Z,,USD
pay_3f74e8c43b044c92977e,o_20260816_00001421,refunded,card,59.66,6.67,9.35,5.74,0.0,81.42,2026-08-16T18:02:44Z,,USD
pay_810f64607b15423f89fd,o_20260816_00001422,captured,wallet,140.37,4.87,16.44,11.78,7.02,166.44,2026-08-16T18:35:39Z,2026-08-16T19:16:30Z,USD
pay_e1b6c2fdfc064cce9199,o_20260816_00001423,captured,paypal,69.49,0.79,9.16,4.89,6.95,77.38,2026-08-16T12:50:32Z,2026-08-16T13:40:18Z,USD
pay_8ce77806062f4b3da3c8,o_20260816_00001424,captured,card,18.58,2.27,2.46,1.21,0.0,24.52,2026-08-16T12:36:08Z,2026-08-16T12:51:45Z,USD
pay_85113c9ff47c45e191a8,o_20260816_00001425,captured,paypal,6.71,4.26,0.99,0.49,0.34,12.11,2026-08-16T11:07:52Z,2026-08-16T12:01:56Z,USD
pay_25dd17d3b37541f1b903,o_20260816_00001426,captured,card,72.86,5.3,6.78,6.18,10.93,80.19,2026-08-16T12:48:29Z,2026-08-16T13:47:34Z,USD
pay_de0f3cc96eb14f49a897,o_20260816_00001427,captured,card,58.35,2.31,9.09,3.57,8.75,64.57,2026-08-16T20:11:49Z,2026-08-16T20:51:31Z,USD
pay_8beb3600e94340728ba1,o_20260816_00001428,captured,wallet,14.6,3.99,2.1,1.44,0.0,22.13,2026-08-16T11:46:42Z,2026-08-16T12:40:16Z,USD
pay_6d4c5c8274324862957b,o_20260816_00001429,voided,paypal,58.7,6.03,5.22,5.84,0.0,75.79,2026-08-16T20:47:53Z,,USD
pay_476ec03b67554946b781,o_20260816_00001430,captured,paypal,113.75,4.79,12.57,9.88,17.06,123.93,2026-08-16T11:23:04Z,2026-08-16T11:58:54Z,USD
pay_f3a2756cb32b46099366,o_20260816_00001431,captured,apple_pay,109.07,5.26,9.41,8.47,0.0,132.21,2026-08-16T13:25:52Z,2026-08-16T14:12:27Z,USD
pay_3a19024fd98f4e8fb409,o_20260816_00001432,captured,wallet,62.62,4.78,9.04,5.32,0.0,81.76,2026-08-16T20:43:36Z,2026-08-16T21:19:07Z,USD
pay_838881cfd1984f6f9e96,o_20260816_00001433,captured,apple_pay,77.34,1.05,11.65,7.05,3.87,93.22,2026-08-16T20:20:30Z,2026-08-16T21:10:49Z,USD
pay_eb7349ca653e4bb5912d,o_20260816_00001434,captured,apple_pay,44.21,6.56,6.15,3.83,6.63,54.12,2026-08-16T18:02:25Z,2026-08-16T18:38:17Z,USD
pay_c15b5f805434428f9f7d,o_20260816_00001435,captured,card,83.22,5.68,9.34,5.14,0.0,103.38,2026-08-16T12:49:42Z,2026-08-16T13:10:31Z,USD
pay_d697a94b3f704ee4a69a,o_20260816_00001436,captured,card,115.93,1.36,10.61,8.88,0.0,136.78,2026-08-16T11:25:13Z,2026-08-16T11:58:52Z,USD
pay_c3ec9a1bcfc64e5793e8,o_20260816_00001437,refunded,wallet,131.4,3.61,13.6,12.62,6.57,154.66,2026-08-16T08:44:09Z,,USD
pay_85498880720042c0b3ec,o_20260816_00001438,captured,paypal,25.29,6.1,2.27,1.56,0.0,35.22,2026-08-16T20:13:16Z,2026-08-16T21:13:28Z,USD
pay_ed8cb5ce2c044f1d9254,o_20260816_00001439,captured,apple_pay,60.96,1.01,6.52,4.13,9.14,63.48,2026-08-16T11:30:29Z,2026-08-16T12:28:16Z,USD
pay_0068b8a968c942589b8d,o_20260816_00001440,captured,card,106.36,6.72,13.66,7.33,0.0,134.07,2026-08-16T19:00:03Z,2026-08-16T20:05:17Z,USD
pay_46405da9e8864400a1e0,o_20260816_00001441,captured,card,17.46,6.21,2.34,1.17,0.0,27.18,2026-08-16T18:21:43Z,2026-08-16T18:48:53Z,USD
pay_dc9a155ba7924d47b73f,o_20260816_00001442,captured,card,74.48,5.34,10.42,6.99,0.0,97.23,2026-08-16T11:08:07Z,2026-08-16T12:06:42Z,USD
pay_453938d6e57748f08afe,o_20260816_00001443,captured,card,73.28,6.97,6.05,6.0,0.0,92.3,2026-08-16T13:25:42Z,2026-08-16T14:02:10Z,USD
pay_dccf7037f7a442b78446,o_20260816_00001444,captured,card,114.88,4.59,12.14,11.67,0.0,143.28,2026-08-16T12:27:39Z,2026-08-16T13:08:38Z,USD
pay_ae02662fbe354d9e8cdc,o_20260816_00001445,captured,card,43.21,0.94,4.85,2.23,6.48,44.75,2026-08-16T18:06:47Z,2026-08-16T18:45:41Z,USD
pay_c7501f93e59548519f83,o_20260816_00001446,captured,apple_pay,119.59,3.74,15.53,9.87,11.96,136.77,2026-08-16T12:49:04Z,2026-08-16T13:29:58Z,USD
pay_401f09b2ee8f4dfea1ba,o_20260816_00001447,captured,paypal,23.19,6.56,2.87,2.27,0.0,34.89,2026-08-16T19:56:08Z,2026-08-16T20:26:50Z,USD
pay_a0ee40c7c66c43e6a2f4,o_20260816_00001448,captured,card,45.83,4.99,6.31,3.59,0.0,60.72,2026-08-16T19:15:58Z,2026-08-16T19:56:42Z,USD
pay_bed32128acd84a5183c8,o_20260816_00001449,captured,apple_pay,131.94,6.86,20.59,11.03,0.0,170.42,2026-08-16T13:16:16Z,2026-08-16T13:54:56Z,USD
pay_b15b4285d8cb4f39ae32,o_20260816_00001450,captured,apple_pay,47.57,6.08,4.07,2.63,7.14,53.21,2026-08-16T13:46:54Z,2026-08-16T14:19:33Z,USD
pay_e7158469ce9e465cbf4e,o_20260816_00001451,captured,paypal,108.34,1.8,9.46,9.53,5.42,123.71,2026-08-16T18:45:40Z,2026-08-16T19:21:55Z,USD
pay_4c6ba8271055462b8c58,o_20260816_00001452,captured,card,44.91,3.41,5.17,3.3,4.49,52.3,2026-08-16T11:10:19Z,2026-08-16T12:03:31Z,USD
pay_31f8f2d1f05c4064a33f,o_20260816_00001453,captured,paypal,134.86,5.22,17.39,7.79,20.23,145.03,2026-08-16T18:55:57Z,2026-08-16T19:30:36Z,USD
pay_5c3650d904db4cc992a5,o_20260816_00001454,captured,apple_pay,69.46,4.51,10.35,3.98,3.47,84.83,2026-08-16T20:24:58Z,2026-08-16T21:01:38Z,USD
pay_e011324d46ef4c86bfb1,o_20260816_00001455,captured,paypal,8.85,6.93,1.3,0.52,1.33,16.27,2026-08-16T20:04:03Z,2026-08-16T21:03:23Z,USD
pay_5b18883d1958446dbd04,o_20260816_00001456,voided,paypal,28.12,5.71,2.81,1.91,4.22,34.33,2026-08-16T18:35:54Z,,USD
pay_f76c172978d34af3ab79,o_20260816_00001457,captured,apple_pay,26.64,6.05,3.07,1.74,0.0,37.5,2026-08-16T13:01:13Z,2026-08-16T13:32:38Z,USD
pay_435e98364ef2428098b4,o_20260816_00001458,captured,card,65.25,4.57,9.35,3.87,6.53,76.51,2026-08-16T18:34:08Z,2026-08-16T19:28:58Z,USD
pay_e7641a9e9bc742e6a2fd,o_20260816_00001459,captured,wallet,23.28,5.73,3.46,1.49,1.16,32.8,2026-08-16T12:56:00Z,2026-08-16T13:23:47Z,USD
pay_78564ea48d534add9a00,o_20260816_00001460,captured,wallet,37.11,2.87,5.77,2.6,0.0,48.35,2026-08-16T19:33:55Z,2026-08-16T20:27:28Z,USD
pay_812f4b365ad743db8fb4,o_20260816_00001461,captured,paypal,36.32,1.13,4.91,2.7,3.63,41.43,2026-08-16T13:18:00Z,2026-08-16T14:13:52Z,USD
pay_9fbfc7fa96674c4ca14b,o_20260816_00001462,captured,paypal,132.95,1.25,19.1,11.99,0.0,165.29,2026-08-16T12:41:26Z,2026-08-16T13:29:02Z,USD
pay_171ef81dc3e246219b66,o_20260816_00001463,captured,apple_pay,129.64,5.91,19.42,10.72,0.0,165.69,2026-08-16T08:05:09Z,2026-08-16T08:48:46Z,USD
pay_7c7d387a52b1477896de,o_20260816_00001464,captured,paypal,46.96,6.0,7.38,3.87,0.0,64.21,2026-08-16T18:26:47Z,2026-08-16T19:19:27Z,USD
pay_b0a14d648b4e4a1d9e52,o_20260816_00001465,captured,apple_pay,72.62,6.51,10.98,4.49,3.63,90.97,2026-08-16T12:41:04Z,2026-08-16T13:24:47Z,USD
pay_b2e9daefb94245e795b7,o_20260816_00001466,captured,card,90.5,2.97,7.34,8.19,0.0,109.0,2026-08-16T11:58:15Z,2026-08-16T12:45:11Z,USD
pay_e97b9b872765438a82d8,o_20260816_00001467,captured,apple_pay,77.4,3.9,12.07,5.52,0.0,98.89,2026-08-16T18:03:43Z,2026-08-16T18:53:29Z,USD
pay_8cc7fa667ca0472992aa,o_20260816_00001468,captured,paypal,131.94,3.03,14.06,7.8,13.19,143.64,2026-08-16T13:59:37Z,2026-08-16T14:57:10Z,USD
pay_549df21e31aa45b4866b,o_20260816_00001469,captured,paypal,28.12,0.83,3.67,1.57,4.22,29.97,2026-08-16T19:35:41Z,2026-08-16T20:27:05Z,USD
pay_eb9f3e3a0a89498c96c0,o_20260816_00001470,captured,paypal,78.5,4.95,12.32,7.64,0.0,103.41,2026-08-16T19:30:52Z,2026-08-16T20:22:35Z,USD
pay_2992ea47bcea430eb5b3,o_20260816_00001471,captured,paypal,23.28,5.11,3.09,1.57,0.0,33.05,2026-08-16T12:15:50Z,2026-08-16T13:16:06Z,USD
pay_1098322797174e0f9050,o_20260816_00001472,captured,card,137.73,2.55,21.07,11.29,20.66,151.98,2026-08-16T18:34:41Z,2026-08-16T19:21:20Z,USD
pay_db3332a22f16404ebfad,o_20260816_00001473,captured,paypal,144.66,6.83,11.7,11.07,0.0,174.26,2026-08-16T18:52:30Z,2026-08-16T19:20:04Z,USD
pay_6d2b9f949c7d4b7bbcbb,o_20260816_00001474,captured,paypal,37.11,4.65,5.54,3.48,1.86,48.92,2026-08-16T12:54:50Z,2026-08-16T13:45:15Z,USD
pay_7a56f43fb949413e8fe2,o_20260816_00001475,captured,apple_pay,28.53,2.2,3.88,2.91,0.0,37.52,2026-08-16T12:37:35Z,2026-08-16T13:14:58Z,USD
pay_cb76cfb78d654cd49f33,o_20260816_00001476,captured,paypal,32.86,2.94,4.25,3.12,0.0,43.17,2026-08-16T18:52:27Z,2026-08-16T20:03:20Z,USD
pay_4ed00da1f59c496cbb6b,o_20260816_00001477,captured,card,61.48,5.55,6.31,4.73,9.22,68.85,2026-08-16T20:13:05Z,2026-08-16T20:52:09Z,USD
pay_2b6fddcbffc34f7fa015,o_20260816_00001478,captured,apple_pay,26.67,5.8,3.13,2.28,0.0,37.88,2026-08-16T11:36:33Z,2026-08-16T12:27:07Z,USD
pay_c2bd2f29703340ffa6a3,o_20260816_00001479,captured,wallet,69.14,6.32,6.77,6.49,3.46,85.26,2026-08-16T19:17:30Z,2026-08-16T19:53:55Z,USD
pay_5d86d0d62a8844b7bda8,o_20260816_00001480,captured,card,19.4,6.52,1.56,1.59,1.94,27.13,2026-08-16T18:01:55Z,2026-08-16T18:55:32Z,USD
pay_75ef3668449e400ca22e,o_20260816_00001481,refunded,apple_pay,85.5,1.22,8.48,6.25,0.0,101.45,2026-08-16T19:47:03Z,,USD
pay_1819e6abc5024c0a903b,o_20260816_00001482,captured,apple_pay,21.93,4.76,3.03,2.18,0.0,31.9,2026-08-16T19:28:43Z,2026-08-16T20:24:00Z,USD
pay_c70ebd5f3037428faedf,o_20260816_00001483,captured,apple_pay,75.55,0.65,7.39,6.8,0.0,90.39,2026-08-16T11:46:01Z,2026-08-16T12:13:05Z,USD
pay_e49fd7a724314fe18a8a,o_20260816_00001484,captured,paypal,112.88,2.16,12.38,7.41,16.93,117.9,2026-08-16T12:35:12Z,2026-08-16T13:12:55Z,USD
pay_9b621d55d11b42288492,o_20260816_00001485,captured,card,93.29,4.21,11.76,8.32,0.0,117.58,2026-08-16T08:30:57Z,2026-08-16T09:13:40Z,USD
pay_19f32c6d3815414e8f90,o_20260816_00001486,voided,card,82.06,6.96,7.1,7.34,4.1,99.36,2026-08-16T18:19:13Z,,USD
pay_c11a08dcf90047a68c68,o_20260816_00001487,captured,paypal,16.92,1.87,1.68,1.35,0.0,21.82,2026-08-16T11:13:34Z,2026-08-16T11:58:05Z,USD
pay_76b157e8ef134c8992db,o_20260816_00001488,captured,wallet,83.31,6.71,9.14,5.33,0.0,104.49,2026-08-16T19:30:36Z,2026-08-16T20:23:49Z,USD
pay_3c5af5f55b2f43538de2,o_20260816_00001489,captured,wallet,54.24,2.91,6.29,4.86,0.0,68.3,2026-08-16T19:24:29Z,2026-08-16T20:06:07Z,USD
pay_27edfc902ea34eae8448,o_20260816_00001490,captured,paypal,40.32,3.1,6.16,2.92,0.0,52.5,2026-08-16T08:28:13Z,2026-08-16T09:17:14Z,USD
pay_7955350549334b79b72d,o_20260816_00001491,captured,apple_pay,124.11,3.01,17.41,10.47,6.21,148.79,2026-08-16T08:21:40Z,2026-08-16T08:58:24Z,USD
pay_2e465fc984af475eb78d,o_20260816_00001492,captured,apple_pay,64.89,3.43,9.05,6.34,0.0,83.71,2026-08-16T11:14:10Z,2026-08-16T12:08:49Z,USD
pay_db481ba5a1174d72b60e,o_20260816_00001493,captured,card,31.05,4.65,3.49,2.64,0.0,41.83,2026-08-16T19:35:56Z,2026-08-16T20:18:04Z,USD
pay_5b0296c1aa324b9ea926,o_20260816_00001494,captured,card,59.32,6.29,9.05,3.31,8.9,69.07,2026-08-16T11:34:34Z,2026-08-16T12:22:12Z,USD
pay_88e7bf440f3b4730a80e,o_20260816_00001495,captured,card,131.47,2.26,14.61,8.73,6.57,150.5,2026-08-16T18:25:33Z,2026-08-16T18:50:37Z,USD
pay_3383a9bc088e40cb94d9,o_20260816_00001496,captured,card,21.14,3.56,3.26,1.48,0.0,29.44,2026-08-16T11:26:37Z,2026-08-16T12:19:28Z,USD
pay_17ec9bbe598a4143926c,o_20260816_00001497,captured,paypal,42.06,5.29,3.56,3.52,4.21,50.22,2026-08-16T13:48:45Z,2026-08-16T14:53:35Z,USD
pay_d38119d5bd68457ba0fe,o_20260816_00001498,captured,paypal,98.95,5.37,10.53,7.12,9.9,112.07,2026-08-16T11:09:15Z,2026-08-16T12:13:41Z,USD
pay_d0a724404a824fddad0b,o_20260816_00001499,captured,card,72.76,5.78,6.25,5.68,0.0,90.47,2026-08-16T18:57:10Z,2026-08-16T19:33:00Z,USD
pay_b3ac6bfa391d4c9997dd,o_20260816_00001500,captured,wallet,26.42,0.78,2.52,1.87,3.96,27.63,2026-08-16T18:12:23Z,2026-08-16T19:01:29Z,USD
pay_2abcd30c1ef648acb0c5,o_20260816_00001501,captured,paypal,79.33,0.92,9.43,7.55,3.97,93.26,2026-08-16T18:13:44Z,2026-08-16T19:21:33Z,USD
pay_b33849fcad0945719630,o_20260816_00001502,captured,card,11.39,1.01,1.0,1.16,0.0,14.56,2026-08-16T12:26:24Z,2026-08-16T13:30:06Z,USD
pay_9ab72e7c72444d14ad46,o_20260816_00001503,captured,card,79.3,3.88,10.97,7.64,0.0,101.79,2026-08-16T19:30:59Z,2026-08-16T20:09:31Z,USD
pay_0962bd3c4482439cbae2,o_20260816_00001504,captured,wallet,76.78,4.34,9.9,6.74,3.84,93.92,2026-08-16T18:46:14Z,2026-08-16T19:46:11Z,USD
pay_f6603e24789a4f28b5ba,o_20260816_00001505,captured,wallet,18.09,6.03,1.95,1.29,0.0,27.36,2026-08-16T11:30:12Z,2026-08-16T12:08:31Z,USD
pay_29288896c86044e2841d,o_20260816_00001506,captured,paypal,68.4,4.72,7.8,5.66,6.84,79.74,2026-08-16T12:03:32Z,2026-08-16T12:40:05Z,USD
pay_a4b2b97eb26e49bf845e,o_20260816_00001507,captured,wallet,23.58,2.6,3.47,1.99,3.54,28.1,2026-08-16T20:33:23Z,2026-08-16T21:23:53Z,USD
pay_3aadda02f3b443ae983c,o_20260816_00001508,captured,apple_pay,68.28,2.77,8.39,4.24,6.83,76.85,2026-08-16T12:45:46Z,2026-08-16T13:25:51Z,USD
pay_4f060446fd584e088ac1,o_20260816_00001509,captured,wallet,38.91,6.63,3.33,2.94,3.89,47.92,2026-08-16T11:16:40Z,2026-08-16T12:04:59Z,USD
pay_b31dbdaa9c444be4a471,o_20260816_00001510,captured,wallet,96.36,1.76,14.15,8.01,14.45,105.83,2026-08-16T12:47:34Z,2026-08-16T13:40:16Z,USD
pay_a77a9d03ff8341ca89ef,o_20260816_00001511,captured,wallet,62.67,2.22,8.52,4.46,9.4,68.47,2026-08-16T11:17:10Z,2026-08-16T11:57:11Z,USD
pay_c0231b39dc2b47fdb082,o_20260816_00001512,captured,paypal,83.1,1.19,9.51,5.91,0.0,99.71,2026-08-16T13:21:32Z,2026-08-16T14:18:09Z,USD
pay_c0f67426a9224681a30c,o_20260816_00001513,captured,apple_pay,172.03,4.77,25.48,14.15,25.8,190.63,2026-08-16T19:21:33Z,2026-08-16T19:53:39Z,USD
pay_7463beafa14f47e184aa,o_20260816_00001514,captured,card,65.79,5.27,10.18,6.36,0.0,87.6,2026-08-16T11:27:55Z,2026-08-16T12:11:32Z,USD
pay_753bd5f70bf948179919,o_20260816_00001515,captured,apple_pay,109.86,6.5,9.93,8.0,0.0,134.29,2026-08-16T20:55:08Z,2026-08-16T21:38:34Z,USD
pay_ed4d23f3f61c422b9b8b,o_20260816_00001516,captured,card,58.43,6.4,6.05,3.35,2.92,71.31,2026-08-16T20:25:52Z,2026-08-16T21:18:36Z,USD
pay_ac02262fe7354402b53a,o_20260816_00001517,captured,wallet,119.28,2.63,17.1,8.15,0.0,147.16,2026-08-16T08:19:07Z,2026-08-16T08:54:57Z,USD
pay_ddcdce84c17048f090f6,o_20260816_00001518,captured,paypal,39.18,3.98,3.38,2.38,0.0,48.92,2026-08-16T08:08:36Z,2026-08-16T08:41:49Z,USD
pay_567f2893639144098be4,o_20260816_00001519,refunded,card,31.46,5.12,2.7,2.63,0.0,41.91,2026-08-16T13:09:43Z,,USD
pay_2fbf8646ceb64b32af5e,o_20260816_00001520,captured,wallet,50.69,3.97,6.61,4.72,0.0,65.99,2026-08-16T18:20:04Z,2026-08-16T19:17:04Z,USD
pay_06744993db0845a8b7f5,o_20260816_00001521,captured,wallet,25.53,2.76,2.66,2.11,1.28,31.78,2026-08-16T20:52:43Z,2026-08-16T21:45:27Z,USD
pay_36f0de95dad6424dbe75,o_20260816_00001522,captured,apple_pay,55.64,5.55,5.54,4.29,2.78,68.24,2026-08-16T18:14:15Z,2026-08-16T19:17:07Z,USD
pay_6ac01262b62e4cf1b7bf,o_20260816_00001523,captured,paypal,92.48,4.27,12.36,5.97,4.62,110.46,2026-08-16T18:29:32Z,2026-08-16T18:56:06Z,USD
pay_48c4be9b0d994bc2b01b,o_20260816_00001524,captured,apple_pay,83.58,3.09,6.87,8.32,0.0,101.86,2026-08-16T12:48:26Z,2026-08-16T13:24:15Z,USD
pay_7b1dd129917744ad945d,o_20260816_00001525,captured,wallet,100.54,3.32,11.7,6.03,10.05,111.54,2026-08-16T12:23:34Z,2026-08-16T12:57:22Z,USD
pay_528d5a9df14a4422b0e9,o_20260816_00001526,captured,paypal,78.88,1.93,6.31,6.82,0.0,93.94,2026-08-16T11:24:12Z,2026-08-16T11:57:26Z,USD
pay_40e20c6014f546789a50,o_20260816_00001527,captured,wallet,37.28,6.77,4.1,3.05,0.0,51.2,2026-08-16T11:37:52Z,2026-08-16T12:27:13Z,USD
pay_ea5776dd3fe043ef9962,o_20260816_00001528,captured,card,29.18,5.61,3.56,2.45,2.92,37.88,2026-08-16T19:00:09Z,2026-08-16T20:06:58Z,USD
pay_1ca949fe96ca43ac9fce,o_20260816_00001529,captured,apple_pay,57.15,1.22,5.27,5.81,0.0,69.45,2026-08-16T18:16:09Z,2026-08-16T19:07:43Z,USD
pay_7827aaab1c594933b311,o_20260816_00001530,captured,apple_pay,53.83,1.61,8.54,4.95,0.0,68.93,2026-08-16T11:59:43Z,2026-08-16T12:48:35Z,USD
pay_ef9ac58524f842518fcf,o_20260816_00001531,voided,card,49.49,3.87,6.42,3.47,7.42,55.83,2026-08-16T11:36:42Z,,USD
pay_37788faf2d344003ab11,o_20260816_00001532,captured,apple_pay,55.64,5.54,5.81,3.67,2.78,67.88,2026-08-16T18:47:22Z,2026-08-16T19:52:10Z,USD
pay_b27f36b5519e442b9a6a,o_20260816_00001533,captured,wallet,105.9,1.3,15.42,7.0,0.0,129.62,2026-08-16T11:46:09Z,2026-08-16T12:25:43Z,USD
pay_7497ec1ef3874ca49eaf,o_20260816_00001534,captured,card,53.6,4.5,8.02,4.2,8.04,62.28,2026-08-16T11:42:12Z,2026-08-16T12:16:10Z,USD
pay_7c4f92faa4ca4256b7e4,o_20260816_00001535,captured,paypal,18.09,2.08,1.66,1.37,0.0,23.2,2026-08-16T19:08:44Z,2026-08-16T19:51:38Z,USD
pay_c44902dce3954f8cab46,o_20260816_00001536,captured,card,18.24,3.37,2.63,1.57,1.82,23.99,2026-08-16T19:19:28Z,2026-08-16T20:27:30Z,USD
pay_57b2131fa93e42ed9a74,o_20260816_00001537,captured,paypal,55.98,2.21,4.69,4.66,0.0,67.54,2026-08-16T18:12:29Z,2026-08-16T18:43:11Z,USD
pay_9628ceced6234c108608,o_20260816_00001538,voided,wallet,56.2,6.55,7.63,4.41,0.0,74.79,2026-08-16T19:44:38Z,,USD
pay_732326b3676a4941a6e1,o_20260816_00001539,captured,card,42.18,4.12,5.65,3.87,4.22,51.6,2026-08-16T18:39:50Z,2026-08-16T19:29:02Z,USD
pay_3a384b44b12f4e35bc01,o_20260816_00001540,captured,card,114.27,5.27,14.97,8.61,5.71,137.41,2026-08-16T19:33:18Z,2026-08-16T20:29:23Z,USD
pay_cd28e05376984f9e9ccc,o_20260816_00001541,captured,apple_pay,45.6,2.72,7.09,4.4,0.0,59.81,2026-08-16T12:59:34Z,2026-08-16T13:35:30Z,USD
pay_8753bb0c6cb64f03819e,o_20260816_00001542,captured,paypal,39.46,1.58,5.59,3.39,0.0,50.02,2026-08-16T18:05:45Z,2026-08-16T19:16:34Z,USD
pay_616e97d48f624c50a4a8,o_20260816_00001543,captured,apple_pay,98.58,5.18,13.38,9.25,0.0,126.39,2026-08-16T20:07:51Z,2026-08-16T20:56:59Z,USD
pay_774deb058d574f69b3b3,o_20260816_00001544,captured,paypal,80.51,2.55,8.88,5.21,12.08,85.07,2026-08-16T18:51:21Z,2026-08-16T19:49:18Z,USD
pay_f0f1a3ed1210437e9295,o_20260816_00001545,captured,card,110.76,4.12,11.96,10.93,0.0,137.77,2026-08-16T18:33:54Z,2026-08-16T19:14:30Z,USD
pay_dcbe5fff47aa4bc3a389,o_20260816_00001546,captured,card,125.93,4.15,19.02,7.87,6.3,150.67,2026-08-16T08:29:41Z,2026-08-16T09:15:36Z,USD
pay_da8c8f0be6224b0eb7cd,o_20260816_00001547,captured,card,89.2,5.12,12.05,8.05,8.92,105.5,2026-08-16T11:41:03Z,2026-08-16T12:23:23Z,USD
pay_c18c795fa0164e3bbee1,o_20260816_00001548,captured,card,14.93,2.38,1.65,0.93,0.0,19.89,2026-08-16T19:18:23Z,2026-08-16T19:56:35Z,USD
pay_d173114b59e1421ea9c8,o_20260816_00001549,captured,card,38.8,0.99,5.26,3.06,5.82,42.29,2026-08-16T18:40:32Z,2026-08-16T19:06:19Z,USD
pay_89497005a6664551b0d0,o_20260816_00001550,captured,apple_pay,61.12,6.0,5.63,5.23,0.0,77.98,2026-08-16T18:08:59Z,2026-08-16T18:36:06Z,USD
pay_0ce5079983fa41028c99,o_20260816_00001551,captured,apple_pay,73.61,2.56,7.06,5.65,7.36,81.52,2026-08-16T19:09:47Z,2026-08-16T19:31:18Z,USD
pay_7b5dd902fd294564bc04,o_20260816_00001552,captured,wallet,42.18,3.08,4.27,3.79,2.11,51.21,2026-08-16T12:01:03Z,2026-08-16T12:54:52Z,USD
pay_ff13c4d474a04b77b83d,o_20260816_00001553,captured,apple_pay,23.8,0.83,3.01,1.9,0.0,29.54,2026-08-16T19:19:02Z,2026-08-16T19:54:56Z,USD
pay_57070d5ca40949d9bbf6,o_20260816_00001554,captured,wallet,79.43,4.44,11.13,7.58,0.0,102.58,2026-08-16T12:15:32Z,2026-08-16T12:52:26Z,USD
pay_044348ffe5d74be28bd4,o_20260816_00001555,captured,apple_pay,23.88,4.83,3.74,1.38,2.39,31.44,2026-08-16T20:52:59Z,2026-08-16T21:44:29Z,USD
pay_8dda773b4190408cb599,o_20260816_00001556,refunded,paypal,87.18,1.78,12.16,5.15,8.72,97.55,2026-08-16T19:11:34Z,,USD
pay_e9ba0b9f293c42038c2c,o_20260816_00001557,captured,card,19.59,6.17,1.89,1.3,0.98,27.97,2026-08-16T11:41:45Z,2026-08-16T12:10:14Z,USD
pay_a25ab6887e3e4527b990,o_20260816_00001558,captured,wallet,116.35,3.66,10.25,8.73,17.45,121.54,2026-08-16T20:35:15Z,2026-08-16T21:37:07Z,USD
pay_ff9d14706f504db7babf,o_20260816_00001559,captured,wallet,21.7,6.02,1.91,1.64,2.17,29.1,2026-08-16T18:13:18Z,2026-08-16T18:47:01Z,USD
pay_f89767a852974940a2a6,o_20260816_00001560,captured,wallet,65.3,6.84,7.13,6.61,0.0,85.88,2026-08-16T18:32:39Z,2026-08-16T19:26:15Z,USD
pay_a1252ca2c17744b68042,o_20260816_00001561,captured,paypal,49.41,4.6,6.13,4.18,0.0,64.32,2026-08-16T18:38:51Z,2026-08-16T19:21:37Z,USD
pay_a3592245bb7241e794de,o_20260816_00001562,captured,paypal,32.94,1.6,5.09,2.35,0.0,41.98,2026-08-16T11:04:15Z,2026-08-16T11:43:58Z,USD
pay_ec2d8c1e9b874e339fb1,o_20260816_00001563,captured,wallet,41.7,3.33,3.9,2.47,4.17,47.23,2026-08-16T20:57:38Z,2026-08-16T21:32:49Z,USD
pay_5b7f452254ae4ad589e2,o_20260816_00001564,captured,card,147.8,6.9,14.76,12.83,22.17,160.12,2026-08-16T18:26:39Z,2026-08-16T18:53:33Z,USD
pay_495f068af87645e6a70c,o_20260816_00001565,captured,paypal,35.74,3.51,5.44,2.21,3.57,43.33,2026-08-16T19:14:16Z,2026-08-16T19:55:57Z,USD
pay_f1c30a49ea3a446a9a68,o_20260816_00001566,captured,card,36.32,6.18,3.39,2.62,1.82,46.69,2026-08-16T18:29:47Z,2026-08-16T19:19:10Z,USD
pay_201642cba0bc4ad1a00e,o_20260816_00001567,captured,wallet,7.29,0.6,0.89,0.45,0.0,9.23,2026-08-16T19:52:44Z,2026-08-16T20:58:01Z,USD
pay_7c264e89196e4c79b08e,o_20260816_00001568,captured,wallet,89.05,3.93,13.6,5.63,0.0,112.21,2026-08-16T20:32:02Z,2026-08-16T21:35:53Z,USD
pay_1f0952aca6cb49a9971c,o_20260816_00001569,captured,card,60.96,3.19,8.53,5.44,0.0,78.12,2026-08-16T18:49:19Z,2026-08-16T19:27:37Z,USD
pay_34a04daffcc6433eb233,o_20260816_00001570,captured,wallet,104.22,6.57,16.08,7.17,0.0,134.04,2026-08-16T12:34:00Z,2026-08-16T13:18:16Z,USD
pay_415bd14d33a04a6cafca,o_20260816_00001571,captured,card,47.8,6.79,3.95,4.19,4.78,57.95,2026-08-16T20:08:59Z,2026-08-16T20:37:12Z,USD
pay_fa1a13955ec8438185fc,o_20260816_00001572,refunded,card,37.16,1.57,3.84,2.52,0.0,45.09,2026-08-16T18:04:38Z,,USD
pay_7cabca9195f3450493a9,o_20260816_00001573,captured,paypal,46.56,5.86,3.82,3.52,0.0,59.76,2026-08-16T11:46:20Z,2026-08-16T12:40:46Z,USD
pay_253194845fbd46e18ef1,o_20260816_00001574,captured,paypal,44.7,3.06,4.46,2.97,0.0,55.19,2026-08-16T11:23:59Z,2026-08-16T12:06:33Z,USD
pay_9bb7fa2ef5d942d0a7fc,o_20260816_00001575,captured,paypal,16.33,4.91,1.81,1.45,1.63,22.87,2026-08-16T13:39:16Z,2026-08-16T14:34:03Z,USD
pay_33c171fa0d0d4234a1a1,o_20260816_00001576,captured,paypal,96.85,5.18,14.5,6.27,4.84,117.96,2026-08-16T12:51:04Z,2026-08-16T13:28:40Z,USD
pay_2e220c0e27c74c9ca6c8,o_20260816_00001577,captured,apple_pay,122.67,6.84,18.67,6.9,12.27,142.81,2026-08-16T18:37:41Z,2026-08-16T19:04:33Z,USD
pay_2dbba6762d9347798f46,o_20260816_00001578,captured,card,63.36,2.82,5.15,4.43,0.0,75.76,2026-08-16T12:52:48Z,2026-08-16T13:25:43Z,USD
pay_bd2b94e677d349cd8454,o_20260816_00001579,captured,wallet,21.7,2.92,1.74,1.47,3.25,24.58,2026-08-16T11:37:48Z,2026-08-16T12:40:49Z,USD
pay_0f137a5b26a7477ba37c,o_20260816_00001580,captured,paypal,13.16,5.05,1.72,1.01,0.66,20.28,2026-08-16T18:49:07Z,2026-08-16T19:45:42Z,USD
pay_3a0c5a3283d94111b41b,o_20260816_00001581,captured,apple_pay,33.73,5.65,3.05,3.22,0.0,45.65,2026-08-16T13:24:33Z,2026-08-16T14:03:10Z,USD
pay_c61aa5bc2b1f45a0a1f8,o_20260816_00001582,captured,apple_pay,9.64,0.67,1.03,0.78,0.0,12.12,2026-08-16T18:43:12Z,2026-08-16T19:39:42Z,USD
pay_f7fb7f65ad3b4b4898bf,o_20260816_00001583,captured,wallet,48.75,6.91,6.36,3.61,0.0,65.63,2026-08-16T19:32:34Z,2026-08-16T20:28:09Z,USD
pay_f41bb1b3a97a4018a9c6,o_20260816_00001584,captured,card,58.27,5.45,6.91,3.46,8.74,65.35,2026-08-16T11:34:57Z,2026-08-16T12:20:29Z,USD
pay_4ddbe606c4484cfc84d3,o_20260816_00001585,captured,apple_pay,45.6,1.63,4.69,3.59,0.0,55.51,2026-08-16T20:26:21Z,2026-08-16T21:16:10Z,USD
pay_fab6a8716d73452d9c9b,o_20260816_00001586,captured,paypal,56.1,0.76,7.32,4.97,0.0,69.15,2026-08-16T19:25:47Z,2026-08-16T20:03:26Z,USD
pay_42da9ecd1b904de1aee6,o_20260816_00001587,captured,wallet,56.94,3.68,6.95,5.75,0.0,73.32,2026-08-16T12:54:09Z,2026-08-16T13:45:14Z,USD
pay_a6d541088e574825aec6,o_20260816_00001588,captured,wallet,67.94,3.25,9.05,4.11,3.4,80.95,2026-08-16T13:47:29Z,2026-08-16T14:39:09Z,USD
pay_1258268a95d7496988c4,o_20260816_00001589,captured,apple_pay,12.35,4.43,1.33,1.2,0.0,19.31,2026-08-16T19:11:39Z,2026-08-16T19:55:26Z,USD
pay_154869e65d174d039f28,o_20260816_00001590,captured,apple_pay,66.22,4.03,8.54,5.32,0.0,84.11,2026-08-16T12:43:52Z,2026-08-16T13:20:06Z,USD
pay_376181b61fc943fd8edd,o_20260816_00001591,captured,card,47.14,5.19,6.91,3.49,4.71,58.02,2026-08-16T08:22:45Z,2026-08-16T08:52:35Z,USD
pay_18ed6f69f0924a25a79d,o_20260816_00001592,captured,wallet,25.82,0.94,3.77,1.53,1.29,30.77,2026-08-16T11:43:26Z,2026-08-16T12:26:21Z,USD
pay_120cd4e094654325b61c,o_20260816_00001593,captured,card,93.12,2.07,13.98,8.66,4.66,113.17,2026-08-16T19:12:34Z,2026-08-16T19:58:54Z,USD
pay_e0e16b8e72ea45388c28,o_20260816_00001594,captured,apple_pay,46.96,5.89,5.42,2.6,7.04,53.83,2026-08-16T13:16:27Z,2026-08-16T14:02:09Z,USD
pay_9a68db347ff243e6be54,o_20260816_00001595,captured,wallet,28.53,1.71,2.4,2.21,0.0,34.85,2026-08-16T11:50:30Z,2026-08-16T12:25:31Z,USD
pay_a7ad11e04b1f4772adea,o_20260816_00001596,captured,wallet,91.11,1.26,9.25,6.87,0.0,108.49,2026-08-16T18:53:22Z,2026-08-16T19:32:52Z,USD
pay_6a03136a62124aef988e,o_20260816_00001597,captured,paypal,56.76,1.45,8.31,3.96,0.0,70.48,2026-08-16T19:39:59Z,2026-08-16T20:33:05Z,USD
pay_717eb308b60f4c4fb6f5,o_20260816_00001598,captured,apple_pay,62.75,4.45,6.5,5.76,0.0,79.46,2026-08-16T11:42:32Z,2026-08-16T12:29:11Z,USD
pay_4c761fc1bfa94a5ebdee,o_20260816_00001599,captured,paypal,78.88,4.45,11.73,6.38,7.89,93.55,2026-08-16T08:22:45Z,2026-08-16T09:00:00Z,USD
pay_ae77d6ed936e42a0bcd2,o_20260816_00001600,captured,apple_pay,74.88,3.19,7.87,5.94,3.74,88.14,2026-08-16T18:56:49Z,2026-08-16T19:48:46Z,USD
pay_3eff5e692c87465b83c4,o_20260816_00001601,captured,card,59.47,5.35,5.34,3.68,0.0,73.84,2026-08-16T11:13:50Z,2026-08-16T12:15:45Z,USD
pay_59de711ab35141f2bccf,o_20260816_00001602,captured,apple_pay,181.83,1.17,20.71,14.6,27.27,191.04,2026-08-16T13:29:29Z,2026-08-16T14:05:08Z,USD
pay_819c5fdbe997431fa18d,o_20260816_00001603,captured,card,50.56,6.0,6.14,4.55,5.06,62.19,2026-08-16T11:37:52Z,2026-08-16T12:15:13Z,USD
pay_acff29a7f9754da889dc,o_20260816_00001604,refunded,paypal,49.2,3.78,4.26,4.33,4.92,56.65,2026-08-16T19:30:13Z,,USD
pay_e423764cf02848c3a95a,o_20260816_00001605,captured,apple_pay,21.78,2.04,3.11,2.04,0.0,28.97,2026-08-16T20:14:32Z,2026-08-16T21:22:53Z,USD
pay_6c944702e44a4d4b8de2,o_20260816_00001606,captured,paypal,78.03,5.48,9.04,7.25,0.0,99.8,2026-08-16T08:13:54Z,2026-08-16T09:12:34Z,USD
pay_ba59c98f179b4227bea2,o_20260816_00001607,captured,apple_pay,32.66,4.06,2.89,2.0,0.0,41.61,2026-08-16T11:34:26Z,2026-08-16T12:05:14Z,USD
pay_9b89f0e5daa144d79abb,o_20260816_00001608,captured,paypal,136.52,5.08,19.17,9.51,0.0,170.28,2026-08-16T19:36:08Z,2026-08-16T20:12:43Z,USD
pay_86842557282b4228afe3,o_20260816_00001609,captured,apple_pay,17.25,1.38,1.55,1.51,0.0,21.69,2026-08-16T12:10:54Z,2026-08-16T12:53:27Z,USD
pay_64070a73671d4c98ba7b,o_20260816_00001610,captured,wallet,107.48,2.64,13.58,10.95,0.0,134.65,2026-08-16T12:25:46Z,2026-08-16T12:55:25Z,USD
pay_d454d94cb4f844b78db0,o_20260816_00001611,captured,paypal,43.53,1.35,6.11,2.9,0.0,53.89,2026-08-16T11:51:33Z,2026-08-16T12:56:14Z,USD
pay_8b8c788aa6694fbcadf8,o_20260816_00001612,captured,wallet,11.44,3.6,1.29,0.71,1.14,15.9,2026-08-16T19:21:22Z,2026-08-16T20:38:15Z,USD
pay_164ad03c1002435086ee,o_20260816_00001613,captured,apple_pay,54.65,0.73,8.45,4.06,8.2,59.69,2026-08-16T08:28:29Z,2026-08-16T09:04:04Z,USD
pay_9d0ebff410094314bbf0,o_20260816_00001614,captured,paypal,29.2,2.68,4.0,2.36,2.92,35.32,2026-08-16T18:17:55Z,2026-08-16T19:17:14Z,USD
pay_d129315fa508468590b2,o_20260816_00001615,captured,card,36.2,6.37,3.62,2.05,5.43,42.81,2026-08-16T12:10:15Z,2026-08-16T12:52:23Z,USD
pay_0907552beb4f4bc89140,o_20260816_00001616,captured,apple_pay,35.37,0.93,3.25,2.25,5.31,36.49,2026-08-16T20:01:04Z,2026-08-16T20:18:44Z,USD
pay_64ed22ba2e064b0886e3,o_20260816_00001617,captured,apple_pay,71.46,5.38,11.38,5.59,0.0,93.81,2026-08-16T18:06:35Z,2026-08-16T18:39:21Z,USD
pay_f1bd7af296c241e6afff,o_20260816_00001618,captured,apple_pay,28.28,3.13,2.73,1.68,2.83,32.99,2026-08-16T12:33:43Z,2026-08-16T13:28:23Z,USD
pay_e38fc711ceac460ab748,o_20260816_00001619,captured,apple_pay,54.48,1.58,4.37,3.72,0.0,64.15,2026-08-16T12:45:40Z,2026-08-16T13:16:59Z,USD
pay_1001ede6441b45719a17,o_20260816_00001620,captured,wallet,14.42,3.76,1.18,0.99,0.72,19.63,2026-08-16T08:55:47Z,2026-08-16T09:38:14Z,USD
pay_f4a4a6f417d845baaed8,o_20260816_00001621,captured,apple_pay,87.85,5.35,10.59,6.17,4.39,105.57,2026-08-16T13:48:24Z,2026-08-16T14:28:09Z,USD
pay_703ede50a3db4956aab2,o_20260816_00001622,captured,wallet,78.96,2.84,9.75,6.89,7.9,90.54,2026-08-16T20:27:40Z,2026-08-16T21:26:18Z,USD
pay_71991ca13bde4b238f42,o_20260816_00001623,captured,wallet,78.88,3.53,11.38,7.53,3.94,97.38,2026-08-16T13:24:37Z,2026-08-16T13:45:07Z,USD
pay_6d35efa2a7d34cf6964f,o_20260816_00001624,captured,paypal,45.61,6.16,5.7,2.86,2.28,58.05,2026-08-16T13:18:24Z,2026-08-16T14:05:04Z,USD
pay_30d5d31fb1654cfd8eb2,o_20260816_00001625,captured,apple_pay,104.94,2.57,10.28,9.52,10.49,116.82,2026-08-16T18:25:03Z,2026-08-16T18:56:02Z,USD
pay_15647bca17194dcbadb2,o_20260816_00001626,captured,wallet,32.72,6.25,4.17,2.23,3.27,42.1,2026-08-16T20:48:02Z,2026-08-16T21:33:24Z,USD
pay_f1ddc225c1344bbcb7cd,o_20260816_00001627,captured,card,82.07,2.35,7.69,6.61,8.21,90.51,2026-08-16T18:35:35Z,2026-08-16T19:38:59Z,USD
pay_6d2462f413a941f0b3c8,o_20260816_00001628,captured,wallet,63.6,4.27,7.99,5.47,6.36,74.97,2026-08-16T18:55:21Z,2026-08-16T19:27:53Z,USD
pay_36c1cb63daef4e818daf,o_20260816_00001629,captured,paypal,39.94,2.74,3.82,3.3,2.0,47.8,2026-08-16T20:24:09Z,2026-08-16T21:12:17Z,USD
pay_66640ab92b564ef3acfd,o_20260816_00001630,captured,wallet,26.64,6.37,2.71,2.37,1.33,36.76,2026-08-16T12:03:57Z,2026-08-16T13:09:30Z,USD
pay_75c48367d67440518f22,o_20260816_00001631,captured,paypal,86.0,6.49,9.17,5.21,0.0,106.87,2026-08-16T18:50:49Z,2026-08-16T19:43:11Z,USD
pay_d5b837d635614f4ba7e8,o_20260816_00001632,captured,apple_pay,70.86,3.35,6.61,5.03,0.0,85.85,2026-08-16T20:25:57Z,2026-08-16T21:13:34Z,USD
pay_6a727df241924cfd8372,o_20260816_00001633,voided,paypal,20.06,6.12,3.17,1.3,3.01,27.64,2026-08-16T13:17:40Z,,USD
pay_bacd38e010ec432cafd7,o_20260816_00001634,voided,paypal,122.14,4.65,13.51,10.4,18.32,132.38,2026-08-16T19:15:29Z,,USD
pay_bca318ecabf64d8d9ced,o_20260816_00001635,captured,apple_pay,14.8,3.41,1.31,1.13,0.0,20.65,2026-08-16T12:53:05Z,2026-08-16T13:37:15Z,USD
pay_332105212ea141f8b158,o_20260816_00001636,captured,card,85.75,5.29,12.31,7.23,12.86,97.72,2026-08-16T13:02:16Z,2026-08-16T13:46:18Z,USD
pay_51fecebf737f420abb31,o_20260816_00001637,captured,wallet,50.94,2.34,6.45,3.21,5.09,57.85,2026-08-16T12:51:02Z,2026-08-16T13:13:15Z,USD
pay_6667e10aef0646349e06,o_20260816_00001638,captured,wallet,109.18,3.31,15.63,9.16,10.92,126.36,2026-08-16T20:53:17Z,2026-08-16T21:40:37Z,USD
pay_0e653d44ebf34839ac7d,o_20260816_00001639,voided,paypal,60.99,3.27,7.3,4.7,0.0,76.26,2026-08-16T19:28:46Z,,USD
pay_a280cf82c82e45f7af8d,o_20260816_00001640,captured,paypal,70.34,4.39,7.34,6.05,0.0,88.12,2026-08-16T11:28:18Z,2026-08-16T12:00:49Z,USD
pay_1ec566136f1b4a429ca0,o_20260816_00001641,voided,paypal,52.9,4.37,7.42,4.25,7.94,61.0,2026-08-16T08:44:26Z,,USD
pay_83391106e77746f5b31a,o_20260816_00001642,captured,apple_pay,72.39,2.88,7.69,5.43,10.86,77.53,2026-08-16T18:27:47Z,2026-08-16T19:15:43Z,USD
pay_f78733359ca4473b81bc,o_20260816_00001643,captured,paypal,50.79,5.14,6.79,4.41,0.0,67.13,2026-08-16T18:24:31Z,2026-08-16T19:11:31Z,USD
pay_b71a04224d9b41f8aa0d,o_20260816_00001644,captured,paypal,55.85,1.87,8.09,5.6,0.0,71.41,2026-08-16T20:10:44Z,2026-08-16T21:00:00Z,USD
pay_38354738811740a1b8de,o_20260816_00001645,captured,paypal,68.26,1.81,7.48,5.57,0.0,83.12,2026-08-16T19:01:49Z,2026-08-16T19:29:12Z,USD
pay_4529fcdb77994967b980,o_20260816_00001646,captured,apple_pay,49.08,0.99,6.31,4.43,0.0,60.81,2026-08-16T13:44:44Z,2026-08-16T14:19:35Z,USD
pay_b686fd43bcce48e387a1,o_20260816_00001647,captured,card,12.35,1.52,1.15,1.22,0.0,16.24,2026-08-16T11:55:18Z,2026-08-16T12:55:21Z,USD
pay_f30299eb381849ffa4d5,o_20260816_00001648,captured,apple_pay,89.91,5.59,8.96,8.76,0.0,113.22,2026-08-16T19:20:05Z,2026-08-16T20:36:00Z,USD
pay_89c364a3aa904fbc974d,o_20260816_00001649,captured,wallet,8.43,5.79,0.77,0.6,0.0,15.59,2026-08-16T12:31:12Z,2026-08-16T13:31:50Z,USD
pay_352dabe438e4408b8d8a,o_20260816_00001650,captured,card,122.5,1.19,17.18,8.54,0.0,149.41,2026-08-16T13:53:11Z,2026-08-16T14:52:51Z,USD
pay_98b83cbf545546b8a1c1,o_20260816_00001651,captured,wallet,52.75,5.02,4.53,3.48,0.0,65.78,2026-08-16T13:55:51Z,2026-08-16T14:35:18Z,USD
pay_a986d23c6d824f4e8f77,o_20260816_00001652,captured,apple_pay,37.88,4.62,5.69,2.96,1.89,49.26,2026-08-16T12:23:29Z,2026-08-16T13:09:57Z,USD
pay_69081f68a0124e0bb121,o_20260816_00001653,captured,paypal,70.2,5.66,5.95,5.48,0.0,87.29,2026-08-16T18:42:52Z,2026-08-16T19:29:28Z,USD
pay_e33231ad53f64fc88cfa,o_20260816_00001654,captured,wallet,22.05,0.93,2.48,1.74,3.31,23.89,2026-08-16T12:57:26Z,2026-08-16T13:34:57Z,USD
pay_b7311906b54e4afb99ba,o_20260816_00001655,captured,wallet,70.7,3.41,8.71,4.39,3.54,83.67,2026-08-16T13:48:35Z,2026-08-16T14:28:08Z,USD
pay_69bd829dbacd4861b96f,o_20260816_00001656,captured,wallet,104.4,4.4,9.23,8.06,5.22,120.87,2026-08-16T19:00:34Z,2026-08-16T19:53:57Z,USD
pay_0e2f388a732c429a8df2,o_20260816_00001657,captured,card,65.4,1.89,8.32,4.89,6.54,73.96,2026-08-16T12:19:12Z,2026-08-16T12:57:22Z,USD
pay_892a3dc56b90428db73e,o_20260816_00001658,captured,wallet,66.89,3.09,5.36,5.4,0.0,80.74,2026-08-16T11:40:01Z,2026-08-16T12:31:32Z,USD
pay_ce0019963beb44358299,o_20260816_00001659,captured,wallet,45.72,1.37,4.83,3.31,0.0,55.23,2026-08-16T19:25:24Z,2026-08-16T20:29:09Z,USD
pay_287a92e0bc7b4c3a8326,o_20260816_00001660,captured,card,49.36,1.48,7.2,3.45,0.0,61.49,2026-08-16T20:47:03Z,2026-08-16T21:27:50Z,USD
pay_68d7f2f7f40148d187b0,o_20260816_00001661,captured,paypal,112.18,6.7,10.27,5.98,16.83,118.3,2026-08-16T13:10:43Z,2026-08-16T13:45:12Z,USD
pay_0258e7ffe06643baa3d8,o_20260816_00001662,captured,card,79.12,4.55,7.29,4.54,3.96,91.54,2026-08-16T13:14:54Z,2026-08-16T14:32:39Z,USD
pay_52412c99ae8f47da813c,o_20260816_00001663,captured,card,13.66,0.82,1.92,0.84,0.0,17.24,2026-08-16T12:27:10Z,2026-08-16T13:32:52Z,USD
pay_b91bca9707eb43c6af9e,o_20260816_00001664,captured,wallet,74.15,0.58,10.33,6.5,7.42,84.14,2026-08-16T18:57:18Z,2026-08-16T19:38:54Z,USD
pay_22980ea1add645d3921b,o_20260816_00001665,captured,wallet,44.79,1.27,6.17,3.77,0.0,56.0,2026-08-16T12:05:38Z,2026-08-16T12:33:04Z,USD
pay_ccf79a8f32254b6d934f,o_20260816_00001666,captured,wallet,104.36,0.66,12.77,6.93,5.22,119.5,2026-08-16T20:45:50Z,2026-08-16T21:12:08Z,USD
pay_18e52324d03e48eb958f,o_20260816_00001667,captured,wallet,109.97,5.1,14.49,6.34,11.0,124.9,2026-08-16T19:18:18Z,2026-08-16T20:04:11Z,USD
pay_4ff66e6f8a134d6e9d0f,o_20260816_00001668,captured,paypal,50.45,2.83,5.75,4.33,7.57,55.79,2026-08-16T12:38:43Z,2026-08-16T13:39:17Z,USD
pay_05ede34abbff48919c92,o_20260816_00001669,captured,paypal,37.05,2.07,3.81,3.05,0.0,45.98,2026-08-16T11:28:25Z,2026-08-16T12:18:23Z,USD
pay_b3df0db3a9ff4f8c9edd,o_20260816_00001670,captured,paypal,137.73,4.74,20.23,8.67,13.77,157.6,2026-08-16T12:41:20Z,2026-08-16T13:31:03Z,USD
pay_a5f9149f22da45df9d3c,o_20260816_00001671,captured,paypal,95.18,3.19,13.79,7.37,4.76,114.77,2026-08-16T18:38:07Z,2026-08-16T19:14:26Z,USD
pay_a5cba8ad22c74b418f74,o_20260816_00001672,captured,wallet,55.1,3.76,8.48,4.22,0.0,71.56,2026-08-16T20:32:54Z,2026-08-16T21:31:49Z,USD
pay_4fed75756b6c4a23832c,o_20260816_00001673,captured,paypal,79.5,5.8,6.77,6.44,11.92,86.59,2026-08-16T18:29:17Z,2026-08-16T19:03:42Z,USD
pay_deacf5fb5b514c3685f7,o_20260816_00001674,captured,paypal,51.67,2.44,5.99,4.86,2.58,62.38,2026-08-16T19:22:51Z,2026-08-16T19:47:47Z,USD
pay_95dcc6a50a854bf0b931,o_20260816_00001675,captured,card,32.8,5.0,3.08,3.32,0.0,44.2,2026-08-16T19:33:48Z,2026-08-16T20:09:21Z,USD
pay_a7fa154433f24e96b1e9,o_20260816_00001676,captured,card,41.34,4.47,5.48,2.89,0.0,54.18,2026-08-16T12:07:59Z,2026-08-16T12:40:25Z,USD
pay_a9306d0bb37e46ae9dfb,o_20260816_00001677,captured,card,122.67,4.27,13.16,8.46,0.0,148.56,2026-08-16T20:35:15Z,2026-08-16T20:52:47Z,USD
pay_a04806786f5a444480eb,o_20260816_00001678,voided,wallet,10.85,3.65,1.33,0.8,1.63,15.0,2026-08-16T12:56:57Z,,USD
pay_faec425c32e34f4f80bf,o_20260816_00001679,captured,paypal,67.23,4.48,9.83,6.24,0.0,87.78,2026-08-16T18:43:59Z,2026-08-16T19:06:15Z,USD
pay_d92df51bc18940049815,o_20260816_00001680,captured,apple_pay,74.09,2.07,8.32,5.12,11.11,78.49,2026-08-16T13:30:26Z,2026-08-16T14:16:07Z,USD
pay_bcc60f91638f48d1a4eb,o_20260816_00001681,captured,wallet,23.58,1.1,3.02,1.54,1.18,28.06,2026-08-16T12:14:49Z,2026-08-16T13:02:36Z,USD
pay_d0d1819d777f4c3b97d4,o_20260816_00001682,captured,apple_pay,110.19,4.22,16.2,5.97,11.02,125.56,2026-08-16T12:52:45Z,2026-08-16T13:40:15Z,USD
pay_5e546340154a4b42b2ef,o_20260816_00001683,captured,apple_pay,39.58,2.75,4.87,3.39,0.0,50.59,2026-08-16T08:35:41Z,2026-08-16T09:16:01Z,USD
pay_25187dc2a87243b2b778,o_20260816_00001684,captured,wallet,37.28,0.56,5.34,2.57,0.0,45.75,2026-08-16T11:37:35Z,2026-08-16T12:34:28Z,USD
pay_0da64cbddab8476fa966,o_20260816_00001685,captured,wallet,100.62,5.28,16.08,7.67,10.06,119.59,2026-08-16T12:29:12Z,2026-08-16T13:35:49Z,USD
pay_4c6328d0751e49a389eb,o_20260816_00001686,captured,card,68.13,1.89,8.52,5.54,0.0,84.08,2026-08-16T13:15:32Z,2026-08-16T13:53:02Z,USD
pay_de9c85603e9a4c13a893,o_20260816_00001687,captured,paypal,97.28,0.84,11.87,5.34,14.59,100.74,2026-08-16T12:28:40Z,2026-08-16T13:32:43Z,USD
pay_cd9022b12cbf4b2cb43c,o_20260816_00001688,captured,apple_pay,9.57,5.91,1.1,0.82,1.44,15.96,2026-08-16T19:51:41Z,2026-08-16T20:42:21Z,USD
pay_4fa6ebdc48da4bcba80e,o_20260816_00001689,captured,paypal,21.7,5.31,2.87,1.78,2.17,29.49,2026-08-16T19:56:18Z,2026-08-16T20:39:51Z,USD
pay_50735cc2c9ed4b6ba3e8,o_20260816_00001690,captured,wallet,54.21,1.53,6.87,4.89,0.0,67.5,2026-08-16T11:20:33Z,2026-08-16T12:06:56Z,USD
pay_9b9d133da6514139a83e,o_20260816_00001691,captured,card,88.52,3.79,11.08,8.16,0.0,111.55,2026-08-16T08:58:03Z,2026-08-16T09:54:29Z,USD
pay_91a5792852ec41adb117,o_20260816_00001692,captured,apple_pay,41.1,0.95,5.39,3.38,2.06,48.76,2026-08-16T13:39:59Z,2026-08-16T14:43:48Z,USD
pay_6c07de3536ab403cb61c,o_20260816_00001693,captured,card,126.35,6.28,10.92,12.88,0.0,156.43,2026-08-16T18:26:03Z,2026-08-16T19:09:52Z,USD
pay_1458fa10e9f54436bf80,o_20260816_00001694,captured,apple_pay,19.74,5.95,2.74,1.37,2.96,26.84,2026-08-16T11:49:12Z,2026-08-16T12:42:25Z,USD
pay_4363e6379814459aa4a2,o_20260816_00001695,captured,wallet,49.29,3.46,6.3,2.96,0.0,62.01,2026-08-16T18:14:42Z,2026-08-16T19:29:12Z,USD
pay_f128a9ca414f4c3586a7,o_20260816_00001696,captured,apple_pay,47.88,0.94,7.07,3.98,4.79,55.08,2026-08-16T19:59:37Z,2026-08-16T20:53:21Z,USD
pay_ae85f40dc6554d998917,o_20260816_00001697,captured,card,16.17,3.79,1.75,1.64,0.0,23.35,2026-08-16T19:08:58Z,2026-08-16T20:21:42Z,USD
pay_646263d3d69443f29cc1,o_20260816_00001698,captured,wallet,13.22,2.69,1.37,0.73,1.32,16.69,2026-08-16T11:17:17Z,2026-08-16T12:00:36Z,USD
pay_eba90109b78e422998c0,o_20260816_00001699,captured,paypal,113.38,5.23,14.7,6.93,11.34,128.9,2026-08-16T19:14:48Z,2026-08-16T20:04:03Z,USD
pay_14b4d69e02b341e990e7,o_20260816_00001700,captured,wallet,87.5,0.99,12.47,5.51,0.0,106.47,2026-08-16T11:34:11Z,2026-08-16T12:34:50Z,USD
pay_893f6cc2c4094b18952b,o_20260816_00001701,captured,wallet,102.95,2.67,14.95,7.86,15.44,112.99,2026-08-16T19:59:41Z,2026-08-16T20:46:08Z,USD
pay_bca7c7fb64f0443e81c1,o_20260816_00001702,captured,paypal,60.16,6.07,8.91,4.11,0.0,79.25,2026-08-16T19:48:43Z,2026-08-16T20:42:29Z,USD
pay_af8b1564103b48449339,o_20260816_00001703,captured,wallet,97.57,5.22,12.62,5.4,9.76,111.05,2026-08-16T13:08:41Z,2026-08-16T14:05:27Z,USD
pay_70d5fa97174a4d779f03,o_20260816_00001704,captured,apple_pay,101.58,4.15,8.55,6.7,0.0,120.98,2026-08-16T19:00:34Z,2026-08-16T19:39:22Z,USD
pay_64e889c2e32a430994b3,o_20260816_00001705,captured,apple_pay,70.9,4.1,7.03,5.1,10.63,76.5,2026-08-16T11:49:37Z,2026-08-16T12:31:56Z,USD
pay_62517825e0614b7aaf88,o_20260816_00001706,captured,apple_pay,112.53,5.52,15.62,7.37,16.88,124.16,2026-08-16T12:56:21Z,2026-08-16T14:00:00Z,USD
pay_136ebe6c39164df88fc7,o_20260816_00001707,captured,wallet,38.56,2.36,3.13,2.43,5.78,40.7,2026-08-16T18:06:07Z,2026-08-16T18:42:04Z,USD
pay_ad8caa42d5b84f81b84d,o_20260816_00001708,captured,card,60.2,1.88,5.97,4.03,0.0,72.08,2026-08-16T08:05:39Z,2026-08-16T08:51:21Z,USD
pay_b6dc5bc932fd449494f2,o_20260816_00001709,captured,wallet,62.27,4.21,7.32,4.65,0.0,78.45,2026-08-16T13:21:04Z,2026-08-16T13:54:35Z,USD
pay_2c18426cf64c486a80f6,o_20260816_00001710,captured,apple_pay,48.48,3.37,7.1,2.68,4.85,56.78,2026-08-16T20:58:19Z,2026-08-16T21:35:03Z,USD
pay_4afa9d1f8bc343eaa2f2,o_20260816_00001711,captured,wallet,83.43,2.41,11.59,5.03,12.51,89.95,2026-08-16T11:01:15Z,2026-08-16T11:47:31Z,USD
pay_8ea218f58c274f50b0ac,o_20260816_00001712,captured,apple_pay,104.36,5.03,13.88,8.8,15.65,116.42,2026-08-16T11:25:24Z,2026-08-16T12:08:33Z,USD
pay_3aad4f94f855445d84cb,o_20260816_00001713,captured,paypal,17.84,2.97,1.57,1.22,0.0,23.6,2026-08-16T12:56:20Z,2026-08-16T13:36:45Z,USD
pay_a981f5c9e40743a08dc7,o_20260816_00001714,refunded,paypal,94.38,2.94,14.66,6.64,4.72,113.9,2026-08-16T08:39:42Z,,USD
pay_f57e8e04854146e49d39,o_20260816_00001715,captured,card,45.36,3.48,3.76,2.69,2.27,53.02,2026-08-16T19:38:43Z,2026-08-16T20:24:52Z,USD
pay_80cda182cef04047ba7f,o_20260816_00001716,refunded,card,14.2,6.46,1.26,1.19,0.0,23.11,2026-08-16T18:26:33Z,,USD
pay_509b7d2a37ed4eb38948,o_20260816_00001717,captured,card,17.76,6.94,1.86,1.75,0.0,28.31,2026-08-16T12:02:35Z,2026-08-16T12:36:32Z,USD
pay_9b0c0daabad64b21a111,o_20260816_00001718,captured,paypal,22.88,4.05,2.21,1.71,1.14,29.71,2026-08-16T13:40:55Z,2026-08-16T15:04:30Z,USD
pay_4b15c56f06d34108b039,o_20260816_00001719,captured,apple_pay,40.16,2.86,3.63,3.36,4.02,45.99,2026-08-16T12:31:21Z,2026-08-16T13:25:03Z,USD
pay_94bddf33696747d888cb,o_20260816_00001720,captured,card,60.01,3.36,6.62,3.65,0.0,73.64,2026-08-16T13:57:42Z,2026-08-16T14:55:18Z,USD
pay_1382e4ab8aa049148192,o_20260816_00001721,captured,paypal,34.25,6.38,2.93,2.32,0.0,45.88,2026-08-16T20:20:07Z,2026-08-16T21:24:30Z,USD
pay_c49621d7ba6447a68ab5,o_20260816_00001722,captured,card,49.72,2.5,6.29,4.07,0.0,62.58,2026-08-16T20:03:12Z,2026-08-16T20:57:08Z,USD
pay_f3f2fdbaa75c41dba63c,o_20260816_00001723,captured,apple_pay,39.77,0.6,5.54,3.5,3.98,45.43,2026-08-16T18:40:50Z,2026-08-16T19:05:20Z,USD
pay_a826c19a7fa34b5587ae,o_20260816_00001724,captured,wallet,23.96,5.78,3.24,2.07,0.0,35.05,2026-08-16T18:43:16Z,2026-08-16T20:01:05Z,USD
pay_96b26a279d094caeb0b2,o_20260816_00001725,captured,paypal,89.48,6.33,11.42,7.29,0.0,114.52,2026-08-16T18:18:51Z,2026-08-16T19:04:22Z,USD
pay_4187b3ea95b64bdd9e21,o_20260816_00001726,captured,card,70.5,5.3,8.75,5.41,0.0,89.96,2026-08-16T18:31:57Z,2026-08-16T19:10:42Z,USD
pay_f8288d2d42e7469d9646,o_20260816_00001727,captured,paypal,78.81,5.86,7.97,5.77,0.0,98.41,2026-08-16T20:37:52Z,2026-08-16T21:17:36Z,USD
pay_c5f082bb9bc84c26afa5,o_20260816_00001728,captured,paypal,20.06,2.26,2.97,1.4,0.0,26.69,2026-08-16T08:03:58Z,2026-08-16T08:52:09Z,USD
pay_8f1c25f828704450921b,o_20260816_00001729,captured,wallet,99.18,3.15,11.11,7.59,9.92,111.11,2026-08-16T12:23:55Z,2026-08-16T12:56:50Z,USD
pay_64807a1612a44715b178,o_20260816_00001730,captured,apple_pay,80.56,2.65,10.79,7.31,4.03,97.28,2026-08-16T19:50:08Z,2026-08-16T20:21:15Z,USD
pay_7b57a9dbad014e239f94,o_20260816_00001731,captured,wallet,12.44,6.58,1.82,1.21,0.0,22.05,2026-08-16T11:05:22Z,2026-08-16T11:45:13Z,USD
pay_a3a3fd4be2704191aac3,o_20260816_00001732,captured,apple_pay,93.61,1.41,10.67,6.36,4.68,107.37,2026-08-16T19:17:43Z,2026-08-16T20:10:05Z,USD
pay_93fbd670683948089140,o_20260816_00001733,voided,card,19.4,0.81,2.14,1.3,0.97,22.68,2026-08-16T12:35:13Z,,USD
pay_c86e01cdf04d4d7883c9,o_20260816_00001734,captured,paypal,67.49,5.29,5.62,5.0,10.12,73.28,2026-08-16T18:03:56Z,2026-08-16T19:04:44Z,USD
pay_ef1ae6b2401f4842acd4,o_20260816_00001735,captured,wallet,11.44,5.72,1.29,1.05,1.14,18.36,2026-08-16T19:38:30Z,2026-08-16T20:30:17Z,USD
pay_052cef35b6f04b3d867f,o_20260816_00001736,captured,wallet,48.56,5.87,7.41,4.08,0.0,65.92,2026-08-16T20:27:47Z,2026-08-16T20:45:17Z,USD
pay_99efb41e94b04707a906,o_20260816_00001737,refunded,apple_pay,13.66,6.34,1.25,0.72,2.05,19.92,2026-08-16T18:11:48Z,,USD
pay_50ff74aa9d39425fbfec,o_20260816_00001738,captured,apple_pay,80.79,3.2,12.71,6.35,0.0,103.05,2026-08-16T13:19:11Z,2026-08-16T14:13:52Z,USD
pay_3e736d960be0475186ae,o_20260816_00001739,captured,paypal,56.97,2.16,6.13,4.9,5.7,64.46,2026-08-16T08:48:08Z,2026-08-16T09:26:09Z,USD
pay_562edd7c234047a8b762,o_20260816_00001740,captured,apple_pay,84.14,3.59,8.01,5.12,0.0,100.86,2026-08-16T18:40:35Z,2026-08-16T19:19:39Z,USD
pay_97d793f13ce543f989f3,o_20260816_00001741,captured,card,39.98,1.31,6.33,2.24,4.0,45.86,2026-08-16T19:49:48Z,2026-08-16T20:38:28Z,USD
pay_0a177e41fb1c40968c49,o_20260816_00001742,captured,apple_pay,133.15,4.7,12.42,10.76,0.0,161.03,2026-08-16T08:25:07Z,2026-08-16T09:14:45Z,USD
pay_a2957beb81e941ccac73,o_20260816_00001743,captured,card,30.48,6.69,2.62,2.35,4.57,37.57,2026-08-16T12:53:39Z,2026-08-16T13:21:58Z,USD
pay_87f26796fc164930a5c5,o_20260816_00001744,captured,card,97.54,6.12,13.05,5.03,14.63,107.11,2026-08-16T12:03:19Z,2026-08-16T12:33:07Z,USD
pay_78020e03d932466796f5,o_20260816_00001745,captured,card,23.78,3.01,2.17,1.94,0.0,30.9,2026-08-16T13:37:43Z,2026-08-16T14:20:17Z,USD
pay_7035356f0cfb447d9677,o_20260816_00001746,captured,card,88.35,3.89,8.48,4.62,13.25,92.09,2026-08-16T13:07:35Z,2026-08-16T14:13:05Z,USD
pay_38a3c12ba4554f0e8d7b,o_20260816_00001747,captured,apple_pay,75.02,4.84,7.04,5.57,11.25,81.22,2026-08-16T20:23:46Z,2026-08-16T21:05:29Z,USD
pay_2d3b4bb89b704f1889c9,o_20260816_00001748,captured,card,99.76,2.26,15.72,6.93,9.98,114.69,2026-08-16T21:00:07Z,2026-08-16T21:44:40Z,USD
pay_e3dde5bb32e9490a8dc5,o_20260816_00001749,captured,paypal,100.68,4.51,13.85,8.56,0.0,127.6,2026-08-16T19:04:50Z,2026-08-16T19:40:00Z,USD
pay_13d9b92d64b24ee8a9b5,o_20260816_00001750,captured,card,18.87,5.39,2.93,1.71,0.0,28.9,2026-08-16T18:24:53Z,2026-08-16T19:06:28Z,USD
pay_2b7a5aeaedae4944b9f3,o_20260816_00001751,captured,card,62.3,3.45,8.67,5.95,0.0,80.37,2026-08-16T18:09:40Z,2026-08-16T18:39:02Z,USD
pay_f568dc75f4ce4e8bad84,o_20260816_00001752,captured,apple_pay,99.54,1.45,11.0,8.19,0.0,120.18,2026-08-16T19:51:43Z,2026-08-16T20:40:46Z,USD
pay_8520fd860f3e4c129705,o_20260816_00001753,captured,wallet,64.08,4.02,9.82,4.92,9.61,73.23,2026-08-16T11:57:18Z,2026-08-16T12:51:16Z,USD
pay_bc07b4a395c047d7ad0b,o_20260816_00001754,captured,card,62.32,6.67,5.54,4.04,0.0,78.57,2026-08-16T13:41:39Z,2026-08-16T14:23:20Z,USD
pay_a190100776914fc2960f,o_20260816_00001755,captured,apple_pay,64.25,5.47,8.62,3.76,9.64,72.46,2026-08-16T20:19:30Z,2026-08-16T20:53:17Z,USD
pay_01e5bf7888d54403b895,o_20260816_00001756,captured,paypal,80.88,5.48,7.84,5.08,12.13,87.15,2026-08-16T12:15:52Z,2026-08-16T12:38:21Z,USD
pay_34d97e577f2347a192b7,o_20260816_00001757,captured,wallet,55.23,5.33,6.87,3.06,5.52,64.97,2026-08-16T19:39:55Z,2026-08-16T20:27:11Z,USD
pay_54229e3de3f74b50acfc,o_20260816_00001758,captured,card,47.56,5.38,4.14,2.88,4.76,55.2,2026-08-16T08:37:14Z,2026-08-16T09:26:03Z,USD
pay_571737ebc42f4006b13b,o_20260816_00001759,captured,apple_pay,68.04,5.0,9.11,4.16,0.0,86.31,2026-08-16T12:32:11Z,2026-08-16T13:21:50Z,USD
pay_c7213eef628148bc88fa,o_20260816_00001760,captured,paypal,28.28,5.78,3.01,2.55,2.83,36.79,2026-08-16T11:07:16Z,2026-08-16T11:56:57Z,USD
pay_459b2c9068144093958e,o_20260816_00001761,captured,wallet,32.67,3.64,3.16,3.21,0.0,42.68,2026-08-16T12:17:55Z,2026-08-16T13:24:08Z,USD
pay_65b4fc5580304160acff,o_20260816_00001762,captured,wallet,46.56,3.84,5.81,3.09,2.33,56.97,2026-08-16T12:18:42Z,2026-08-16T13:03:37Z,USD
pay_993587c27299429f8bdb,o_20260816_00001763,captured,card,54.74,2.19,5.13,4.15,0.0,66.21,2026-08-16T20:24:58Z,2026-08-16T20:55:41Z,USD
pay_faa97c7c6b7b4eb98948,o_20260816_00001764,voided,card,17.25,6.86,2.72,1.47,0.0,28.3,2026-08-16T18:49:17Z,,USD
pay_9cabf96586e14b99867d,o_20260816_00001765,captured,paypal,39.89,3.55,4.45,2.84,3.99,46.74,2026-08-16T12:13:01Z,2026-08-16T12:51:51Z,USD
pay_65e9b6fa0d084da38a0c,o_20260816_00001766,captured,wallet,124.11,5.27,14.41,8.02,12.41,139.4,2026-08-16T19:38:13Z,2026-08-16T20:14:36Z,USD
pay_f7316baf194147eb8898,o_20260816_00001767,captured,card,51.58,2.84,5.25,4.35,0.0,64.02,2026-08-16T18:24:30Z,2026-08-16T18:54:09Z,USD
pay_34b38bb60928464eac50,o_20260816_00001768,captured,wallet,13.44,3.8,2.04,0.86,0.0,20.14,2026-08-16T11:37:57Z,2026-08-16T12:32:28Z,USD
pay_17a652e2f5634c94be51,o_20260816_00001769,captured,wallet,42.29,2.2,5.03,3.67,0.0,53.19,2026-08-16T20:00:56Z,2026-08-16T20:38:41Z,USD
pay_047d5011ea054a9aad5c,o_20260816_00001770,captured,card,56.56,1.26,8.6,4.61,0.0,71.03,2026-08-16T19:33:25Z,2026-08-16T20:09:01Z,USD
pay_d7968d8245e947958b44,o_20260816_00001771,captured,wallet,12.94,6.53,1.26,0.76,1.94,19.55,2026-08-16T12:05:52Z,2026-08-16T12:31:32Z,USD
pay_4738285f56094a91912c,o_20260816_00001772,captured,wallet,67.99,2.35,7.77,5.65,10.2,73.56,2026-08-16T11:37:48Z,2026-08-16T12:23:20Z,USD
pay_277e42e2e59046198cf0,o_20260816_00001773,captured,apple_pay,48.51,2.68,5.81,3.54,0.0,60.54,2026-08-16T13:03:49Z,2026-08-16T14:15:41Z,USD
pay_38d893e165a640c292ff,o_20260816_00001774,captured,paypal,59.33,1.69,6.52,4.05,2.97,68.62,2026-08-16T11:50:47Z,2026-08-16T12:17:32Z,USD
pay_4a61157043244e4b8810,o_20260816_00001775,captured,paypal,44.82,4.04,5.62,3.01,2.24,55.25,2026-08-16T18:55:56Z,2026-08-16T19:36:45Z,USD
pay_1aa9e446591d4072ab66,o_20260816_00001776,refunded,apple_pay,72.95,3.67,8.48,5.85,3.65,87.3,2026-08-16T20:27:11Z,,USD
pay_901d96ae4d7b4f8689bc,o_20260816_00001777,captured,wallet,10.01,3.85,1.36,0.76,0.5,15.48,2026-08-16T13:35:54Z,2026-08-16T14:12:34Z,USD
pay_5a8fe2be47da43c5a9e6,o_20260816_00001778,captured,apple_pay,78.78,3.03,8.15,5.42,11.82,83.56,2026-08-16T19:35:18Z,2026-08-16T20:06:56Z,USD
pay_462d40a420084db7be9f,o_20260816_00001779,captured,paypal,97.2,5.2,11.85,7.01,0.0,121.26,2026-08-16T11:13:47Z,2026-08-16T11:49:32Z,USD
pay_a2347eb62fc54fdab4d1,o_20260816_00001780,captured,paypal,50.19,2.9,5.59,4.48,0.0,63.16,2026-08-16T08:03:04Z,2026-08-16T08:38:56Z,USD
pay_3cf35e3ed9ce47eebd21,o_20260816_00001781,captured,card,76.54,2.12,11.34,5.24,11.48,83.76,2026-08-16T20:11:05Z,2026-08-16T20:45:29Z,USD
pay_10a21865c3c54eb4a3fc,o_20260816_00001782,captured,wallet,106.53,1.66,9.97,7.28,10.65,114.79,2026-08-16T13:48:02Z,2026-08-16T14:28:34Z,USD
pay_b4055810cdbe4f8fbea3,o_20260816_00001783,captured,paypal,17.7,3.43,2.02,1.63,0.0,24.78,2026-08-16T19:18:51Z,2026-08-16T20:05:28Z,USD
pay_70eecd7f070241489763,o_20260816_00001784,captured,apple_pay,96.6,6.62,14.38,6.26,0.0,123.86,2026-08-16T13:49:12Z,2026-08-16T14:51:49Z,USD
pay_d4d9e77d869349e99e39,o_20260816_00001785,captured,paypal,93.11,1.27,11.66,8.01,0.0,114.05,2026-08-16T12:54:37Z,2026-08-16T13:41:12Z,USD
pay_91694e27983c40b8bde1,o_20260816_00001786,captured,apple_pay,110.08,3.63,15.1,6.63,5.5,129.94,2026-08-16T19:12:35Z,2026-08-16T20:09:20Z,USD
pay_68e3c377489245519931,o_20260816_00001787,captured,apple_pay,60.05,4.7,9.32,4.33,0.0,78.4,2026-08-16T18:30:39Z,2026-08-16T19:16:59Z,USD
pay_e9af8bf980264548be4c,o_20260816_00001788,captured,wallet,84.86,4.27,12.11,7.66,0.0,108.9,2026-08-16T13:22:12Z,2026-08-16T14:28:25Z,USD
pay_2719348e4d8c4b5cb35f,o_20260816_00001789,captured,card,105.45,6.32,14.61,7.61,5.27,128.72,2026-08-16T18:21:25Z,2026-08-16T19:07:12Z,USD
pay_654d9f14274241608ec7,o_20260816_00001790,captured,apple_pay,35.37,2.75,3.82,3.23,3.54,41.63,2026-08-16T12:53:39Z,2026-08-16T13:35:11Z,USD
pay_10e9f0ea9d4d4fb8b131,o_20260816_00001791,captured,apple_pay,13.44,2.9,1.52,1.28,0.0,19.14,2026-08-16T11:59:37Z,2026-08-16T12:51:22Z,USD
pay_85070628fd6c443288b3,o_20260816_00001792,captured,wallet,60.91,1.38,7.75,3.45,6.09,67.4,2026-08-16T08:32:20Z,2026-08-16T09:19:16Z,USD
pay_8c0dd3ea2cd94797865d,o_20260816_00001793,captured,card,6.95,1.28,0.98,0.68,0.0,9.89,2026-08-16T19:23:39Z,2026-08-16T20:02:23Z,USD
pay_b5e1eb64692944458a17,o_20260816_00001794,captured,wallet,110.5,2.3,17.19,9.98,0.0,139.97,2026-08-16T13:45:01Z,2026-08-16T14:38:43Z,USD
pay_c79dd48dc7414e78b173,o_20260816_00001795,captured,wallet,61.07,6.5,7.25,5.6,6.11,74.31,2026-08-16T08:23:20Z,2026-08-16T09:04:07Z,USD
pay_3eca4618d68349bf9184,o_20260816_00001796,captured,card,69.08,3.11,7.27,4.31,3.45,80.32,2026-08-16T12:34:58Z,2026-08-16T13:03:37Z,USD
pay_e8d0061363494bc7ab7a,o_20260816_00001797,captured,paypal,13.42,3.15,2.04,0.98,0.67,18.92,2026-08-16T18:11:37Z,2026-08-16T18:58:27Z,USD
pay_b1fce6313f0a4865a36c,o_20260816_00001798,captured,apple_pay,38.0,5.29,3.6,2.57,0.0,49.46,2026-08-16T12:11:51Z,2026-08-16T13:05:21Z,USD
pay_7713d25f6d3649b2b264,o_20260816_00001799,captured,card,103.71,0.65,9.02,9.91,0.0,123.29,2026-08-16T12:54:05Z,2026-08-16T13:31:35Z,USD
pay_a0bc62e71f614af3a847,o_20260816_00001800,captured,wallet,79.14,5.6,6.39,5.6,11.87,84.86,2026-08-16T20:54:23Z,2026-08-16T21:21:09Z,USD
pay_862d77e85c614133a429,o_20260816_00001801,captured,paypal,98.03,6.06,15.38,8.7,0.0,128.17,2026-08-16T12:38:28Z,2026-08-16T13:14:16Z,USD
pay_de820312f785474786c3,o_20260816_00001802,captured,card,86.58,6.41,13.28,6.82,8.66,104.43,2026-08-16T12:49:44Z,2026-08-16T13:33:55Z,USD
pay_4ce11fbe3a1b414c852d,o_20260816_00001803,captured,card,64.5,5.43,8.2,4.0,9.67,72.46,2026-08-16T20:21:33Z,2026-08-16T21:04:04Z,USD
pay_a20e5b54377a456a9919,o_20260816_00001804,captured,wallet,83.6,3.15,9.8,7.05,0.0,103.6,2026-08-16T12:00:37Z,2026-08-16T12:54:09Z,USD
pay_193b3f3f48b84aee80a7,o_20260816_00001805,captured,card,58.29,5.79,7.89,4.71,0.0,76.68,2026-08-16T12:09:06Z,2026-08-16T12:57:24Z,USD
pay_de4e48f41f2840efad81,o_20260816_00001806,captured,wallet,9.47,3.91,1.43,0.89,0.0,15.7,2026-08-16T12:51:36Z,2026-08-16T13:38:15Z,USD
pay_ff5d7df6715d4fb9bdd4,o_20260816_00001807,captured,apple_pay,102.8,6.62,11.95,5.55,15.42,111.5,2026-08-16T18:08:35Z,2026-08-16T18:52:16Z,USD
pay_7bbfc0c99fc141aa8e4a,o_20260816_00001808,captured,apple_pay,43.47,1.6,3.88,3.33,6.52,45.76,2026-08-16T11:49:24Z,2026-08-16T12:39:05Z,USD
pay_72f1b2cefe1e4fc09a36,o_20260816_00001809,captured,paypal,19.4,6.38,2.73,1.87,0.0,30.38,2026-08-16T11:15:41Z,2026-08-16T12:15:03Z,USD
pay_6013cfa0849a436b83e3,o_20260816_00001810,captured,apple_pay,44.25,4.08,6.47,2.43,6.64,50.59,2026-08-16T12:57:29Z,2026-08-16T13:46:47Z,USD
pay_423599fd518e4742ae32,o_20260816_00001811,captured,paypal,112.2,6.71,16.29,8.42,0.0,143.62,2026-08-16T20:13:31Z,2026-08-16T20:57:41Z,USD
pay_f981b5fbe7434562b4b3,o_20260816_00001812,captured,paypal,155.43,3.43,23.86,15.53,0.0,198.25,2026-08-16T18:27:25Z,2026-08-16T19:07:06Z,USD
pay_a0b1fffcab624a52a238,o_20260816_00001813,captured,wallet,18.64,3.62,2.57,1.66,1.86,24.63,2026-08-16T11:45:34Z,2026-08-16T12:27:15Z,USD
pay_cb59bedc305f49dba19f,o_20260816_00001814,refunded,apple_pay,83.83,6.49,11.06,7.91,0.0,109.29,2026-08-16T20:51:23Z,,USD
pay_68dbe05522014d0082d0,o_20260816_00001815,captured,card,41.83,0.82,4.84,2.37,4.18,45.68,2026-08-16T18:37:29Z,2026-08-16T19:17:35Z,USD
pay_07351be9f38a459289dd,o_20260816_00001816,captured,card,84.0,6.89,10.36,6.11,12.6,94.76,2026-08-16T19:42:29Z,2026-08-16T20:17:15Z,USD
pay_c1a1a789511e43b5a0fc,o_20260816_00001817,captured,paypal,34.5,5.07,3.42,3.13,3.45,42.67,2026-08-16T13:40:43Z,2026-08-16T14:46:58Z,USD
pay_1890094746f84e369d6a,o_20260816_00001818,captured,paypal,22.62,2.37,2.33,2.12,1.13,28.31,2026-08-16T18:10:53Z,2026-08-16T18:46:46Z,USD
pay_ebfba8b6bc26421e9b53,o_20260816_00001819,captured,apple_pay,36.86,4.48,4.26,2.56,5.53,42.63,2026-08-16T20:22:23Z,2026-08-16T21:16:17Z,USD
pay_85aa8521b6f3488382e0,o_20260816_00001820,voided,wallet,29.05,2.99,3.44,2.63,2.9,35.21,2026-08-16T11:34:02Z,,USD
pay_bcec4789118349649f8d,o_20260816_00001821,captured,apple_pay,40.48,2.66,3.6,4.02,0.0,50.76,2026-08-16T12:50:57Z,2026-08-16T13:38:34Z,USD
pay_cc61fa2228ea4cdfa2a0,o_20260816_00001822,captured,wallet,19.4,6.07,2.43,1.88,0.97,28.81,2026-08-16T18:23:26Z,2026-08-16T19:01:02Z,USD
pay_23220c63d29c4590ba06,o_20260816_00001823,captured,paypal,31.71,6.04,3.13,2.92,0.0,43.8,2026-08-16T18:53:24Z,2026-08-16T19:46:09Z,USD
pay_b55024cfacde4d2d83c8,o_20260816_00001824,captured,paypal,63.54,4.69,9.31,4.05,0.0,81.59,2026-08-16T19:47:01Z,2026-08-16T20:50:58Z,USD
pay_f4e39fa43849411c8556,o_20260816_00001825,captured,paypal,35.82,3.76,3.76,3.36,0.0,46.7,2026-08-16T18:19:33Z,2026-08-16T18:43:14Z,USD
pay_6634aca1200b4498b0a5,o_20260816_00001826,captured,wallet,46.98,4.62,6.29,4.64,0.0,62.53,2026-08-16T11:55:14Z,2026-08-16T12:59:07Z,USD
pay_5c183809340d44648824,o_20260816_00001827,captured,apple_pay,50.48,0.95,6.21,3.96,0.0,61.6,2026-08-16T13:48:59Z,2026-08-16T14:44:59Z,USD
pay_f6cd8ae0caaf4f6a95ea,o_20260816_00001828,captured,apple_pay,94.74,5.18,11.08,7.39,14.21,104.18,2026-08-16T19:46:46Z,2026-08-16T21:03:35Z,USD
pay_dc6aff7527514490b509,o_20260816_00001829,captured,paypal,111.98,6.15,11.96,9.66,11.2,128.55,2026-08-16T11:33:57Z,2026-08-16T12:25:47Z,USD
pay_41a2577d2a3547539b42,o_20260816_00001830,captured,apple_pay,103.62,3.36,8.37,6.61,15.54,106.42,2026-08-16T12:13:44Z,2026-08-16T13:00:25Z,USD
pay_ffd6df424e3f42bebf8f,o_20260816_00001831,captured,wallet,42.3,4.13,6.05,2.53,2.11,52.9,2026-08-16T13:24:03Z,2026-08-16T14:05:37Z,USD
pay_7e18fb5e76e54a848bdd,o_20260816_00001832,captured,apple_pay,11.9,1.2,1.12,0.92,1.19,13.95,2026-08-16T19:40:37Z,2026-08-16T19:58:23Z,USD
pay_2fef6f5f43cd45389f6a,o_20260816_00001833,voided,card,61.65,6.82,8.3,5.61,0.0,82.38,2026-08-16T08:05:33Z,,USD
pay_aa8d5e13d9974223a7f5,o_20260816_00001834,refunded,paypal,21.72,1.82,1.78,1.84,1.09,26.07,2026-08-16T19:21:41Z,,USD
pay_922371d1d23e41bc8a7e,o_20260816_00001835,captured,paypal,50.11,2.21,6.1,4.32,5.01,57.73,2026-08-16T12:59:00Z,2026-08-16T13:50:58Z,USD
pay_1c419033530f4fcc8087,o_20260816_00001836,captured,card,47.7,5.28,4.55,4.75,0.0,62.28,2026-08-16T12:52:11Z,2026-08-16T13:42:58Z,USD
pay_a904eaee11464f8b8234,o_20260816_00001837,captured,wallet,21.44,2.28,2.03,1.94,0.0,27.69,2026-08-16T12:47:10Z,2026-08-16T13:59:22Z,USD
pay_9d813bb10da5450986d3,o_20260816_00001838,refunded,apple_pay,27.8,3.88,2.98,2.21,0.0,36.87,2026-08-16T13:41:46Z,,USD
pay_e8e20d5630654b8c9ff6,o_20260816_00001839,captured,wallet,35.34,5.27,3.28,2.15,0.0,46.04,2026-08-16T12:58:25Z,2026-08-16T13:20:05Z,USD
pay_18774b2713464e8abc41,o_20260816_00001840,captured,paypal,66.04,4.4,10.16,4.03,0.0,84.63,2026-08-16T11:11:00Z,2026-08-16T11:38:57Z,USD
pay_c9845ef972df48658485,o_20260816_00001841,captured,apple_pay,87.32,5.91,11.57,8.6,0.0,113.4,2026-08-16T12:05:44Z,2026-08-16T12:35:22Z,USD
pay_ea5046605ea9497a86df,o_20260816_00001842,captured,card,22.2,4.87,2.41,1.52,3.33,27.67,2026-08-16T18:46:56Z,2026-08-16T19:31:34Z,USD
pay_3974575b059c4088a734,o_20260816_00001843,captured,apple_pay,44.1,2.42,6.72,3.56,6.62,50.18,2026-08-16T18:50:46Z,2026-08-16T19:32:38Z,USD
pay_aebb36e6fffa426b8635,o_20260816_00001844,captured,wallet,63.09,3.26,7.07,4.23,9.46,68.19,2026-08-16T11:50:36Z,2026-08-16T12:46:06Z,USD
pay_0f61a03e193d4fb58644,o_20260816_00001845,captured,paypal,54.72,3.28,6.56,5.38,0.0,69.94,2026-08-16T11:57:29Z,2026-08-16T12:35:14Z,USD
pay_fe843a80f7e14bf8bdd7,o_20260816_00001846,captured,wallet,84.38,4.12,7.81,6.4,12.66,90.05,2026-08-16T20:07:24Z,2026-08-16T20:52:05Z,USD
pay_693da8119b5f45a7ba1c,o_20260816_00001847,captured,card,69.42,6.53,7.39,3.75,10.41,76.68,2026-08-16T19:53:37Z,2026-08-16T20:42:11Z,USD
pay_e684d214f53340a7a9cd,o_20260816_00001848,captured,apple_pay,15.86,0.65,1.41,1.03,2.38,16.57,2026-08-16T11:44:36Z,2026-08-16T12:23:09Z,USD
pay_a6893f7c56254f3c817f,o_20260816_00001849,captured,card,41.39,5.94,6.23,3.68,0.0,57.24,2026-08-16T11:49:47Z,2026-08-16T12:24:39Z,USD
pay_4ae5c889b5454f78a92c,o_20260816_00001850,captured,paypal,112.29,0.76,11.33,9.08,11.23,122.23,2026-08-16T19:28:38Z,2026-08-16T19:58:19Z,USD
pay_0066b6c0ac80479bacda,o_20260816_00001851,captured,paypal,65.79,3.49,9.01,4.82,0.0,83.11,2026-08-16T18:55:13Z,2026-08-16T19:25:37Z,USD
pay_7bd137cd93694f3385f6,o_20260816_00001852,captured,card,51.6,0.53,4.32,4.25,7.74,52.96,2026-08-16T18:03:15Z,2026-08-16T18:41:03Z,USD
pay_e6b8668090e94e8ea610,o_20260816_00001853,captured,card,36.82,4.55,3.66,2.31,0.0,47.34,2026-08-16T11:38:58Z,2026-08-16T12:06:57Z,USD
pay_17a0e5b19c924727bd6e,o_20260816_00001854,captured,apple_pay,49.55,4.86,4.75,4.81,2.48,61.49,2026-08-16T18:48:08Z,2026-08-16T19:35:59Z,USD
pay_e0d54fdc426741c987c7,o_20260816_00001855,captured,card,63.6,0.85,6.73,5.24,9.54,66.88,2026-08-16T18:38:24Z,2026-08-16T19:14:59Z,USD
pay_e1ff4aec1f2e4b1698e0,o_20260816_00001856,refunded,card,70.77,3.14,5.69,6.69,0.0,86.29,2026-08-16T11:52:07Z,,USD
pay_701ae10fbaf74e0e9073,o_20260816_00001857,captured,wallet,120.63,1.13,11.69,10.04,18.09,125.4,2026-08-16T08:24:20Z,2026-08-16T09:05:46Z,USD
pay_97d6673d2a3d466593b7,o_20260816_00001858,captured,paypal,60.24,5.79,8.33,4.62,6.02,72.96,2026-08-16T08:12:44Z,2026-08-16T08:58:05Z,USD
pay_38edd0c4610741868488,o_20260816_00001859,captured,card,83.1,3.1,8.4,4.5,8.31,90.79,2026-08-16T08:10:39Z,2026-08-16T08:45:16Z,USD
pay_ee3fff74d1b1450f876d,o_20260816_00001860,captured,apple_pay,83.43,6.59,8.71,6.09,12.51,92.31,2026-08-16T19:52:11Z,2026-08-16T20:29:00Z,USD
pay_2aa2d845326f475b988d,o_20260816_00001861,captured,card,42.18,1.69,3.83,2.93,0.0,50.63,2026-08-16T12:12:51Z,2026-08-16T12:57:30Z,USD
pay_3d5cc3ecd6b2422f8f84,o_20260816_00001862,captured,apple_pay,100.26,3.29,11.58,8.22,10.03,113.32,2026-08-16T18:27:20Z,2026-08-16T19:15:32Z,USD
pay_a8a8f93afd3241f995ee,o_20260816_00001863,voided,wallet,16.47,6.66,1.9,1.21,0.82,25.42,2026-08-16T13:28:06Z,,USD
pay_45b09460d39a45439687,o_20260816_00001864,refunded,card,20.28,6.81,1.72,1.69,0.0,30.5,2026-08-16T20:16:24Z,,USD
pay_af33d92a6df4454c835e,o_20260816_00001865,captured,wallet,30.05,6.84,3.53,1.78,1.5,40.7,2026-08-16T11:30:12Z,2026-08-16T12:29:51Z,USD
pay_610f7aa6b189443bb42f,o_20260816_00001866,refunded,wallet,45.9,3.25,6.27,3.5,0.0,58.92,2026-08-16T11:47:57Z,,USD
pay_f3fc8ab72eee4743a275,o_20260816_00001867,captured,apple_pay,34.92,2.58,3.57,2.74,0.0,43.81,2026-08-16T08:36:35Z,2026-08-16T09:03:41Z,USD
pay_e13e18abc06645cb8f17,o_20260816_00001868,captured,card,28.84,1.84,4.14,2.24,2.88,34.18,2026-08-16T13:00:23Z,2026-08-16T13:38:43Z,USD
pay_fa4ef3f9b96e4278b5de,o_20260816_00001869,captured,card,107.48,1.06,15.05,10.73,0.0,134.32,2026-08-16T12:50:32Z,2026-08-16T13:26:47Z,USD
pay_013176be4a534e35a768,o_20260816_00001870,captured,wallet,58.29,1.06,8.5,4.55,0.0,72.4,2026-08-16T13:12:24Z,2026-08-16T14:14:01Z,USD
pay_a186211041a347b0a7bb,o_20260816_00001871,refunded,apple_pay,103.62,6.89,13.98,7.89,0.0,132.38,2026-08-16T20:10:48Z,,USD
pay_c37fde7909c34a7185a4,o_20260816_00001872,refunded,paypal,85.56,0.59,9.81,7.12,0.0,103.08,2026-08-16T12:36:30Z,,USD
pay_3331d8602b9e4ddc9e62,o_20260816_00001873,captured,card,24.7,0.94,2.57,1.5,0.0,29.71,2026-08-16T18:45:35Z,2026-08-16T19:31:23Z,USD
pay_1bfb8f8a380f4d4fa689,o_20260816_00001874,captured,paypal,72.39,2.13,10.29,6.5,0.0,91.31,2026-08-16T19:24:24Z,2026-08-16T20:03:17Z,USD
pay_3c7272f49ee747ac9649,o_20260816_00001875,captured,card,23.96,1.56,3.68,2.16,0.0,31.36,2026-08-16T18:33:12Z,2026-08-16T19:09:05Z,USD
pay_6d232be024bb4b86a6b1,o_20260816_00001876,captured,apple_pay,25.29,0.89,2.46,1.92,1.26,29.3,2026-08-16T19:21:15Z,2026-08-16T19:55:58Z,USD
pay_c0a4212b9c844854b875,o_20260816_00001877,voided,card,112.2,1.83,15.21,9.02,16.83,121.43,2026-08-16T19:26:44Z,,USD
pay_359c0b7a68cc45e49a1f,o_20260816_00001878,captured,card,79.05,0.61,8.76,5.11,7.91,85.62,2026-08-16T19:44:39Z,2026-08-16T20:23:10Z,USD
pay_8082b15b1c6b48d8bb64,o_20260816_00001879,captured,paypal,62.77,6.58,7.73,4.07,0.0,81.15,2026-08-16T19:30:28Z,2026-08-16T20:18:40Z,USD
pay_6bdf1c6faf604be5a8d5,o_20260816_00001880,captured,apple_pay,61.65,4.43,7.67,4.8,6.17,72.38,2026-08-16T11:15:36Z,2026-08-16T12:18:54Z,USD
pay_ff5636ba98e34cee9b41,o_20260816_00001881,captured,apple_pay,18.68,4.9,2.07,1.37,0.0,27.02,2026-08-16T19:05:50Z,2026-08-16T20:11:41Z,USD
pay_3f97c7f015cf45d6a7a5,o_20260816_00001882,captured,card,54.21,1.17,6.22,4.36,0.0,65.96,2026-08-16T18:49:12Z,2026-08-16T19:21:19Z,USD
pay_bac0d1919bf04d9eb6c3,o_20260816_00001883,captured,card,128.55,0.59,15.81,12.31,0.0,157.26,2026-08-16T18:30:14Z,2026-08-16T19:16:36Z,USD
pay_bda60abb28e34f9a9322,o_20260816_00001884,refunded,wallet,80.88,6.45,9.66,6.61,12.13,91.47,2026-08-16T12:14:53Z,,USD
pay_60b247744cfc4ca8b447,o_20260816_00001885,captured,card,41.55,2.3,5.57,3.22,2.08,50.56,2026-08-16T08:26:44Z,2026-08-16T09:21:21Z,USD
pay_02d569ef19c44327b45a,o_20260816_00001886,captured,card,70.93,4.14,7.93,4.28,3.55,83.73,2026-08-16T11:53:47Z,2026-08-16T12:55:39Z,USD
pay_c3127877e89444c69c63,o_20260816_00001887,captured,apple_pay,36.96,5.97,5.9,3.19,0.0,52.02,2026-08-16T18:13:27Z,2026-08-16T18:59:11Z,USD
pay_17e739e8e28148db9d02,o_20260816_00001888,captured,card,68.05,6.15,9.91,6.92,0.0,91.03,2026-08-16T13:24:49Z,2026-08-16T14:24:49Z,USD
pay_ccfc0e1696e34e72bd14,o_20260816_00001889,captured,paypal,30.26,5.59,3.06,1.94,4.54,36.31,2026-08-16T19:45:43Z,2026-08-16T20:54:50Z,USD
pay_a093c08fb6a54d4fa1cd,o_20260816_00001890,captured,paypal,122.5,1.15,15.16,8.36,0.0,147.17,2026-08-16T20:25:57Z,2026-08-16T21:10:07Z,USD
pay_19ac9b3c5bdb459cb0ca,o_20260816_00001891,captured,wallet,28.69,2.38,3.49,2.02,2.87,33.71,2026-08-16T08:53:31Z,2026-08-16T09:45:33Z,USD
pay_6a73a9c0fd6044dc97e8,o_20260816_00001892,captured,card,63.98,4.9,9.62,5.1,9.6,74.0,2026-08-16T11:15:20Z,2026-08-16T11:41:00Z,USD
pay_8b97de1a9c9645e1a694,o_20260816_00001893,captured,paypal,71.7,0.59,8.17,4.5,10.76,74.2,2026-08-16T19:15:19Z,2026-08-16T20:07:00Z,USD
pay_895fc73a05f341de9a70,o_20260816_00001894,captured,apple_pay,59.11,2.83,4.77,3.93,5.91,64.73,2026-08-16T19:21:05Z,2026-08-16T20:02:55Z,USD
pay_4da9ab28fb3849859bfa,o_20260816_00001895,captured,paypal,55.17,3.28,5.88,5.47,0.0,69.8,2026-08-16T20:05:59Z,2026-08-16T20:49:51Z,USD
pay_5a5bd330b463446583be,o_20260816_00001896,captured,apple_pay,65.94,5.14,6.91,6.19,0.0,84.18,2026-08-16T19:01:19Z,2026-08-16T19:43:18Z,USD
pay_d8ec9be7cfbc4feab6f8,o_20260816_00001897,captured,apple_pay,71.58,3.53,6.06,5.77,0.0,86.94,2026-08-16T20:03:47Z,2026-08-16T21:09:19Z,USD
pay_72b5b7698dec405d8e7a,o_20260816_00001898,captured,wallet,97.58,3.44,10.65,7.57,4.88,114.36,2026-08-16T08:06:58Z,2026-08-16T08:41:56Z,USD
pay_432baa81a924435d9911,o_20260816_00001899,captured,apple_pay,102.95,6.1,16.31,6.67,10.29,121.74,2026-08-16T12:46:23Z,2026-08-16T13:49:12Z,USD
pay_d714c06f896943d5b6c0,o_20260816_00001900,captured,paypal,109.48,1.74,9.96,9.67,0.0,130.85,2026-08-16T08:12:01Z,2026-08-16T08:59:51Z,USD
pay_2dc00ad1d037427895e1,o_20260816_00001901,captured,apple_pay,141.78,5.1,12.64,11.16,0.0,170.68,2026-08-16T13:42:20Z,2026-08-16T14:31:51Z,USD
pay_82ffc5fde79c4d5a8566,o_20260816_00001902,captured,wallet,72.62,4.56,6.62,5.86,0.0,89.66,2026-08-16T18:43:46Z,2026-08-16T19:17:18Z,USD
pay_1676a6fe4bd846639741,o_20260816_00001903,captured,card,102.61,6.04,11.96,6.77,10.26,117.12,2026-08-16T08:23:06Z,2026-08-16T09:10:02Z,USD
pay_3f4022f79fc64e348e12,o_20260816_00001904,captured,card,45.96,6.5,4.96,4.05,2.3,59.17,2026-08-16T18:26:14Z,2026-08-16T19:17:06Z,USD
pay_39fb99b42a4a40bbbbdd,o_20260816_00001905,captured,paypal,36.16,6.17,5.64,2.25,1.81,48.41,2026-08-16T19:43:37Z,2026-08-16T20:35:41Z,USD
pay_e75738c319ae4c33ae8c,o_20260816_00001906,captured,apple_pay,97.52,5.22,14.13,8.05,0.0,124.92,2026-08-16T08:22:53Z,2026-08-16T09:02:27Z,USD
pay_efdbf4848a024b27873b,o_20260816_00001907,captured,paypal,23.77,6.36,2.21,1.96,0.0,34.3,2026-08-16T08:49:27Z,2026-08-16T09:33:11Z,USD
pay_9fa19977fccd454ca67b,o_20260816_00001908,captured,apple_pay,11.44,1.52,1.81,0.88,1.72,13.93,2026-08-16T08:58:56Z,2026-08-16T09:53:02Z,USD
pay_df201b3874614e6ca114,o_20260816_00001909,captured,card,21.93,2.8,3.04,1.7,3.29,26.18,2026-08-16T19:38:44Z,2026-08-16T20:25:43Z,USD
pay_d99b29d472eb40cf93fe,o_20260816_00001910,captured,wallet,17.02,1.15,1.42,1.33,0.0,20.92,2026-08-16T19:27:33Z,2026-08-16T20:07:09Z,USD
pay_2f442faecdfe471ea9a9,o_20260816_00001911,captured,apple_pay,18.64,5.04,1.52,1.23,0.93,25.5,2026-08-16T11:10:54Z,2026-08-16T12:10:24Z,USD
pay_e8428a5b4024473f8f34,o_20260816_00001912,captured,card,84.08,3.08,7.34,5.83,4.2,96.13,2026-08-16T12:44:36Z,2026-08-16T13:19:25Z,USD
pay_ecb7f8bb13dc40b7a933,o_20260816_00001913,voided,paypal,35.68,4.43,3.91,2.26,0.0,46.28,2026-08-16T18:58:01Z,,USD
pay_2740542e736c473c8c36,o_20260816_00001914,captured,paypal,31.2,4.79,2.66,2.38,1.56,39.47,2026-08-16T13:13:55Z,2026-08-16T13:55:38Z,USD
pay_9c1ceb0d46754ac29299,o_20260816_00001915,captured,card,65.53,6.41,6.38,4.52,0.0,82.84,2026-08-16T18:31:58Z,2026-08-16T19:18:58Z,USD
pay_330e57d3fba94f67b6ea,o_20260816_00001916,captured,paypal,90.08,6.44,7.8,7.55,9.01,102.86,2026-08-16T11:58:56Z,2026-08-16T12:32:51Z,USD
pay_f6e49d7324fb4fb896af,o_20260816_00001917,refunded,apple_pay,104.68,3.16,12.99,6.22,10.47,116.58,2026-08-16T20:05:38Z,,USD
pay_9e21f6e2c77a42c88842,o_20260816_00001918,captured,paypal,37.91,4.94,5.59,3.18,0.0,51.62,2026-08-16T18:53:26Z,2026-08-16T19:31:10Z,USD
pay_901921c3c5e9463292d3,o_20260816_00001919,captured,apple_pay,7.05,2.99,0.83,0.71,0.0,11.58,2026-08-16T19:16:45Z,2026-08-16T20:12:07Z,USD
pay_9037a5057b9f4b0e9990,o_20260816_00001920,captured,paypal,108.67,6.06,12.76,5.93,10.87,122.55,2026-08-16T19:56:53Z,2026-08-16T20:40:41Z,USD
pay_55c624bfe09e4137bab4,o_20260816_00001921,captured,wallet,39.58,3.62,5.19,3.75,1.98,50.16,2026-08-16T18:54:18Z,2026-08-16T19:36:01Z,USD
pay_b7491f693dbc487991c1,o_20260816_00001922,captured,paypal,36.21,2.73,3.61,3.28,0.0,45.83,2026-08-16T19:26:32Z,2026-08-16T20:11:02Z,USD
pay_7a7770b051b74dd988c2,o_20260816_00001923,captured,paypal,97.39,5.96,10.55,8.31,4.87,117.34,2026-08-16T19:21:29Z,2026-08-16T19:58:46Z,USD
pay_f03ec6af12514a6f823f,o_20260816_00001924,captured,card,18.99,4.87,1.81,1.53,0.0,27.2,2026-08-16T11:49:46Z,2026-08-16T12:56:40Z,USD
pay_91efd6b2a4ba46ef87cf,o_20260816_00001925,captured,card,14.9,4.4,1.38,1.39,0.0,22.07,2026-08-16T11:08:42Z,2026-08-16T11:26:36Z,USD
pay_ed16327e7d324514b63e,o_20260816_00001926,captured,wallet,48.51,2.79,6.74,4.04,0.0,62.08,2026-08-16T20:31:21Z,2026-08-16T21:32:15Z,USD
pay_8c196aeae24243578be7,o_20260816_00001927,captured,apple_pay,63.75,1.01,6.55,4.73,3.19,72.85,2026-08-16T19:03:33Z,2026-08-16T19:52:19Z,USD
pay_38f2b4b2664545f2bf11,o_20260816_00001928,captured,paypal,22.88,3.79,3.47,1.3,3.43,28.01,2026-08-16T13:57:30Z,2026-08-16T14:45:24Z,USD
pay_813e92cfa71a4cfda7b9,o_20260816_00001929,captured,wallet,42.06,1.83,5.09,3.32,6.31,45.99,2026-08-16T19:39:24Z,2026-08-16T20:42:12Z,USD
pay_8ed5d0c585094934b5f4,o_20260816_00001930,captured,card,14.9,6.92,1.73,1.05,2.23,22.37,2026-08-16T19:24:22Z,2026-08-16T19:58:54Z,USD
pay_0d3cee5bbe3d4315a17d,o_20260816_00001931,refunded,wallet,7.73,1.87,0.85,0.71,0.0,11.16,2026-08-16T13:30:37Z,,USD
pay_4aeb01d5a2c14894aef0,o_20260816_00001932,captured,card,21.87,6.43,3.41,1.77,0.0,33.48,2026-08-16T08:31:17Z,2026-08-16T09:43:47Z,USD
pay_78b63155f364493ca128,o_20260816_00001933,captured,paypal,139.69,6.46,15.52,8.54,0.0,170.21,2026-08-16T19:28:19Z,2026-08-16T19:46:50Z,USD
pay_bf6c1098b75d45219c70,o_20260816_00001934,captured,card,91.97,1.44,13.91,7.37,0.0,114.69,2026-08-16T21:00:43Z,2026-08-16T21:32:33Z,USD
pay_53929bddaa0a4bce895a,o_20260816_00001935,captured,wallet,90.59,3.59,7.27,7.4,0.0,108.85,2026-08-16T11:46:23Z,2026-08-16T12:25:20Z,USD
pay_bce93bae377d44b8a3fe,o_20260816_00001936,captured,wallet,122.3,3.72,12.03,8.5,12.23,134.32,2026-08-16T11:14:01Z,2026-08-16T12:10:28Z,USD
pay_2533559012d6478880de,o_20260816_00001937,captured,apple_pay,118.16,4.58,10.68,10.34,0.0,143.76,2026-08-16T12:47:54Z,2026-08-16T13:22:28Z,USD
pay_14c9e096686444f2b34c,o_20260816_00001938,captured,paypal,58.76,5.44,7.96,3.31,5.88,69.59,2026-08-16T13:36:52Z,2026-08-16T14:07:42Z,USD
pay_a9cbb736f0f541a0ab97,o_20260816_00001939,captured,apple_pay,48.91,4.03,5.76,3.87,2.45,60.12,2026-08-16T13:17:23Z,2026-08-16T13:39:03Z,USD
pay_e39df047bdce4a649f60,o_20260816_00001940,captured,paypal,7.05,5.4,1.07,0.54,0.0,14.06,2026-08-16T11:32:09Z,2026-08-16T12:27:06Z,USD
pay_2ac576d3dadc48aba1fd,o_20260816_00001941,captured,wallet,86.42,5.41,10.36,4.68,8.64,98.23,2026-08-16T18:29:31Z,2026-08-16T19:10:54Z,USD
pay_2a803d22cf834b859ee1,o_20260816_00001942,captured,card,102.29,3.13,11.54,6.65,0.0,123.61,2026-08-16T13:03:56Z,2026-08-16T13:46:44Z,USD
pay_74f2407018504f8d889c,o_20260816_00001943,captured,card,156.51,5.32,15.83,12.04,7.83,181.87,2026-08-16T18:58:17Z,2026-08-16T20:02:55Z,USD
pay_339aa2745a584b71ba2e,o_20260816_00001944,captured,paypal,99.85,6.1,12.64,7.76,0.0,126.35,2026-08-16T11:44:10Z,2026-08-16T12:41:19Z,USD
pay_c48efed91544419f8979,o_20260816_00001945,captured,paypal,71.82,3.93,7.35,5.6,0.0,88.7,2026-08-16T12:16:28Z,2026-08-16T13:12:39Z,USD
pay_53f7b238e53e4141846a,o_20260816_00001946,refunded,paypal,89.49,5.82,8.89,6.24,13.42,97.02,2026-08-16T12:57:09Z,,USD
pay_453a5c685d8843d5a826,o_20260816_00001947,captured,wallet,72.62,1.23,10.82,4.75,10.89,78.53,2026-08-16T11:33:28Z,2026-08-16T11:54:21Z,USD
pay_b0fac2a30c85495f8ee5,o_20260816_00001948,refunded,paypal,9.7,2.14,1.36,0.74,0.0,13.94,2026-08-16T19:20:17Z,,USD
pay_f084935366064ddfa7c9,o_20260816_00001949,voided,card,27.8,1.59,4.28,2.27,0.0,35.94,2026-08-16T12:30:17Z,,USD
pay_b05e1c1ba98a4d169f2d,o_20260816_00001950,voided,apple_pay,40.48,5.97,3.49,3.01,4.05,48.9,2026-08-16T12:44:35Z,,USD
pay_7217e94a831a4a599cb0,o_20260816_00001951,captured,wallet,65.79,2.97,6.27,4.87,3.29,76.61,2026-08-16T19:32:16Z,2026-08-16T20:17:11Z,USD
pay_e0be02b68873461c9d9b,o_20260816_00001952,captured,card,41.7,3.27,3.41,3.48,2.09,49.77,2026-08-16T12:56:31Z,2026-08-16T13:24:27Z,USD
pay_770e6d33dfa542d48107,o_20260816_00001953,captured,paypal,67.49,2.46,8.57,5.17,0.0,83.69,2026-08-16T20:24:52Z,2026-08-16T21:29:37Z,USD
pay_303f4b8b8eb940fc94b5,o_20260816_00001954,captured,apple_pay,90.5,1.49,7.39,5.61,0.0,104.99,2026-08-16T12:27:02Z,2026-08-16T13:05:40Z,USD
pay_77fa28814add4467ba5d,o_20260816_00001955,captured,card,56.02,1.16,4.65,4.56,2.8,63.59,2026-08-16T21:00:18Z,2026-08-16T21:43:42Z,USD
pay_80f615b7e4774794bf24,o_20260816_00001956,captured,paypal,69.74,0.53,7.64,6.06,10.46,73.51,2026-08-16T19:54:40Z,2026-08-16T20:37:20Z,USD
pay_7cdb23077caf4a0e8cea,o_20260816_00001957,captured,card,76.97,6.85,9.59,4.48,7.7,90.19,2026-08-16T12:58:39Z,2026-08-16T14:01:41Z,USD
pay_5827513b6d694000ade7,o_20260816_00001958,captured,wallet,11.7,1.58,1.09,0.85,1.17,14.05,2026-08-16T11:24:53Z,2026-08-16T11:53:16Z,USD
pay_dc990e48700546a4a773,o_20260816_00001959,captured,apple_pay,45.08,4.14,4.79,3.8,0.0,57.81,2026-08-16T12:12:24Z,2026-08-16T12:48:28Z,USD
pay_63117324de114cd087db,o_20260816_00001960,refunded,apple_pay,90.53,2.47,10.16,7.8,9.05,101.91,2026-08-16T11:14:06Z,,USD
pay_af23035a6921447cbfad,o_20260816_00001961,captured,wallet,75.27,4.56,6.52,7.25,0.0,93.6,2026-08-16T12:02:15Z,2026-08-16T13:08:00Z,USD
pay_b6ff7835dd55485f9cb7,o_20260816_00001962,captured,apple_pay,70.13,6.97,6.77,4.12,3.51,84.48,2026-08-16T11:08:56Z,2026-08-16T11:40:46Z,USD
pay_cbd6c1cdf5ed4f9fb19f,o_20260816_00001963,captured,apple_pay,124.17,2.14,19.22,9.28,0.0,154.81,2026-08-16T11:30:52Z,2026-08-16T12:20:05Z,USD
pay_9fc8e3d2086149219d1a,o_20260816_00001964,captured,apple_pay,82.32,6.59,8.77,6.37,0.0,104.05,2026-08-16T13:38:02Z,2026-08-16T14:24:38Z,USD
pay_7066d00f1f9a443596ed,o_20260816_00001965,captured,card,84.86,2.91,7.77,5.34,12.73,88.15,2026-08-16T20:29:56Z,2026-08-16T21:20:47Z,USD
pay_e5e7cade23df4687b8d2,o_20260816_00001966,captured,wallet,47.71,4.4,4.1,4.55,2.39,58.37,2026-08-16T19:52:19Z,2026-08-16T21:04:54Z,USD
pay_916b8cb4a8c648f7bcc5,o_20260816_00001967,captured,apple_pay,31.2,1.92,4.31,2.95,1.56,38.82,2026-08-16T13:15:50Z,2026-08-16T14:03:18Z,USD
pay_59c9e11311ba4ced8238,o_20260816_00001968,captured,card,123.13,4.82,16.65,7.46,6.16,145.9,2026-08-16T19:40:48Z,2026-08-16T20:35:32Z,USD
pay_200d7b090d10496dbb03,o_20260816_00001969,captured,apple_pay,113.67,1.14,15.47,10.47,0.0,140.75,2026-08-16T19:00:26Z,2026-08-16T19:39:03Z,USD
pay_7a8c965c512f42a4a729,o_20260816_00001970,captured,apple_pay,75.73,5.54,11.36,4.93,3.79,93.77,2026-08-16T11:28:57Z,2026-08-16T12:25:43Z,USD
pay_a44275ca1ece4650b7dc,o_20260816_00001971,captured,apple_pay,6.71,6.4,0.78,0.56,0.0,14.45,2026-08-16T11:52:34Z,2026-08-16T12:44:11Z,USD
pay_ad8ee6ade257436aaed6,o_20260816_00001972,voided,apple_pay,37.7,0.87,4.55,2.17,1.89,43.4,2026-08-16T13:04:35Z,,USD
pay_734a34145edb421690b1,o_20260816_00001973,captured,wallet,86.2,3.96,12.87,6.56,0.0,109.59,2026-08-16T13:21:02Z,2026-08-16T14:04:06Z,USD
pay_28819111a1784fdeb42d,o_20260816_00001974,captured,paypal,29.16,3.5,4.24,1.92,0.0,38.82,2026-08-16T11:17:02Z,2026-08-16T12:14:08Z,USD
pay_dd755e44e98b445a9cd7,o_20260816_00001975,captured,paypal,88.46,1.79,7.57,6.01,8.85,94.98,2026-08-16T11:09:54Z,2026-08-16T12:07:41Z,USD
pay_89902b6d695c426b8550,o_20260816_00001976,captured,apple_pay,103.2,4.98,8.39,8.8,0.0,125.37,2026-08-16T12:02:30Z,2026-08-16T13:03:11Z,USD
pay_e0ce58194d6b440fb4d2,o_20260816_00001977,captured,card,61.23,6.48,5.92,4.13,0.0,77.76,2026-08-16T12:49:45Z,2026-08-16T13:30:31Z,USD
pay_c549d9fe942a4a7b8b5c,o_20260816_00001978,captured,paypal,28.28,3.81,4.16,2.12,0.0,38.37,2026-08-16T19:06:41Z,2026-08-16T19:45:45Z,USD
pay_aaa47ce6267a4b2f8ad9,o_20260816_00001979,captured,apple_pay,116.08,1.5,16.82,8.12,0.0,142.52,2026-08-16T13:28:16Z,2026-08-16T13:53:02Z,USD
pay_c89fab71d1174a10a5cb,o_20260816_00001980,captured,card,39.48,2.56,3.4,3.12,1.97,46.59,2026-08-16T08:07:50Z,2026-08-16T08:40:18Z,USD
pay_284d4315fae945089661,o_20260816_00001981,captured,card,89.94,4.3,13.19,6.33,13.49,100.27,2026-08-16T18:15:48Z,2026-08-16T19:22:17Z,USD
pay_82da75f1a90e4fd3a99b,o_20260816_00001982,captured,card,19.83,4.43,2.41,1.75,0.0,28.42,2026-08-16T20:33:47Z,2026-08-16T21:32:19Z,USD
pay_adaffa2cc75e4c0a8127,o_20260816_00001983,captured,paypal,30.63,2.18,2.61,2.67,3.06,35.03,2026-08-16T19:25:18Z,2026-08-16T20:07:34Z,USD
pay_623887688cab40159b06,o_20260816_00001984,captured,apple_pay,45.11,2.29,4.04,3.5,0.0,54.94,2026-08-16T18:02:08Z,2026-08-16T18:44:46Z,USD
pay_370cdbce0fd64cda822e,o_20260816_00001985,captured,card,70.44,4.22,6.29,5.01,7.04,78.92,2026-08-16T18:44:15Z,2026-08-16T19:36:51Z,USD
pay_ff74b45fdc4d439b89ff,o_20260816_00001986,captured,wallet,79.24,0.62,8.71,5.44,11.89,82.12,2026-08-16T19:26:42Z,2026-08-16T20:51:54Z,USD
pay_b38ca63ddb964deebb72,o_20260816_00001987,captured,card,95.47,5.35,14.29,8.52,0.0,123.63,2026-08-16T20:11:13Z,2026-08-16T20:38:57Z,USD
pay_de1afb70f23b4417956d,o_20260816_00001988,captured,apple_pay,100.86,4.96,11.63,6.87,15.13,109.19,2026-08-16T11:38:57Z,2026-08-16T12:32:50Z,USD
pay_42eb2269c0174a88949c,o_20260816_00001989,captured,apple_pay,50.17,6.43,5.63,3.4,0.0,65.63,2026-08-16T19:14:01Z,2026-08-16T20:27:20Z,USD
pay_363aa3e55c3349c49d06,o_20260816_00001990,captured,paypal,31.38,0.65,4.76,2.14,0.0,38.93,2026-08-16T18:56:15Z,2026-08-16T19:50:55Z,USD
pay_c516120ffcac449ea0c5,o_20260816_00001991,captured,paypal,59.26,6.39,5.05,3.75,8.89,65.56,2026-08-16T21:00:45Z,2026-08-16T21:42:57Z,USD
pay_aef5e5c2f8c3447da729,o_20260816_00001992,captured,apple_pay,99.01,3.7,15.82,8.7,4.95,122.28,2026-08-16T18:03:37Z,2026-08-16T19:02:02Z,USD
pay_582a67029d7c44579d03,o_20260816_00001993,refunded,card,110.19,1.05,15.29,9.41,0.0,135.94,2026-08-16T18:23:45Z,,USD
pay_7425a4a1b8144cc3b059,o_20260816_00001994,captured,wallet,66.78,5.41,10.53,6.06,6.68,82.1,2026-08-16T20:16:46Z,2026-08-16T20:51:08Z,USD
pay_e942a002716347a4bdc9,o_20260816_00001995,captured,apple_pay,44.7,1.69,7.03,3.41,6.71,50.12,2026-08-16T13:35:11Z,2026-08-16T14:32:44Z,USD
pay_bf48c65a9d424edf930d,o_20260816_00001996,voided,card,77.62,1.81,11.66,5.97,0.0,97.06,2026-08-16T12:10:18Z,,USD
pay_2a66ad5b926546429a3b,o_20260816_00001997,captured,apple_pay,77.7,4.78,7.33,4.95,3.89,90.87,2026-08-16T19:18:09Z,2026-08-16T19:53:04Z,USD
pay_18f9ed5d0cf342bcbed1,o_20260816_00001998,captured,card,20.7,4.97,2.69,1.4,3.1,26.66,2026-08-16T13:18:47Z,2026-08-16T14:24:07Z,USD
pay_e471a20b5a094476ac25,o_20260816_00001999,captured,wallet,121.65,1.07,14.26,6.53,18.25,125.26,2026-08-16T08:49:42Z,2026-08-16T09:25:37Z,USD
pay_62f39f32b18846aeb7d1,o_20260816_00002000,captured,wallet,25.29,3.52,3.13,2.27,0.0,34.21,2026-08-16T13:49:06Z,2026-08-16T14:46:36Z,USD
pay_fd189e902da347c598b8,o_20260816_00002001,captured,card,66.09,1.31,5.65,5.28,0.0,78.33,2026-08-16T20:57:57Z,2026-08-16T21:45:49Z,USD
pay_1d9194728ecd4c639488,o_20260816_00002002,captured,apple_pay,83.9,1.78,9.55,4.49,12.59,87.13,2026-08-16T13:04:39Z,2026-08-16T13:52:08Z,USD
pay_9fd569acf59b47ef8fd3,o_20260816_00002003,captured,apple_pay,68.96,3.52,8.27,6.29,0.0,87.04,2026-08-16T20:22:11Z,2026-08-16T21:10:42Z,USD
pay_287a80d386174dc8816c,o_20260816_00002004,captured,wallet,49.25,3.62,5.64,2.95,2.46,59.0,2026-08-16T13:41:07Z,2026-08-16T14:20:50Z,USD
pay_fd6b9d34b9e64d1ea866,o_20260816_00002005,captured,apple_pay,75.38,1.05,11.76,7.71,0.0,95.9,2026-08-16T20:17:49Z,2026-08-16T21:21:36Z,USD
pay_48ca66ef56044ad3811c,o_20260816_00002006,captured,apple_pay,62.05,6.35,9.07,5.7,3.1,80.07,2026-08-16T18:58:25Z,2026-08-16T20:16:24Z,USD
pay_ccc2d93baff84101933f,o_20260816_00002007,captured,card,71.7,2.36,9.51,6.16,0.0,89.73,2026-08-16T19:23:31Z,2026-08-16T20:07:05Z,USD
pay_a4ec455d11e34f65aeae,o_20260816_00002008,captured,paypal,24.7,5.31,3.1,1.36,2.47,32.0,2026-08-16T19:54:26Z,2026-08-16T20:28:32Z,USD
pay_5a2f7b43cd6d4fb2a114,o_20260816_00002009,captured,wallet,43.87,3.26,6.83,4.1,0.0,58.06,2026-08-16T13:50:35Z,2026-08-16T14:24:58Z,USD
pay_99e0acc527674a3dadb4,o_20260816_00002010,captured,card,95.93,3.0,13.71,6.8,4.8,114.64,2026-08-16T19:16:18Z,2026-08-16T20:00:29Z,USD
pay_94bfec408834490fbf92,o_20260816_00002011,refunded,wallet,41.52,6.18,6.45,3.82,0.0,57.97,2026-08-16T19:49:57Z,,USD
pay_61f515b807404443b379,o_20260816_00002012,captured,apple_pay,28.15,0.7,3.18,2.22,2.82,31.43,2026-08-16T12:37:15Z,2026-08-16T13:32:06Z,USD
pay_b2ff800033564c139f04,o_20260816_00002013,captured,paypal,69.87,0.69,9.1,4.36,3.49,80.53,2026-08-16T11:42:33Z,2026-08-16T12:14:23Z,USD
pay_60d3c9ddb2a343b18d55,o_20260816_00002014,captured,paypal,145.08,1.05,22.8,14.47,0.0,183.4,2026-08-16T12:40:37Z,2026-08-16T13:34:11Z,USD
pay_929808df0f14454a814f,o_20260816_00002015,captured,wallet,53.58,6.34,4.8,3.63,0.0,68.35,2026-08-16T18:18:10Z,2026-08-16T18:59:41Z,USD
pay_58adefa56c4c4547a318,o_20260816_00002016,captured,paypal,91.75,6.26,7.88,8.29,4.59,109.59,2026-08-16T13:17:25Z,2026-08-16T14:12:40Z,USD
pay_26a2a9d145544c639176,o_20260816_00002017,captured,apple_pay,9.72,3.58,1.37,0.75,0.0,15.42,2026-08-16T19:24:11Z,2026-08-16T20:09:42Z,USD
pay_f1aa9b2d23fa4508a553,o_20260816_00002018,voided,paypal,47.01,6.22,5.94,3.49,0.0,62.66,2026-08-16T13:50:14Z,,USD
pay_cfc044ca6c3a4ea8925e,o_20260816_00002019,captured,card,16.47,2.44,1.87,1.32,2.47,19.63,2026-08-16T13:44:45Z,2026-08-16T14:31:58Z,USD
pay_4fec640dab034258b7c1,o_20260816_00002020,captured,paypal,46.32,4.18,3.9,3.76,0.0,58.16,2026-08-16T12:14:24Z,2026-08-16T13:20:03Z,USD
pay_585bf8f1bc694eae8770,o_20260816_00002021,captured,card,14.9,6.66,1.57,0.89,2.23,21.79,2026-08-16T18:40:54Z,2026-08-16T19:16:43Z,USD
pay_9c05f697a8e54331b2bf,o_20260816_00002022,captured,paypal,83.1,2.54,8.56,6.07,12.47,87.8,2026-08-16T11:05:44Z,2026-08-16T11:56:59Z,USD
pay_581dd5192966415b875b,o_20260816_00002023,captured,paypal,110.98,3.93,11.79,8.39,5.55,129.54,2026-08-16T18:31:42Z,2026-08-16T19:38:13Z,USD
pay_527541bbe77a46a68289,o_20260816_00002024,captured,wallet,23.4,6.23,2.85,1.77,3.51,30.74,2026-08-16T12:54:00Z,2026-08-16T13:52:10Z,USD
pay_79944e3e1fe34d7991c2,o_20260816_00002025,captured,card,102.12,1.91,10.18,7.89,0.0,122.1,2026-08-16T13:17:30Z,2026-08-16T13:49:59Z,USD
pay_5ba9d944b3e045299125,o_20260816_00002026,captured,apple_pay,122.0,5.85,17.98,9.86,18.3,137.39,2026-08-16T13:07:07Z,2026-08-16T14:10:12Z,USD
pay_cffa384df1c54d1fbeb2,o_20260816_00002027,captured,paypal,28.98,0.7,2.6,2.24,0.0,34.52,2026-08-16T19:25:30Z,2026-08-16T20:17:22Z,USD
pay_e949b7b10e654664ba72,o_20260816_00002028,captured,wallet,16.4,4.18,1.89,1.48,1.64,22.31,2026-08-16T18:40:40Z,2026-08-16T19:10:35Z,USD
pay_e2e84cfa92424beca6e2,o_20260816_00002029,captured,wallet,14.2,6.16,1.77,1.14,0.0,23.27,2026-08-16T12:38:00Z,2026-08-16T13:25:23Z,USD
pay_4a66a41639e74c05bced,o_20260816_00002030,captured,card,42.06,3.7,3.48,2.76,6.31,45.69,2026-08-16T08:31:34Z,2026-08-16T09:27:21Z,USD
pay_38132f6d6dc7418581ab,o_20260816_00002031,captured,card,70.19,6.66,8.96,4.49,3.51,86.79,2026-08-16T18:55:34Z,2026-08-16T19:55:18Z,USD
pay_d84aef84ae164f069c4a,o_20260816_00002032,captured,card,61.36,4.37,5.56,6.11,0.0,77.4,2026-08-16T20:59:26Z,2026-08-16T21:45:05Z,USD
pay_9f6b4bb73a57420cbf53,o_20260816_00002033,captured,card,19.95,6.04,2.76,1.77,2.0,28.52,2026-08-16T19:26:10Z,2026-08-16T20:21:33Z,USD
pay_736ca6a182434342bcb0,o_20260816_00002034,captured,card,26.52,6.57,3.18,1.68,2.65,35.3,2026-08-16T18:32:06Z,2026-08-16T19:13:39Z,USD
pay_493b1a067e2d4c8faad3,o_20260816_00002035,captured,card,42.3,0.6,4.45,2.72,0.0,50.07,2026-08-16T08:51:26Z,2026-08-16T09:42:38Z,USD
pay_a55f4b42e3794ea38a78,o_20260816_00002036,refunded,apple_pay,32.93,5.89,4.83,2.36,4.94,41.07,2026-08-16T13:00:28Z,,USD
pay_34ce7066c0df4d3589b2,o_20260816_00002037,captured,wallet,62.52,5.67,6.97,6.06,0.0,81.22,2026-08-16T08:19:35Z,2026-08-16T09:02:25Z,USD
pay_dc520b3d39cc4649ab7f,o_20260816_00002038,captured,wallet,118.16,6.0,18.28,7.57,0.0,150.01,2026-08-16T18:19:04Z,2026-08-16T19:03:49Z,USD
pay_9585221a8f1e45cea0aa,o_20260816_00002039,voided,card,60.72,6.57,6.11,4.97,6.07,72.3,2026-08-16T11:24:17Z,,USD
pay_325d79258b544d8db5fb,o_20260816_00002040,refunded,apple_pay,118.04,5.26,18.42,9.1,0.0,150.82,2026-08-16T20:05:08Z,,USD
pay_96888745ad314d5a97d7,o_20260816_00002041,captured,paypal,88.81,0.54,13.1,5.74,0.0,108.19,2026-08-16T08:09:49Z,2026-08-16T08:47:30Z,USD
pay_8fe90fdb33d846e99deb,o_20260816_00002042,captured,card,46.52,2.08,4.0,3.33,2.33,53.6,2026-08-16T20:35:07Z,2026-08-16T21:34:19Z,USD
pay_7a0967b08a834e679a36,o_20260816_00002043,captured,wallet,43.69,0.7,4.05,3.69,0.0,52.13,2026-08-16T18:54:52Z,2026-08-16T19:36:29Z,USD
pay_acf85771f34b4f99b3fb,o_20260816_00002044,captured,apple_pay,59.67,2.81,6.2,5.48,0.0,74.16,2026-08-16T19:04:02Z,2026-08-16T19:37:05Z,USD
pay_b32e036bf37b40b2bb62,o_20260816_00002045,captured,apple_pay,126.4,1.07,14.17,8.76,18.96,131.44,2026-08-16T12:38:35Z,2026-08-16T13:07:37Z,USD
pay_c3192529ed5d46e3a572,o_20260816_00002046,captured,wallet,43.26,3.49,4.94,2.9,0.0,54.59,2026-08-16T13:21:52Z,2026-08-16T14:19:45Z,USD
pay_02185b5ec48a4c2eae62,o_20260816_00002047,voided,paypal,35.74,3.03,5.39,2.57,0.0,46.73,2026-08-16T18:17:06Z,,USD
pay_4e3c8a9f29aa45788a15,o_20260816_00002048,captured,apple_pay,93.01,3.65,14.26,5.59,4.65,111.86,2026-08-16T19:08:35Z,2026-08-16T20:01:39Z,USD
pay_fee4d20334e94a12ab20,o_20260816_00002049,captured,apple_pay,98.0,4.19,13.72,6.01,0.0,121.92,2026-08-16T12:20:18Z,2026-08-16T13:06:05Z,USD
pay_084724d2ca22436c9e2a,o_20260816_00002050,refunded,apple_pay,54.27,3.7,8.01,3.28,5.43,63.83,2026-08-16T13:25:09Z,,USD
pay_d79b977e3bf74fbcbbdd,o_20260816_00002051,captured,paypal,7.34,6.06,0.6,0.48,0.0,14.48,2026-08-16T18:49:59Z,2026-08-16T19:27:28Z,USD
pay_d0c29e25e75e4e7fb275,o_20260816_00002052,voided,paypal,6.58,6.9,0.88,0.47,0.33,14.5,2026-08-16T13:34:38Z,,USD
pay_5a9149b3c58443b28da2,o_20260816_00002053,captured,card,64.41,2.76,6.09,4.23,0.0,77.49,2026-08-16T18:51:19Z,2026-08-16T19:50:58Z,USD
pay_24607ee8109c40239ea0,o_20260816_00002054,refunded,apple_pay,7.25,1.01,0.59,0.52,0.0,9.37,2026-08-16T08:16:17Z,,USD
pay_87d8b4459567463b8846,o_20260816_00002055,captured,paypal,41.34,6.22,4.89,2.9,0.0,55.35,2026-08-16T12:03:48Z,2026-08-16T12:50:08Z,USD
pay_d31098c33a004284b757,o_20260816_00002056,captured,card,79.87,3.73,10.85,5.17,7.99,91.63,2026-08-16T13:48:26Z,2026-08-16T14:55:46Z,USD
pay_24a8a619c6524cb0af42,o_20260816_00002057,voided,apple_pay,29.2,5.19,4.64,2.56,0.0,41.59,2026-08-16T19:12:41Z,,USD
pay_a0a5a3d98a9c40b99d5a,o_20260816_00002058,captured,card,27.32,2.78,3.02,2.52,0.0,35.64,2026-08-16T19:28:05Z,2026-08-16T20:17:27Z,USD
pay_dce79aaa1cc74643b9d7,o_20260816_00002059,captured,paypal,38.98,2.09,3.32,2.42,0.0,46.81,2026-08-16T20:41:31Z,2026-08-16T21:32:13Z,USD
pay_10f60c291e94497fadc6,o_20260816_00002060,captured,card,23.31,3.56,3.13,1.92,2.33,29.59,2026-08-16T18:28:11Z,2026-08-16T18:50:47Z,USD
pay_7d382cefb76142bea150,o_20260816_00002061,refunded,apple_pay,28.46,1.94,3.71,2.49,2.85,33.75,2026-08-16T20:31:18Z,,USD
pay_43e3d4e9fcf540ecb63a,o_20260816_00002062,captured,card,75.91,4.59,8.99,6.49,3.8,92.18,2026-08-16T11:15:35Z,2026-08-16T12:09:38Z,USD
pay_c4e9525a2168472e9bf4,o_20260816_00002063,captured,wallet,124.15,4.68,12.92,9.63,12.42,138.96,2026-08-16T18:48:54Z,2026-08-16T19:45:46Z,USD
pay_e70e39253bba48d09f1d,o_20260816_00002064,captured,card,15.13,2.87,1.46,1.31,2.27,18.5,2026-08-16T13:10:08Z,2026-08-16T14:07:39Z,USD
pay_3c2788651fc444e697da,o_20260816_00002065,captured,apple_pay,83.4,6.94,9.45,4.56,12.51,91.84,2026-08-16T11:15:13Z,2026-08-16T11:55:52Z,USD
pay_ff3f258ca8a0447c9c13,o_20260816_00002066,captured,apple_pay,110.44,2.2,14.12,7.21,0.0,133.97,2026-08-16T19:13:33Z,2026-08-16T19:45:14Z,USD
pay_b8ffeffe7483448bb205,o_20260816_00002067,captured,wallet,77.42,5.15,10.77,7.77,0.0,101.11,2026-08-16T13:12:13Z,2026-08-16T13:40:07Z,USD
pay_c06cbe0201a84ef481f3,o_20260816_00002068,captured,wallet,82.61,3.36,7.57,8.16,0.0,101.7,2026-08-16T12:41:00Z,2026-08-16T13:33:50Z,USD
pay_b8b2fa2e6fa148ce84bc,o_20260816_00002069,captured,wallet,80.87,2.54,10.16,5.37,8.09,90.85,2026-08-16T11:55:17Z,2026-08-16T12:51:20Z,USD
pay_8705ae110ba24aa6ab7b,o_20260816_00002070,captured,apple_pay,83.38,6.61,12.81,7.53,4.17,106.16,2026-08-16T18:38:40Z,2026-08-16T19:19:22Z,USD
pay_16b925b141e94061a7ed,o_20260816_00002071,captured,apple_pay,102.21,3.94,15.0,9.14,5.11,125.18,2026-08-16T12:26:41Z,2026-08-16T12:59:26Z,USD
pay_c044fa743a8b4739b818,o_20260816_00002072,captured,wallet,96.48,3.86,11.0,6.75,0.0,118.09,2026-08-16T18:04:43Z,2026-08-16T19:02:09Z,USD
pay_0d3dcb6ab6ca474a9812,o_20260816_00002073,captured,wallet,42.42,0.57,5.36,3.01,6.36,45.0,2026-08-16T20:13:13Z,2026-08-16T21:04:40Z,USD
pay_79171712c7cc4536b192,o_20260816_00002074,captured,apple_pay,129.96,6.7,18.72,7.65,6.5,156.53,2026-08-16T20:03:49Z,2026-08-16T20:34:05Z,USD
pay_7100a60220b9419293bf,o_20260816_00002075,captured,card,24.7,4.25,2.95,1.9,2.47,31.33,2026-08-16T11:07:05Z,2026-08-16T11:35:39Z,USD
pay_053442deaf324226b0f0,o_20260816_00002076,captured,paypal,62.71,5.88,5.1,4.86,0.0,78.55,2026-08-16T12:23:09Z,2026-08-16T13:20:44Z,USD
pay_adf7a212d2134870aeae,o_20260816_00002077,captured,paypal,41.7,1.01,5.96,2.86,4.17,47.36,2026-08-16T19:57:49Z,2026-08-16T20:22:56Z,USD
pay_d842d5ceb8f64c129e9f,o_20260816_00002078,captured,wallet,106.4,4.03,14.61,8.53,0.0,133.57,2026-08-16T18:48:36Z,2026-08-16T19:42:19Z,USD
pay_9c9302432625483d9985,o_20260816_00002079,captured,wallet,38.8,5.58,4.28,3.12,0.0,51.78,2026-08-16T12:48:49Z,2026-08-16T13:38:03Z,USD
pay_d033176f7ea2476e993b,o_20260816_00002080,captured,apple_pay,62.94,1.12,7.64,4.09,0.0,75.79,2026-08-16T19:19:19Z,2026-08-16T19:50:47Z,USD
pay_26ddc356be4042c2b63e,o_20260816_00002081,captured,card,46.43,4.68,5.29,3.25,6.96,52.69,2026-08-16T12:24:38Z,2026-08-16T13:17:15Z,USD
pay_c3c483ba7e1942ceb424,o_20260816_00002082,captured,apple_pay,55.59,4.0,7.24,3.54,5.56,64.81,2026-08-16T13:53:17Z,2026-08-16T14:31:10Z,USD
pay_5a907b4e91bd49deac70,o_20260816_00002083,captured,paypal,18.64,3.52,2.66,1.04,2.8,23.06,2026-08-16T12:57:14Z,2026-08-16T13:41:02Z,USD
pay_f13347afad8844cf985c,o_20260816_00002084,captured,wallet,42.48,6.6,5.25,2.5,2.12,54.71,2026-08-16T13:18:26Z,2026-08-16T14:06:34Z,USD
pay_93750ab7f31d4f028ba6,o_20260816_00002085,captured,paypal,15.75,0.72,1.39,0.8,2.36,16.3,2026-08-16T11:42:01Z,2026-08-16T12:17:42Z,USD
pay_2e063c6c863347ebb12f,o_20260816_00002086,captured,paypal,18.98,2.74,2.29,1.67,0.0,25.68,2026-08-16T13:31:52Z,2026-08-16T14:36:23Z,USD
pay_4cb03775eb314c4687c2,o_20260816_00002087,captured,card,81.44,6.9,11.35,6.16,8.14,97.71,2026-08-16T13:24:18Z,2026-08-16T13:57:53Z,USD
pay_94a706ab4bb74680b2e5,o_20260816_00002088,captured,apple_pay,44.68,3.52,6.04,3.11,6.7,50.65,2026-08-16T19:15:57Z,2026-08-16T20:01:37Z,USD
pay_dc8d175952664a9eacb2,o_20260816_00002089,captured,paypal,50.56,4.29,7.12,3.87,0.0,65.84,2026-08-16T12:24:59Z,2026-08-16T12:53:42Z,USD
pay_01a897afd3394b8ab752,o_20260816_00002090,captured,paypal,7.4,3.91,0.6,0.46,1.11,11.26,2026-08-16T19:12:53Z,2026-08-16T20:04:31Z,USD
pay_8a29e3ff64294779907d,o_20260816_00002091,captured,paypal,39.58,5.09,4.49,2.58,3.96,47.78,2026-08-16T19:38:45Z,2026-08-16T20:07:11Z,USD
pay_0f34e6d793f041b493c1,o_20260816_00002092,captured,wallet,35.26,0.79,4.15,3.61,0.0,43.81,2026-08-16T11:52:18Z,2026-08-16T12:25:07Z,USD
pay_c209c355eb2c40058bd3,o_20260816_00002093,voided,paypal,112.1,3.34,15.87,9.56,0.0,140.87,2026-08-16T19:06:45Z,,USD
pay_759c429566ec4058a931,o_20260816_00002094,captured,paypal,84.03,4.01,8.03,6.77,0.0,102.84,2026-08-16T08:15:21Z,2026-08-16T09:02:37Z,USD
pay_a7a27f75b3714424ae38,o_20260816_00002095,captured,paypal,124.64,0.59,17.99,6.81,12.46,137.57,2026-08-16T18:09:28Z,2026-08-16T18:49:08Z,USD
pay_cc520b196b69464da1ea,o_20260816_00002096,captured,wallet,10.89,1.92,0.92,0.96,0.0,14.69,2026-08-16T18:26:54Z,2026-08-16T19:50:53Z,USD
pay_68e65de9b9d248dd8c6e,o_20260816_00002097,captured,paypal,81.87,1.21,10.89,4.6,12.28,86.29,2026-08-16T11:56:26Z,2026-08-16T12:27:11Z,USD
pay_4eb02b597b024f44b810,o_20260816_00002098,captured,card,62.76,5.99,5.65,5.72,0.0,80.12,2026-08-16T08:53:19Z,2026-08-16T09:42:56Z,USD
pay_573e839bfa9047e3a014,o_20260816_00002099,captured,card,86.6,3.09,13.66,5.57,0.0,108.92,2026-08-16T18:45:03Z,2026-08-16T19:10:52Z,USD
pay_600c8187823d4d70a073,o_20260816_00002100,captured,card,62.55,0.58,6.86,6.17,0.0,76.16,2026-08-16T11:22:46Z,2026-08-16T12:07:00Z,USD
pay_bc458feb2e4044f2ba75,o_20260816_00002101,captured,wallet,157.5,3.54,13.14,10.67,0.0,184.85,2026-08-16T13:23:33Z,2026-08-16T14:08:46Z,USD
pay_bd7c6eeb458e4640817d,o_20260816_00002102,captured,apple_pay,76.62,5.56,12.21,6.06,0.0,100.45,2026-08-16T20:13:34Z,2026-08-16T20:58:59Z,USD
pay_912a6912923f4a7b887b,o_20260816_00002103,captured,card,62.2,2.62,9.0,3.78,6.22,71.38,2026-08-16T08:55:18Z,2026-08-16T09:32:11Z,USD
pay_b77206ca725f4f87b0b0,o_20260816_00002104,captured,apple_pay,91.62,3.4,13.38,7.99,0.0,116.39,2026-08-16T18:59:21Z,2026-08-16T19:58:05Z,USD
pay_71b6844ee9814271876c,o_20260816_00002105,captured,card,51.75,2.72,4.51,3.68,2.59,60.07,2026-08-16T12:26:59Z,2026-08-16T13:26:37Z,USD
pay_1211fa38d9e64d3f8425,o_20260816_00002106,captured,card,94.59,2.18,14.44,8.52,0.0,119.73,2026-08-16T08:36:56Z,2026-08-16T09:10:36Z,USD
pay_dfe62c1d0558442c928f,o_20260816_00002107,captured,card,147.86,0.84,13.49,10.22,7.39,165.02,2026-08-16T12:21:40Z,2026-08-16T13:25:00Z,USD
pay_0c1a5c11afac496fa364,o_20260816_00002108,captured,wallet,72.06,5.5,6.25,4.97,0.0,88.78,2026-08-16T13:58:58Z,2026-08-16T14:54:43Z,USD
pay_bcbcd2091c344eb181c5,o_20260816_00002109,captured,wallet,76.5,0.93,8.19,4.85,11.47,79.0,2026-08-16T19:20:12Z,2026-08-16T20:15:05Z,USD
pay_bc16ddfdf4e048b28f3a,o_20260816_00002110,captured,wallet,26.55,5.02,2.37,2.1,0.0,36.04,2026-08-16T19:42:17Z,2026-08-16T20:23:16Z,USD
pay_c6f9c2fa67354ddcb5e1,o_20260816_00002111,captured,wallet,17.02,2.94,2.39,1.21,0.85,22.71,2026-08-16T11:07:46Z,2026-08-16T11:35:30Z,USD
pay_5486b717735c40269a91,o_20260816_00002112,captured,apple_pay,10.57,6.11,1.3,1.04,0.0,19.02,2026-08-16T12:04:07Z,2026-08-16T12:36:07Z,USD
pay_94d53a674e73423fa9cf,o_20260816_00002113,captured,apple_pay,82.64,2.27,8.72,6.94,0.0,100.57,2026-08-16T18:18:53Z,2026-08-16T19:04:07Z,USD
pay_97c3b89756c14ef5a319,o_20260816_00002114,captured,paypal,60.72,3.42,8.33,4.29,0.0,76.76,2026-08-16T12:16:07Z,2026-08-16T13:17:05Z,USD
pay_508288eb59224d02913c,o_20260816_00002115,captured,apple_pay,36.78,1.48,5.39,2.67,0.0,46.32,2026-08-16T20:30:48Z,2026-08-16T21:17:36Z,USD
pay_661a4b7dea1845b296fb,o_20260816_00002116,voided,paypal,76.62,0.92,9.06,6.23,7.66,85.17,2026-08-16T20:58:12Z,,USD
pay_144d6354a3314e179e6d,o_20260816_00002117,captured,apple_pay,33.21,5.79,4.05,2.08,0.0,45.13,2026-08-16T19:19:35Z,2026-08-16T20:01:11Z,USD
pay_b7f0807e9eaf4308857d,o_20260816_00002118,captured,card,85.98,2.76,8.69,6.42,12.9,90.95,2026-08-16T12:51:24Z,2026-08-16T13:20:10Z,USD
pay_722d24546d6e4e16ac5c,o_20260816_00002119,captured,card,21.75,6.26,2.92,1.3,1.09,31.14,2026-08-16T12:32:48Z,2026-08-16T13:18:20Z,USD
pay_08ead9488fd74c3c8272,o_20260816_00002120,captured,card,104.14,6.2,12.05,9.47,5.21,126.65,2026-08-16T08:06:08Z,2026-08-16T08:49:22Z,USD
pay_f285d1fcab2e499cbabe,o_20260816_00002121,captured,paypal,66.22,5.88,9.15,4.99,3.31,82.93,2026-08-16T11:40:37Z,2026-08-16T12:08:28Z,USD
pay_619415be95b0407f9bbf,o_20260816_00002122,captured,card,14.42,0.92,1.23,1.06,0.0,17.63,2026-08-16T18:31:02Z,2026-08-16T19:04:05Z,USD
pay_164d88f7487c41fcad88,o_20260816_00002123,captured,wallet,24.74,6.18,2.69,1.6,3.71,31.5,2026-08-16T13:40:28Z,2026-08-16T14:40:05Z,USD
pay_3e4d8fb93a974d64b6aa,o_20260816_00002124,voided,wallet,15.08,2.33,1.3,1.13,0.0,19.84,2026-08-16T20:47:39Z,,USD
pay_f87a5b8c6b8547a9877e,o_20260816_00002125,refunded,paypal,42.37,1.48,6.03,3.24,6.36,46.76,2026-08-16T12:52:01Z,,USD
pay_24025ef2b440414f8217,o_20260816_00002126,captured,apple_pay,65.6,3.42,5.93,3.67,9.84,68.78,2026-08-16T18:54:50Z,2026-08-16T19:37:35Z,USD
pay_81be5c7b3a2a4f539e98,o_20260816_00002127,captured,wallet,78.03,4.02,8.11,4.25,11.7,82.71,2026-08-16T11:14:02Z,2026-08-16T12:30:36Z,USD
pay_9d0c9d5d7da14ad4a585,o_20260816_00002128,captured,paypal,104.75,2.13,10.42,7.24,5.24,119.3,2026-08-16T12:22:37Z,2026-08-16T13:29:20Z,USD
pay_732ec5b5d94841e4a1c8,o_20260816_00002129,captured,wallet,42.88,1.17,4.72,3.2,6.43,45.54,2026-08-16T19:47:51Z,2026-08-16T21:02:29Z,USD
pay_d41e2b31d8eb4cc28936,o_20260816_00002130,captured,apple_pay,62.41,1.87,8.48,4.94,9.36,68.34,2026-08-16T19:52:46Z,2026-08-16T20:49:26Z,USD
pay_a600135c21894a179e8f,o_20260816_00002131,refunded,card,42.88,3.37,6.63,3.19,6.43,49.64,2026-08-16T12:09:17Z,,USD
pay_db780727914a4a6f9eae,o_20260816_00002132,captured,apple_pay,36.33,6.08,3.27,3.37,0.0,49.05,2026-08-16T11:13:06Z,2026-08-16T12:09:09Z,USD
pay_7fa4ec0024a2431291bd,o_20260816_00002133,refunded,apple_pay,29.86,0.5,2.39,2.3,0.0,35.05,2026-08-16T19:28:02Z,,USD
pay_0d98428e3d5749c19632,o_20260816_00002134,captured,apple_pay,145.36,5.07,20.4,12.85,0.0,183.68,2026-08-16T12:58:31Z,2026-08-16T13:48:07Z,USD
pay_92d50bc4aeba4f9bb68d,o_20260816_00002135,refunded,wallet,49.68,3.05,6.49,3.67,0.0,62.89,2026-08-16T18:56:37Z,,USD
pay_73e181d851ea4f67b22e,o_20260816_00002136,captured,wallet,65.61,1.86,9.18,3.42,9.84,70.23,2026-08-16T20:55:34Z,2026-08-16T21:30:26Z,USD
pay_8dcdaa77f7654db58de7,o_20260816_00002137,refunded,paypal,86.52,6.6,7.58,6.9,0.0,107.6,2026-08-16T12:10:21Z,,USD
pay_4f6a4b11fb2e49b0987b,o_20260816_00002138,captured,apple_pay,17.5,6.74,2.37,1.04,2.62,25.03,2026-08-16T12:20:09Z,2026-08-16T12:49:27Z,USD
pay_026e8a55228e4728936d,o_20260816_00002139,captured,apple_pay,57.63,5.73,4.94,4.2,5.76,66.74,2026-08-16T20:27:06Z,2026-08-16T21:03:00Z,USD
pay_19c50673bb9d42188145,o_20260816_00002140,captured,apple_pay,33.55,4.34,2.77,2.29,3.35,39.6,2026-08-16T20:32:16Z,2026-08-16T21:13:43Z,USD
pay_1be674fca3944cc4b96a,o_20260816_00002141,captured,paypal,21.5,4.21,2.07,1.59,0.0,29.37,2026-08-16T08:09:13Z,2026-08-16T08:58:00Z,USD
pay_b6441791f9124c3ca28e,o_20260816_00002142,captured,apple_pay,30.69,6.31,3.37,2.36,0.0,42.73,2026-08-16T11:50:03Z,2026-08-16T13:07:05Z,USD
pay_277a90b0f3d94084b100,o_20260816_00002143,captured,card,18.52,1.13,2.42,1.42,0.0,23.49,2026-08-16T20:35:50Z,2026-08-16T21:32:09Z,USD
pay_2a1c8964bd5e4bb4bf94,o_20260816_00002144,captured,paypal,42.4,3.2,3.48,2.55,2.12,49.51,2026-08-16T12:03:27Z,2026-08-16T12:33:27Z,USD
pay_adc18e60cfa947d2be87,o_20260816_00002145,captured,apple_pay,45.26,4.75,6.52,3.97,0.0,60.5,2026-08-16T19:49:08Z,2026-08-16T20:38:42Z,USD
pay_5303d19a80874a5d9363,o_20260816_00002146,captured,apple_pay,7.25,2.08,0.98,0.56,0.73,10.14,2026-08-16T08:08:29Z,2026-08-16T09:00:57Z,USD
pay_f187e2c2b54f4b09b062,o_20260816_00002147,captured,card,63.54,0.93,6.59,4.08,0.0,75.14,2026-08-16T18:20:41Z,2026-08-16T19:15:02Z,USD
pay_7b1b0a092f2a480095e0,o_20260816_00002148,captured,wallet,141.72,4.54,21.45,11.78,21.26,158.23,2026-08-16T11:15:33Z,2026-08-16T12:14:18Z,USD
pay_6d455fe951e14031ac15,o_20260816_00002149,captured,card,9.3,5.32,1.29,0.76,1.4,15.27,2026-08-16T19:24:51Z,2026-08-16T20:10:19Z,USD
pay_a4fed6ac149643c48424,o_20260816_00002150,captured,card,45.83,4.52,3.78,3.08,2.29,54.92,2026-08-16T12:48:19Z,2026-08-16T13:58:07Z,USD
pay_ffc14bf00b464f7ca280,o_20260816_00002151,captured,paypal,32.55,1.2,2.7,2.93,1.63,37.75,2026-08-16T11:04:03Z,2026-08-16T11:36:01Z,USD
pay_bfd104d8f4614c078c31,o_20260816_00002152,voided,card,22.08,6.35,2.14,1.7,2.21,30.06,2026-08-16T08:14:04Z,,USD
pay_02a540edf7794ec5bf14,o_20260816_00002153,captured,card,92.29,2.95,12.63,6.8,13.84,100.83,2026-08-16T12:26:21Z,2026-08-16T13:08:32Z,USD
pay_0449b8db4fdd4da388c7,o_20260816_00002154,captured,paypal,22.05,4.03,3.52,1.56,0.0,31.16,2026-08-16T12:06:03Z,2026-08-16T13:01:53Z,USD
pay_f6f499976dc84917aff0,o_20260816_00002155,captured,card,6.71,2.49,0.8,0.44,1.01,9.43,2026-08-16T13:05:01Z,2026-08-16T13:55:43Z,USD
pay_2fb7b3474b974e1ab1d0,o_20260816_00002156,captured,paypal,22.08,1.31,3.28,1.67,0.0,28.34,2026-08-16T12:10:26Z,2026-08-16T12:45:01Z,USD
pay_4cad80553aef480c990d,o_20260816_00002157,captured,wallet,40.86,4.03,6.39,4.03,0.0,55.31,2026-08-16T18:10:52Z,2026-08-16T19:06:46Z,USD
pay_ec0efe4ed68c40e7af2c,o_20260816_00002158,captured,wallet,57.98,1.74,8.82,4.63,0.0,73.17,2026-08-16T18:10:19Z,2026-08-16T19:00:58Z,USD
pay_f75cf80682e8472aa6f7,o_20260816_00002159,captured,apple_pay,18.96,1.37,2.45,1.32,0.0,24.1,2026-08-16T11:09:24Z,2026-08-16T11:56:10Z,USD
pay_4ba16dd98c06417ebec8,o_20260816_00002160,captured,paypal,41.7,5.66,6.44,3.78,0.0,57.58,2026-08-16T13:10:06Z,2026-08-16T13:51:37Z,USD
pay_2d4d87f249374df2a894,o_20260816_00002161,voided,paypal,10.4,1.33,1.43,0.6,1.04,12.72,2026-08-16T20:23:37Z,,USD
pay_07f39478ae8c43d597bb,o_20260816_00002162,captured,wallet,89.97,4.97,13.05,6.49,0.0,114.48,2026-08-16T18:33:11Z,2026-08-16T19:06:16Z,USD
pay_3b75c01240b9402fb337,o_20260816_00002163,refunded,wallet,41.83,1.74,5.54,3.79,0.0,52.9,2026-08-16T18:46:53Z,,USD
pay_38a76a6a6c4f411fb823,o_20260816_00002164,captured,card,31.2,2.21,3.23,2.3,1.56,37.38,2026-08-16T18:52:42Z,2026-08-16T19:29:23Z,USD
pay_285240ff22b64d908a97,o_20260816_00002165,voided,apple_pay,23.16,1.64,2.25,1.72,0.0,28.77,2026-08-16T20:47:25Z,,USD
pay_2b284d13a79947b081c8,o_20260816_00002166,captured,paypal,101.93,6.95,14.42,8.13,15.29,116.14,2026-08-16T11:24:10Z,2026-08-16T12:00:33Z,USD
pay_431432307bb24edbbf39,o_20260816_00002167,captured,wallet,58.48,4.42,7.97,3.87,8.77,65.97,2026-08-16T12:38:37Z,2026-08-16T13:35:18Z,USD
pay_6868001ef7374b4191dd,o_20260816_00002168,captured,paypal,68.58,0.99,10.56,4.94,6.86,78.21,2026-08-16T18:36:46Z,2026-08-16T19:28:42Z,USD
pay_36b350cb7631456e90a8,o_20260816_00002169,captured,card,78.4,2.36,10.47,6.89,0.0,98.12,2026-08-16T18:33:25Z,2026-08-16T19:19:25Z,USD
pay_380f6d0bed5440cea4be,o_20260816_00002170,captured,paypal,72.06,3.12,8.29,4.2,7.21,80.46,2026-08-16T12:15:32Z,2026-08-16T13:07:49Z,USD
pay_35c3cbf4f3dd4d93b04c,o_20260816_00002171,captured,card,58.8,6.24,8.06,4.61,8.82,68.89,2026-08-16T13:08:16Z,2026-08-16T14:20:10Z,USD
pay_badafa5921ec436fa359,o_20260816_00002172,captured,apple_pay,58.48,3.19,5.51,4.41,5.85,65.74,2026-08-16T11:26:31Z,2026-08-16T12:26:33Z,USD
pay_91b799b0431044c899db,o_20260816_00002173,refunded,paypal,51.75,1.94,4.6,3.17,0.0,61.46,2026-08-16T19:38:48Z,,USD
pay_76200b3a729a41ffa5ef,o_20260816_00002174,captured,wallet,28.4,3.8,3.56,2.49,1.42,36.83,2026-08-16T11:52:59Z,2026-08-16T12:46:15Z,USD
pay_19a1d9bde98b4e21b2f4,o_20260816_00002175,captured,card,16.92,1.52,2.32,1.12,0.0,21.88,2026-08-16T20:25:07Z,2026-08-16T21:01:31Z,USD
pay_424950f946e34e0b95d3,o_20260816_00002176,captured,card,50.39,6.55,7.18,3.35,7.56,59.91,2026-08-16T18:17:17Z,2026-08-16T19:10:37Z,USD
pay_af50741895cf4ab3a31d,o_20260816_00002177,captured,wallet,28.28,5.32,2.81,2.53,2.83,36.11,2026-08-16T18:34:44Z,2026-08-16T19:15:38Z,USD
pay_adb96a5f17ce4b27a66a,o_20260816_00002178,captured,card,29.5,2.97,3.79,1.9,4.42,33.74,2026-08-16T18:29:28Z,2026-08-16T18:54:53Z,USD
pay_fb7959b9e53d4f8c89bf,o_20260816_00002179,captured,wallet,83.58,0.95,12.68,5.5,12.54,90.17,2026-08-16T13:33:33Z,2026-08-16T14:04:14Z,USD
pay_ccc9705681c848b7906b,o_20260816_00002180,captured,apple_pay,21.03,6.79,2.74,2.0,0.0,32.56,2026-08-16T12:14:25Z,2026-08-16T12:59:08Z,USD
pay_246e20fd67514ba787f2,o_20260816_00002181,captured,apple_pay,99.18,5.39,9.97,7.38,0.0,121.92,2026-08-16T18:11:05Z,2026-08-16T18:31:58Z,USD
pay_dae6d58ba8874f4dbe9b,o_20260816_00002182,captured,card,81.81,4.41,10.79,6.77,12.27,91.51,2026-08-16T12:09:17Z,2026-08-16T12:34:22Z,USD
pay_fa8d28fe378d49c788dc,o_20260816_00002183,captured,wallet,19.91,6.66,1.83,1.53,0.0,29.93,2026-08-16T18:33:58Z,2026-08-16T19:18:44Z,USD
pay_fa43611cf13f4811ba37,o_20260816_00002184,captured,wallet,85.13,1.91,8.21,5.67,4.26,96.66,2026-08-16T20:35:41Z,2026-08-16T21:26:32Z,USD
pay_60ffecb90aad465fb052,o_20260816_00002185,captured,apple_pay,119.19,0.56,11.89,11.71,0.0,143.35,2026-08-16T12:19:17Z,2026-08-16T13:28:01Z,USD
pay_7bed5c3221bc4992ae4f,o_20260816_00002186,captured,apple_pay,60.54,5.66,9.68,5.77,3.03,78.62,2026-08-16T19:40:39Z,2026-08-16T20:25:50Z,USD
pay_cc6249613b8546d6a3f9,o_20260816_00002187,captured,card,83.55,6.16,8.97,4.7,12.53,90.85,2026-08-16T12:27:48Z,2026-08-16T13:04:14Z,USD
pay_66c636926a8f4dffae7e,o_20260816_00002188,captured,paypal,34.5,4.79,2.86,2.84,0.0,44.99,2026-08-16T19:00:15Z,2026-08-16T19:44:50Z,USD
pay_8d264dc1274944be8452,o_20260816_00002189,captured,apple_pay,13.64,5.09,1.15,0.94,0.0,20.82,2026-08-16T08:23:50Z,2026-08-16T09:26:30Z,USD
pay_5af52d9c5f354292bbd1,o_20260816_00002190,captured,card,56.04,5.92,7.1,3.56,5.6,67.02,2026-08-16T12:45:27Z,2026-08-16T13:43:17Z,USD
pay_ec08703b3f2c47068bad,o_20260816_00002191,captured,card,59.24,4.9,9.48,4.76,0.0,78.38,2026-08-16T19:47:00Z,2026-08-16T20:39:15Z,USD
pay_86c21aa1c5a44717835d,o_20260816_00002192,refunded,wallet,60.96,0.98,8.38,5.67,3.05,72.94,2026-08-16T20:10:05Z,,USD
pay_e74abc8b3f2f4315a6bd,o_20260816_00002193,refunded,card,68.23,5.25,9.45,6.37,0.0,89.3,2026-08-16T18:08:02Z,,USD
pay_42e01e2c77e744c8915a,o_20260816_00002194,captured,card,83.31,3.87,8.78,7.24,8.33,94.87,2026-08-16T08:56:27Z,2026-08-16T09:31:33Z,USD
pay_ad07373fc4a84c1fb69c,o_20260816_00002195,captured,wallet,111.3,4.2,17.76,8.94,5.57,136.63,2026-08-16T19:39:55Z,2026-08-16T20:09:22Z,USD
pay_2c94a278b95840549bcd,o_20260816_00002196,captured,card,25.29,4.09,2.61,2.23,0.0,34.22,2026-08-16T12:13:57Z,2026-08-16T13:24:59Z,USD
pay_f23385bbe6fd411d81f1,o_20260816_00002197,captured,card,62.84,2.0,9.87,4.49,9.43,69.77,2026-08-16T12:33:45Z,2026-08-16T13:16:05Z,USD
pay_8b5267236fba42ee8706,o_20260816_00002198,refunded,wallet,29.12,5.18,2.87,2.35,0.0,39.52,2026-08-16T12:52:38Z,,USD
pay_b203eb5bd105400cb934,o_20260816_00002199,captured,paypal,57.75,4.39,5.67,4.59,2.89,69.51,2026-08-16T18:42:29Z,2026-08-16T19:21:36Z,USD
pay_5dc1e0784bba48f58373,o_20260816_00002200,captured,paypal,123.48,0.77,10.96,9.49,18.52,126.18,2026-08-16T18:19:01Z,2026-08-16T19:03:08Z,USD
pay_1cbc002c133f4702a7d8,o_20260816_00002201,refunded,wallet,41.9,3.11,5.38,2.42,4.19,48.62,2026-08-16T08:49:29Z,,USD
pay_e4e0bb8e851a49f0868c,o_20260816_00002202,captured,apple_pay,24.88,5.95,2.97,1.51,1.24,34.07,2026-08-16T11:37:30Z,2026-08-16T12:06:01Z,USD
pay_0b2f831ea515435286ca,o_20260816_00002203,captured,paypal,12.37,4.7,1.66,1.18,0.0,19.91,2026-08-16T13:11:16Z,2026-08-16T14:25:08Z,USD
pay_d6a7b3a98c7f4921a344,o_20260816_00002204,refunded,card,50.66,5.35,6.67,4.28,2.53,64.43,2026-08-16T19:32:48Z,,USD
pay_cb64334a61af46329a4c,o_20260816_00002205,captured,card,84.12,5.46,8.96,4.9,12.62,90.82,2026-08-16T20:56:52Z,2026-08-16T21:57:02Z,USD
pay_4ddb263d937e4ed99c2b,o_20260816_00002206,captured,paypal,78.16,2.14,10.55,6.81,7.82,89.84,2026-08-16T18:11:06Z,2026-08-16T18:51:55Z,USD
pay_19c09b6564b3448b9cff,o_20260816_00002207,captured,paypal,88.53,1.11,12.25,5.69,0.0,107.58,2026-08-16T18:07:42Z,2026-08-16T19:01:22Z,USD
pay_3c6da5c4524942b690bb,o_20260816_00002208,captured,paypal,90.17,4.96,11.19,5.77,9.02,103.07,2026-08-16T19:24:00Z,2026-08-16T20:05:42Z,USD
pay_11d9164d9c45467db44a,o_20260816_00002209,captured,wallet,14.6,0.63,1.58,1.13,1.46,16.48,2026-08-16T18:13:20Z,2026-08-16T18:44:49Z,USD
pay_dcd547bb31834a94a45d,o_20260816_00002210,captured,wallet,36.32,4.68,4.14,2.83,3.63,44.34,2026-08-16T19:35:18Z,2026-08-16T20:12:47Z,USD
pay_a1b9f69f2bfa478db2ba,o_20260816_00002211,captured,apple_pay,41.07,6.04,4.2,4.1,0.0,55.41,2026-08-16T11:52:40Z,2026-08-16T12:37:12Z,USD
pay_d383af0fe1c64e369bea,o_20260816_00002212,captured,wallet,58.07,6.71,6.67,4.99,8.71,67.73,2026-08-16T20:43:05Z,2026-08-16T21:43:18Z,USD
pay_e28829c0dab54698bbbf,o_20260816_00002213,captured,paypal,108.54,0.88,10.18,8.56,16.28,111.88,2026-08-16T19:19:19Z,2026-08-16T19:52:53Z,USD
pay_b1335c2343614f2fb742,o_20260816_00002214,captured,card,41.86,5.53,4.22,2.42,4.19,49.84,2026-08-16T13:30:57Z,2026-08-16T13:50:43Z,USD
pay_83dcc000bf034d8aa0a4,o_20260816_00002215,captured,apple_pay,11.04,5.91,0.89,0.85,1.1,17.59,2026-08-16T08:14:37Z,2026-08-16T09:03:37Z,USD
pay_c09b11b28f894f7db761,o_20260816_00002216,captured,wallet,50.63,0.96,7.81,4.95,0.0,64.35,2026-08-16T13:55:14Z,2026-08-16T14:45:51Z,USD
pay_2306cda19e5f47d6a698,o_20260816_00002217,captured,apple_pay,155.79,1.15,23.73,15.05,0.0,195.72,2026-08-16T18:50:24Z,2026-08-16T19:40:02Z,USD
pay_f4dc3cc1d6ab47938328,o_20260816_00002218,captured,paypal,33.77,5.61,5.0,2.26,3.38,43.26,2026-08-16T13:46:35Z,2026-08-16T14:37:29Z,USD
pay_42f014d201324634a8b1,o_20260816_00002219,captured,paypal,25.82,6.82,4.12,1.8,0.0,38.56,2026-08-16T18:22:24Z,2026-08-16T18:59:48Z,USD
pay_faaf194dd74642c8a4ad,o_20260816_00002220,captured,card,62.87,3.54,5.45,5.79,0.0,77.65,2026-08-16T08:51:27Z,2026-08-16T09:37:51Z,USD
pay_8091e0994abe4153af1f,o_20260816_00002221,captured,paypal,85.5,2.87,8.52,4.76,12.82,88.83,2026-08-16T19:55:35Z,2026-08-16T20:56:12Z,USD
pay_2807c5321769431ca670,o_20260816_00002222,captured,paypal,7.4,6.4,1.17,0.65,0.74,14.88,2026-08-16T18:40:16Z,2026-08-16T19:17:58Z,USD
pay_04ad6ab475574e8aba63,o_20260816_00002223,captured,wallet,29.5,1.53,3.97,2.71,0.0,37.71,2026-08-16T18:27:58Z,2026-08-16T19:08:37Z,USD
pay_c7b9a131854046ffbbec,o_20260816_00002224,captured,apple_pay,106.83,1.79,12.54,9.16,0.0,130.32,2026-08-16T13:26:48Z,2026-08-16T14:24:28Z,USD
pay_19abf48baf25467e976f,o_20260816_00002225,captured,wallet,58.2,5.05,6.1,4.5,5.82,68.03,2026-08-16T20:53:21Z,2026-08-16T21:36:00Z,USD
pay_112dac35ee564fbfa1d0,o_20260816_00002226,captured,paypal,86.41,5.0,12.77,5.95,0.0,110.13,2026-08-16T12:28:15Z,2026-08-16T13:17:13Z,USD
pay_7d0eaf1a93a3492da9bf,o_20260816_00002227,captured,wallet,43.46,3.86,5.54,2.82,0.0,55.68,2026-08-16T20:42:24Z,2026-08-16T21:38:13Z,USD
pay_c2a7c1483d3d4433af3d,o_20260816_00002228,captured,card,7.54,1.03,1.16,0.77,0.0,10.5,2026-08-16T08:10:11Z,2026-08-16T09:12:11Z,USD
pay_5731cadd64cb47698c2c,o_20260816_00002229,captured,wallet,59.73,3.71,4.97,3.45,8.96,62.9,2026-08-16T13:29:49Z,2026-08-16T14:09:39Z,USD
pay_a8372672a2ac40ba86ce,o_20260816_00002230,captured,paypal,18.6,3.06,1.82,1.21,2.79,21.9,2026-08-16T12:33:40Z,2026-08-16T13:24:29Z,USD
pay_77b7b6e8165044829c75,o_20260816_00002231,captured,apple_pay,21.25,5.97,3.39,1.98,0.0,32.59,2026-08-16T20:48:28Z,2026-08-16T21:18:44Z,USD
pay_397195f76fd24d929af0,o_20260816_00002232,captured,wallet,47.14,3.77,5.37,3.8,7.07,53.01,2026-08-16T11:33:50Z,2026-08-16T12:37:38Z,USD
pay_350a0a195ca24620a713,o_20260816_00002233,captured,wallet,86.3,0.99,10.94,8.21,0.0,106.44,2026-08-16T20:44:56Z,2026-08-16T21:23:01Z,USD
pay_e30e1194737f455dbd2e,o_20260816_00002234,captured,card,96.43,4.8,11.38,6.89,0.0,119.5,2026-08-16T12:41:25Z,2026-08-16T13:30:25Z,USD
pay_ec48948db7224a1c82d5,o_20260816_00002235,voided,apple_pay,19.83,6.38,2.49,1.6,1.98,28.32,2026-08-16T12:39:21Z,,USD
pay_69245cfaa026429589dd,o_20260816_00002236,captured,apple_pay,53.76,1.28,8.58,3.3,2.69,64.23,2026-08-16T13:07:31Z,2026-08-16T14:00:16Z,USD
pay_481b82bcbda44ff796ee,o_20260816_00002237,captured,wallet,41.55,0.92,5.34,3.59,6.23,45.17,2026-08-16T12:58:05Z,2026-08-16T13:35:43Z,USD
pay_e3f8b16016264ace80b1,o_20260816_00002238,captured,paypal,76.77,5.77,12.23,5.26,0.0,100.03,2026-08-16T13:16:03Z,2026-08-16T14:02:03Z,USD
pay_99dbc14a1f02421498f6,o_20260816_00002239,captured,paypal,35.68,4.38,4.3,3.04,0.0,47.4,2026-08-16T12:54:59Z,2026-08-16T13:53:43Z,USD
pay_015d5574f8034065a270,o_20260816_00002240,captured,card,53.51,4.17,7.97,3.21,5.35,63.51,2026-08-16T19:30:16Z,2026-08-16T20:09:57Z,USD
pay_f964d1f7f353496fb9cb,o_20260816_00002241,captured,wallet,151.46,0.55,14.29,10.14,0.0,176.44,2026-08-16T20:01:58Z,2026-08-16T21:00:36Z,USD
pay_e7d239112ce84af1a6ef,o_20260816_00002242,captured,apple_pay,90.33,6.38,7.48,7.06,9.03,102.22,2026-08-16T19:48:38Z,2026-08-16T20:26:23Z,USD
pay_d23e00bdcb5e47f292bc,o_20260816_00002243,captured,paypal,29.75,3.63,4.14,1.81,4.46,34.87,2026-08-16T08:50:11Z,2026-08-16T09:30:16Z,USD
pay_638f9baf00d14378a10e,o_20260816_00002244,captured,apple_pay,68.77,1.0,10.4,4.81,0.0,84.98,2026-08-16T08:53:07Z,2026-08-16T09:37:39Z,USD
pay_75548ac66502445f884e,o_20260816_00002245,captured,wallet,40.68,0.96,4.06,3.17,0.0,48.87,2026-08-16T12:27:02Z,2026-08-16T13:22:32Z,USD
pay_3f5dfa6a2354490d9a9a,o_20260816_00002246,captured,paypal,50.19,0.7,6.11,3.44,0.0,60.44,2026-08-16T18:52:29Z,2026-08-16T19:32:25Z,USD
pay_a6abeeb6d62245c6ba36,o_20260816_00002247,captured,paypal,14.62,5.52,1.48,1.17,0.0,22.79,2026-08-16T19:57:14Z,2026-08-16T20:26:11Z,USD
pay_c86b7e194f79431da67e,o_20260816_00002248,captured,paypal,99.14,6.55,15.79,7.37,4.96,123.89,2026-08-16T08:01:03Z,2026-08-16T08:42:07Z,USD
pay_4b714746c8b84243b874,o_20260816_00002249,captured,apple_pay,115.12,6.98,13.42,8.36,5.76,138.12,2026-08-16T11:53:04Z,2026-08-16T12:57:45Z,USD
pay_4d8c943322e04d519fa8,o_20260816_00002250,captured,wallet,69.93,4.98,9.1,5.77,6.99,82.79,2026-08-16T20:52:26Z,2026-08-16T21:49:19Z,USD
pay_0b4c46f423c44c4db473,o_20260816_00002251,captured,paypal,78.78,5.74,11.51,4.77,3.94,96.86,2026-08-16T11:05:59Z,2026-08-16T11:43:58Z,USD
pay_38f7401e73b94a6c92c8,o_20260816_00002252,captured,paypal,68.23,1.24,6.09,6.52,0.0,82.08,2026-08-16T19:07:06Z,2026-08-16T19:45:43Z,USD
pay_a6c282dac73c4816ad7c,o_20260816_00002253,captured,card,125.11,4.87,10.94,8.64,0.0,149.56,2026-08-16T18:16:07Z,2026-08-16T18:59:44Z,USD
pay_25bbfb7faebd4990a004,o_20260816_00002254,captured,paypal,37.72,0.64,3.81,2.41,3.77,40.81,2026-08-16T20:15:24Z,2026-08-16T20:57:16Z,USD
pay_d9527a01ccf44e0a843f,o_20260816_00002255,captured,paypal,105.64,6.42,9.22,7.81,0.0,129.09,2026-08-16T13:23:15Z,2026-08-16T14:05:21Z,USD
pay_1ff03254f1744eccba6a,o_20260816_00002256,captured,paypal,14.93,4.04,1.69,1.46,0.0,22.12,2026-08-16T18:12:38Z,2026-08-16T18:58:25Z,USD
pay_477c61ca76324ec280bc,o_20260816_00002257,captured,wallet,69.93,5.43,5.89,5.19,10.49,75.95,2026-08-16T11:40:36Z,2026-08-16T12:13:30Z,USD
pay_33a444fa332e4dd5bdcf,o_20260816_00002258,captured,card,110.03,3.74,16.31,10.63,5.5,135.21,2026-08-16T19:49:52Z,2026-08-16T20:16:24Z,USD
pay_e57f4788471b41e2ac54,o_20260816_00002259,captured,card,18.79,1.86,1.72,1.55,0.0,23.92,2026-08-16T08:17:42Z,2026-08-16T09:24:23Z,USD
pay_abb5965bdd0649d5b11f,o_20260816_00002260,captured,paypal,105.27,3.6,13.81,10.05,0.0,132.73,2026-08-16T20:07:58Z,2026-08-16T20:47:00Z,USD
pay_89885ce034404d35965f,o_20260816_00002261,captured,paypal,53.65,3.2,8.53,3.53,0.0,68.91,2026-08-16T18:26:14Z,2026-08-16T19:39:20Z,USD
pay_a60b932cf1f745b0843d,o_20260816_00002262,captured,card,51.75,4.41,4.21,4.21,2.59,61.99,2026-08-16T11:16:30Z,2026-08-16T12:28:43Z,USD
pay_614d2499937543b39f5e,o_20260816_00002263,captured,apple_pay,85.7,5.51,9.06,7.23,0.0,107.5,2026-08-16T12:28:37Z,2026-08-16T12:55:37Z,USD
pay_642e3d8fb64c4b369e57,o_20260816_00002264,captured,card,50.19,4.02,7.24,3.13,0.0,64.58,2026-08-16T18:53:18Z,2026-08-16T20:05:30Z,USD
pay_2940031206c34ecb8d74,o_20260816_00002265,captured,paypal,13.42,4.66,1.24,1.16,0.0,20.48,2026-08-16T18:15:15Z,2026-08-16T18:57:35Z,USD
pay_0e7e97f7128f44f4a2a6,o_20260816_00002266,voided,card,78.98,2.05,6.74,4.17,11.85,80.09,2026-08-16T13:35:48Z,,USD
pay_4230713442f142678491,o_20260816_00002267,captured,apple_pay,87.75,4.72,9.68,5.99,0.0,108.14,2026-08-16T11:03:02Z,2026-08-16T11:59:14Z,USD
pay_60e82ee394d64ad59426,o_20260816_00002268,captured,card,86.63,6.07,13.15,5.44,12.99,98.3,2026-08-16T12:46:04Z,2026-08-16T13:18:30Z,USD
pay_fe9dee4ea3794a13babd,o_20260816_00002269,captured,paypal,87.75,3.01,10.64,7.8,0.0,109.2,2026-08-16T12:15:22Z,2026-08-16T13:17:23Z,USD
pay_4c6ff89b71124769ab6b,o_20260816_00002270,captured,paypal,51.37,1.28,5.55,3.34,2.57,58.97,2026-08-16T12:13:16Z,2026-08-16T12:44:54Z,USD
pay_7083ff309d434a55aa94,o_20260816_00002271,captured,paypal,61.23,3.69,5.47,5.29,9.18,66.5,2026-08-16T19:16:48Z,2026-08-16T19:46:31Z,USD
pay_65ec66a811b84f0f8693,o_20260816_00002272,captured,card,19.43,1.1,1.98,1.77,0.0,24.28,2026-08-16T11:53:51Z,2026-08-16T12:47:37Z,USD
pay_67545d9a46f242be9cd2,o_20260816_00002273,captured,card,44.35,3.21,5.14,3.91,2.22,54.39,2026-08-16T12:30:39Z,2026-08-16T13:05:11Z,USD
pay_b3500548f3a44cfc8209,o_20260816_00002274,voided,apple_pay,96.43,1.22,10.37,9.68,0.0,117.7,2026-08-16T13:45:18Z,,USD
pay_ad76867ad4a34232b4a3,o_20260816_00002275,captured,apple_pay,24.88,3.01,2.44,1.94,2.49,29.78,2026-08-16T12:12:29Z,2026-08-16T12:34:02Z,USD
pay_58b9711aa6d04de09b69,o_20260816_00002276,captured,wallet,21.06,1.26,1.7,1.75,0.0,25.77,2026-08-16T13:45:44Z,2026-08-16T14:17:24Z,USD
pay_13d87e313df64df5b35f,o_20260816_00002277,captured,card,61.94,4.03,7.37,4.7,3.1,74.94,2026-08-16T11:55:08Z,2026-08-16T12:33:53Z,USD
pay_1aaa12bc7e754c62968f,o_20260816_00002278,voided,card,6.61,4.97,0.65,0.51,0.66,12.08,2026-08-16T20:12:56Z,,USD
pay_081db3085ef4471496ec,o_20260816_00002279,refunded,card,100.34,5.18,15.46,7.23,15.05,113.16,2026-08-16T19:51:28Z,,USD
pay_cd8bc25a4e7c4a0f9e4c,o_20260816_00002280,captured,apple_pay,61.12,0.98,5.49,3.12,9.17,61.54,2026-08-16T11:20:32Z,2026-08-16T11:52:12Z,USD
pay_7c48ffd430414d758417,o_20260816_00002281,captured,apple_pay,46.62,6.87,3.84,3.71,4.66,56.38,2026-08-16T12:19:15Z,2026-08-16T13:18:41Z,USD
pay_73402162c546492f8659,o_20260816_00002282,captured,apple_pay,59.6,5.01,5.9,4.17,5.96,68.72,2026-08-16T20:23:50Z,2026-08-16T21:28:31Z,USD
pay_a058d332996944818448,o_20260816_00002283,voided,card,25.88,5.94,2.08,2.12,0.0,36.02,2026-08-16T19:00:40Z,,USD
pay_329247dd21f048de876c,o_20260816_00002284,captured,card,23.58,1.78,3.65,1.95,3.54,27.42,2026-08-16T11:34:48Z,2026-08-16T12:14:21Z,USD
pay_3941924496cc4ec5b469,o_20260816_00002285,captured,wallet,103.2,5.44,9.71,7.96,0.0,126.31,2026-08-16T08:02:53Z,2026-08-16T08:55:36Z,USD
pay_2c31790218d24a39a028,o_20260816_00002286,captured,apple_pay,29.05,2.09,4.29,2.16,4.36,33.23,2026-08-16T20:26:57Z,2026-08-16T21:01:43Z,USD
pay_95d9911f2882489badf3,o_20260816_00002287,captured,paypal,37.04,1.62,3.94,2.44,5.56,39.48,2026-08-16T13:46:03Z,2026-08-16T14:14:44Z,USD
pay_858095482d7541929d2d,o_20260816_00002288,captured,paypal,87.48,0.79,13.46,5.2,4.37,102.56,2026-08-16T13:01:03Z,2026-08-16T13:59:50Z,USD
pay_4328017f9db249d987be,o_20260816_00002289,captured,apple_pay,101.11,1.72,9.5,8.93,0.0,121.26,2026-08-16T20:59:24Z,2026-08-16T21:57:31Z,USD
pay_5187551d39c44764afdd,o_20260816_00002290,captured,paypal,18.79,0.88,2.05,1.6,0.0,23.32,2026-08-16T19:50:32Z,2026-08-16T20:40:27Z,USD
pay_e7219bfd0a7e4560aa38,o_20260816_00002291,captured,wallet,32.6,4.17,5.19,1.98,4.89,39.05,2026-08-16T11:10:43Z,2026-08-16T12:16:00Z,USD
pay_42e33c09916b49309d32,o_20260816_00002292,captured,card,86.28,1.02,11.21,6.74,0.0,105.25,2026-08-16T18:34:39Z,2026-08-16T19:22:34Z,USD
pay_da5e56584abc47619056,o_20260816_00002293,captured,card,76.29,6.46,9.92,3.94,11.44,85.17,2026-08-16T20:01:39Z,2026-08-16T20:51:33Z,USD
pay_2729d987db8541279225,o_20260816_00002294,voided,paypal,21.06,4.58,1.97,1.76,3.16,26.21,2026-08-16T18:20:17Z,,USD
pay_a84a92a1a4e24886af54,o_20260816_00002295,captured,apple_pay,106.2,1.95,10.33,9.43,10.62,117.29,2026-08-16T13:50:16Z,2026-08-16T15:03:00Z,USD
pay_76458453985642d6bebc,o_20260816_00002296,captured,card,28.4,0.82,4.48,2.26,1.42,34.54,2026-08-16T20:20:07Z,2026-08-16T20:47:51Z,USD
pay_4c35c8ba08004d40a74c,o_20260816_00002297,captured,card,71.7,6.82,10.23,5.59,0.0,94.34,2026-08-16T13:59:39Z,2026-08-16T14:55:41Z,USD
pay_6062bbd76e414feebdb9,o_20260816_00002298,captured,wallet,50.19,2.52,7.51,4.21,0.0,64.43,2026-08-16T08:01:07Z,2026-08-16T08:40:42Z,USD
pay_a4f3cbe2f0c046889538,o_20260816_00002299,captured,apple_pay,145.36,3.88,22.4,10.91,0.0,182.55,2026-08-16T12:10:16Z,2026-08-16T12:45:15Z,USD
pay_614ad8a2d19841288886,o_20260816_00002300,captured,wallet,31.2,0.76,3.59,2.26,4.68,33.13,2026-08-16T12:41:38Z,2026-08-16T13:24:26Z,USD
pay_49e5e2fb6c8a46288b88,o_20260816_00002301,captured,apple_pay,77.42,2.9,12.07,6.07,0.0,98.46,2026-08-16T18:56:23Z,2026-08-16T19:16:58Z,USD
pay_c2bf67b8a83648099b7b,o_20260816_00002302,captured,apple_pay,74.44,4.53,6.03,5.88,11.17,79.71,2026-08-16T19:04:09Z,2026-08-16T19:56:02Z,USD
pay_d3b9487ff76e49f4ab9c,o_20260816_00002303,captured,paypal,131.48,5.66,18.71,10.77,13.15,153.47,2026-08-16T19:19:21Z,2026-08-16T19:57:11Z,USD
pay_bf2fdfc25e9c48d8b143,o_20260816_00002304,captured,card,42.5,6.51,5.88,2.62,0.0,57.51,2026-08-16T12:39:51Z,2026-08-16T13:10:27Z,USD
pay_308d1c9d9b414539b1f7,o_20260816_00002305,captured,apple_pay,21.9,6.5,1.86,1.95,1.09,31.12,2026-08-16T12:53:17Z,2026-08-16T13:32:05Z,USD
pay_3627534cf5b64d8d92fa,o_20260816_00002306,captured,apple_pay,64.89,2.37,8.63,5.22,3.24,77.87,2026-08-16T20:33:52Z,2026-08-16T21:30:07Z,USD
pay_bbf001c8fe6f4d098678,o_20260816_00002307,captured,wallet,16.17,2.26,2.11,0.97,2.43,19.08,2026-08-16T13:27:10Z,2026-08-16T14:06:28Z,USD
pay_75e74fa2733f4e74a5c9,o_20260816_00002308,captured,card,59.96,2.48,8.52,4.48,0.0,75.44,2026-08-16T08:40:26Z,2026-08-16T09:39:01Z,USD
pay_9a4fc291ba7747f6a1d9,o_20260816_00002309,captured,paypal,40.12,6.87,4.59,3.0,4.01,50.57,2026-08-16T18:19:20Z,2026-08-16T19:09:52Z,USD
pay_27f9fb84c9b24369ab4b,o_20260816_00002310,captured,paypal,103.75,2.28,8.47,8.04,15.56,106.98,2026-08-16T13:37:38Z,2026-08-16T14:29:09Z,USD
pay_7f04bc18c0774510984e,o_20260816_00002311,captured,card,9.3,0.52,1.29,0.69,0.0,11.8,2026-08-16T11:11:11Z,2026-08-16T12:03:17Z,USD
pay_3e23aa1d5f6744d5a267,o_20260816_00002312,captured,card,20.08,4.62,2.85,1.59,0.0,29.14,2026-08-16T13:46:41Z,2026-08-16T14:28:39Z,USD
pay_ffd88017c2a74901817a,o_20260816_00002313,captured,wallet,21.14,0.99,2.15,1.9,1.06,25.12,2026-08-16T20:48:05Z,2026-08-16T21:49:50Z,USD
pay_f02cf9c9bdac44a19217,o_20260816_00002314,refunded,apple_pay,35.37,2.47,4.95,2.18,1.77,43.2,2026-08-16T13:36:33Z,,USD
pay_ec73b87dc1ab46569aac,o_20260816_00002315,captured,wallet,104.18,3.13,10.48,6.73,0.0,124.52,2026-08-16T13:18:13Z,2026-08-16T13:50:05Z,USD
pay_3edc6e76a8be4052953c,o_20260816_00002316,captured,card,119.33,5.84,18.92,11.64,0.0,155.73,2026-08-16T12:53:09Z,2026-08-16T14:00:56Z,USD
pay_675b3ed28b8543d185d7,o_20260816_00002317,captured,card,131.53,2.61,20.0,10.05,6.58,157.61,2026-08-16T11:14:40Z,2026-08-16T12:02:46Z,USD
pay_250b4a813ffc4a3898df,o_20260816_00002318,captured,wallet,47.42,6.96,4.05,4.4,2.37,60.46,2026-08-16T11:05:39Z,2026-08-16T12:09:16Z,USD
pay_a162c7ea30914871a70a,o_20260816_00002319,captured,card,18.79,6.14,2.58,1.69,1.88,27.32,2026-08-16T19:59:30Z,2026-08-16T20:43:07Z,USD
pay_dc7cea8eef4b4718ad6b,o_20260816_00002320,captured,apple_pay,89.32,6.35,12.51,7.73,4.47,111.44,2026-08-16T11:43:16Z,2026-08-16T12:24:30Z,USD
pay_a3168df41f764fcfb3f2,o_20260816_00002321,captured,card,103.8,4.75,12.94,8.61,0.0,130.1,2026-08-16T18:04:55Z,2026-08-16T18:56:53Z,USD
pay_28d1cadbc2a14e2b95a7,o_20260816_00002322,captured,paypal,45.03,1.61,6.21,4.04,0.0,56.89,2026-08-16T11:56:42Z,2026-08-16T12:36:56Z,USD
pay_dc8daed5e4a542b2b9e8,o_20260816_00002323,captured,wallet,151.29,6.88,18.77,10.6,0.0,187.54,2026-08-16T11:21:29Z,2026-08-16T12:19:01Z,USD
pay_070fafe7f06f4e67b155,o_20260816_00002324,captured,apple_pay,8.84,1.15,1.39,0.78,0.88,11.28,2026-08-16T12:36:34Z,2026-08-16T13:42:14Z,USD
pay_b0e0b10f2cc241799de6,o_20260816_00002325,captured,paypal,127.85,5.49,10.97,10.9,0.0,155.21,2026-08-16T13:58:13Z,2026-08-16T14:44:07Z,USD
pay_4d4c8f5aa0874c04b240,o_20260816_00002326,refunded,paypal,45.03,6.69,6.66,3.4,4.5,57.28,2026-08-16T12:33:55Z,,USD
pay_d943c33fe4b64670b0f9,o_20260816_00002327,captured,card,34.02,5.61,3.0,2.4,0.0,45.03,2026-08-16T13:54:39Z,2026-08-16T14:29:24Z,USD
pay_31f6ea2a1031484e9a85,o_20260816_00002328,captured,card,47.82,0.74,4.76,4.59,0.0,57.91,2026-08-16T19:23:18Z,2026-08-16T20:01:31Z,USD
pay_b64e92388b8b45c2bf5f,o_20260816_00002329,captured,wallet,11.79,6.62,1.55,0.66,1.18,19.44,2026-08-16T11:04:16Z,2026-08-16T11:30:50Z,USD
pay_60abd56cb6f7470797c4,o_20260816_00002330,captured,card,45.36,5.08,6.21,3.14,0.0,59.79,2026-08-16T08:34:36Z,2026-08-16T09:46:24Z,USD
pay_ff508d632df842eb9816,o_20260816_00002331,captured,card,52.53,2.07,7.67,4.79,2.63,64.43,2026-08-16T20:39:09Z,2026-08-16T21:31:17Z,USD
pay_ae688cdbdab14a619895,o_20260816_00002332,captured,paypal,90.93,3.62,8.41,8.9,0.0,111.86,2026-08-16T19:24:54Z,2026-08-16T20:07:13Z,USD
pay_0e53a08216164d26aaf8,o_20260816_00002333,captured,apple_pay,47.5,4.94,6.51,4.13,0.0,63.08,2026-08-16T11:56:57Z,2026-08-16T12:54:46Z,USD
pay_050d19980a9146758fab,o_20260816_00002334,captured,apple_pay,57.23,5.53,8.53,4.9,0.0,76.19,2026-08-16T12:18:17Z,2026-08-16T13:15:50Z,USD
pay_dfe70a97c048459b93f3,o_20260816_00002335,captured,apple_pay,60.05,4.66,8.57,5.99,0.0,79.27,2026-08-16T13:08:35Z,2026-08-16T13:36:54Z,USD
pay_bb911b8b5be94d149ca2,o_20260816_00002336,captured,apple_pay,52.5,5.45,6.35,4.33,5.25,63.38,2026-08-16T13:30:16Z,2026-08-16T14:13:25Z,USD
pay_4d6b5c5edf3c4394a95e,o_20260816_00002337,captured,card,44.3,4.81,3.84,3.18,4.43,51.7,2026-08-16T12:29:35Z,2026-08-16T13:29:30Z,USD
pay_1bf1786b37694673b74f,o_20260816_00002338,captured,wallet,33.87,6.64,3.9,2.19,0.0,46.6,2026-08-16T18:21:55Z,2026-08-16T19:11:01Z,USD
pay_fce7411186374799bff1,o_20260816_00002339,captured,wallet,150.51,2.37,15.47,13.87,15.05,167.17,2026-08-16T18:16:55Z,2026-08-16T19:15:07Z,USD
pay_95f0bac99ca24a54b8eb,o_20260816_00002340,captured,wallet,71.25,2.36,11.02,6.37,0.0,91.0,2026-08-16T13:14:09Z,2026-08-16T13:57:32Z,USD
pay_d09ff387ca5b49fca170,o_20260816_00002341,captured,wallet,165.96,3.39,14.96,13.76,0.0,198.07,2026-08-16T13:23:24Z,2026-08-16T13:50:39Z,USD
pay_7be466737c5a433395e0,o_20260816_00002342,captured,card,93.0,5.85,11.7,7.88,0.0,118.43,2026-08-16T11:46:20Z,2026-08-16T12:48:57Z,USD
pay_5950d6493b724b53babb,o_20260816_00002343,captured,apple_pay,98.95,6.92,13.35,7.14,4.95,121.41,2026-08-16T20:08:27Z,2026-08-16T20:29:43Z,USD
pay_db4390a75b0c4ec19d04,o_20260816_00002344,captured,wallet,64.5,4.62,7.7,4.42,0.0,81.24,2026-08-16T08:30:35Z,2026-08-16T09:19:34Z,USD
pay_0136fff9c869432f9b18,o_20260816_00002345,captured,apple_pay,50.81,0.89,4.56,3.18,0.0,59.44,2026-08-16T18:52:24Z,2026-08-16T19:32:28Z,USD
pay_51a4367c5a484bccbdc3,o_20260816_00002346,captured,apple_pay,133.2,1.56,20.94,9.23,0.0,164.93,2026-08-16T20:18:21Z,2026-08-16T21:20:15Z,USD
pay_4f63cc48581b45d687d9,o_20260816_00002347,captured,card,65.72,4.4,6.05,6.58,0.0,82.75,2026-08-16T12:58:52Z,2026-08-16T14:06:30Z,USD
pay_64c151ab13e3436fb04c,o_20260816_00002348,captured,paypal,32.8,4.97,3.8,2.77,3.28,41.06,2026-08-16T18:35:30Z,2026-08-16T19:30:22Z,USD
pay_bc01ad33623c4ee6b3a8,o_20260816_00002349,captured,wallet,31.72,5.52,4.49,3.06,0.0,44.79,2026-08-16T19:44:14Z,2026-08-16T20:17:01Z,USD
pay_141dce2a485a4fb690ce,o_20260816_00002350,captured,paypal,51.58,5.75,7.38,4.14,7.74,61.11,2026-08-16T19:38:11Z,2026-08-16T20:25:06Z,USD
pay_c929d1c690f74d339c5b,o_20260816_00002351,captured,paypal,114.32,1.66,9.76,9.14,0.0,134.88,2026-08-16T18:42:21Z,2026-08-16T19:24:00Z,USD
pay_cf8ae11011f0475fa611,o_20260816_00002352,captured,wallet,62.13,6.05,5.9,4.3,6.21,72.17,2026-08-16T20:13:26Z,2026-08-16T21:21:14Z,USD
pay_323d4347bf93482da925,o_20260816_00002353,captured,wallet,44.2,5.53,4.16,2.49,4.42,51.96,2026-08-16T11:52:46Z,2026-08-16T12:18:51Z,USD
pay_08a42d9da5734fcbb5e3,o_20260816_00002354,captured,wallet,128.8,6.8,18.82,8.73,0.0,163.15,2026-08-16T19:19:01Z,2026-08-16T19:44:40Z,USD
pay_80f5a42c0ed244c4a23e,o_20260816_00002355,captured,wallet,59.32,5.3,8.93,4.33,0.0,77.88,2026-08-16T13:26:33Z,2026-08-16T14:33:09Z,USD
pay_8222424df21c4cdaafd2,o_20260816_00002356,captured,paypal,21.78,0.52,2.56,1.36,3.27,22.95,2026-08-16T19:53:18Z,2026-08-16T20:54:13Z,USD
pay_199ed6095f604e5389af,o_20260816_00002357,captured,wallet,69.74,0.88,7.98,4.32,6.97,75.95,2026-08-16T13:01:53Z,2026-08-16T13:56:59Z,USD
pay_b4d8f8cca9c94a5fbb4f,o_20260816_00002358,captured,apple_pay,56.55,4.06,8.02,3.37,2.83,69.17,2026-08-16T08:18:32Z,2026-08-16T09:08:14Z,USD
pay_3c9fbfe71cab461f9e51,o_20260816_00002359,captured,paypal,131.75,0.68,16.06,8.14,13.18,143.45,2026-08-16T12:07:39Z,2026-08-16T12:57:42Z,USD
pay_8113f33abf974f689771,o_20260816_00002360,captured,paypal,94.49,0.67,7.58,7.89,9.45,101.18,2026-08-16T12:31:25Z,2026-08-16T13:32:44Z,USD
pay_51085fde099a416e9cde,o_20260816_00002361,captured,card,42.75,2.82,4.22,3.7,2.14,51.35,2026-08-16T19:20:02Z,2026-08-16T20:15:02Z,USD
pay_f7fac048fc6640dd9638,o_20260816_00002362,refunded,apple_pay,11.39,2.04,1.17,1.08,0.57,15.11,2026-08-16T11:34:00Z,,USD
pay_aad1a4807a3e44c889a7,o_20260816_00002363,voided,apple_pay,73.94,3.35,8.5,5.81,0.0,91.6,2026-08-16T08:12:14Z,,USD
pay_db25cbd995454ae093c6,o_20260816_00002364,captured,apple_pay,16.56,2.41,1.95,1.32,0.0,22.24,2026-08-16T18:04:00Z,2026-08-16T19:09:39Z,USD
pay_5583cee839d24557b3c5,o_20260816_00002365,captured,apple_pay,98.71,3.39,9.04,9.83,0.0,120.97,2026-08-16T12:47:25Z,2026-08-16T13:38:46Z,USD
pay_0f2a5c205fb140c59fb9,o_20260816_00002366,captured,wallet,27.27,4.11,2.64,2.46,0.0,36.48,2026-08-16T20:54:50Z,2026-08-16T21:35:31Z,USD
pay_42c03f64d36048e8bdc9,o_20260816_00002367,captured,wallet,9.97,0.97,1.53,0.77,0.5,12.74,2026-08-16T19:44:33Z,2026-08-16T20:28:42Z,USD
pay_cffdab2579284590b409,o_20260816_00002368,captured,paypal,75.76,1.16,8.53,7.14,0.0,92.59,2026-08-16T12:13:28Z,2026-08-16T12:51:49Z,USD
pay_84c4b955a51044349bcd,o_20260816_00002369,captured,apple_pay,42.06,0.77,5.76,4.01,0.0,52.6,2026-08-16T18:21:10Z,2026-08-16T19:12:05Z,USD
pay_e87b555f02364ec7a731,o_20260816_00002370,captured,apple_pay,107.25,1.66,9.32,7.48,16.09,109.62,2026-08-16T20:19:15Z,2026-08-16T21:09:58Z,USD
pay_54babbb448924fa2ba70,o_20260816_00002371,refunded,apple_pay,32.34,6.07,4.17,2.27,1.62,43.23,2026-08-16T18:14:40Z,,USD
pay_e76a5dfcb0934c77a19e,o_20260816_00002372,captured,wallet,81.16,0.55,11.86,5.65,4.06,95.16,2026-08-16T12:50:03Z,2026-08-16T13:43:39Z,USD
pay_a408544b51184c2582d7,o_20260816_00002373,captured,apple_pay,141.23,3.03,13.96,8.81,0.0,167.03,2026-08-16T12:21:02Z,2026-08-16T13:11:48Z,USD
pay_88d6101f3dd84794af92,o_20260816_00002374,captured,card,66.39,1.19,9.93,4.75,9.96,72.3,2026-08-16T13:38:23Z,2026-08-16T14:24:07Z,USD
pay_1a3183f124b54e2e8376,o_20260816_00002375,voided,wallet,33.17,3.43,2.84,3.39,0.0,42.83,2026-08-16T19:06:41Z,,USD
pay_d33c381d3368409fb6f7,o_20260816_00002376,captured,wallet,101.11,5.17,8.56,9.55,0.0,124.39,2026-08-16T12:19:56Z,2026-08-16T13:11:54Z,USD
pay_adfa2958e3674c708a46,o_20260816_00002377,captured,wallet,17.86,3.49,1.87,1.49,0.89,23.82,2026-08-16T12:06:08Z,2026-08-16T12:52:56Z,USD
pay_a96745108e6c40899ef0,o_20260816_00002378,captured,apple_pay,11.94,0.71,1.12,0.72,1.79,12.7,2026-08-16T12:08:52Z,2026-08-16T12:43:28Z,USD
pay_5dc6eb9d9012482ab7be,o_20260816_00002379,captured,card,14.68,6.57,1.29,0.75,2.2,21.09,2026-08-16T19:35:48Z,2026-08-16T20:16:38Z,USD
pay_db54fb6322934423b448,o_20260816_00002380,captured,paypal,12.94,5.38,1.95,1.11,1.29,20.09,2026-08-16T18:16:51Z,2026-08-16T19:15:00Z,USD
pay_7daff6c1a500477fb6d2,o_20260816_00002381,captured,paypal,33.46,6.87,3.13,3.28,0.0,46.74,2026-08-16T11:45:19Z,2026-08-16T12:12:49Z,USD
pay_defa7e2cd3034b07a499,o_20260816_00002382,refunded,paypal,106.22,2.19,9.71,7.71,5.31,120.52,2026-08-16T18:44:11Z,,USD
pay_e2c6a170236d45fa8bae,o_20260816_00002383,captured,card,17.5,5.23,1.47,0.98,2.62,22.56,2026-08-16T19:40:57Z,2026-08-16T20:30:32Z,USD
pay_9197b5621c0145fbbc91,o_20260816_00002384,voided,apple_pay,25.29,5.86,2.2,2.17,1.26,34.26,2026-08-16T12:15:31Z,,USD
pay_9ff7f136ee624485b7c4,o_20260816_00002385,captured,card,68.98,0.59,6.37,4.47,6.9,73.51,2026-08-16T13:34:06Z,2026-08-16T13:54:00Z,USD
pay_e3d85d00f3114f158eaf,o_20260816_00002386,captured,wallet,36.91,3.99,4.17,2.61,1.85,45.83,2026-08-16T11:30:43Z,2026-08-16T12:21:36Z,USD
pay_03881664251a487887ca,o_20260816_00002387,captured,wallet,15.46,6.57,1.5,1.45,0.0,24.98,2026-08-16T20:52:39Z,2026-08-16T21:39:36Z,USD
pay_3ef1649a0df04560afde,o_20260816_00002388,captured,apple_pay,87.0,5.94,11.14,7.48,0.0,111.56,2026-08-16T19:56:33Z,2026-08-16T20:34:20Z,USD
pay_1f18ab5debdd49fab0b4,o_20260816_00002389,captured,apple_pay,7.46,6.29,0.81,0.6,0.0,15.16,2026-08-16T19:39:45Z,2026-08-16T20:40:18Z,USD
pay_a58565ad9a874c69bdb4,o_20260816_00002390,captured,card,103.49,5.29,13.84,9.99,0.0,132.61,2026-08-16T19:41:25Z,2026-08-16T20:42:24Z,USD
pay_0f499eb52cf445789a7c,o_20260816_00002391,captured,card,40.3,1.12,3.27,3.03,4.03,43.69,2026-08-16T11:45:18Z,2026-08-16T12:34:22Z,USD
pay_97a3113b4edb4bd6b770,o_20260816_00002392,captured,apple_pay,76.9,2.13,12.04,5.94,0.0,97.01,2026-08-16T11:10:53Z,2026-08-16T11:52:04Z,USD
pay_77bc89e555cb4d0cb5ae,o_20260816_00002393,captured,wallet,62.01,2.28,6.41,5.15,0.0,75.85,2026-08-16T20:35:00Z,2026-08-16T21:27:47Z,USD
pay_2a58489786ab409ca63f,o_20260816_00002394,captured,apple_pay,22.92,4.56,1.96,1.48,2.29,28.63,2026-08-16T11:35:18Z,2026-08-16T12:24:31Z,USD
pay_c67f92bdf36c48b8b6ff,o_20260816_00002395,captured,card,17.46,2.38,2.71,1.13,2.62,21.06,2026-08-16T12:40:26Z,2026-08-16T13:21:12Z,USD
pay_5d615474feb94f799ddf,o_20260816_00002396,captured,card,105.45,1.73,15.81,7.64,0.0,130.63,2026-08-16T12:20:10Z,2026-08-16T13:02:39Z,USD
pay_b484cc100ddc4fa285b0,o_20260816_00002397,captured,card,23.31,1.68,1.88,1.5,2.33,26.04,2026-08-16T08:26:33Z,2026-08-16T09:13:13Z,USD
pay_7f136f33750440f79d7f,o_20260816_00002398,captured,wallet,55.64,5.86,5.78,4.78,2.78,69.28,2026-08-16T19:57:09Z,2026-08-16T20:46:33Z,USD
pay_3dce659fbdf047799b2b,o_20260816_00002399,captured,card,134.86,2.37,16.07,10.57,0.0,163.87,2026-08-16T20:29:49Z,2026-08-16T21:08:10Z,USD
pay_e447a6e51b6b4a5fafa2,o_20260816_00002400,captured,paypal,151.75,1.25,13.53,8.38,22.76,152.15,2026-08-16T19:32:41Z,2026-08-16T20:31:16Z,USD
